"programmeCandidateId","universitySourceKey","sourceUrl","sourcePageTitle","sourceHash","fetchedAt","field","rawText"
"programme_1b0aac5c8a2e5385","adelaide-university","https://catalog.adelaide.edu.au/browse/dr/courses/adelaide-edu","Adelaide EDU - Domestic Recruitment","b9dff5c6b7c75aa69bea3c10b4a95623f97389ce095bdfacf9b5c401eceb8a1d","2026-10-07T05:57:24.203Z","name","Adelaide EDU"
"programme_1b0aac5c8a2e5385","adelaide-university","https://catalog.adelaide.edu.au/browse/dr/courses/adelaide-edu","Adelaide EDU - Domestic Recruitment","b9dff5c6b7c75aa69bea3c10b4a95623f97389ce095bdfacf9b5c401eceb8a1d","2026-10-07T05:57:24.203Z","description","This course has been developed by our student recruitment team to provide career counsellors and teachers with insider knowledge about key university concepts. We hope that these tools can help you assist your students in their transition from school to university a little easier!"
"programme_9cc6056a094b0306","adelaide-university","https://catalog.adelaide.edu.au/browse/pace/compass2024/courses/compass-2024-farm-animal-welfare","ComPass 2024 Farm Animal Welfare - ComPass 2024","ec0d79e257ccf8a457ec00be5d2ff293fbe9dd42ad84e32f752bb01505f98903","2026-10-07T05:57:26.167Z","name","ComPass 2024 Farm Animal Welfare"
"programme_9cc6056a094b0306","adelaide-university","https://catalog.adelaide.edu.au/browse/pace/compass2024/courses/compass-2024-farm-animal-welfare","ComPass 2024 Farm Animal Welfare - ComPass 2024","ec0d79e257ccf8a457ec00be5d2ff293fbe9dd42ad84e32f752bb01505f98903","2026-10-07T05:57:26.167Z","description","ComPass 2024 Farm Animal Welfare"
"programme_aa45cc9780b61662","adelaide-university","https://catalog.adelaide.edu.au/browse/pace/compass2024/courses/compass-2024-module-1-animal-ethics-aseptic-technique","ComPass 2024 Module 1: Animal Ethics - Aseptic Technique - ComPass 2024","996d3b44ce1bffc780f2a48fcacb1fc5c9efe6e5a9f25fb85f7de986f2859676","2026-10-07T05:57:28.326Z","name","ComPass 2024 Module 1: Animal Ethics - Aseptic Technique"
"programme_aa45cc9780b61662","adelaide-university","https://catalog.adelaide.edu.au/browse/pace/compass2024/courses/compass-2024-module-1-animal-ethics-aseptic-technique","ComPass 2024 Module 1: Animal Ethics - Aseptic Technique - ComPass 2024","996d3b44ce1bffc780f2a48fcacb1fc5c9efe6e5a9f25fb85f7de986f2859676","2026-10-07T05:57:28.326Z","description","ComPass 2024 Module 1: Animal Ethics - Aseptic Technique"
"programme_78fa37b1d2b0abb3","adelaide-university","https://catalog.adelaide.edu.au/browse/pace/compass2024/courses/compass-2024-module-2-animal-ethics-minimally-invasive-techniques-without-anaesthesia-including-wildlife-trapping","ComPass 2024 Module 2: Animal Ethics - Minimally Invasive Techniques Without Anaesthesia, Including Wildlife Trapping - ComPass 2024","e5a2d4dd078ccfcee0163c6f10b5185c4eabd0773e6ac6b1edb89533dcb0b462","2026-10-07T05:57:30.202Z","name","ComPass 2024 Module 2: Animal Ethics - Minimally Invasive Techniques Without Anaesthesia, Including Wildlife Trapping"
"programme_78fa37b1d2b0abb3","adelaide-university","https://catalog.adelaide.edu.au/browse/pace/compass2024/courses/compass-2024-module-2-animal-ethics-minimally-invasive-techniques-without-anaesthesia-including-wildlife-trapping","ComPass 2024 Module 2: Animal Ethics - Minimally Invasive Techniques Without Anaesthesia, Including Wildlife Trapping - ComPass 2024","e5a2d4dd078ccfcee0163c6f10b5185c4eabd0773e6ac6b1edb89533dcb0b462","2026-10-07T05:57:30.202Z","description","ComPass 2024 Module 2: Animal Ethics - Minimally Invasive Techniques Without Anaesthesia, Including Wildlife Trapping"
"programme_03c0a6195b9fea75","adelaide-university","https://catalog.adelaide.edu.au/browse/pace/compass2024/courses/compass-2024-module-3-animal-ethics-anesthesia-for-minor-procedures","ComPass 2024 Module 3: Animal Ethics - Anesthesia for Minor Procedures - ComPass 2024","6aa5501f3d5153b725f7447d79d9ccc6a80054536764546e5ee4447228bb18f3","2026-10-07T05:57:32.226Z","name","ComPass 2024 Module 3: Animal Ethics - Anesthesia for Minor Procedures"
"programme_03c0a6195b9fea75","adelaide-university","https://catalog.adelaide.edu.au/browse/pace/compass2024/courses/compass-2024-module-3-animal-ethics-anesthesia-for-minor-procedures","ComPass 2024 Module 3: Animal Ethics - Anesthesia for Minor Procedures - ComPass 2024","6aa5501f3d5153b725f7447d79d9ccc6a80054536764546e5ee4447228bb18f3","2026-10-07T05:57:32.226Z","description","ComPass 2024 Module 3: Animal Ethics - Anesthesia for Minor Procedures"
"programme_d2b7174957ed8cbb","adelaide-university","https://catalog.adelaide.edu.au/browse/pace/compass2024/courses/compass-2024-module-4-animal-ethics-anesthesia-for-major-procedures","ComPass 2024 Module 4: Animal Ethics - Anesthesia for Major Procedures - ComPass 2024","3fb3fd999269584fd1495049f48fab363affb67ec2282c6eb4bd9951d8bb14d0","2026-10-07T05:57:34.234Z","name","ComPass 2024 Module 4: Animal Ethics - Anesthesia for Major Procedures"
"programme_d2b7174957ed8cbb","adelaide-university","https://catalog.adelaide.edu.au/browse/pace/compass2024/courses/compass-2024-module-4-animal-ethics-anesthesia-for-major-procedures","ComPass 2024 Module 4: Animal Ethics - Anesthesia for Major Procedures - ComPass 2024","3fb3fd999269584fd1495049f48fab363affb67ec2282c6eb4bd9951d8bb14d0","2026-10-07T05:57:34.234Z","description","ComPass 2024 Module 4: Animal Ethics - Anesthesia for Major Procedures"
"programme_299f8184917eecf2","adelaide-university","https://catalog.adelaide.edu.au/browse/pace/compass2024/courses/compass-2024-module-5-animal-ethics-surgery-principles-methods-and-materials","ComPass 2024 Module 5: Animal Ethics - Surgery Principles, Methods and Materials - ComPass 2024","4a8df028cff8274509c44fe64742ae28a3e49fe67880e013acc26d1f513a5084","2026-10-07T05:57:36.231Z","name","ComPass 2024 Module 5: Animal Ethics - Surgery Principles, Methods and Materials"
"programme_299f8184917eecf2","adelaide-university","https://catalog.adelaide.edu.au/browse/pace/compass2024/courses/compass-2024-module-5-animal-ethics-surgery-principles-methods-and-materials","ComPass 2024 Module 5: Animal Ethics - Surgery Principles, Methods and Materials - ComPass 2024","4a8df028cff8274509c44fe64742ae28a3e49fe67880e013acc26d1f513a5084","2026-10-07T05:57:36.231Z","description","ComPass 2024 Module 5: Animal Ethics - Surgery Principles, Methods and Materials"
"programme_c0e5e12010a0ad9f","adelaide-university","https://catalog.adelaide.edu.au/browse/pace/compass2024/courses/compass-2024-module-6-animal-ethics-performing-a-systematic-post-mortem-examination","ComPass 2024 Module 6: Animal Ethics - Performing a Systematic Post-Mortem Examination - ComPass 2024","a52d4ef37d086e4906ef36a48e9a75fdbb6656ce3016ed8685cdc1aa1df73b38","2026-10-07T05:57:38.202Z","name","ComPass 2024 Module 6: Animal Ethics - Performing a Systematic Post-Mortem Examination"
"programme_c0e5e12010a0ad9f","adelaide-university","https://catalog.adelaide.edu.au/browse/pace/compass2024/courses/compass-2024-module-6-animal-ethics-performing-a-systematic-post-mortem-examination","ComPass 2024 Module 6: Animal Ethics - Performing a Systematic Post-Mortem Examination - ComPass 2024","a52d4ef37d086e4906ef36a48e9a75fdbb6656ce3016ed8685cdc1aa1df73b38","2026-10-07T05:57:38.202Z","description","ComPass 2024 Module 6: Animal Ethics - Performing a Systematic Post-Mortem Examination"
"programme_e18edfb4f3e59fe9","adelaide-university","https://catalog.adelaide.edu.au/browse/pace/compass2024/courses/compass-2024-module-7-animal-ethics","ComPass 2024 Module 7: Animal Ethics - Establishing and Managing a Rodent Breeding Colony - ComPass 2024","488a02b380f901a94c20e4797e17ba69c02059ad2f85baddd89da026bd7557ab","2026-10-07T05:57:40.251Z","name","ComPass 2024 Module 7: Animal Ethics - Establishing and Managing a Rodent Breeding Colony"
"programme_e18edfb4f3e59fe9","adelaide-university","https://catalog.adelaide.edu.au/browse/pace/compass2024/courses/compass-2024-module-7-animal-ethics","ComPass 2024 Module 7: Animal Ethics - Establishing and Managing a Rodent Breeding Colony - ComPass 2024","488a02b380f901a94c20e4797e17ba69c02059ad2f85baddd89da026bd7557ab","2026-10-07T05:57:40.251Z","description","ComPass 2024 Module 7: Animal Ethics - Establishing and Managing a Rodent Breeding Colony"
"programme_51efb8fa9651b059","adelaide-university","https://catalog.adelaide.edu.au/browse/pace/compass2024/courses/compass-2024-module-8-animal-ethics-maximising-welfare-and-behavioural-assessment-in-research-animals","ComPass 2024 Module 8: Animal Ethics - Maximising Welfare and Behavioural Assessment in Research Animals - ComPass 2024","76f950a1e0744af6c13f67248058e8001e7dbbf90140bf4194f988a86759f14b","2026-10-07T05:57:42.206Z","name","ComPass 2024 Module 8: Animal Ethics - Maximising Welfare and Behavioural Assessment in Research Animals"
"programme_51efb8fa9651b059","adelaide-university","https://catalog.adelaide.edu.au/browse/pace/compass2024/courses/compass-2024-module-8-animal-ethics-maximising-welfare-and-behavioural-assessment-in-research-animals","ComPass 2024 Module 8: Animal Ethics - Maximising Welfare and Behavioural Assessment in Research Animals - ComPass 2024","76f950a1e0744af6c13f67248058e8001e7dbbf90140bf4194f988a86759f14b","2026-10-07T05:57:42.206Z","description","ComPass 2024 Module 8: Animal Ethics - Maximising Welfare and Behavioural Assessment in Research Animals"
"programme_c68ec651fdf5cf05","adelaide-university","https://catalog.adelaide.edu.au/browse/pace/compass2024/courses/compass-2024-training-materials-for-becoming-a-laboratory-animal-veterinarian-a-university-veterinarian-or-animal-welfare-officer","ComPass 2024 Training Materials for Becoming a Laboratory Animal Veterinarian, a University Veterinarian or Animal Welfare Officer - ComPass 2024","c29b544a90bdfbb7983905d1cdac21ef640d0755f62122f614d6ea8c9d4cc55f","2026-10-07T05:57:44.207Z","name","ComPass 2024 Training Materials for Becoming a Laboratory Animal Veterinarian, a University Veterinarian or Animal Welfare Officer"
"programme_c68ec651fdf5cf05","adelaide-university","https://catalog.adelaide.edu.au/browse/pace/compass2024/courses/compass-2024-training-materials-for-becoming-a-laboratory-animal-veterinarian-a-university-veterinarian-or-animal-welfare-officer","ComPass 2024 Training Materials for Becoming a Laboratory Animal Veterinarian, a University Veterinarian or Animal Welfare Officer - ComPass 2024","c29b544a90bdfbb7983905d1cdac21ef640d0755f62122f614d6ea8c9d4cc55f","2026-10-07T05:57:44.207Z","description","ComPass 2024 Training Materials for Becoming a Laboratory Animal Veterinarian, a University Veterinarian or Animal Welfare Officer"
"programme_501cc4a1eddca301","adelaide-university","https://catalog.adelaide.edu.au/browse/pace/compass2024/courses/compass-2024-training-materials-for-minimally-invasive-procedures-in-research-animals","ComPass 2024 Training Materials for Minimally Invasive Procedures in Research Animals - ComPass 2024","e8841a09fc45b8271f6ed5c32e5a4d3438c0ebc4b3a09cd82f1368f75c417468","2026-10-07T05:57:46.300Z","name","ComPass 2024 Training Materials for Minimally Invasive Procedures in Research Animals"
"programme_501cc4a1eddca301","adelaide-university","https://catalog.adelaide.edu.au/browse/pace/compass2024/courses/compass-2024-training-materials-for-minimally-invasive-procedures-in-research-animals","ComPass 2024 Training Materials for Minimally Invasive Procedures in Research Animals - ComPass 2024","e8841a09fc45b8271f6ed5c32e5a4d3438c0ebc4b3a09cd82f1368f75c417468","2026-10-07T05:57:46.300Z","description","ComPass 2024 Training Materials for Minimally Invasive Procedures in Research Animals"
"programme_348fa8d1c8e87bb8","adelaide-university","https://catalog.adelaide.edu.au/browse/pace/compass2024/courses/compass-2024-training-materials-for-performing-aseptic-technique-surgical-skills-suturing-and-euthanasia-methods","ComPass 2024 Training Materials for Performing Aseptic Technique, Surgical Skills, Suturing and Euthanasia Methods - ComPass 2024","c59966432b7e93417e6af0407dd4ca1ee1540fc244267b759fd2bb900b0759a1","2026-10-07T05:57:48.227Z","name","ComPass 2024 Training Materials for Performing Aseptic Technique, Surgical Skills, Suturing and Euthanasia Methods"
"programme_348fa8d1c8e87bb8","adelaide-university","https://catalog.adelaide.edu.au/browse/pace/compass2024/courses/compass-2024-training-materials-for-performing-aseptic-technique-surgical-skills-suturing-and-euthanasia-methods","ComPass 2024 Training Materials for Performing Aseptic Technique, Surgical Skills, Suturing and Euthanasia Methods - ComPass 2024","c59966432b7e93417e6af0407dd4ca1ee1540fc244267b759fd2bb900b0759a1","2026-10-07T05:57:48.227Z","description","ComPass 2024 Training Materials for Performing Aseptic Technique, Surgical Skills, Suturing and Euthanasia Methods"
"programme_8d855918a5a868d7","adelaide-university","https://catalog.adelaide.edu.au/browse/pace/compass2024/courses/compass-2024-wildlife-1---researchers-and-aec-members-guide-to-improved-welfare","ComPass 2024 Wildlife 1 - Researchers' and AEC Members Guide to Improved Welfare - ComPass 2024","79fc9e430eeb08bc73011b36dffe7befa9e034a0ed5ed32c9fdfdc926609bdcd","2026-10-07T05:57:50.260Z","name","ComPass 2024 Wildlife 1 - Researchers' and AEC Members Guide to Improved Welfare"
"programme_8d855918a5a868d7","adelaide-university","https://catalog.adelaide.edu.au/browse/pace/compass2024/courses/compass-2024-wildlife-1---researchers-and-aec-members-guide-to-improved-welfare","ComPass 2024 Wildlife 1 - Researchers' and AEC Members Guide to Improved Welfare - ComPass 2024","79fc9e430eeb08bc73011b36dffe7befa9e034a0ed5ed32c9fdfdc926609bdcd","2026-10-07T05:57:50.260Z","description","ComPass 2024 Wildlife 1 - Researchers' and AEC Members Guide to Improved Welfare"
"programme_481b9ffce47bf759","adelaide-university","https://catalog.adelaide.edu.au/browse/pace/compass2024/courses/compass-2024-wildlife-2-researchers-and-aec-members-guide-to-improved-welfare","ComPass 2024 Wildlife 2 - Researchers' and AEC Members Guide to Improved Welfare - ComPass 2024","407367995881e11d0a9623597034513220d7ad9224b300ac722879a53c0783bc","2026-10-07T05:57:52.324Z","name","ComPass 2024 Wildlife 2 - Researchers' and AEC Members Guide to Improved Welfare"
"programme_481b9ffce47bf759","adelaide-university","https://catalog.adelaide.edu.au/browse/pace/compass2024/courses/compass-2024-wildlife-2-researchers-and-aec-members-guide-to-improved-welfare","ComPass 2024 Wildlife 2 - Researchers' and AEC Members Guide to Improved Welfare - ComPass 2024","407367995881e11d0a9623597034513220d7ad9224b300ac722879a53c0783bc","2026-10-07T05:57:52.324Z","description","ComPass 2024 Wildlife 2 - Researchers' and AEC Members Guide to Improved Welfare"
"programme_ec57318c7bcb9402","adelaide-university","https://catalog.adelaide.edu.au/browse/pace/compass2024/courses/core-compass-training-for-aec-members-and-animal-users-2024","Core ComPass Training for AEC Members and Animal Users 2024 - ComPass 2024","7a79dcbd85543b140b0c651b4d18896a3ac01b8c975020267bf3b403c4e948a9","2026-10-07T05:57:54.261Z","name","Core ComPass Training for AEC Members and Animal Users 2024"
"programme_ec57318c7bcb9402","adelaide-university","https://catalog.adelaide.edu.au/browse/pace/compass2024/courses/core-compass-training-for-aec-members-and-animal-users-2024","Core ComPass Training for AEC Members and Animal Users 2024 - ComPass 2024","7a79dcbd85543b140b0c651b4d18896a3ac01b8c975020267bf3b403c4e948a9","2026-10-07T05:57:54.261Z","description","Core ComPass Training for AEC Members and Animal Users 2024"
"programme_a893348add821ea8","adelaide-university","https://catalog.adelaide.edu.au/browse/pace/courses/cyber-security-awareness---primary-years","Cyber Security & Awareness - Primary Years - PACE","0833cfe71cedc5754fa2361d2e7321048c3d0c4eae3ed607e1af04ae7b048d22","2026-10-07T05:57:56.351Z","name","Cyber Security & Awareness - Primary Years"
"programme_a893348add821ea8","adelaide-university","https://catalog.adelaide.edu.au/browse/pace/courses/cyber-security-awareness---primary-years","Cyber Security & Awareness - Primary Years - PACE","0833cfe71cedc5754fa2361d2e7321048c3d0c4eae3ed607e1af04ae7b048d22","2026-10-07T05:57:56.351Z","description","Our world is increasingly becoming dependent on technology and the volume of data generated and shared across the Internet between people, devices, and software is exploding. Technology adoption use is growing across all areas of life and a number of fields - including work and play, banking, medicine, education and more. Due to the growth in technology use, vast amounts of information are being stored & shared across digital devices - requiring evolving security measures and responsible use."
"programme_1ef59c224e88e9fa","adelaide-university","https://catalog.adelaide.edu.au/browse/pace/courses/cyber-security-awareness---secondary-years","Cyber Security & Awareness - Secondary Years - PACE","ba69f1c645b0a5a3e7dd9077bec9453b1d9cfdc764ca175b211534780580da96","2026-10-07T05:57:58.338Z","name","Cyber Security & Awareness - Secondary Years"
"programme_1ef59c224e88e9fa","adelaide-university","https://catalog.adelaide.edu.au/browse/pace/courses/cyber-security-awareness---secondary-years","Cyber Security & Awareness - Secondary Years - PACE","ba69f1c645b0a5a3e7dd9077bec9453b1d9cfdc764ca175b211534780580da96","2026-10-07T05:57:58.338Z","description","Our world is increasingly becoming dependent on technology and the volume of data generated and shared across the Internet between people, devices, and software is exploding. Technology adoption use is growing across all areas of life and a number of fields - including work and play, banking, medicine, education and more. Due to the growth in technology use, vast amounts of information are being stored & shared across digital devices - requiring evolving security measures and responsible use."
"programme_09659ef70f57cf79","adelaide-university","https://catalog.adelaide.edu.au/browse/ecms/cser-stem/courses/decoding-dt-primary-v9","Decoding Digital Technologies [Primary] - CSER STEM Professional Learning","962cea327683ca63f03c3acf262210cd29b6df6fe478ff705592d1de01769868","2026-10-07T05:58:00.316Z","name","Decoding Digital Technologies [Primary]"
"programme_09659ef70f57cf79","adelaide-university","https://catalog.adelaide.edu.au/browse/ecms/cser-stem/courses/decoding-dt-primary-v9","Decoding Digital Technologies [Primary] - CSER STEM Professional Learning","962cea327683ca63f03c3acf262210cd29b6df6fe478ff705592d1de01769868","2026-10-07T05:58:00.316Z","description","Learn about the Foundation to Year 6 Australian Curriculum: Digital Technologies (V9.0) and gather a range of practical classroom resources."
"programme_f1f8fd0bcb4c6b87","adelaide-university","https://catalog.adelaide.edu.au/browse/ecms/cser-stem/courses/digital-technologies-x-for-the-primary-years-2023","Digital Technologies + X for the Primary Years (2023) - CSER STEM Professional Learning","bd6cca3673288bbf20ddd1f7b744d4c22d393e210d51a3bef94852e1601be31b","2026-10-07T05:58:02.374Z","name","Digital Technologies + X for the Primary Years (2023)"
"programme_f1f8fd0bcb4c6b87","adelaide-university","https://catalog.adelaide.edu.au/browse/ecms/cser-stem/courses/digital-technologies-x-for-the-primary-years-2023","Digital Technologies + X for the Primary Years (2023) - CSER STEM Professional Learning","bd6cca3673288bbf20ddd1f7b744d4c22d393e210d51a3bef94852e1601be31b","2026-10-07T05:58:02.374Z","description","This course is designed to build your confidence in integrating the Foundation to Year 6 Australian Curriculum: Digital Technologies with other subject areas and to incorporate the Australian Curriculum cross-curriculum priorities. Join us to find out the power of Digital Technologies to solve ""X""!"
"programme_95d92a62e643a398","adelaide-university","https://catalog.adelaide.edu.au/browse/dr/courses/engageadelaide","Engage@Adelaide - Domestic Recruitment","bef4c9c8287fcc4f788c9742ac02ba513c7c8ec406dfdc7d13c03e73cc80cc6f","2026-10-07T05:58:04.352Z","name","Engage@Adelaide"
"programme_95d92a62e643a398","adelaide-university","https://catalog.adelaide.edu.au/browse/dr/courses/engageadelaide","Engage@Adelaide - Domestic Recruitment","bef4c9c8287fcc4f788c9742ac02ba513c7c8ec406dfdc7d13c03e73cc80cc6f","2026-10-07T05:58:04.352Z","description","The University of Adelaide's Engage@Adelaide is a course that provides students with the information they need to transition confidently to tertiary study."
"programme_878839d54b44c4d9","adelaide-university","https://catalog.adelaide.edu.au/browse/dr/courses/firstgen","FirstGEN - Domestic Recruitment","6e31da526a3e57cb602ff4a80dc4343e4e17e5fe00df7c040fc4fa24ee93b4a3","2026-10-07T05:58:06.338Z","name","FirstGEN"
"programme_878839d54b44c4d9","adelaide-university","https://catalog.adelaide.edu.au/browse/dr/courses/firstgen","FirstGEN - Domestic Recruitment","6e31da526a3e57cb602ff4a80dc4343e4e17e5fe00df7c040fc4fa24ee93b4a3","2026-10-07T05:58:06.338Z","description","The University of Adelaide's Online FirstGEN Program is a support course for students who identify as the first in their family to attend university."
"programme_b7096da70a1e5729","adelaide-university","https://catalog.adelaide.edu.au/browse/dr/courses/health-academy-year-12","Health Academy Year 12 - Domestic Recruitment","85dbcd040a7115c1385d9d5a60b02241861352b023853a14bc269c857ecfc419","2026-10-07T05:58:08.328Z","name","Health Academy Year 12"
"programme_b7096da70a1e5729","adelaide-university","https://catalog.adelaide.edu.au/browse/dr/courses/health-academy-year-12","Health Academy Year 12 - Domestic Recruitment","85dbcd040a7115c1385d9d5a60b02241861352b023853a14bc269c857ecfc419","2026-10-07T05:58:08.328Z","description","Gain access to exclusive workshops, networking events, information and materials throughout Year 12 in the field of Health."
"programme_9117e60aeacf50e0","adelaide-university","https://catalog.adelaide.edu.au/browse/dr/courses/humanities-academy-year-12","Humanities Academy Year 12 - Domestic Recruitment","abaf57973f29696c088775985b873355537282b10958ded52c18c87f533ed9e3","2026-10-07T05:58:10.307Z","name","Humanities Academy Year 12"
"programme_9117e60aeacf50e0","adelaide-university","https://catalog.adelaide.edu.au/browse/dr/courses/humanities-academy-year-12","Humanities Academy Year 12 - Domestic Recruitment","abaf57973f29696c088775985b873355537282b10958ded52c18c87f533ed9e3","2026-10-07T05:58:10.307Z","description","Gain access to exclusive workshops, networking events, information and materials throughout Year 12 in the fields of Humanities, Arts, Language, and Education."
"programme_09f25c41408c0970","adelaide-university","https://catalog.adelaide.edu.au/browse/ecms/cser-stem/courses/maths-in-schools-online-3-6-v9-0","Maths in Schools Online: 3-6 V9.0 - CSER STEM Professional Learning","2f7d461fa451ea7188fe4f118f5a932818d65210e85ba214ecdc382712a2fa85","2026-10-07T05:58:12.557Z","name","Maths in Schools Online: 3-6 V9.0"
"programme_09f25c41408c0970","adelaide-university","https://catalog.adelaide.edu.au/browse/ecms/cser-stem/courses/maths-in-schools-online-3-6-v9-0","Maths in Schools Online: 3-6 V9.0 - CSER STEM Professional Learning","2f7d461fa451ea7188fe4f118f5a932818d65210e85ba214ecdc382712a2fa85","2026-10-07T05:58:12.557Z","description","This course will equip you with a range of teaching and learning activities, links to quality resources, evidence-based pedagogies and practices for teaching maths and numeracy all in one course for educators of Year 3 to Year 6."
"programme_2f7128e090998a39","adelaide-university","https://catalog.adelaide.edu.au/browse/ecms/cser-stem/courses/maths-in-schools-online-7-10-v9-0","Maths in Schools Online: 7-10 V9.0 - CSER STEM Professional Learning","595592d57ac2b5fc8fe29d5ad999fc2c7755c6a032ad972c1b841a3ab8c0a864","2026-10-07T05:58:14.963Z","name","Maths in Schools Online: 7-10 V9.0"
"programme_2f7128e090998a39","adelaide-university","https://catalog.adelaide.edu.au/browse/ecms/cser-stem/courses/maths-in-schools-online-7-10-v9-0","Maths in Schools Online: 7-10 V9.0 - CSER STEM Professional Learning","595592d57ac2b5fc8fe29d5ad999fc2c7755c6a032ad972c1b841a3ab8c0a864","2026-10-07T05:58:14.963Z","description","This course will equip you with a range of teaching and learning activities, links to quality resources, evidence-based pedagogies and practices for teaching maths and numeracy all in one course for educators of Year 7 to Year 10."
"programme_b44c3453cb99436e","adelaide-university","https://catalog.adelaide.edu.au/browse/ecms/cser-stem/courses/maths-in-schools-online-f-2-v9","Maths in Schools Online: F-2 V9.0 - CSER STEM Professional Learning","c3438e4c5af1e71a2ffaaf8cf0f7085f20219ee3e071638fed2d01ba2e1c6253","2026-10-07T05:58:16.591Z","name","Maths in Schools Online: F-2 V9.0"
"programme_b44c3453cb99436e","adelaide-university","https://catalog.adelaide.edu.au/browse/ecms/cser-stem/courses/maths-in-schools-online-f-2-v9","Maths in Schools Online: F-2 V9.0 - CSER STEM Professional Learning","c3438e4c5af1e71a2ffaaf8cf0f7085f20219ee3e071638fed2d01ba2e1c6253","2026-10-07T05:58:16.591Z","description","This course will equip you with a range of teaching and learning activities, links to quality resources, evidence-based pedagogies and practices for teaching maths and numeracy all in one course for educators of Foundation to Year 2."
"programme_bd12a719f2a05abf","adelaide-university","https://catalog.adelaide.edu.au/browse/dr/courses/stem-academy-teacher-resources","STEM Academy Teacher Resources - Domestic Recruitment","a0ade5f524c30d154067bc8464ec7f1e80ea50239a0ab633e8dd679b31860f06","2026-10-07T05:58:18.369Z","name","STEM Academy Teacher Resources"
"programme_bd12a719f2a05abf","adelaide-university","https://catalog.adelaide.edu.au/browse/dr/courses/stem-academy-teacher-resources","STEM Academy Teacher Resources - Domestic Recruitment","a0ade5f524c30d154067bc8464ec7f1e80ea50239a0ab633e8dd679b31860f06","2026-10-07T05:58:18.369Z","description","Teacher resources to support the delivery of University of Adelaide STEM Academy workshops."
"programme_c3b6836bdd640abd","adelaide-university","https://catalog.adelaide.edu.au/browse/dr/courses/stem-academy-year-12","STEM Academy Year 12 - Domestic Recruitment","fd08fe13182cd97dd1dc96149b65079726ac6a2967a3096224da15c3352bc112","2026-10-07T05:58:20.344Z","name","STEM Academy Year 12"
"programme_c3b6836bdd640abd","adelaide-university","https://catalog.adelaide.edu.au/browse/dr/courses/stem-academy-year-12","STEM Academy Year 12 - Domestic Recruitment","fd08fe13182cd97dd1dc96149b65079726ac6a2967a3096224da15c3352bc112","2026-10-07T05:58:20.344Z","description","Gain access to exclusive workshops, networking events, information and materials throughout Year 12 in the field of STEM."
"programme_5336e5f7b31776bd","adelaide-university","https://catalog.adelaide.edu.au/browse/ecms/cser-stem/courses/ai-primary-v90","Teaching AI in the Primary Classroom - CSER STEM Professional Learning","7a63e3646d86f455deb7980bc4b0ca6d544d75d8506758352927cb82e556b22a","2026-10-07T05:58:22.403Z","name","Teaching AI in the Primary Classroom"
"programme_5336e5f7b31776bd","adelaide-university","https://catalog.adelaide.edu.au/browse/ecms/cser-stem/courses/ai-primary-v90","Teaching AI in the Primary Classroom - CSER STEM Professional Learning","7a63e3646d86f455deb7980bc4b0ca6d544d75d8506758352927cb82e556b22a","2026-10-07T05:58:22.403Z","description","AI is transforming technologies and industries. Learn about what AI is, how it works and how you can prepare your students and teach about AI in the classroom with links to the Australian Curriculum (v9.0)."
"programme_03a1947ea68aceea","adelaide-university","https://catalog.adelaide.edu.au/browse/ecms/cser-stem/courses/ai-secondary-v90","Teaching AI in the Secondary Classroom - CSER STEM Professional Learning","7030783bba341c0740a33f6cb25a16e64eefdc2dec10846e6525ca5a6e918d5c","2026-10-07T05:58:24.595Z","name","Teaching AI in the Secondary Classroom"
"programme_03a1947ea68aceea","adelaide-university","https://catalog.adelaide.edu.au/browse/ecms/cser-stem/courses/ai-secondary-v90","Teaching AI in the Secondary Classroom - CSER STEM Professional Learning","7030783bba341c0740a33f6cb25a16e64eefdc2dec10846e6525ca5a6e918d5c","2026-10-07T05:58:24.595Z","description","AI is transforming technologies and industries. Learn about what AI is, how it works and how you can prepare your students and teach about AI in the classroom with links to the Australian Curriculum (v9.0)."
"programme_0ad9375e0859fc67","adelaide-university","https://catalog.adelaide.edu.au/courses/pg-prep","PG Prep - The University of Adelaide's Catalog","f072e07e3d7554cc4eed76d64791a936e8674f8b1c057322ede2f41c0c855f61","2026-10-07T05:58:27.482Z","name","PG Prep"
"programme_0ad9375e0859fc67","adelaide-university","https://catalog.adelaide.edu.au/courses/pg-prep","PG Prep - The University of Adelaide's Catalog","f072e07e3d7554cc4eed76d64791a936e8674f8b1c057322ede2f41c0c855f61","2026-10-07T05:58:27.482Z","description","PG Prep"
"programme_257ae5fc2dceeb4b","adelaide-university","https://catalog.adelaide.edu.au/browse/domestic-pathways/courses/tertiary-education-strategies","Tertiary Education Strategies - Domestic Pathways","7f0e40c04b21749b29d5a5ed17f3e16267cb89517f6c2fc82193259b76ee9b47","2026-10-07T05:58:29.796Z","name","Tertiary Education Strategies"
"programme_257ae5fc2dceeb4b","adelaide-university","https://catalog.adelaide.edu.au/browse/domestic-pathways/courses/tertiary-education-strategies","Tertiary Education Strategies - Domestic Pathways","7f0e40c04b21749b29d5a5ed17f3e16267cb89517f6c2fc82193259b76ee9b47","2026-10-07T05:58:29.796Z","description","This course equips students with essential skills for tertiary learning, focusing on research and resource evaluation, referencing, and academic writing."
"programme_a59b167f73dfe200","adelaide-university","https://adelaide.edu.au/study/degrees/doctor-of-philosophy/","Study Doctor of Philosophy at Adelaide University - Information for International students | Adelaide University","47e1c3fcb8d948ebbc3b18ad2346009ece399a687481b7ce77bea32f8c1f70cc","2026-10-07T06:02:34.332Z","name","Doctor of Philosophy"
"programme_a59b167f73dfe200","adelaide-university","https://adelaide.edu.au/study/degrees/doctor-of-philosophy/","Study Doctor of Philosophy at Adelaide University - Information for International students | Adelaide University","47e1c3fcb8d948ebbc3b18ad2346009ece399a687481b7ce77bea32f8c1f70cc","2026-10-07T06:02:34.332Z","detailUrl","https://adelaide.edu.au/study/degrees/doctor-of-philosophy/"
"programme_a59b167f73dfe200","adelaide-university","https://adelaide.edu.au/study/degrees/doctor-of-philosophy/","Study Doctor of Philosophy at Adelaide University - Information for International students | Adelaide University","47e1c3fcb8d948ebbc3b18ad2346009ece399a687481b7ce77bea32f8c1f70cc","2026-10-07T06:02:34.332Z","description","Elevate your career with a Doctor of Philosophy (PhD) at Adelaide University. Lead groundbreaking research and make a lasting impact in your field."
"programme_6b199e07f540be99","adelaide-university","https://adelaide.edu.au/study/degrees/master-of-philosophy/","Study Master of Philosophy at Adelaide University - Information for International students | Adelaide University","84852bc96d38ab26234d44dc6e42d0a1e2f9ecb6a59b1834fb80ea62a5989add","2026-10-07T06:02:36.327Z","name","Master of Philosophy"
"programme_6b199e07f540be99","adelaide-university","https://adelaide.edu.au/study/degrees/master-of-philosophy/","Study Master of Philosophy at Adelaide University - Information for International students | Adelaide University","84852bc96d38ab26234d44dc6e42d0a1e2f9ecb6a59b1834fb80ea62a5989add","2026-10-07T06:02:36.327Z","detailUrl","https://adelaide.edu.au/study/degrees/master-of-philosophy/"
"programme_6b199e07f540be99","adelaide-university","https://adelaide.edu.au/study/degrees/master-of-philosophy/","Study Master of Philosophy at Adelaide University - Information for International students | Adelaide University","84852bc96d38ab26234d44dc6e42d0a1e2f9ecb6a59b1834fb80ea62a5989add","2026-10-07T06:02:36.327Z","description","Challenge yourself with a Master of Philosophy at Adelaide University. Engage in independent research, sharpen your critical thinking and contribute to groundbreaking discoveries."
"programme_66af82fb19821884","adelaide-university","https://adelaide.edu.au/study/degrees/master-of-research/","Study Master of Research at Adelaide University - Information for International students | Adelaide University","2f84429254f97bfc2aa751dd68530deaaea00b19dbeb76bd6f6de4dde3f7fa07","2026-10-07T06:02:38.238Z","name","Master of Research"
"programme_66af82fb19821884","adelaide-university","https://adelaide.edu.au/study/degrees/master-of-research/","Study Master of Research at Adelaide University - Information for International students | Adelaide University","2f84429254f97bfc2aa751dd68530deaaea00b19dbeb76bd6f6de4dde3f7fa07","2026-10-07T06:02:38.238Z","detailUrl","https://adelaide.edu.au/study/degrees/master-of-research/"
"programme_66af82fb19821884","adelaide-university","https://adelaide.edu.au/study/degrees/master-of-research/","Study Master of Research at Adelaide University - Information for International students | Adelaide University","2f84429254f97bfc2aa751dd68530deaaea00b19dbeb76bd6f6de4dde3f7fa07","2026-10-07T06:02:38.238Z","description","Take your career to the next level with a Master of Research at Adelaide University. Explore innovative topics, gain expertise and contribute to groundbreaking discoveries that will shape our future."
"programme_c3473fbb1e6da047","adelaide-university","https://adelaide.edu.au/study/degrees/2026/bachelor-of-science-honours-geology-and-palaeontology/dom/","Study Bachelor of Science (Honours) majoring in Geology and Palaeontology at Adelaide University - Information for Domestic students | Adelaide University","020c9efb90a6bd63af6471826548fb9a78809523b510708320b338d6a7148aa8","2026-10-07T06:03:41.403Z","name","Bachelor of Science (Honours) majoring in Geology and Palaeontology"
"programme_c3473fbb1e6da047","adelaide-university","https://adelaide.edu.au/study/degrees/2026/bachelor-of-science-honours-geology-and-palaeontology/dom/","Study Bachelor of Science (Honours) majoring in Geology and Palaeontology at Adelaide University - Information for Domestic students | Adelaide University","020c9efb90a6bd63af6471826548fb9a78809523b510708320b338d6a7148aa8","2026-10-07T06:03:41.403Z","detailUrl","https://adelaide.edu.au/study/degrees/2026/bachelor-of-science-honours-geology-and-palaeontology/dom/"
"programme_c3473fbb1e6da047","adelaide-university","https://adelaide.edu.au/study/degrees/2026/bachelor-of-science-honours-geology-and-palaeontology/dom/","Study Bachelor of Science (Honours) majoring in Geology and Palaeontology at Adelaide University - Information for Domestic students | Adelaide University","020c9efb90a6bd63af6471826548fb9a78809523b510708320b338d6a7148aa8","2026-10-07T06:03:41.403Z","description","Explore Earth’s past, fossils and formations with a Bachelor of Science (Honours) majoring in Geology and Palaeontology at Adelaide University."
"programme_42243e71955c98e5","adelaide-university","https://adelaide.edu.au/study/degrees/2026/bachelor-of-science-honours-geology-and-earth-resources/dom/","Study Bachelor of Science (Honours) majoring in Geology and Earth Resources at Adelaide University - Information for Domestic students | Adelaide University","c6913059fdb7c6b6954d627014d98eaed8457d91958be741f1a44c396fe47dcc","2026-10-07T06:03:43.553Z","name","Bachelor of Science (Honours) majoring in Geology and Earth Resources"
"programme_42243e71955c98e5","adelaide-university","https://adelaide.edu.au/study/degrees/2026/bachelor-of-science-honours-geology-and-earth-resources/dom/","Study Bachelor of Science (Honours) majoring in Geology and Earth Resources at Adelaide University - Information for Domestic students | Adelaide University","c6913059fdb7c6b6954d627014d98eaed8457d91958be741f1a44c396fe47dcc","2026-10-07T06:03:43.553Z","detailUrl","https://adelaide.edu.au/study/degrees/2026/bachelor-of-science-honours-geology-and-earth-resources/dom/"
"programme_42243e71955c98e5","adelaide-university","https://adelaide.edu.au/study/degrees/2026/bachelor-of-science-honours-geology-and-earth-resources/dom/","Study Bachelor of Science (Honours) majoring in Geology and Earth Resources at Adelaide University - Information for Domestic students | Adelaide University","c6913059fdb7c6b6954d627014d98eaed8457d91958be741f1a44c396fe47dcc","2026-10-07T06:03:43.553Z","description","Deepen your knowledge of Earth and its systems and accelerate your scientific career with a Bachelor of Science (Honours) at Adelaide University."
"programme_aef496c8b091c83d","adelaide-university","https://adelaide.edu.au/study/degrees/2026/bachelor-of-science-honours-geophysics/dom/","Study Bachelor of Science (Honours) majoring in Geophysics at Adelaide University - Information for Domestic students | Adelaide University","c53d4d6b6052656bcaa431336c7a104aaec43c30925ba52d1df774cb06ceb907","2026-10-07T06:03:45.885Z","name","Bachelor of Science (Honours) majoring in Geophysics"
"programme_aef496c8b091c83d","adelaide-university","https://adelaide.edu.au/study/degrees/2026/bachelor-of-science-honours-geophysics/dom/","Study Bachelor of Science (Honours) majoring in Geophysics at Adelaide University - Information for Domestic students | Adelaide University","c53d4d6b6052656bcaa431336c7a104aaec43c30925ba52d1df774cb06ceb907","2026-10-07T06:03:45.885Z","detailUrl","https://adelaide.edu.au/study/degrees/2026/bachelor-of-science-honours-geophysics/dom/"
"programme_aef496c8b091c83d","adelaide-university","https://adelaide.edu.au/study/degrees/2026/bachelor-of-science-honours-geophysics/dom/","Study Bachelor of Science (Honours) majoring in Geophysics at Adelaide University - Information for Domestic students | Adelaide University","c53d4d6b6052656bcaa431336c7a104aaec43c30925ba52d1df774cb06ceb907","2026-10-07T06:03:45.885Z","description","Advance your expertise in Earth sciences with a Bachelor of Science (Honours) majoring in Geophysics. Gain hands-on research experience, develop advanced physics-based skills, and prepare for diverse careers in geoscience, industry or further postgraduate study."
"programme_c8fa9e20eca397e4","adelaide-university","https://adelaide.edu.au/study/degrees/2026/bachelor-of-science-honours-geology/dom/","Study Bachelor of Science (Honours) majoring in Geology at Adelaide University - Information for Domestic students | Adelaide University","68f965ddba72c77dcb33d27bfdd2903af68fc0c7ad4ef73493f84371f5a19dcc","2026-10-07T06:03:48.053Z","name","Bachelor of Science (Honours) majoring in Geology"
"programme_c8fa9e20eca397e4","adelaide-university","https://adelaide.edu.au/study/degrees/2026/bachelor-of-science-honours-geology/dom/","Study Bachelor of Science (Honours) majoring in Geology at Adelaide University - Information for Domestic students | Adelaide University","68f965ddba72c77dcb33d27bfdd2903af68fc0c7ad4ef73493f84371f5a19dcc","2026-10-07T06:03:48.053Z","detailUrl","https://adelaide.edu.au/study/degrees/2026/bachelor-of-science-honours-geology/dom/"
"programme_c8fa9e20eca397e4","adelaide-university","https://adelaide.edu.au/study/degrees/2026/bachelor-of-science-honours-geology/dom/","Study Bachelor of Science (Honours) majoring in Geology at Adelaide University - Information for Domestic students | Adelaide University","68f965ddba72c77dcb33d27bfdd2903af68fc0c7ad4ef73493f84371f5a19dcc","2026-10-07T06:03:48.053Z","description","Learn how to tackle Earth’s most pressing challenges and build competitive skills with Adelaide University’s Bachelor of Science (Honours) majoring in Geology."
"programme_95dd6b012db502ae","adelaide-university","https://adelaide.edu.au/study/degrees/2026/bachelor-of-economics-honours/dom/","Study Bachelor of Economics (Honours) at Adelaide University - Information for Domestic students | Adelaide University","9f978e9ce1fad83fa331eed64d882cc4654653e3cb6dd1531d95e6cc6068484c","2026-10-07T06:03:52.045Z","name","Bachelor of Economics (Honours)"
"programme_95dd6b012db502ae","adelaide-university","https://adelaide.edu.au/study/degrees/2026/bachelor-of-economics-honours/dom/","Study Bachelor of Economics (Honours) at Adelaide University - Information for Domestic students | Adelaide University","9f978e9ce1fad83fa331eed64d882cc4654653e3cb6dd1531d95e6cc6068484c","2026-10-07T06:03:52.045Z","detailUrl","https://adelaide.edu.au/study/degrees/2026/bachelor-of-economics-honours/dom/"
"programme_95dd6b012db502ae","adelaide-university","https://adelaide.edu.au/study/degrees/2026/bachelor-of-economics-honours/dom/","Study Bachelor of Economics (Honours) at Adelaide University - Information for Domestic students | Adelaide University","9f978e9ce1fad83fa331eed64d882cc4654653e3cb6dd1531d95e6cc6068484c","2026-10-07T06:03:52.045Z","description","Shape public policy and help businesses and governments make decisions. Solve social, behavioural and economic issues with our Bachelor of Economics (Honours)."
"programme_b03ea20a2d85c86b","adelaide-university","https://adelaide.edu.au/study/degrees/2026/bachelor-of-laws-honours-bachelor-of-economics-honours/dom/","Study Bachelor of Laws (Honours), Bachelor of Economics (Honours) at Adelaide University - Information for Domestic students | Adelaide University","c7e7d7dd1d89a1f239ff8bf88e0f1fb27e8b10e103e3fe8b199fcd74f63b6867","2026-10-07T06:03:54.446Z","name","Bachelor of Laws (Honours), Bachelor of Economics (Honours)"
"programme_b03ea20a2d85c86b","adelaide-university","https://adelaide.edu.au/study/degrees/2026/bachelor-of-laws-honours-bachelor-of-economics-honours/dom/","Study Bachelor of Laws (Honours), Bachelor of Economics (Honours) at Adelaide University - Information for Domestic students | Adelaide University","c7e7d7dd1d89a1f239ff8bf88e0f1fb27e8b10e103e3fe8b199fcd74f63b6867","2026-10-07T06:03:54.446Z","detailUrl","https://adelaide.edu.au/study/degrees/2026/bachelor-of-laws-honours-bachelor-of-economics-honours/dom/"
"programme_b03ea20a2d85c86b","adelaide-university","https://adelaide.edu.au/study/degrees/2026/bachelor-of-laws-honours-bachelor-of-economics-honours/dom/","Study Bachelor of Laws (Honours), Bachelor of Economics (Honours) at Adelaide University - Information for Domestic students | Adelaide University","c7e7d7dd1d89a1f239ff8bf88e0f1fb27e8b10e103e3fe8b199fcd74f63b6867","2026-10-07T06:03:54.446Z","description","Shape policy, advocate for others, and lead with the law. Adelaide University’s Bachelor of Laws (Honours), Bachelor of Economics equips for your future career."
"programme_fa04472fa69e4cc3","carnegie-mellon-university","https://www.cmu.edu/cfa/music/programs/undergraduate-programs/bfa-music-performance.html","BFA in Music Performance - School of Music - Carnegie Mellon University","e85e235115376aa70f8c0aa36c73877f8c00b21e89bbfaf4455ae61b93a0e016","2026-10-07T04:25:29.223Z","name","Bachelor of Fine Arts in Music Performance"
"programme_fa04472fa69e4cc3","carnegie-mellon-university","https://www.cmu.edu/cfa/music/programs/undergraduate-programs/bfa-music-performance.html","BFA in Music Performance - School of Music - Carnegie Mellon University","e85e235115376aa70f8c0aa36c73877f8c00b21e89bbfaf4455ae61b93a0e016","2026-10-07T04:25:29.223Z","detailUrl","https://www.cmu.edu/cfa/music/programs/undergraduate-programs/bfa-music-performance.html"
"programme_fa04472fa69e4cc3","carnegie-mellon-university","https://www.cmu.edu/cfa/music/programs/undergraduate-programs/bfa-music-performance.html","BFA in Music Performance - School of Music - Carnegie Mellon University","e85e235115376aa70f8c0aa36c73877f8c00b21e89bbfaf4455ae61b93a0e016","2026-10-07T04:25:29.223Z","description","Information on undergraduate music performance programs at the Carnegie Mellon University School of Music."
"programme_5073a1d04532ff5a","curtin-singapore","https://www.curtin.edu.sg/courses/undergraduate/bachelor-of-commerce/","Bachelor of Commerce - Curtin Singapore","48f3aaa298b7725701751cd37a37b199308395843fe6217940846e6bedbd19ac","2026-10-07T04:29:59.258Z","name","Bachelor of Commerce"
"programme_5073a1d04532ff5a","curtin-singapore","https://www.curtin.edu.sg/courses/undergraduate/bachelor-of-commerce/","Bachelor of Commerce - Curtin Singapore","48f3aaa298b7725701751cd37a37b199308395843fe6217940846e6bedbd19ac","2026-10-07T04:29:59.258Z","detailUrl","https://www.curtin.edu.sg/courses/undergraduate/bachelor-of-commerce/"
"programme_48ed45e3cbdf7d2f","curtin-singapore","https://www.curtin.edu.sg/courses/undergraduate/communications/","Bachelor of Communications (Top-Up) - Curtin Singapore","d3b85916ddcad028b3803192fc7aa6ff8ba4b0a0bb35db53901091382e22aa4c","2026-10-07T04:30:26.891Z","name","Bachelor of Communications (Top-Up)"
"programme_48ed45e3cbdf7d2f","curtin-singapore","https://www.curtin.edu.sg/courses/undergraduate/communications/","Bachelor of Communications (Top-Up) - Curtin Singapore","d3b85916ddcad028b3803192fc7aa6ff8ba4b0a0bb35db53901091382e22aa4c","2026-10-07T04:30:26.891Z","detailUrl","https://www.curtin.edu.sg/courses/undergraduate/communications/"
"programme_2f5e1d4e107a3f82","curtin-singapore","https://www.curtin.edu.sg/courses/undergraduate/bachelor-of-computing-cyber-security/","Bachelor of Computing (Cyber Security) - Curtin Singapore","31d12ce99fa38e031c7146598ddbc9f31146d43cf157d142cc25d9d6606ce763","2026-10-07T04:30:34.463Z","name","Bachelor of Computing (Cyber Security)"
"programme_2f5e1d4e107a3f82","curtin-singapore","https://www.curtin.edu.sg/courses/undergraduate/bachelor-of-computing-cyber-security/","Bachelor of Computing (Cyber Security) - Curtin Singapore","31d12ce99fa38e031c7146598ddbc9f31146d43cf157d142cc25d9d6606ce763","2026-10-07T04:30:34.463Z","detailUrl","https://www.curtin.edu.sg/courses/undergraduate/bachelor-of-computing-cyber-security/"
"programme_6b78cd97631631a8","curtin-singapore","https://www.curtin.edu.sg/courses/undergraduate/bachelor-of-information-technology/","Bachelor of Information Technology - Curtin Singapore","51d256a5ebaff6c68267bd13c76badfd9a88b25f6b71deff590fc55e076382ec","2026-10-07T04:30:36.392Z","name","Bachelor of Information Technology"
"programme_6b78cd97631631a8","curtin-singapore","https://www.curtin.edu.sg/courses/undergraduate/bachelor-of-information-technology/","Bachelor of Information Technology - Curtin Singapore","51d256a5ebaff6c68267bd13c76badfd9a88b25f6b71deff590fc55e076382ec","2026-10-07T04:30:36.392Z","detailUrl","https://www.curtin.edu.sg/courses/undergraduate/bachelor-of-information-technology/"
"programme_8a40b27791df6aaa","curtin-singapore","https://www.curtin.edu.sg/courses/undergraduate/nursing-conversion-program-for-registered-nurses/","Bachelor of Science (Nursing) Conversion Program for Registered Nurses (Top-Up) - Curtin Singapore","4922a92e0a2c62edba0f0bff6e0c4ff6dea58fd3440b58004fad523783a54324","2026-10-07T04:30:38.479Z","name","Bachelor of Science (Nursing) Conversion Program for Registered Nurses (Top-Up)"
"programme_8a40b27791df6aaa","curtin-singapore","https://www.curtin.edu.sg/courses/undergraduate/nursing-conversion-program-for-registered-nurses/","Bachelor of Science (Nursing) Conversion Program for Registered Nurses (Top-Up) - Curtin Singapore","4922a92e0a2c62edba0f0bff6e0c4ff6dea58fd3440b58004fad523783a54324","2026-10-07T04:30:38.479Z","detailUrl","https://www.curtin.edu.sg/courses/undergraduate/nursing-conversion-program-for-registered-nurses/"
"programme_93866b9e6f4daf27","curtin-singapore","https://www.curtin.edu.sg/courses/diploma/","Diploma - Curtin Singapore","f14882fdc86796fd2773b58153a7dcfa552d56938df88c252cfa251a09cea18e","2026-10-07T04:30:52.497Z","name","Diploma"
"programme_93866b9e6f4daf27","curtin-singapore","https://www.curtin.edu.sg/courses/diploma/","Diploma - Curtin Singapore","f14882fdc86796fd2773b58153a7dcfa552d56938df88c252cfa251a09cea18e","2026-10-07T04:30:52.497Z","detailUrl","https://www.curtin.edu.sg/courses/diploma/"
"programme_999b8f77e1a5adb3","curtin-singapore","https://www.curtin.edu.sg/courses/phd/","Doctor of Philosophy (PhD) - Curtin Singapore","c1903d22a6af41f908f429c0c1b64293ab123d2d1d34a2a4860a7890ffe5d5fe","2026-10-07T04:31:00.660Z","name","Doctor of Philosophy (PhD)"
"programme_999b8f77e1a5adb3","curtin-singapore","https://www.curtin.edu.sg/courses/phd/","Doctor of Philosophy (PhD) - Curtin Singapore","c1903d22a6af41f908f429c0c1b64293ab123d2d1d34a2a4860a7890ffe5d5fe","2026-10-07T04:31:00.660Z","detailUrl","https://www.curtin.edu.sg/courses/phd/"
"programme_6da357f6e89eb71a","curtin-singapore","https://www.curtin.edu.sg/courses/postgraduate/master-of-predictive-analytics-data-science-major/","Master of Predictive Analytics – Data Science major - Curtin Singapore","0e48afc281bf4447fd125980d8dc55935cc27fd752dc09671c0c7417c72d49c5","2026-10-07T04:31:02.546Z","name","Master of Predictive Analytics – Data Science major"
"programme_6da357f6e89eb71a","curtin-singapore","https://www.curtin.edu.sg/courses/postgraduate/master-of-predictive-analytics-data-science-major/","Master of Predictive Analytics – Data Science major - Curtin Singapore","0e48afc281bf4447fd125980d8dc55935cc27fd752dc09671c0c7417c72d49c5","2026-10-07T04:31:02.546Z","detailUrl","https://www.curtin.edu.sg/courses/postgraduate/master-of-predictive-analytics-data-science-major/"
"programme_570ce6d2458aa114","curtin-singapore","https://www.curtin.edu.sg/courses/diploma/diploma-of-arts-and-creative-industries/","Diploma of Arts and Creative Industries - Curtin Singapore","14c2e3dad175ce359191a9b31f1ba309b31fe41e8ff88a560d68fcb8aa68dc40","2026-10-07T04:31:06.807Z","name","Diploma of Arts and Creative Industries"
"programme_570ce6d2458aa114","curtin-singapore","https://www.curtin.edu.sg/courses/diploma/diploma-of-arts-and-creative-industries/","Diploma of Arts and Creative Industries - Curtin Singapore","14c2e3dad175ce359191a9b31f1ba309b31fe41e8ff88a560d68fcb8aa68dc40","2026-10-07T04:31:06.807Z","detailUrl","https://www.curtin.edu.sg/courses/diploma/diploma-of-arts-and-creative-industries/"
"programme_fbe9b9c5344f1ed3","curtin-singapore","https://www.curtin.edu.sg/courses/diploma/diploma-of-commerce/","Diploma of Commerce - Curtin Singapore","800685257e261801a5a61cd352d30932491767b8fa9ebdc10d0bba2219a2b0dc","2026-10-07T04:31:08.660Z","name","Diploma of Commerce"
"programme_fbe9b9c5344f1ed3","curtin-singapore","https://www.curtin.edu.sg/courses/diploma/diploma-of-commerce/","Diploma of Commerce - Curtin Singapore","800685257e261801a5a61cd352d30932491767b8fa9ebdc10d0bba2219a2b0dc","2026-10-07T04:31:08.660Z","detailUrl","https://www.curtin.edu.sg/courses/diploma/diploma-of-commerce/"
"programme_93925092abafab4e","curtin-singapore","https://www.curtin.edu.sg/courses/diploma/diploma-of-computing/","Diploma of Computing - Curtin Singapore","30a0d500c7fa10d3f0f91a3eabfbc5819fe3f83f730b5b6d12ffe8fed316b573","2026-10-07T04:31:11.000Z","name","Diploma of Computing"
"programme_93925092abafab4e","curtin-singapore","https://www.curtin.edu.sg/courses/diploma/diploma-of-computing/","Diploma of Computing - Curtin Singapore","30a0d500c7fa10d3f0f91a3eabfbc5819fe3f83f730b5b6d12ffe8fed316b573","2026-10-07T04:31:11.000Z","detailUrl","https://www.curtin.edu.sg/courses/diploma/diploma-of-computing/"
"programme_da70a217c0bf3fda","curtin-singapore","https://www.curtin.edu.sg/courses/postgraduate/graduate-certificate-in-business-fundamentals/","Graduate Certificate in Business Fundamentals - Curtin Singapore","ef56f202ff4e8730c393639dc1efc0aae04a9dc645c770f9a8f56b4b13b4df36","2026-10-07T04:31:12.690Z","name","Graduate Certificate in Business Fundamentals"
"programme_da70a217c0bf3fda","curtin-singapore","https://www.curtin.edu.sg/courses/postgraduate/graduate-certificate-in-business-fundamentals/","Graduate Certificate in Business Fundamentals - Curtin Singapore","ef56f202ff4e8730c393639dc1efc0aae04a9dc645c770f9a8f56b4b13b4df36","2026-10-07T04:31:12.690Z","detailUrl","https://www.curtin.edu.sg/courses/postgraduate/graduate-certificate-in-business-fundamentals/"
"programme_447298d4297f0527","curtin-singapore","https://www.curtin.edu.sg/courses/postgraduate/master-of-international-business-2/","Master of International Business - Curtin Singapore","1a085894244242fd4cd676e4ed2b80fde24a56354f7e3cbdca756969131e88a5","2026-10-07T04:31:14.041Z","name","Master of International Business"
"programme_447298d4297f0527","curtin-singapore","https://www.curtin.edu.sg/courses/postgraduate/master-of-international-business-2/","Master of International Business - Curtin Singapore","1a085894244242fd4cd676e4ed2b80fde24a56354f7e3cbdca756969131e88a5","2026-10-07T04:31:14.041Z","detailUrl","https://www.curtin.edu.sg/courses/postgraduate/master-of-international-business-2/"
"programme_5194f9167da49e55","curtin-university","https://www.curtin.edu.au/study/offering/course-ug-bachelor-of-commerce--b-comrce/","Bachelor of Commerce | Curtin University","b58271932c3fcd7e5098590922b3cb8e4e96528a4c7f52f06a509d26ca5249de","2026-10-07T04:01:13.911Z","name","Commerce"
"programme_5194f9167da49e55","curtin-university","https://www.curtin.edu.au/study/offering/course-ug-bachelor-of-commerce--b-comrce/","Bachelor of Commerce | Curtin University","b58271932c3fcd7e5098590922b3cb8e4e96528a4c7f52f06a509d26ca5249de","2026-10-07T04:01:13.911Z","description","Tailor your Commerce degree to your career goals and graduate with internationally recognised skillsets."
"programme_5194f9167da49e55","curtin-university","https://www.curtin.edu.au/study/offering/course-ug-bachelor-of-commerce--b-comrce/","Bachelor of Commerce | Curtin University","b58271932c3fcd7e5098590922b3cb8e4e96528a4c7f52f06a509d26ca5249de","2026-10-07T04:01:13.911Z","tuition","123438 AUD"
"programme_64d2e3a1233eea59","curtin-university","https://www.curtin.edu.au/study/offering/course-ug-bachelor-of-innovation--b-innov/","Bachelor of Innovation | Curtin University","6edb139600c6b351e3d4cc065a0892fe23ead3c746ad5e6fb7a27d5c9fa0c03d","2026-10-07T04:01:16.392Z","name","Innovation"
"programme_64d2e3a1233eea59","curtin-university","https://www.curtin.edu.au/study/offering/course-ug-bachelor-of-innovation--b-innov/","Bachelor of Innovation | Curtin University","6edb139600c6b351e3d4cc065a0892fe23ead3c746ad5e6fb7a27d5c9fa0c03d","2026-10-07T04:01:16.392Z","description","Future-proof your business career by gaining the expertise to solve tough problems, with the confidence to put your solutions into practice."
"programme_64d2e3a1233eea59","curtin-university","https://www.curtin.edu.au/study/offering/course-ug-bachelor-of-innovation--b-innov/","Bachelor of Innovation | Curtin University","6edb139600c6b351e3d4cc065a0892fe23ead3c746ad5e6fb7a27d5c9fa0c03d","2026-10-07T04:01:16.392Z","tuition","15500 AUD"
"programme_d3bde72b750612a8","curtin-university","https://www.curtin.edu.au/study/offering/course-ug-bachelor-of-education-primary-education--b-edpr/","Bachelor of Education (Primary Education) | Curtin University","30905fc4cd681f7ae78e175de5129ebee222935aed7c21f31e6c221c867c889b","2026-10-07T04:01:18.864Z","name","Primary Education"
"programme_d3bde72b750612a8","curtin-university","https://www.curtin.edu.au/study/offering/course-ug-bachelor-of-education-primary-education--b-edpr/","Bachelor of Education (Primary Education) | Curtin University","30905fc4cd681f7ae78e175de5129ebee222935aed7c21f31e6c221c867c889b","2026-10-07T04:01:18.864Z","description","Gain the qualification you need to teach primary school-aged children in Australia."
"programme_d3bde72b750612a8","curtin-university","https://www.curtin.edu.au/study/offering/course-ug-bachelor-of-education-primary-education--b-edpr/","Bachelor of Education (Primary Education) | Curtin University","30905fc4cd681f7ae78e175de5129ebee222935aed7c21f31e6c221c867c889b","2026-10-07T04:01:18.864Z","tuition","4800 AUD"
"programme_27ff8d28c74bcce9","curtin-university","https://www.curtin.edu.au/study/offering/course-ug-bachelor-of-arts--b-arts/","Bachelor of Arts | Curtin University","e6b8a402e503792804a8d6a1cdd7cc36e5011dbb1831bb3a3fabe2309ab5f0b0","2026-10-07T04:01:21.450Z","name","Bachelor of Arts"
"programme_27ff8d28c74bcce9","curtin-university","https://www.curtin.edu.au/study/offering/course-ug-bachelor-of-arts--b-arts/","Bachelor of Arts | Curtin University","e6b8a402e503792804a8d6a1cdd7cc36e5011dbb1831bb3a3fabe2309ab5f0b0","2026-10-07T04:01:21.450Z","description","Ideal for imaginative individuals, these courses develop your creativity and critical thinking."
"programme_27ff8d28c74bcce9","curtin-university","https://www.curtin.edu.au/study/offering/course-ug-bachelor-of-arts--b-arts/","Bachelor of Arts | Curtin University","e6b8a402e503792804a8d6a1cdd7cc36e5011dbb1831bb3a3fabe2309ab5f0b0","2026-10-07T04:01:21.450Z","tuition","15500 AUD"
"programme_5680953d78a12c65","curtin-university","https://www.curtin.edu.au/study/offering/course-ug-bachelor-of-health-sciences--b-hthsci/","Bachelor of Health Sciences | Curtin University","3ab9b511c9559a3496c3a0216ff0fe51ecc26a44d29f04dfd1c94e8236d667de","2026-10-07T04:01:23.806Z","name","Health Sciences"
"programme_5680953d78a12c65","curtin-university","https://www.curtin.edu.au/study/offering/course-ug-bachelor-of-health-sciences--b-hthsci/","Bachelor of Health Sciences | Curtin University","3ab9b511c9559a3496c3a0216ff0fe51ecc26a44d29f04dfd1c94e8236d667de","2026-10-07T04:01:23.806Z","tuition","138552 AUD"
"programme_c0cf9386a95a5994","curtin-university","https://www.curtin.edu.au/study/offering/course-ug-bachelor-of-psychology--b-psych/","Bachelor of Psychology | Curtin University","03c084152a79dbd0f2bbe11a0a24d2a52e0ed793358972d0d7655094788d6095","2026-10-07T04:01:26.425Z","name","Psychology"
"programme_c0cf9386a95a5994","curtin-university","https://www.curtin.edu.au/study/offering/course-ug-bachelor-of-psychology--b-psych/","Bachelor of Psychology | Curtin University","03c084152a79dbd0f2bbe11a0a24d2a52e0ed793358972d0d7655094788d6095","2026-10-07T04:01:26.425Z","description","Discover how the human mind thinks and why we behave as we do."
"programme_c0cf9386a95a5994","curtin-university","https://www.curtin.edu.au/study/offering/course-ug-bachelor-of-psychology--b-psych/","Bachelor of Psychology | Curtin University","03c084152a79dbd0f2bbe11a0a24d2a52e0ed793358972d0d7655094788d6095","2026-10-07T04:01:26.425Z","tuition","9600 AUD"
"programme_b6d9e66af4a4c1ff","curtin-university","https://www.curtin.edu.au/study/offering/course-ug-bachelor-of-engineering-honours--bh-engr/","Bachelor of Engineering (Honours) | Curtin University","a34afcba1299e6a93da6dd2ff1b14c56b01fa6706a4bf54bbe4dbe1d72f2d204","2026-10-07T04:01:28.987Z","name","Engineering"
"programme_b6d9e66af4a4c1ff","curtin-university","https://www.curtin.edu.au/study/offering/course-ug-bachelor-of-engineering-honours--bh-engr/","Bachelor of Engineering (Honours) | Curtin University","a34afcba1299e6a93da6dd2ff1b14c56b01fa6706a4bf54bbe4dbe1d72f2d204","2026-10-07T04:01:28.987Z","description","At Curtin, you will develop your engineering skills in our purpose-built facilities, so that you are ready to work as a professional engineer as soon as you graduate."
"programme_b6d9e66af4a4c1ff","curtin-university","https://www.curtin.edu.au/study/offering/course-ug-bachelor-of-engineering-honours--bh-engr/","Bachelor of Engineering (Honours) | Curtin University","a34afcba1299e6a93da6dd2ff1b14c56b01fa6706a4bf54bbe4dbe1d72f2d204","2026-10-07T04:01:28.987Z","tuition","8400 AUD"
"programme_f8eb4b24c44857fb","curtin-university","https://www.curtin.edu.au/study/offering/course-ug-bachelor-of-science-science--b-scnce/","Bachelor of Science (Science) | Curtin University","762e6d33dea3233d81f7e3fe37c61a220fc586bddf4113fb69a91a0a9766152b","2026-10-07T04:01:31.482Z","name","Science"
"programme_f8eb4b24c44857fb","curtin-university","https://www.curtin.edu.au/study/offering/course-ug-bachelor-of-science-science--b-scnce/","Bachelor of Science (Science) | Curtin University","762e6d33dea3233d81f7e3fe37c61a220fc586bddf4113fb69a91a0a9766152b","2026-10-07T04:01:31.482Z","description","Learn the STEM skills that are central to science and technology innovation, and are vital for the careers of the future."
"programme_f8eb4b24c44857fb","curtin-university","https://www.curtin.edu.au/study/offering/course-ug-bachelor-of-science-science--b-scnce/","Bachelor of Science (Science) | Curtin University","762e6d33dea3233d81f7e3fe37c61a220fc586bddf4113fb69a91a0a9766152b","2026-10-07T04:01:31.482Z","tuition","10000 AUD"
"programme_1471afb8152cee2e","curtin-university","https://www.curtin.edu.au/study/offering/course-ug-chinese-major-ba--mjru-chnse/","Chinese Major (BA) | Curtin University","fa12fd3d9ee1c8970872ecef575dd764929a7947adc565cc237d7a2a240c0775","2026-10-07T04:01:35.683Z","name","Chinese"
"programme_1471afb8152cee2e","curtin-university","https://www.curtin.edu.au/study/offering/course-ug-chinese-major-ba--mjru-chnse/","Chinese Major (BA) | Curtin University","fa12fd3d9ee1c8970872ecef575dd764929a7947adc565cc237d7a2a240c0775","2026-10-07T04:01:35.683Z","description","Gain the skills required for a diverse international career, through knowledge of the world's most spoken first language."
"programme_d4fbd903cc7856f1","curtin-university","https://www.curtin.edu.au/study/offering/course-ug-creative-writing-major-ba--mjru-crwr1/","Creative Writing Major (BA) | Curtin University","094a64968c70e7e416b554b01296c1d1b6931a49b9a9939ec249204b17dffba3","2026-10-07T04:01:38.369Z","name","Creative Writing"
"programme_d4fbd903cc7856f1","curtin-university","https://www.curtin.edu.au/study/offering/course-ug-creative-writing-major-ba--mjru-crwr1/","Creative Writing Major (BA) | Curtin University","094a64968c70e7e416b554b01296c1d1b6931a49b9a9939ec249204b17dffba3","2026-10-07T04:01:38.369Z","description","Develop your writing skills in fiction, poetry and experimental and emerging genres."
"programme_d54ea1bbf5029025","curtin-university","https://www.curtin.edu.au/study/offering/course-ug-digital-and-social-media-major-ba--mjru-netcm/","Digital and Social Media Major (BA) | Curtin University","215979292c8cff4ada17864599ce2bcfa274a6fb5ea9e23e9a773556d8cffed4","2026-10-07T04:01:40.563Z","name","Digital and Social Media"
"programme_d54ea1bbf5029025","curtin-university","https://www.curtin.edu.au/study/offering/course-ug-digital-and-social-media-major-ba--mjru-netcm/","Digital and Social Media Major (BA) | Curtin University","215979292c8cff4ada17864599ce2bcfa274a6fb5ea9e23e9a773556d8cffed4","2026-10-07T04:01:40.563Z","description","Explore the human side of the internet and graduate ready for roles in digital and social media strategy."
"programme_da03fe23115229a9","imperial-college-london","https://www.imperial.ac.uk/study/courses/undergraduate/aeronautical-engineering/","Aeronautical Engineering MEng | Study | Imperial College London","3642190e26d8d93c47e4797640d10d05b556d67d74e924ce9773df8e557f8dda","2026-10-07T05:50:30.041Z","name","Aeronautical Engineering MEng"
"programme_da03fe23115229a9","imperial-college-london","https://www.imperial.ac.uk/study/courses/undergraduate/aeronautical-engineering/","Aeronautical Engineering MEng | Study | Imperial College London","3642190e26d8d93c47e4797640d10d05b556d67d74e924ce9773df8e557f8dda","2026-10-07T05:50:30.041Z","detailUrl","https://www.imperial.ac.uk/study/courses/undergraduate/aeronautical-engineering/"
"programme_da03fe23115229a9","imperial-college-london","https://www.imperial.ac.uk/study/courses/undergraduate/aeronautical-engineering/","Aeronautical Engineering MEng | Study | Imperial College London","3642190e26d8d93c47e4797640d10d05b556d67d74e924ce9773df8e557f8dda","2026-10-07T05:50:30.041Z","studyLevelRaw","Undergraduate"
"programme_f071bc3997f79e84","imperial-college-london","https://www.imperial.ac.uk/study/courses/undergraduate/aeronautics-spacecraft-engineering/","Aeronautics with Spacecraft Engineering MEng | Study | Imperial College London","327831e37a9e0ca8ec5a321ba9eccbf6e9270ecf39d6752e4b787d371872e2ce","2026-10-07T05:50:31.880Z","name","Aeronautics with Spacecraft Engineering MEng"
"programme_f071bc3997f79e84","imperial-college-london","https://www.imperial.ac.uk/study/courses/undergraduate/aeronautics-spacecraft-engineering/","Aeronautics with Spacecraft Engineering MEng | Study | Imperial College London","327831e37a9e0ca8ec5a321ba9eccbf6e9270ecf39d6752e4b787d371872e2ce","2026-10-07T05:50:31.880Z","detailUrl","https://www.imperial.ac.uk/study/courses/undergraduate/aeronautics-spacecraft-engineering/"
"programme_f071bc3997f79e84","imperial-college-london","https://www.imperial.ac.uk/study/courses/undergraduate/aeronautics-spacecraft-engineering/","Aeronautics with Spacecraft Engineering MEng | Study | Imperial College London","327831e37a9e0ca8ec5a321ba9eccbf6e9270ecf39d6752e4b787d371872e2ce","2026-10-07T05:50:31.880Z","studyLevelRaw","Undergraduate"
"programme_d361e543a18b6d14","imperial-college-london","https://www.imperial.ac.uk/study/courses/undergraduate/biochemistry-bsc/","Biochemistry BSc | Study | Imperial College London","ca1c701224577c4f2ee5ea8e399e0c1afee7321c22fd7e70e922d4452022ea4b","2026-10-07T05:50:33.860Z","name","Biochemistry BSc"
"programme_d361e543a18b6d14","imperial-college-london","https://www.imperial.ac.uk/study/courses/undergraduate/biochemistry-bsc/","Biochemistry BSc | Study | Imperial College London","ca1c701224577c4f2ee5ea8e399e0c1afee7321c22fd7e70e922d4452022ea4b","2026-10-07T05:50:33.860Z","detailUrl","https://www.imperial.ac.uk/study/courses/undergraduate/biochemistry-bsc/"
"programme_d361e543a18b6d14","imperial-college-london","https://www.imperial.ac.uk/study/courses/undergraduate/biochemistry-bsc/","Biochemistry BSc | Study | Imperial College London","ca1c701224577c4f2ee5ea8e399e0c1afee7321c22fd7e70e922d4452022ea4b","2026-10-07T05:50:33.860Z","studyLevelRaw","Undergraduate"
"programme_3a04dfbd9473c5fa","imperial-college-london","https://www.imperial.ac.uk/study/courses/undergraduate/biochemistry-msci/","Biochemistry MSci | Study | Imperial College London","d1884a42430fac751d2a7968f4f43380ff1cdd425ccc8d3533163bafd4ebfb49","2026-10-07T05:50:35.693Z","name","Biochemistry MSci"
"programme_3a04dfbd9473c5fa","imperial-college-london","https://www.imperial.ac.uk/study/courses/undergraduate/biochemistry-msci/","Biochemistry MSci | Study | Imperial College London","d1884a42430fac751d2a7968f4f43380ff1cdd425ccc8d3533163bafd4ebfb49","2026-10-07T05:50:35.693Z","detailUrl","https://www.imperial.ac.uk/study/courses/undergraduate/biochemistry-msci/"
"programme_3a04dfbd9473c5fa","imperial-college-london","https://www.imperial.ac.uk/study/courses/undergraduate/biochemistry-msci/","Biochemistry MSci | Study | Imperial College London","d1884a42430fac751d2a7968f4f43380ff1cdd425ccc8d3533163bafd4ebfb49","2026-10-07T05:50:35.693Z","studyLevelRaw","Undergraduate"
"programme_20f8e63166ae5201","imperial-college-london","https://www.imperial.ac.uk/study/courses/undergraduate/biochemistry-language/","Biochemistry with a Language for Science BSc | Study | Imperial College London","e75354e059c6c2401c8f4ee6e9999ac5d93252264eb5eaa6078462a2e99361f4","2026-10-07T05:50:37.706Z","name","Biochemistry with a Language for Science BSc"
"programme_20f8e63166ae5201","imperial-college-london","https://www.imperial.ac.uk/study/courses/undergraduate/biochemistry-language/","Biochemistry with a Language for Science BSc | Study | Imperial College London","e75354e059c6c2401c8f4ee6e9999ac5d93252264eb5eaa6078462a2e99361f4","2026-10-07T05:50:37.706Z","detailUrl","https://www.imperial.ac.uk/study/courses/undergraduate/biochemistry-language/"
"programme_20f8e63166ae5201","imperial-college-london","https://www.imperial.ac.uk/study/courses/undergraduate/biochemistry-language/","Biochemistry with a Language for Science BSc | Study | Imperial College London","e75354e059c6c2401c8f4ee6e9999ac5d93252264eb5eaa6078462a2e99361f4","2026-10-07T05:50:37.706Z","studyLevelRaw","Undergraduate"
"programme_71737b16ef1a7914","imperial-college-london","https://www.imperial.ac.uk/study/courses/undergraduate/biochemistry-management/","Biochemistry with Management BSc | Study | Imperial College London","88ee109ca840fb6a21d8859676b3b61e91befba4a0d9e93c7a2b1f2ca237208a","2026-10-07T05:50:39.708Z","name","Biochemistry with Management BSc"
"programme_71737b16ef1a7914","imperial-college-london","https://www.imperial.ac.uk/study/courses/undergraduate/biochemistry-management/","Biochemistry with Management BSc | Study | Imperial College London","88ee109ca840fb6a21d8859676b3b61e91befba4a0d9e93c7a2b1f2ca237208a","2026-10-07T05:50:39.708Z","detailUrl","https://www.imperial.ac.uk/study/courses/undergraduate/biochemistry-management/"
"programme_71737b16ef1a7914","imperial-college-london","https://www.imperial.ac.uk/study/courses/undergraduate/biochemistry-management/","Biochemistry with Management BSc | Study | Imperial College London","88ee109ca840fb6a21d8859676b3b61e91befba4a0d9e93c7a2b1f2ca237208a","2026-10-07T05:50:39.708Z","studyLevelRaw","Undergraduate"
"programme_7bdb128ab64704b3","imperial-college-london","https://www.imperial.ac.uk/study/courses/undergraduate/biological-sciences/","Biological Sciences BSc | Study | Imperial College London","ae0194dc9dc3dbe2a9377d7726f77a9deb9fdc773b1042918135764d518006eb","2026-10-07T05:50:41.719Z","name","Biological Sciences BSc"
"programme_7bdb128ab64704b3","imperial-college-london","https://www.imperial.ac.uk/study/courses/undergraduate/biological-sciences/","Biological Sciences BSc | Study | Imperial College London","ae0194dc9dc3dbe2a9377d7726f77a9deb9fdc773b1042918135764d518006eb","2026-10-07T05:50:41.719Z","detailUrl","https://www.imperial.ac.uk/study/courses/undergraduate/biological-sciences/"
"programme_7bdb128ab64704b3","imperial-college-london","https://www.imperial.ac.uk/study/courses/undergraduate/biological-sciences/","Biological Sciences BSc | Study | Imperial College London","ae0194dc9dc3dbe2a9377d7726f77a9deb9fdc773b1042918135764d518006eb","2026-10-07T05:50:41.719Z","studyLevelRaw","Undergraduate"
"programme_f69b6d52dadec9ee","imperial-college-london","https://www.imperial.ac.uk/study/courses/undergraduate/biological-sciences-msci/","Biological Sciences MSci | Study | Imperial College London","4c611bd92cc95c965767674fb4be5b428eb8c691aa2434752fda05be582cd6ba","2026-10-07T05:50:43.720Z","name","Biological Sciences MSci"
"programme_f69b6d52dadec9ee","imperial-college-london","https://www.imperial.ac.uk/study/courses/undergraduate/biological-sciences-msci/","Biological Sciences MSci | Study | Imperial College London","4c611bd92cc95c965767674fb4be5b428eb8c691aa2434752fda05be582cd6ba","2026-10-07T05:50:43.720Z","detailUrl","https://www.imperial.ac.uk/study/courses/undergraduate/biological-sciences-msci/"
"programme_f69b6d52dadec9ee","imperial-college-london","https://www.imperial.ac.uk/study/courses/undergraduate/biological-sciences-msci/","Biological Sciences MSci | Study | Imperial College London","4c611bd92cc95c965767674fb4be5b428eb8c691aa2434752fda05be582cd6ba","2026-10-07T05:50:43.720Z","studyLevelRaw","Undergraduate"
"programme_e82cfddcf6d75b7f","imperial-college-london","https://www.imperial.ac.uk/study/courses/undergraduate/biological-sciences-language/","Biological Sciences with a Language for Science BSc | Study | Imperial College London","36afd2035d8ac01a45e56be77a004a6154e54524ea79f6c41f63b34a556cf328","2026-10-07T05:50:45.733Z","name","Biological Sciences with a Language for Science BSc"
"programme_e82cfddcf6d75b7f","imperial-college-london","https://www.imperial.ac.uk/study/courses/undergraduate/biological-sciences-language/","Biological Sciences with a Language for Science BSc | Study | Imperial College London","36afd2035d8ac01a45e56be77a004a6154e54524ea79f6c41f63b34a556cf328","2026-10-07T05:50:45.733Z","detailUrl","https://www.imperial.ac.uk/study/courses/undergraduate/biological-sciences-language/"
"programme_e82cfddcf6d75b7f","imperial-college-london","https://www.imperial.ac.uk/study/courses/undergraduate/biological-sciences-language/","Biological Sciences with a Language for Science BSc | Study | Imperial College London","36afd2035d8ac01a45e56be77a004a6154e54524ea79f6c41f63b34a556cf328","2026-10-07T05:50:45.733Z","studyLevelRaw","Undergraduate"
"programme_ad502f8f0e3b1948","imperial-college-london","https://www.imperial.ac.uk/study/courses/undergraduate/biological-sciences-management/","Biological Sciences with Management BSc | Study | Imperial College London","69269c766d93053f3c6c771cfb3ec4e3c0255db7b2141feeda9f2cd6b63a3a41","2026-10-07T05:50:47.741Z","name","Biological Sciences with Management BSc"
"programme_ad502f8f0e3b1948","imperial-college-london","https://www.imperial.ac.uk/study/courses/undergraduate/biological-sciences-management/","Biological Sciences with Management BSc | Study | Imperial College London","69269c766d93053f3c6c771cfb3ec4e3c0255db7b2141feeda9f2cd6b63a3a41","2026-10-07T05:50:47.741Z","detailUrl","https://www.imperial.ac.uk/study/courses/undergraduate/biological-sciences-management/"
"programme_ad502f8f0e3b1948","imperial-college-london","https://www.imperial.ac.uk/study/courses/undergraduate/biological-sciences-management/","Biological Sciences with Management BSc | Study | Imperial College London","69269c766d93053f3c6c771cfb3ec4e3c0255db7b2141feeda9f2cd6b63a3a41","2026-10-07T05:50:47.741Z","studyLevelRaw","Undergraduate"
"programme_6bec235bcd8f2b56","imperial-college-london","https://www.imperial.ac.uk/study/courses/undergraduate/biomaterials-tissue-engineering-meng/","Biomaterials and Tissue Engineering MEng | Study | Imperial College London","3a96664003fdd7a4eeb3982cfb48b9c1af2901915417f6acd80a29d1902e6ea1","2026-10-07T05:50:49.746Z","name","Biomaterials and Tissue Engineering MEng"
"programme_6bec235bcd8f2b56","imperial-college-london","https://www.imperial.ac.uk/study/courses/undergraduate/biomaterials-tissue-engineering-meng/","Biomaterials and Tissue Engineering MEng | Study | Imperial College London","3a96664003fdd7a4eeb3982cfb48b9c1af2901915417f6acd80a29d1902e6ea1","2026-10-07T05:50:49.746Z","detailUrl","https://www.imperial.ac.uk/study/courses/undergraduate/biomaterials-tissue-engineering-meng/"
"programme_6bec235bcd8f2b56","imperial-college-london","https://www.imperial.ac.uk/study/courses/undergraduate/biomaterials-tissue-engineering-meng/","Biomaterials and Tissue Engineering MEng | Study | Imperial College London","3a96664003fdd7a4eeb3982cfb48b9c1af2901915417f6acd80a29d1902e6ea1","2026-10-07T05:50:49.746Z","studyLevelRaw","Undergraduate"
"programme_6bb15c4d9fe69426","imperial-college-london","https://www.imperial.ac.uk/study/courses/undergraduate/biomedical-engineering/","Biomedical Engineering MEng | Study | Imperial College London","48c31cb8bc4d20e087aa63b9b6c1bacac2409a3601274fb28d38e354ba8dbd63","2026-10-07T05:50:51.763Z","name","Biomedical Engineering MEng"
"programme_6bb15c4d9fe69426","imperial-college-london","https://www.imperial.ac.uk/study/courses/undergraduate/biomedical-engineering/","Biomedical Engineering MEng | Study | Imperial College London","48c31cb8bc4d20e087aa63b9b6c1bacac2409a3601274fb28d38e354ba8dbd63","2026-10-07T05:50:51.763Z","detailUrl","https://www.imperial.ac.uk/study/courses/undergraduate/biomedical-engineering/"
"programme_6bb15c4d9fe69426","imperial-college-london","https://www.imperial.ac.uk/study/courses/undergraduate/biomedical-engineering/","Biomedical Engineering MEng | Study | Imperial College London","48c31cb8bc4d20e087aa63b9b6c1bacac2409a3601274fb28d38e354ba8dbd63","2026-10-07T05:50:51.763Z","studyLevelRaw","Undergraduate"
"programme_fe96acd0905b5a81","imperial-college-london","https://www.imperial.ac.uk/study/courses/undergraduate/aeronautical-engineering/?addCourse=1699807","Aeronautical Engineering MEng | Study | Imperial College London","b9d6681c53ec645924edb64276b1b87aebe067241e41397f28077d8a13be8956","2026-10-07T05:50:53.569Z","name","Aeronautical Engineering MEng"
"programme_fe96acd0905b5a81","imperial-college-london","https://www.imperial.ac.uk/study/courses/undergraduate/aeronautical-engineering/?addCourse=1699807","Aeronautical Engineering MEng | Study | Imperial College London","b9d6681c53ec645924edb64276b1b87aebe067241e41397f28077d8a13be8956","2026-10-07T05:50:53.569Z","detailUrl","https://www.imperial.ac.uk/study/courses/undergraduate/aeronautical-engineering/?addCourse=1699807"
"programme_fe96acd0905b5a81","imperial-college-london","https://www.imperial.ac.uk/study/courses/undergraduate/aeronautical-engineering/?addCourse=1699807","Aeronautical Engineering MEng | Study | Imperial College London","b9d6681c53ec645924edb64276b1b87aebe067241e41397f28077d8a13be8956","2026-10-07T05:50:53.569Z","studyLevelRaw","Undergraduate"
"programme_f7b8b77b7333d11d","imperial-college-london","https://www.imperial.ac.uk/study/courses/undergraduate/aeronautical-engineering/?addCourse=1215803","Aeronautical Engineering MEng | Study | Imperial College London","8c3a7a10d015e90b40d6ffa47136b6c0d8c1bff6fc726a8f4dce8d9de1ca9d08","2026-10-07T05:50:55.566Z","name","Aeronautical Engineering MEng"
"programme_f7b8b77b7333d11d","imperial-college-london","https://www.imperial.ac.uk/study/courses/undergraduate/aeronautical-engineering/?addCourse=1215803","Aeronautical Engineering MEng | Study | Imperial College London","8c3a7a10d015e90b40d6ffa47136b6c0d8c1bff6fc726a8f4dce8d9de1ca9d08","2026-10-07T05:50:55.566Z","detailUrl","https://www.imperial.ac.uk/study/courses/undergraduate/aeronautical-engineering/?addCourse=1215803"
"programme_f7b8b77b7333d11d","imperial-college-london","https://www.imperial.ac.uk/study/courses/undergraduate/aeronautical-engineering/?addCourse=1215803","Aeronautical Engineering MEng | Study | Imperial College London","8c3a7a10d015e90b40d6ffa47136b6c0d8c1bff6fc726a8f4dce8d9de1ca9d08","2026-10-07T05:50:55.566Z","studyLevelRaw","Undergraduate"
"programme_ea7bb2519b1b6baf","imperial-college-london","https://www.imperial.ac.uk/study/courses/undergraduate/aeronautical-engineering/?addCourse=1215804","Aeronautical Engineering MEng | Study | Imperial College London","1cefe8502fdb6620bf9bce540d50f52047a338fb635d989b642d18ad32472ac5","2026-10-07T05:50:57.610Z","name","Aeronautical Engineering MEng"
"programme_ea7bb2519b1b6baf","imperial-college-london","https://www.imperial.ac.uk/study/courses/undergraduate/aeronautical-engineering/?addCourse=1215804","Aeronautical Engineering MEng | Study | Imperial College London","1cefe8502fdb6620bf9bce540d50f52047a338fb635d989b642d18ad32472ac5","2026-10-07T05:50:57.610Z","detailUrl","https://www.imperial.ac.uk/study/courses/undergraduate/aeronautical-engineering/?addCourse=1215804"
"programme_ea7bb2519b1b6baf","imperial-college-london","https://www.imperial.ac.uk/study/courses/undergraduate/aeronautical-engineering/?addCourse=1215804","Aeronautical Engineering MEng | Study | Imperial College London","1cefe8502fdb6620bf9bce540d50f52047a338fb635d989b642d18ad32472ac5","2026-10-07T05:50:57.610Z","studyLevelRaw","Undergraduate"
"programme_726124581ef2570d","imperial-college-london","https://www.imperial.ac.uk/study/courses/undergraduate/aeronautical-engineering/?addCourse=1215805","Aeronautical Engineering MEng | Study | Imperial College London","784f56740998d378b06e8cdbcc714c6983bca57f80f44853ac31e43d343e495a","2026-10-07T05:50:59.593Z","name","Aeronautical Engineering MEng"
"programme_726124581ef2570d","imperial-college-london","https://www.imperial.ac.uk/study/courses/undergraduate/aeronautical-engineering/?addCourse=1215805","Aeronautical Engineering MEng | Study | Imperial College London","784f56740998d378b06e8cdbcc714c6983bca57f80f44853ac31e43d343e495a","2026-10-07T05:50:59.593Z","detailUrl","https://www.imperial.ac.uk/study/courses/undergraduate/aeronautical-engineering/?addCourse=1215805"
"programme_726124581ef2570d","imperial-college-london","https://www.imperial.ac.uk/study/courses/undergraduate/aeronautical-engineering/?addCourse=1215805","Aeronautical Engineering MEng | Study | Imperial College London","784f56740998d378b06e8cdbcc714c6983bca57f80f44853ac31e43d343e495a","2026-10-07T05:50:59.593Z","studyLevelRaw","Undergraduate"
"programme_88e12cdbd607d85a","imperial-college-london","https://www.imperial.ac.uk/study/courses/undergraduate/aeronautics-spacecraft-engineering/?addCourse=1216182","Aeronautics with Spacecraft Engineering MEng | Study | Imperial College London","8c7d8980d843bcc4c649276aeb1244b01cc899c0cf6049bf6b2b0ac6c60a0226","2026-10-07T05:51:01.587Z","name","Aeronautics with Spacecraft Engineering MEng"
"programme_88e12cdbd607d85a","imperial-college-london","https://www.imperial.ac.uk/study/courses/undergraduate/aeronautics-spacecraft-engineering/?addCourse=1216182","Aeronautics with Spacecraft Engineering MEng | Study | Imperial College London","8c7d8980d843bcc4c649276aeb1244b01cc899c0cf6049bf6b2b0ac6c60a0226","2026-10-07T05:51:01.587Z","detailUrl","https://www.imperial.ac.uk/study/courses/undergraduate/aeronautics-spacecraft-engineering/?addCourse=1216182"
"programme_88e12cdbd607d85a","imperial-college-london","https://www.imperial.ac.uk/study/courses/undergraduate/aeronautics-spacecraft-engineering/?addCourse=1216182","Aeronautics with Spacecraft Engineering MEng | Study | Imperial College London","8c7d8980d843bcc4c649276aeb1244b01cc899c0cf6049bf6b2b0ac6c60a0226","2026-10-07T05:51:01.587Z","studyLevelRaw","Undergraduate"
"programme_28975baec22b27b5","imperial-college-london","https://www.imperial.ac.uk/study/courses/undergraduate/biochemistry-bsc/?addCourse=1217781","Biochemistry BSc | Study | Imperial College London","93b68f86ba30703fabc988229d89c073fb1339bf51ae616393299320c5d0acf3","2026-10-07T05:51:03.592Z","name","Biochemistry BSc"
"programme_28975baec22b27b5","imperial-college-london","https://www.imperial.ac.uk/study/courses/undergraduate/biochemistry-bsc/?addCourse=1217781","Biochemistry BSc | Study | Imperial College London","93b68f86ba30703fabc988229d89c073fb1339bf51ae616393299320c5d0acf3","2026-10-07T05:51:03.592Z","detailUrl","https://www.imperial.ac.uk/study/courses/undergraduate/biochemistry-bsc/?addCourse=1217781"
"programme_28975baec22b27b5","imperial-college-london","https://www.imperial.ac.uk/study/courses/undergraduate/biochemistry-bsc/?addCourse=1217781","Biochemistry BSc | Study | Imperial College London","93b68f86ba30703fabc988229d89c073fb1339bf51ae616393299320c5d0acf3","2026-10-07T05:51:03.592Z","studyLevelRaw","Undergraduate"
"programme_6a942e2c5d114352","imperial-college-london","https://www.imperial.ac.uk/study/courses/undergraduate/biochemistry-bsc/?addCourse=1217786","Biochemistry BSc | Study | Imperial College London","4f1022ad94f4e6ae143ed6eab258264c8d849ab64f6acf26c0048d45b15a485c","2026-10-07T05:51:05.612Z","name","Biochemistry BSc"
"programme_6a942e2c5d114352","imperial-college-london","https://www.imperial.ac.uk/study/courses/undergraduate/biochemistry-bsc/?addCourse=1217786","Biochemistry BSc | Study | Imperial College London","4f1022ad94f4e6ae143ed6eab258264c8d849ab64f6acf26c0048d45b15a485c","2026-10-07T05:51:05.612Z","detailUrl","https://www.imperial.ac.uk/study/courses/undergraduate/biochemistry-bsc/?addCourse=1217786"
"programme_6a942e2c5d114352","imperial-college-london","https://www.imperial.ac.uk/study/courses/undergraduate/biochemistry-bsc/?addCourse=1217786","Biochemistry BSc | Study | Imperial College London","4f1022ad94f4e6ae143ed6eab258264c8d849ab64f6acf26c0048d45b15a485c","2026-10-07T05:51:05.612Z","studyLevelRaw","Undergraduate"
"programme_5a13457c4b1e784d","imperial-college-london","https://www.imperial.ac.uk/study/courses/undergraduate/biochemistry-bsc/?addCourse=1217791","Biochemistry BSc | Study | Imperial College London","abbe6b2bf34f0d073a5ad5eba457e0b1695834fbbcde7645f3a4e7b7935ce418","2026-10-07T05:51:07.605Z","name","Biochemistry BSc"
"programme_5a13457c4b1e784d","imperial-college-london","https://www.imperial.ac.uk/study/courses/undergraduate/biochemistry-bsc/?addCourse=1217791","Biochemistry BSc | Study | Imperial College London","abbe6b2bf34f0d073a5ad5eba457e0b1695834fbbcde7645f3a4e7b7935ce418","2026-10-07T05:51:07.605Z","detailUrl","https://www.imperial.ac.uk/study/courses/undergraduate/biochemistry-bsc/?addCourse=1217791"
"programme_5a13457c4b1e784d","imperial-college-london","https://www.imperial.ac.uk/study/courses/undergraduate/biochemistry-bsc/?addCourse=1217791","Biochemistry BSc | Study | Imperial College London","abbe6b2bf34f0d073a5ad5eba457e0b1695834fbbcde7645f3a4e7b7935ce418","2026-10-07T05:51:07.605Z","studyLevelRaw","Undergraduate"
"programme_a9581fc8f94fae53","imperial-college-london","https://www.imperial.ac.uk/study/courses/undergraduate/biochemistry-msci/?addCourse=1608038","Biochemistry MSci | Study | Imperial College London","8db2bca115c1a447f140d6e1c03841183bfc69bf0c2b407ae053e11e4425a8f6","2026-10-07T05:51:09.617Z","name","Biochemistry MSci"
"programme_a9581fc8f94fae53","imperial-college-london","https://www.imperial.ac.uk/study/courses/undergraduate/biochemistry-msci/?addCourse=1608038","Biochemistry MSci | Study | Imperial College London","8db2bca115c1a447f140d6e1c03841183bfc69bf0c2b407ae053e11e4425a8f6","2026-10-07T05:51:09.617Z","detailUrl","https://www.imperial.ac.uk/study/courses/undergraduate/biochemistry-msci/?addCourse=1608038"
"programme_a9581fc8f94fae53","imperial-college-london","https://www.imperial.ac.uk/study/courses/undergraduate/biochemistry-msci/?addCourse=1608038","Biochemistry MSci | Study | Imperial College London","8db2bca115c1a447f140d6e1c03841183bfc69bf0c2b407ae053e11e4425a8f6","2026-10-07T05:51:09.617Z","studyLevelRaw","Undergraduate"
"programme_5ad651f367ff171f","imperial-college-london","https://www.imperial.ac.uk/study/courses/undergraduate/biochemistry-language/?addCourse=1256779","Biochemistry with a Language for Science BSc | Study | Imperial College London","8bc0f84fa20ca4c6e937f0be6044ed8a5ad906b8ac32cbc289e9f8d28968cdbf","2026-10-07T05:51:11.629Z","name","Biochemistry with a Language for Science BSc"
"programme_5ad651f367ff171f","imperial-college-london","https://www.imperial.ac.uk/study/courses/undergraduate/biochemistry-language/?addCourse=1256779","Biochemistry with a Language for Science BSc | Study | Imperial College London","8bc0f84fa20ca4c6e937f0be6044ed8a5ad906b8ac32cbc289e9f8d28968cdbf","2026-10-07T05:51:11.629Z","detailUrl","https://www.imperial.ac.uk/study/courses/undergraduate/biochemistry-language/?addCourse=1256779"
"programme_5ad651f367ff171f","imperial-college-london","https://www.imperial.ac.uk/study/courses/undergraduate/biochemistry-language/?addCourse=1256779","Biochemistry with a Language for Science BSc | Study | Imperial College London","8bc0f84fa20ca4c6e937f0be6044ed8a5ad906b8ac32cbc289e9f8d28968cdbf","2026-10-07T05:51:11.629Z","studyLevelRaw","Undergraduate"
"programme_ae371fabb685be96","imperial-college-london","https://www.imperial.ac.uk/study/courses/undergraduate/biochemistry-language/?addCourse=1217825","Biochemistry with a Language for Science BSc | Study | Imperial College London","90aaa94a0de1c4cfcda92f57e71b8969fbeeea964f80695476ed7c0c0845b0ef","2026-10-07T05:51:13.632Z","name","Biochemistry with a Language for Science BSc"
"programme_ae371fabb685be96","imperial-college-london","https://www.imperial.ac.uk/study/courses/undergraduate/biochemistry-language/?addCourse=1217825","Biochemistry with a Language for Science BSc | Study | Imperial College London","90aaa94a0de1c4cfcda92f57e71b8969fbeeea964f80695476ed7c0c0845b0ef","2026-10-07T05:51:13.632Z","detailUrl","https://www.imperial.ac.uk/study/courses/undergraduate/biochemistry-language/?addCourse=1217825"
"programme_ae371fabb685be96","imperial-college-london","https://www.imperial.ac.uk/study/courses/undergraduate/biochemistry-language/?addCourse=1217825","Biochemistry with a Language for Science BSc | Study | Imperial College London","90aaa94a0de1c4cfcda92f57e71b8969fbeeea964f80695476ed7c0c0845b0ef","2026-10-07T05:51:13.632Z","studyLevelRaw","Undergraduate"
"programme_ea6ea93a6ce7ad00","imperial-college-london","https://www.imperial.ac.uk/study/courses/undergraduate/biochemistry-language/?addCourse=1218384","Biochemistry with a Language for Science BSc | Study | Imperial College London","e25e186a9c3f3479d1346edfae96398914b3ec229658fd7df3ecaa74113ac7aa","2026-10-07T05:51:15.642Z","name","Biochemistry with a Language for Science BSc"
"programme_ea6ea93a6ce7ad00","imperial-college-london","https://www.imperial.ac.uk/study/courses/undergraduate/biochemistry-language/?addCourse=1218384","Biochemistry with a Language for Science BSc | Study | Imperial College London","e25e186a9c3f3479d1346edfae96398914b3ec229658fd7df3ecaa74113ac7aa","2026-10-07T05:51:15.642Z","detailUrl","https://www.imperial.ac.uk/study/courses/undergraduate/biochemistry-language/?addCourse=1218384"
"programme_ea6ea93a6ce7ad00","imperial-college-london","https://www.imperial.ac.uk/study/courses/undergraduate/biochemistry-language/?addCourse=1218384","Biochemistry with a Language for Science BSc | Study | Imperial College London","e25e186a9c3f3479d1346edfae96398914b3ec229658fd7df3ecaa74113ac7aa","2026-10-07T05:51:15.642Z","studyLevelRaw","Undergraduate"
"programme_488bca5982c07dae","imperial-college-london","https://www.imperial.ac.uk/study/courses/undergraduate/biochemistry-language/?addCourse=1218392","Biochemistry with a Language for Science BSc | Study | Imperial College London","e02a2b350bddd919d3fe94f0edd7b44ba635d9f0cd9fa288081797b83e5fb705","2026-10-07T05:51:17.649Z","name","Biochemistry with a Language for Science BSc"
"programme_488bca5982c07dae","imperial-college-london","https://www.imperial.ac.uk/study/courses/undergraduate/biochemistry-language/?addCourse=1218392","Biochemistry with a Language for Science BSc | Study | Imperial College London","e02a2b350bddd919d3fe94f0edd7b44ba635d9f0cd9fa288081797b83e5fb705","2026-10-07T05:51:17.649Z","detailUrl","https://www.imperial.ac.uk/study/courses/undergraduate/biochemistry-language/?addCourse=1218392"
"programme_488bca5982c07dae","imperial-college-london","https://www.imperial.ac.uk/study/courses/undergraduate/biochemistry-language/?addCourse=1218392","Biochemistry with a Language for Science BSc | Study | Imperial College London","e02a2b350bddd919d3fe94f0edd7b44ba635d9f0cd9fa288081797b83e5fb705","2026-10-07T05:51:17.649Z","studyLevelRaw","Undergraduate"
"programme_f24992cfa4a168de","imperial-college-london","https://www.imperial.ac.uk/study/courses/undergraduate/biochemistry-management/?addCourse=1217806","Biochemistry with Management BSc | Study | Imperial College London","933314faf2b5cd77f5599f3b5c668673a2fdef40b3eb8aa05c02a7a17e2a8995","2026-10-07T05:51:19.666Z","name","Biochemistry with Management BSc"
"programme_f24992cfa4a168de","imperial-college-london","https://www.imperial.ac.uk/study/courses/undergraduate/biochemistry-management/?addCourse=1217806","Biochemistry with Management BSc | Study | Imperial College London","933314faf2b5cd77f5599f3b5c668673a2fdef40b3eb8aa05c02a7a17e2a8995","2026-10-07T05:51:19.666Z","detailUrl","https://www.imperial.ac.uk/study/courses/undergraduate/biochemistry-management/?addCourse=1217806"
"programme_f24992cfa4a168de","imperial-college-london","https://www.imperial.ac.uk/study/courses/undergraduate/biochemistry-management/?addCourse=1217806","Biochemistry with Management BSc | Study | Imperial College London","933314faf2b5cd77f5599f3b5c668673a2fdef40b3eb8aa05c02a7a17e2a8995","2026-10-07T05:51:19.666Z","studyLevelRaw","Undergraduate"
"programme_c37a230776718720","imperial-college-london","https://www.imperial.ac.uk/study/courses/undergraduate/biochemistry-management/?addCourse=1217811","Biochemistry with Management BSc | Study | Imperial College London","6f735898e70bc481fca849bb64abf5fdcb9f8a68b028d971e3e8594504fb01a5","2026-10-07T05:51:21.856Z","name","Biochemistry with Management BSc"
"programme_c37a230776718720","imperial-college-london","https://www.imperial.ac.uk/study/courses/undergraduate/biochemistry-management/?addCourse=1217811","Biochemistry with Management BSc | Study | Imperial College London","6f735898e70bc481fca849bb64abf5fdcb9f8a68b028d971e3e8594504fb01a5","2026-10-07T05:51:21.856Z","detailUrl","https://www.imperial.ac.uk/study/courses/undergraduate/biochemistry-management/?addCourse=1217811"
"programme_c37a230776718720","imperial-college-london","https://www.imperial.ac.uk/study/courses/undergraduate/biochemistry-management/?addCourse=1217811","Biochemistry with Management BSc | Study | Imperial College London","6f735898e70bc481fca849bb64abf5fdcb9f8a68b028d971e3e8594504fb01a5","2026-10-07T05:51:21.856Z","studyLevelRaw","Undergraduate"
"programme_5403ab4023740fcd","imperial-college-london","https://www.imperial.ac.uk/study/courses/undergraduate/biological-sciences/?addCourse=1218439","Biological Sciences BSc | Study | Imperial College London","a17d6eea43ca74b28178aba47cd35d9899c83bda428d212b8b6a538549a49f3e","2026-10-07T05:51:23.683Z","name","Biological Sciences BSc"
"programme_5403ab4023740fcd","imperial-college-london","https://www.imperial.ac.uk/study/courses/undergraduate/biological-sciences/?addCourse=1218439","Biological Sciences BSc | Study | Imperial College London","a17d6eea43ca74b28178aba47cd35d9899c83bda428d212b8b6a538549a49f3e","2026-10-07T05:51:23.683Z","detailUrl","https://www.imperial.ac.uk/study/courses/undergraduate/biological-sciences/?addCourse=1218439"
"programme_5403ab4023740fcd","imperial-college-london","https://www.imperial.ac.uk/study/courses/undergraduate/biological-sciences/?addCourse=1218439","Biological Sciences BSc | Study | Imperial College London","a17d6eea43ca74b28178aba47cd35d9899c83bda428d212b8b6a538549a49f3e","2026-10-07T05:51:23.683Z","studyLevelRaw","Undergraduate"
"programme_351e0f61a8c3c23e","imperial-college-london","https://www.imperial.ac.uk/study/courses/undergraduate/biological-sciences/?addCourse=1218445","Biological Sciences BSc | Study | Imperial College London","1aee14e6a35e387dcf08a7a4056e553dac4861ce9707a2c7dfb5f459ef95aa01","2026-10-07T05:51:25.682Z","name","Biological Sciences BSc"
"programme_351e0f61a8c3c23e","imperial-college-london","https://www.imperial.ac.uk/study/courses/undergraduate/biological-sciences/?addCourse=1218445","Biological Sciences BSc | Study | Imperial College London","1aee14e6a35e387dcf08a7a4056e553dac4861ce9707a2c7dfb5f459ef95aa01","2026-10-07T05:51:25.682Z","detailUrl","https://www.imperial.ac.uk/study/courses/undergraduate/biological-sciences/?addCourse=1218445"
"programme_351e0f61a8c3c23e","imperial-college-london","https://www.imperial.ac.uk/study/courses/undergraduate/biological-sciences/?addCourse=1218445","Biological Sciences BSc | Study | Imperial College London","1aee14e6a35e387dcf08a7a4056e553dac4861ce9707a2c7dfb5f459ef95aa01","2026-10-07T05:51:25.682Z","studyLevelRaw","Undergraduate"
"programme_9da8061f593a8072","imperial-college-london","https://www.imperial.ac.uk/study/courses/undergraduate/biological-sciences/?addCourse=1218451","Biological Sciences BSc | Study | Imperial College London","95b4f3fbacb9595e16d765b46fe0f79912614e7a840b2dd91f6dd21fe8db1f3d","2026-10-07T05:51:27.703Z","name","Biological Sciences BSc"
"programme_9da8061f593a8072","imperial-college-london","https://www.imperial.ac.uk/study/courses/undergraduate/biological-sciences/?addCourse=1218451","Biological Sciences BSc | Study | Imperial College London","95b4f3fbacb9595e16d765b46fe0f79912614e7a840b2dd91f6dd21fe8db1f3d","2026-10-07T05:51:27.703Z","detailUrl","https://www.imperial.ac.uk/study/courses/undergraduate/biological-sciences/?addCourse=1218451"
"programme_9da8061f593a8072","imperial-college-london","https://www.imperial.ac.uk/study/courses/undergraduate/biological-sciences/?addCourse=1218451","Biological Sciences BSc | Study | Imperial College London","95b4f3fbacb9595e16d765b46fe0f79912614e7a840b2dd91f6dd21fe8db1f3d","2026-10-07T05:51:27.703Z","studyLevelRaw","Undergraduate"
"programme_b2e5c40655c4a679","imperial-college-london","https://www.imperial.ac.uk/study/courses/undergraduate/biological-sciences-msci/?addCourse=1608196","Biological Sciences MSci | Study | Imperial College London","a161bf28809ad757c89cf6224bdfb871541a35a0be31f7358da85a064f4d8766","2026-10-07T05:51:29.704Z","name","Biological Sciences MSci"
"programme_b2e5c40655c4a679","imperial-college-london","https://www.imperial.ac.uk/study/courses/undergraduate/biological-sciences-msci/?addCourse=1608196","Biological Sciences MSci | Study | Imperial College London","a161bf28809ad757c89cf6224bdfb871541a35a0be31f7358da85a064f4d8766","2026-10-07T05:51:29.704Z","detailUrl","https://www.imperial.ac.uk/study/courses/undergraduate/biological-sciences-msci/?addCourse=1608196"
"programme_b2e5c40655c4a679","imperial-college-london","https://www.imperial.ac.uk/study/courses/undergraduate/biological-sciences-msci/?addCourse=1608196","Biological Sciences MSci | Study | Imperial College London","a161bf28809ad757c89cf6224bdfb871541a35a0be31f7358da85a064f4d8766","2026-10-07T05:51:29.704Z","studyLevelRaw","Undergraduate"
"programme_5cdbc6ec7014342f","imperial-college-london","https://www.imperial.ac.uk/study/courses/undergraduate/biological-sciences-language/?addCourse=1256861","Biological Sciences with a Language for Science BSc | Study | Imperial College London","65844aa51cadee8014fccb61639848b0ce4aff6aafa4fba6c8ff766d8f8f91c2","2026-10-07T05:51:31.711Z","name","Biological Sciences with a Language for Science BSc"
"programme_5cdbc6ec7014342f","imperial-college-london","https://www.imperial.ac.uk/study/courses/undergraduate/biological-sciences-language/?addCourse=1256861","Biological Sciences with a Language for Science BSc | Study | Imperial College London","65844aa51cadee8014fccb61639848b0ce4aff6aafa4fba6c8ff766d8f8f91c2","2026-10-07T05:51:31.711Z","detailUrl","https://www.imperial.ac.uk/study/courses/undergraduate/biological-sciences-language/?addCourse=1256861"
"programme_5cdbc6ec7014342f","imperial-college-london","https://www.imperial.ac.uk/study/courses/undergraduate/biological-sciences-language/?addCourse=1256861","Biological Sciences with a Language for Science BSc | Study | Imperial College London","65844aa51cadee8014fccb61639848b0ce4aff6aafa4fba6c8ff766d8f8f91c2","2026-10-07T05:51:31.711Z","studyLevelRaw","Undergraduate"
"programme_466cb72af5a9d2de","imperial-college-london","https://www.imperial.ac.uk/study/courses/undergraduate/biological-sciences-language/?addCourse=1218461","Biological Sciences with a Language for Science BSc | Study | Imperial College London","9c4bac58eee0a0b7f92d4f3ba335cf44a1bad8d8fd79eb5784e113b083bd9994","2026-10-07T05:51:33.731Z","name","Biological Sciences with a Language for Science BSc"
"programme_466cb72af5a9d2de","imperial-college-london","https://www.imperial.ac.uk/study/courses/undergraduate/biological-sciences-language/?addCourse=1218461","Biological Sciences with a Language for Science BSc | Study | Imperial College London","9c4bac58eee0a0b7f92d4f3ba335cf44a1bad8d8fd79eb5784e113b083bd9994","2026-10-07T05:51:33.731Z","detailUrl","https://www.imperial.ac.uk/study/courses/undergraduate/biological-sciences-language/?addCourse=1218461"
"programme_466cb72af5a9d2de","imperial-college-london","https://www.imperial.ac.uk/study/courses/undergraduate/biological-sciences-language/?addCourse=1218461","Biological Sciences with a Language for Science BSc | Study | Imperial College London","9c4bac58eee0a0b7f92d4f3ba335cf44a1bad8d8fd79eb5784e113b083bd9994","2026-10-07T05:51:33.731Z","studyLevelRaw","Undergraduate"
"programme_51c340740f6dd2ed","imperial-college-london","https://www.imperial.ac.uk/study/courses/undergraduate/biological-sciences-language/?addCourse=1218468","Biological Sciences with a Language for Science BSc | Study | Imperial College London","24fb2ded44a2cf2649f58e5b00b5e17aad2fad30bfca1289a7d9eeac90e73871","2026-10-07T05:51:35.731Z","name","Biological Sciences with a Language for Science BSc"
"programme_51c340740f6dd2ed","imperial-college-london","https://www.imperial.ac.uk/study/courses/undergraduate/biological-sciences-language/?addCourse=1218468","Biological Sciences with a Language for Science BSc | Study | Imperial College London","24fb2ded44a2cf2649f58e5b00b5e17aad2fad30bfca1289a7d9eeac90e73871","2026-10-07T05:51:35.731Z","detailUrl","https://www.imperial.ac.uk/study/courses/undergraduate/biological-sciences-language/?addCourse=1218468"
"programme_51c340740f6dd2ed","imperial-college-london","https://www.imperial.ac.uk/study/courses/undergraduate/biological-sciences-language/?addCourse=1218468","Biological Sciences with a Language for Science BSc | Study | Imperial College London","24fb2ded44a2cf2649f58e5b00b5e17aad2fad30bfca1289a7d9eeac90e73871","2026-10-07T05:51:35.731Z","studyLevelRaw","Undergraduate"
"programme_31bf5f54d84818c6","imperial-college-london","https://www.imperial.ac.uk/study/courses/undergraduate/biological-sciences-language/?addCourse=1218476","Biological Sciences with a Language for Science BSc | Study | Imperial College London","0f4ec68d2149dddc48fc43073064a080b32ecc027a303936fa0a4ce327f71860","2026-10-07T05:51:37.728Z","name","Biological Sciences with a Language for Science BSc"
"programme_31bf5f54d84818c6","imperial-college-london","https://www.imperial.ac.uk/study/courses/undergraduate/biological-sciences-language/?addCourse=1218476","Biological Sciences with a Language for Science BSc | Study | Imperial College London","0f4ec68d2149dddc48fc43073064a080b32ecc027a303936fa0a4ce327f71860","2026-10-07T05:51:37.728Z","detailUrl","https://www.imperial.ac.uk/study/courses/undergraduate/biological-sciences-language/?addCourse=1218476"
"programme_31bf5f54d84818c6","imperial-college-london","https://www.imperial.ac.uk/study/courses/undergraduate/biological-sciences-language/?addCourse=1218476","Biological Sciences with a Language for Science BSc | Study | Imperial College London","0f4ec68d2149dddc48fc43073064a080b32ecc027a303936fa0a4ce327f71860","2026-10-07T05:51:37.728Z","studyLevelRaw","Undergraduate"
"programme_cefe9f7aa9da74db","imperial-college-london","https://www.imperial.ac.uk/study/courses/undergraduate/biological-sciences-management/?addCourse=1218407","Biological Sciences with Management BSc | Study | Imperial College London","acfdaa163407c2e5a18f641f61551f4700b190d666818a1f19b46af751e79b34","2026-10-07T05:51:39.732Z","name","Biological Sciences with Management BSc"
"programme_cefe9f7aa9da74db","imperial-college-london","https://www.imperial.ac.uk/study/courses/undergraduate/biological-sciences-management/?addCourse=1218407","Biological Sciences with Management BSc | Study | Imperial College London","acfdaa163407c2e5a18f641f61551f4700b190d666818a1f19b46af751e79b34","2026-10-07T05:51:39.732Z","detailUrl","https://www.imperial.ac.uk/study/courses/undergraduate/biological-sciences-management/?addCourse=1218407"
"programme_cefe9f7aa9da74db","imperial-college-london","https://www.imperial.ac.uk/study/courses/undergraduate/biological-sciences-management/?addCourse=1218407","Biological Sciences with Management BSc | Study | Imperial College London","acfdaa163407c2e5a18f641f61551f4700b190d666818a1f19b46af751e79b34","2026-10-07T05:51:39.732Z","studyLevelRaw","Undergraduate"
"programme_d9810252a5acd428","imperial-college-london","https://www.imperial.ac.uk/study/courses/undergraduate/biological-sciences-management/?addCourse=1218422","Biological Sciences with Management BSc | Study | Imperial College London","4f4f3d56d9fcdad92829a2f360ecf0c77a7773a539b037282d8c4a9fd13dc832","2026-10-07T05:51:41.738Z","name","Biological Sciences with Management BSc"
"programme_d9810252a5acd428","imperial-college-london","https://www.imperial.ac.uk/study/courses/undergraduate/biological-sciences-management/?addCourse=1218422","Biological Sciences with Management BSc | Study | Imperial College London","4f4f3d56d9fcdad92829a2f360ecf0c77a7773a539b037282d8c4a9fd13dc832","2026-10-07T05:51:41.738Z","detailUrl","https://www.imperial.ac.uk/study/courses/undergraduate/biological-sciences-management/?addCourse=1218422"
"programme_d9810252a5acd428","imperial-college-london","https://www.imperial.ac.uk/study/courses/undergraduate/biological-sciences-management/?addCourse=1218422","Biological Sciences with Management BSc | Study | Imperial College London","4f4f3d56d9fcdad92829a2f360ecf0c77a7773a539b037282d8c4a9fd13dc832","2026-10-07T05:51:41.738Z","studyLevelRaw","Undergraduate"
"programme_e07329b9923bcac7","imperial-college-london","https://www.imperial.ac.uk/study/courses/undergraduate/biomaterials-tissue-engineering-meng/?addCourse=1215943","Biomaterials and Tissue Engineering MEng | Study | Imperial College London","46bcf42b9ade62b03a8a5ec9116e2de1aa0c9d48b55680b2b67fd0bac331b067","2026-10-07T05:51:43.740Z","name","Biomaterials and Tissue Engineering MEng"
"programme_e07329b9923bcac7","imperial-college-london","https://www.imperial.ac.uk/study/courses/undergraduate/biomaterials-tissue-engineering-meng/?addCourse=1215943","Biomaterials and Tissue Engineering MEng | Study | Imperial College London","46bcf42b9ade62b03a8a5ec9116e2de1aa0c9d48b55680b2b67fd0bac331b067","2026-10-07T05:51:43.740Z","detailUrl","https://www.imperial.ac.uk/study/courses/undergraduate/biomaterials-tissue-engineering-meng/?addCourse=1215943"
"programme_e07329b9923bcac7","imperial-college-london","https://www.imperial.ac.uk/study/courses/undergraduate/biomaterials-tissue-engineering-meng/?addCourse=1215943","Biomaterials and Tissue Engineering MEng | Study | Imperial College London","46bcf42b9ade62b03a8a5ec9116e2de1aa0c9d48b55680b2b67fd0bac331b067","2026-10-07T05:51:43.740Z","studyLevelRaw","Undergraduate"
"programme_45cbcca2aa4f4a4e","imperial-college-london","https://www.imperial.ac.uk/study/courses/undergraduate/biomedical-engineering/?addCourse=1216471","Biomedical Engineering MEng | Study | Imperial College London","77555bd46cec90929f43fac64ad066ca8ed20368ae567d5acda27f56ecbc7843","2026-10-07T05:51:45.751Z","name","Biomedical Engineering MEng"
"programme_45cbcca2aa4f4a4e","imperial-college-london","https://www.imperial.ac.uk/study/courses/undergraduate/biomedical-engineering/?addCourse=1216471","Biomedical Engineering MEng | Study | Imperial College London","77555bd46cec90929f43fac64ad066ca8ed20368ae567d5acda27f56ecbc7843","2026-10-07T05:51:45.751Z","detailUrl","https://www.imperial.ac.uk/study/courses/undergraduate/biomedical-engineering/?addCourse=1216471"
"programme_45cbcca2aa4f4a4e","imperial-college-london","https://www.imperial.ac.uk/study/courses/undergraduate/biomedical-engineering/?addCourse=1216471","Biomedical Engineering MEng | Study | Imperial College London","77555bd46cec90929f43fac64ad066ca8ed20368ae567d5acda27f56ecbc7843","2026-10-07T05:51:45.751Z","studyLevelRaw","Undergraduate"
"programme_e3f8bfc1e7136586","imperial-college-london","https://www.imperial.ac.uk/study/courses/undergraduate/biomedical-engineering/?addCourse=1216473","Biomedical Engineering MEng | Study | Imperial College London","5d70444fe6b80e8c1de83af5011c7b19a131c71fd30e40bfffb264a64d6d3d94","2026-10-07T05:51:47.756Z","name","Biomedical Engineering MEng"
"programme_e3f8bfc1e7136586","imperial-college-london","https://www.imperial.ac.uk/study/courses/undergraduate/biomedical-engineering/?addCourse=1216473","Biomedical Engineering MEng | Study | Imperial College London","5d70444fe6b80e8c1de83af5011c7b19a131c71fd30e40bfffb264a64d6d3d94","2026-10-07T05:51:47.756Z","detailUrl","https://www.imperial.ac.uk/study/courses/undergraduate/biomedical-engineering/?addCourse=1216473"
"programme_e3f8bfc1e7136586","imperial-college-london","https://www.imperial.ac.uk/study/courses/undergraduate/biomedical-engineering/?addCourse=1216473","Biomedical Engineering MEng | Study | Imperial College London","5d70444fe6b80e8c1de83af5011c7b19a131c71fd30e40bfffb264a64d6d3d94","2026-10-07T05:51:47.756Z","studyLevelRaw","Undergraduate"
"programme_ceda05e47b46d7c9","imperial-college-london","https://www.imperial.ac.uk/study/courses/undergraduate/biomedical-engineering/?addCourse=1216474","Biomedical Engineering MEng | Study | Imperial College London","74928f0aecacce5ac70563333eefa042f176638bf8fbe3f45534940d16fb278a","2026-10-07T05:51:49.768Z","name","Biomedical Engineering MEng"
"programme_ceda05e47b46d7c9","imperial-college-london","https://www.imperial.ac.uk/study/courses/undergraduate/biomedical-engineering/?addCourse=1216474","Biomedical Engineering MEng | Study | Imperial College London","74928f0aecacce5ac70563333eefa042f176638bf8fbe3f45534940d16fb278a","2026-10-07T05:51:49.768Z","detailUrl","https://www.imperial.ac.uk/study/courses/undergraduate/biomedical-engineering/?addCourse=1216474"
"programme_ceda05e47b46d7c9","imperial-college-london","https://www.imperial.ac.uk/study/courses/undergraduate/biomedical-engineering/?addCourse=1216474","Biomedical Engineering MEng | Study | Imperial College London","74928f0aecacce5ac70563333eefa042f176638bf8fbe3f45534940d16fb278a","2026-10-07T05:51:49.768Z","studyLevelRaw","Undergraduate"
"programme_813ff9b9cce330ac","imperial-college-london","https://www.imperial.ac.uk/study/courses/undergraduate/aeronautical-engineering/?removeCourse=1699807","Aeronautical Engineering MEng | Study | Imperial College London","3642190e26d8d93c47e4797640d10d05b556d67d74e924ce9773df8e557f8dda","2026-10-07T05:51:51.817Z","name","Aeronautical Engineering MEng"
"programme_813ff9b9cce330ac","imperial-college-london","https://www.imperial.ac.uk/study/courses/undergraduate/aeronautical-engineering/?removeCourse=1699807","Aeronautical Engineering MEng | Study | Imperial College London","3642190e26d8d93c47e4797640d10d05b556d67d74e924ce9773df8e557f8dda","2026-10-07T05:51:51.817Z","detailUrl","https://www.imperial.ac.uk/study/courses/undergraduate/aeronautical-engineering/?removeCourse=1699807"
"programme_813ff9b9cce330ac","imperial-college-london","https://www.imperial.ac.uk/study/courses/undergraduate/aeronautical-engineering/?removeCourse=1699807","Aeronautical Engineering MEng | Study | Imperial College London","3642190e26d8d93c47e4797640d10d05b556d67d74e924ce9773df8e557f8dda","2026-10-07T05:51:51.817Z","studyLevelRaw","Undergraduate"
"programme_eabfdaaf73489c00","imperial-college-london","https://www.imperial.ac.uk/study/courses/undergraduate/aeronautical-engineering/?removeCourse=1215803","Aeronautical Engineering MEng | Study | Imperial College London","3642190e26d8d93c47e4797640d10d05b556d67d74e924ce9773df8e557f8dda","2026-10-07T05:51:53.806Z","name","Aeronautical Engineering MEng"
"programme_eabfdaaf73489c00","imperial-college-london","https://www.imperial.ac.uk/study/courses/undergraduate/aeronautical-engineering/?removeCourse=1215803","Aeronautical Engineering MEng | Study | Imperial College London","3642190e26d8d93c47e4797640d10d05b556d67d74e924ce9773df8e557f8dda","2026-10-07T05:51:53.806Z","detailUrl","https://www.imperial.ac.uk/study/courses/undergraduate/aeronautical-engineering/?removeCourse=1215803"
"programme_eabfdaaf73489c00","imperial-college-london","https://www.imperial.ac.uk/study/courses/undergraduate/aeronautical-engineering/?removeCourse=1215803","Aeronautical Engineering MEng | Study | Imperial College London","3642190e26d8d93c47e4797640d10d05b556d67d74e924ce9773df8e557f8dda","2026-10-07T05:51:53.806Z","studyLevelRaw","Undergraduate"
"programme_cfd23687bbdba909","imperial-college-london","https://www.imperial.ac.uk/study/courses/undergraduate/aeronautical-engineering/?removeCourse=1215804","Aeronautical Engineering MEng | Study | Imperial College London","3642190e26d8d93c47e4797640d10d05b556d67d74e924ce9773df8e557f8dda","2026-10-07T05:51:55.793Z","name","Aeronautical Engineering MEng"
"programme_cfd23687bbdba909","imperial-college-london","https://www.imperial.ac.uk/study/courses/undergraduate/aeronautical-engineering/?removeCourse=1215804","Aeronautical Engineering MEng | Study | Imperial College London","3642190e26d8d93c47e4797640d10d05b556d67d74e924ce9773df8e557f8dda","2026-10-07T05:51:55.793Z","detailUrl","https://www.imperial.ac.uk/study/courses/undergraduate/aeronautical-engineering/?removeCourse=1215804"
"programme_cfd23687bbdba909","imperial-college-london","https://www.imperial.ac.uk/study/courses/undergraduate/aeronautical-engineering/?removeCourse=1215804","Aeronautical Engineering MEng | Study | Imperial College London","3642190e26d8d93c47e4797640d10d05b556d67d74e924ce9773df8e557f8dda","2026-10-07T05:51:55.793Z","studyLevelRaw","Undergraduate"
"programme_8269ff0339ea859d","imperial-college-london","https://www.imperial.ac.uk/study/courses/undergraduate/aeronautical-engineering/?removeCourse=1215805","Aeronautical Engineering MEng | Study | Imperial College London","3642190e26d8d93c47e4797640d10d05b556d67d74e924ce9773df8e557f8dda","2026-10-07T05:51:57.792Z","name","Aeronautical Engineering MEng"
"programme_8269ff0339ea859d","imperial-college-london","https://www.imperial.ac.uk/study/courses/undergraduate/aeronautical-engineering/?removeCourse=1215805","Aeronautical Engineering MEng | Study | Imperial College London","3642190e26d8d93c47e4797640d10d05b556d67d74e924ce9773df8e557f8dda","2026-10-07T05:51:57.792Z","detailUrl","https://www.imperial.ac.uk/study/courses/undergraduate/aeronautical-engineering/?removeCourse=1215805"
"programme_8269ff0339ea859d","imperial-college-london","https://www.imperial.ac.uk/study/courses/undergraduate/aeronautical-engineering/?removeCourse=1215805","Aeronautical Engineering MEng | Study | Imperial College London","3642190e26d8d93c47e4797640d10d05b556d67d74e924ce9773df8e557f8dda","2026-10-07T05:51:57.792Z","studyLevelRaw","Undergraduate"
"programme_79d5066bbc9b60d7","imperial-college-london","https://www.imperial.ac.uk/study/courses/undergraduate/aeronautics-spacecraft-engineering/?removeCourse=1216182","Aeronautics with Spacecraft Engineering MEng | Study | Imperial College London","327831e37a9e0ca8ec5a321ba9eccbf6e9270ecf39d6752e4b787d371872e2ce","2026-10-07T05:51:59.805Z","name","Aeronautics with Spacecraft Engineering MEng"
"programme_79d5066bbc9b60d7","imperial-college-london","https://www.imperial.ac.uk/study/courses/undergraduate/aeronautics-spacecraft-engineering/?removeCourse=1216182","Aeronautics with Spacecraft Engineering MEng | Study | Imperial College London","327831e37a9e0ca8ec5a321ba9eccbf6e9270ecf39d6752e4b787d371872e2ce","2026-10-07T05:51:59.805Z","detailUrl","https://www.imperial.ac.uk/study/courses/undergraduate/aeronautics-spacecraft-engineering/?removeCourse=1216182"
"programme_79d5066bbc9b60d7","imperial-college-london","https://www.imperial.ac.uk/study/courses/undergraduate/aeronautics-spacecraft-engineering/?removeCourse=1216182","Aeronautics with Spacecraft Engineering MEng | Study | Imperial College London","327831e37a9e0ca8ec5a321ba9eccbf6e9270ecf39d6752e4b787d371872e2ce","2026-10-07T05:51:59.805Z","studyLevelRaw","Undergraduate"
"programme_e5ce1d8452bcbb17","imperial-college-london","https://www.imperial.ac.uk/study/courses/undergraduate/biochemistry-bsc/?removeCourse=1217781","Biochemistry BSc | Study | Imperial College London","ca1c701224577c4f2ee5ea8e399e0c1afee7321c22fd7e70e922d4452022ea4b","2026-10-07T05:52:01.823Z","name","Biochemistry BSc"
"programme_e5ce1d8452bcbb17","imperial-college-london","https://www.imperial.ac.uk/study/courses/undergraduate/biochemistry-bsc/?removeCourse=1217781","Biochemistry BSc | Study | Imperial College London","ca1c701224577c4f2ee5ea8e399e0c1afee7321c22fd7e70e922d4452022ea4b","2026-10-07T05:52:01.823Z","detailUrl","https://www.imperial.ac.uk/study/courses/undergraduate/biochemistry-bsc/?removeCourse=1217781"
"programme_e5ce1d8452bcbb17","imperial-college-london","https://www.imperial.ac.uk/study/courses/undergraduate/biochemistry-bsc/?removeCourse=1217781","Biochemistry BSc | Study | Imperial College London","ca1c701224577c4f2ee5ea8e399e0c1afee7321c22fd7e70e922d4452022ea4b","2026-10-07T05:52:01.823Z","studyLevelRaw","Undergraduate"
"programme_04e721367aa4b608","imperial-college-london","https://www.imperial.ac.uk/study/courses/undergraduate/biochemistry-bsc/?removeCourse=1217786","Biochemistry BSc | Study | Imperial College London","ca1c701224577c4f2ee5ea8e399e0c1afee7321c22fd7e70e922d4452022ea4b","2026-10-07T05:52:03.816Z","name","Biochemistry BSc"
"programme_04e721367aa4b608","imperial-college-london","https://www.imperial.ac.uk/study/courses/undergraduate/biochemistry-bsc/?removeCourse=1217786","Biochemistry BSc | Study | Imperial College London","ca1c701224577c4f2ee5ea8e399e0c1afee7321c22fd7e70e922d4452022ea4b","2026-10-07T05:52:03.816Z","detailUrl","https://www.imperial.ac.uk/study/courses/undergraduate/biochemistry-bsc/?removeCourse=1217786"
"programme_04e721367aa4b608","imperial-college-london","https://www.imperial.ac.uk/study/courses/undergraduate/biochemistry-bsc/?removeCourse=1217786","Biochemistry BSc | Study | Imperial College London","ca1c701224577c4f2ee5ea8e399e0c1afee7321c22fd7e70e922d4452022ea4b","2026-10-07T05:52:03.816Z","studyLevelRaw","Undergraduate"
"programme_af74a560aa26e728","imperial-college-london","https://www.imperial.ac.uk/study/courses/undergraduate/biochemistry-bsc/?removeCourse=1217791","Biochemistry BSc | Study | Imperial College London","ca1c701224577c4f2ee5ea8e399e0c1afee7321c22fd7e70e922d4452022ea4b","2026-10-07T05:52:05.827Z","name","Biochemistry BSc"
"programme_af74a560aa26e728","imperial-college-london","https://www.imperial.ac.uk/study/courses/undergraduate/biochemistry-bsc/?removeCourse=1217791","Biochemistry BSc | Study | Imperial College London","ca1c701224577c4f2ee5ea8e399e0c1afee7321c22fd7e70e922d4452022ea4b","2026-10-07T05:52:05.827Z","detailUrl","https://www.imperial.ac.uk/study/courses/undergraduate/biochemistry-bsc/?removeCourse=1217791"
"programme_af74a560aa26e728","imperial-college-london","https://www.imperial.ac.uk/study/courses/undergraduate/biochemistry-bsc/?removeCourse=1217791","Biochemistry BSc | Study | Imperial College London","ca1c701224577c4f2ee5ea8e399e0c1afee7321c22fd7e70e922d4452022ea4b","2026-10-07T05:52:05.827Z","studyLevelRaw","Undergraduate"
"programme_2870296d226b3493","imperial-college-london","https://www.imperial.ac.uk/study/courses/undergraduate/biochemistry-msci/?removeCourse=1608038","Biochemistry MSci | Study | Imperial College London","d1884a42430fac751d2a7968f4f43380ff1cdd425ccc8d3533163bafd4ebfb49","2026-10-07T05:52:07.820Z","name","Biochemistry MSci"
"programme_2870296d226b3493","imperial-college-london","https://www.imperial.ac.uk/study/courses/undergraduate/biochemistry-msci/?removeCourse=1608038","Biochemistry MSci | Study | Imperial College London","d1884a42430fac751d2a7968f4f43380ff1cdd425ccc8d3533163bafd4ebfb49","2026-10-07T05:52:07.820Z","detailUrl","https://www.imperial.ac.uk/study/courses/undergraduate/biochemistry-msci/?removeCourse=1608038"
"programme_2870296d226b3493","imperial-college-london","https://www.imperial.ac.uk/study/courses/undergraduate/biochemistry-msci/?removeCourse=1608038","Biochemistry MSci | Study | Imperial College London","d1884a42430fac751d2a7968f4f43380ff1cdd425ccc8d3533163bafd4ebfb49","2026-10-07T05:52:07.820Z","studyLevelRaw","Undergraduate"
"programme_5a7121ce93c12e57","imperial-college-london","https://www.imperial.ac.uk/study/courses/undergraduate/biochemistry-language/?removeCourse=1256779","Biochemistry with a Language for Science BSc | Study | Imperial College London","e75354e059c6c2401c8f4ee6e9999ac5d93252264eb5eaa6078462a2e99361f4","2026-10-07T05:52:09.825Z","name","Biochemistry with a Language for Science BSc"
"programme_5a7121ce93c12e57","imperial-college-london","https://www.imperial.ac.uk/study/courses/undergraduate/biochemistry-language/?removeCourse=1256779","Biochemistry with a Language for Science BSc | Study | Imperial College London","e75354e059c6c2401c8f4ee6e9999ac5d93252264eb5eaa6078462a2e99361f4","2026-10-07T05:52:09.825Z","detailUrl","https://www.imperial.ac.uk/study/courses/undergraduate/biochemistry-language/?removeCourse=1256779"
"programme_5a7121ce93c12e57","imperial-college-london","https://www.imperial.ac.uk/study/courses/undergraduate/biochemistry-language/?removeCourse=1256779","Biochemistry with a Language for Science BSc | Study | Imperial College London","e75354e059c6c2401c8f4ee6e9999ac5d93252264eb5eaa6078462a2e99361f4","2026-10-07T05:52:09.825Z","studyLevelRaw","Undergraduate"
"programme_b2885bd4b486cc8b","imperial-college-london","https://www.imperial.ac.uk/study/courses/undergraduate/biochemistry-language/?removeCourse=1217825","Biochemistry with a Language for Science BSc | Study | Imperial College London","e75354e059c6c2401c8f4ee6e9999ac5d93252264eb5eaa6078462a2e99361f4","2026-10-07T05:52:11.839Z","name","Biochemistry with a Language for Science BSc"
"programme_b2885bd4b486cc8b","imperial-college-london","https://www.imperial.ac.uk/study/courses/undergraduate/biochemistry-language/?removeCourse=1217825","Biochemistry with a Language for Science BSc | Study | Imperial College London","e75354e059c6c2401c8f4ee6e9999ac5d93252264eb5eaa6078462a2e99361f4","2026-10-07T05:52:11.839Z","detailUrl","https://www.imperial.ac.uk/study/courses/undergraduate/biochemistry-language/?removeCourse=1217825"
"programme_b2885bd4b486cc8b","imperial-college-london","https://www.imperial.ac.uk/study/courses/undergraduate/biochemistry-language/?removeCourse=1217825","Biochemistry with a Language for Science BSc | Study | Imperial College London","e75354e059c6c2401c8f4ee6e9999ac5d93252264eb5eaa6078462a2e99361f4","2026-10-07T05:52:11.839Z","studyLevelRaw","Undergraduate"
"programme_047a40b45e19929d","imperial-college-london","https://www.imperial.ac.uk/study/courses/undergraduate/biochemistry-language/?removeCourse=1218384","Biochemistry with a Language for Science BSc | Study | Imperial College London","e75354e059c6c2401c8f4ee6e9999ac5d93252264eb5eaa6078462a2e99361f4","2026-10-07T05:52:13.844Z","name","Biochemistry with a Language for Science BSc"
"programme_047a40b45e19929d","imperial-college-london","https://www.imperial.ac.uk/study/courses/undergraduate/biochemistry-language/?removeCourse=1218384","Biochemistry with a Language for Science BSc | Study | Imperial College London","e75354e059c6c2401c8f4ee6e9999ac5d93252264eb5eaa6078462a2e99361f4","2026-10-07T05:52:13.844Z","detailUrl","https://www.imperial.ac.uk/study/courses/undergraduate/biochemistry-language/?removeCourse=1218384"
"programme_047a40b45e19929d","imperial-college-london","https://www.imperial.ac.uk/study/courses/undergraduate/biochemistry-language/?removeCourse=1218384","Biochemistry with a Language for Science BSc | Study | Imperial College London","e75354e059c6c2401c8f4ee6e9999ac5d93252264eb5eaa6078462a2e99361f4","2026-10-07T05:52:13.844Z","studyLevelRaw","Undergraduate"
"programme_ffc57fa183bde93a","imperial-college-london","https://www.imperial.ac.uk/study/courses/undergraduate/biochemistry-language/?removeCourse=1218392","Biochemistry with a Language for Science BSc | Study | Imperial College London","e75354e059c6c2401c8f4ee6e9999ac5d93252264eb5eaa6078462a2e99361f4","2026-10-07T05:52:16.101Z","name","Biochemistry with a Language for Science BSc"
"programme_ffc57fa183bde93a","imperial-college-london","https://www.imperial.ac.uk/study/courses/undergraduate/biochemistry-language/?removeCourse=1218392","Biochemistry with a Language for Science BSc | Study | Imperial College London","e75354e059c6c2401c8f4ee6e9999ac5d93252264eb5eaa6078462a2e99361f4","2026-10-07T05:52:16.101Z","detailUrl","https://www.imperial.ac.uk/study/courses/undergraduate/biochemistry-language/?removeCourse=1218392"
"programme_ffc57fa183bde93a","imperial-college-london","https://www.imperial.ac.uk/study/courses/undergraduate/biochemistry-language/?removeCourse=1218392","Biochemistry with a Language for Science BSc | Study | Imperial College London","e75354e059c6c2401c8f4ee6e9999ac5d93252264eb5eaa6078462a2e99361f4","2026-10-07T05:52:16.101Z","studyLevelRaw","Undergraduate"
"programme_edc7335aa4022a90","imperial-college-london","https://www.imperial.ac.uk/study/courses/undergraduate/biochemistry-management/?removeCourse=1217806","Biochemistry with Management BSc | Study | Imperial College London","88ee109ca840fb6a21d8859676b3b61e91befba4a0d9e93c7a2b1f2ca237208a","2026-10-07T05:52:17.855Z","name","Biochemistry with Management BSc"
"programme_edc7335aa4022a90","imperial-college-london","https://www.imperial.ac.uk/study/courses/undergraduate/biochemistry-management/?removeCourse=1217806","Biochemistry with Management BSc | Study | Imperial College London","88ee109ca840fb6a21d8859676b3b61e91befba4a0d9e93c7a2b1f2ca237208a","2026-10-07T05:52:17.855Z","detailUrl","https://www.imperial.ac.uk/study/courses/undergraduate/biochemistry-management/?removeCourse=1217806"
"programme_edc7335aa4022a90","imperial-college-london","https://www.imperial.ac.uk/study/courses/undergraduate/biochemistry-management/?removeCourse=1217806","Biochemistry with Management BSc | Study | Imperial College London","88ee109ca840fb6a21d8859676b3b61e91befba4a0d9e93c7a2b1f2ca237208a","2026-10-07T05:52:17.855Z","studyLevelRaw","Undergraduate"
"programme_7d2f59bd5c16bc26","imperial-college-london","https://www.imperial.ac.uk/study/courses/undergraduate/biochemistry-management/?removeCourse=1217811","Biochemistry with Management BSc | Study | Imperial College London","88ee109ca840fb6a21d8859676b3b61e91befba4a0d9e93c7a2b1f2ca237208a","2026-10-07T05:52:19.862Z","name","Biochemistry with Management BSc"
"programme_7d2f59bd5c16bc26","imperial-college-london","https://www.imperial.ac.uk/study/courses/undergraduate/biochemistry-management/?removeCourse=1217811","Biochemistry with Management BSc | Study | Imperial College London","88ee109ca840fb6a21d8859676b3b61e91befba4a0d9e93c7a2b1f2ca237208a","2026-10-07T05:52:19.862Z","detailUrl","https://www.imperial.ac.uk/study/courses/undergraduate/biochemistry-management/?removeCourse=1217811"
"programme_7d2f59bd5c16bc26","imperial-college-london","https://www.imperial.ac.uk/study/courses/undergraduate/biochemistry-management/?removeCourse=1217811","Biochemistry with Management BSc | Study | Imperial College London","88ee109ca840fb6a21d8859676b3b61e91befba4a0d9e93c7a2b1f2ca237208a","2026-10-07T05:52:19.862Z","studyLevelRaw","Undergraduate"
"programme_abb911ad685aa599","imperial-college-london","https://www.imperial.ac.uk/study/courses/undergraduate/biological-sciences/?removeCourse=1218439","Biological Sciences BSc | Study | Imperial College London","ae0194dc9dc3dbe2a9377d7726f77a9deb9fdc773b1042918135764d518006eb","2026-10-07T05:52:22.048Z","name","Biological Sciences BSc"
"programme_abb911ad685aa599","imperial-college-london","https://www.imperial.ac.uk/study/courses/undergraduate/biological-sciences/?removeCourse=1218439","Biological Sciences BSc | Study | Imperial College London","ae0194dc9dc3dbe2a9377d7726f77a9deb9fdc773b1042918135764d518006eb","2026-10-07T05:52:22.048Z","detailUrl","https://www.imperial.ac.uk/study/courses/undergraduate/biological-sciences/?removeCourse=1218439"
"programme_abb911ad685aa599","imperial-college-london","https://www.imperial.ac.uk/study/courses/undergraduate/biological-sciences/?removeCourse=1218439","Biological Sciences BSc | Study | Imperial College London","ae0194dc9dc3dbe2a9377d7726f77a9deb9fdc773b1042918135764d518006eb","2026-10-07T05:52:22.048Z","studyLevelRaw","Undergraduate"
"programme_7d3e1749da490c39","imperial-college-london","https://www.imperial.ac.uk/study/courses/undergraduate/biological-sciences/?removeCourse=1218445","Biological Sciences BSc | Study | Imperial College London","ae0194dc9dc3dbe2a9377d7726f77a9deb9fdc773b1042918135764d518006eb","2026-10-07T05:52:23.877Z","name","Biological Sciences BSc"
"programme_7d3e1749da490c39","imperial-college-london","https://www.imperial.ac.uk/study/courses/undergraduate/biological-sciences/?removeCourse=1218445","Biological Sciences BSc | Study | Imperial College London","ae0194dc9dc3dbe2a9377d7726f77a9deb9fdc773b1042918135764d518006eb","2026-10-07T05:52:23.877Z","detailUrl","https://www.imperial.ac.uk/study/courses/undergraduate/biological-sciences/?removeCourse=1218445"
"programme_7d3e1749da490c39","imperial-college-london","https://www.imperial.ac.uk/study/courses/undergraduate/biological-sciences/?removeCourse=1218445","Biological Sciences BSc | Study | Imperial College London","ae0194dc9dc3dbe2a9377d7726f77a9deb9fdc773b1042918135764d518006eb","2026-10-07T05:52:23.877Z","studyLevelRaw","Undergraduate"
"programme_bb46b68ad122f662","imperial-college-london","https://www.imperial.ac.uk/study/courses/undergraduate/biological-sciences/?removeCourse=1218451","Biological Sciences BSc | Study | Imperial College London","ae0194dc9dc3dbe2a9377d7726f77a9deb9fdc773b1042918135764d518006eb","2026-10-07T05:52:25.880Z","name","Biological Sciences BSc"
"programme_bb46b68ad122f662","imperial-college-london","https://www.imperial.ac.uk/study/courses/undergraduate/biological-sciences/?removeCourse=1218451","Biological Sciences BSc | Study | Imperial College London","ae0194dc9dc3dbe2a9377d7726f77a9deb9fdc773b1042918135764d518006eb","2026-10-07T05:52:25.880Z","detailUrl","https://www.imperial.ac.uk/study/courses/undergraduate/biological-sciences/?removeCourse=1218451"
"programme_bb46b68ad122f662","imperial-college-london","https://www.imperial.ac.uk/study/courses/undergraduate/biological-sciences/?removeCourse=1218451","Biological Sciences BSc | Study | Imperial College London","ae0194dc9dc3dbe2a9377d7726f77a9deb9fdc773b1042918135764d518006eb","2026-10-07T05:52:25.880Z","studyLevelRaw","Undergraduate"
"programme_aa52bb29c2dbeadd","imperial-college-london","https://www.imperial.ac.uk/study/courses/undergraduate/biological-sciences-msci/?removeCourse=1608196","Biological Sciences MSci | Study | Imperial College London","4c611bd92cc95c965767674fb4be5b428eb8c691aa2434752fda05be582cd6ba","2026-10-07T05:52:27.891Z","name","Biological Sciences MSci"
"programme_aa52bb29c2dbeadd","imperial-college-london","https://www.imperial.ac.uk/study/courses/undergraduate/biological-sciences-msci/?removeCourse=1608196","Biological Sciences MSci | Study | Imperial College London","4c611bd92cc95c965767674fb4be5b428eb8c691aa2434752fda05be582cd6ba","2026-10-07T05:52:27.891Z","detailUrl","https://www.imperial.ac.uk/study/courses/undergraduate/biological-sciences-msci/?removeCourse=1608196"
"programme_aa52bb29c2dbeadd","imperial-college-london","https://www.imperial.ac.uk/study/courses/undergraduate/biological-sciences-msci/?removeCourse=1608196","Biological Sciences MSci | Study | Imperial College London","4c611bd92cc95c965767674fb4be5b428eb8c691aa2434752fda05be582cd6ba","2026-10-07T05:52:27.891Z","studyLevelRaw","Undergraduate"
"programme_e1e6118537f8d0d0","imperial-college-london","https://www.imperial.ac.uk/study/courses/undergraduate/biological-sciences-language/?removeCourse=1256861","Biological Sciences with a Language for Science BSc | Study | Imperial College London","36afd2035d8ac01a45e56be77a004a6154e54524ea79f6c41f63b34a556cf328","2026-10-07T05:52:29.891Z","name","Biological Sciences with a Language for Science BSc"
"programme_e1e6118537f8d0d0","imperial-college-london","https://www.imperial.ac.uk/study/courses/undergraduate/biological-sciences-language/?removeCourse=1256861","Biological Sciences with a Language for Science BSc | Study | Imperial College London","36afd2035d8ac01a45e56be77a004a6154e54524ea79f6c41f63b34a556cf328","2026-10-07T05:52:29.891Z","detailUrl","https://www.imperial.ac.uk/study/courses/undergraduate/biological-sciences-language/?removeCourse=1256861"
"programme_e1e6118537f8d0d0","imperial-college-london","https://www.imperial.ac.uk/study/courses/undergraduate/biological-sciences-language/?removeCourse=1256861","Biological Sciences with a Language for Science BSc | Study | Imperial College London","36afd2035d8ac01a45e56be77a004a6154e54524ea79f6c41f63b34a556cf328","2026-10-07T05:52:29.891Z","studyLevelRaw","Undergraduate"
"programme_722ec26ef0d895fd","imperial-college-london","https://www.imperial.ac.uk/study/courses/undergraduate/biological-sciences-language/?removeCourse=1218461","Biological Sciences with a Language for Science BSc | Study | Imperial College London","36afd2035d8ac01a45e56be77a004a6154e54524ea79f6c41f63b34a556cf328","2026-10-07T05:52:31.897Z","name","Biological Sciences with a Language for Science BSc"
"programme_722ec26ef0d895fd","imperial-college-london","https://www.imperial.ac.uk/study/courses/undergraduate/biological-sciences-language/?removeCourse=1218461","Biological Sciences with a Language for Science BSc | Study | Imperial College London","36afd2035d8ac01a45e56be77a004a6154e54524ea79f6c41f63b34a556cf328","2026-10-07T05:52:31.897Z","detailUrl","https://www.imperial.ac.uk/study/courses/undergraduate/biological-sciences-language/?removeCourse=1218461"
"programme_722ec26ef0d895fd","imperial-college-london","https://www.imperial.ac.uk/study/courses/undergraduate/biological-sciences-language/?removeCourse=1218461","Biological Sciences with a Language for Science BSc | Study | Imperial College London","36afd2035d8ac01a45e56be77a004a6154e54524ea79f6c41f63b34a556cf328","2026-10-07T05:52:31.897Z","studyLevelRaw","Undergraduate"
"programme_88365cb9657f2ebd","imperial-college-london","https://www.imperial.ac.uk/study/courses/undergraduate/biological-sciences-language/?removeCourse=1218468","Biological Sciences with a Language for Science BSc | Study | Imperial College London","36afd2035d8ac01a45e56be77a004a6154e54524ea79f6c41f63b34a556cf328","2026-10-07T05:52:33.903Z","name","Biological Sciences with a Language for Science BSc"
"programme_88365cb9657f2ebd","imperial-college-london","https://www.imperial.ac.uk/study/courses/undergraduate/biological-sciences-language/?removeCourse=1218468","Biological Sciences with a Language for Science BSc | Study | Imperial College London","36afd2035d8ac01a45e56be77a004a6154e54524ea79f6c41f63b34a556cf328","2026-10-07T05:52:33.903Z","detailUrl","https://www.imperial.ac.uk/study/courses/undergraduate/biological-sciences-language/?removeCourse=1218468"
"programme_88365cb9657f2ebd","imperial-college-london","https://www.imperial.ac.uk/study/courses/undergraduate/biological-sciences-language/?removeCourse=1218468","Biological Sciences with a Language for Science BSc | Study | Imperial College London","36afd2035d8ac01a45e56be77a004a6154e54524ea79f6c41f63b34a556cf328","2026-10-07T05:52:33.903Z","studyLevelRaw","Undergraduate"
"programme_78d1ce7e01b0bc0a","imperial-college-london","https://www.imperial.ac.uk/study/courses/undergraduate/biological-sciences-language/?removeCourse=1218476","Biological Sciences with a Language for Science BSc | Study | Imperial College London","36afd2035d8ac01a45e56be77a004a6154e54524ea79f6c41f63b34a556cf328","2026-10-07T05:52:35.916Z","name","Biological Sciences with a Language for Science BSc"
"programme_78d1ce7e01b0bc0a","imperial-college-london","https://www.imperial.ac.uk/study/courses/undergraduate/biological-sciences-language/?removeCourse=1218476","Biological Sciences with a Language for Science BSc | Study | Imperial College London","36afd2035d8ac01a45e56be77a004a6154e54524ea79f6c41f63b34a556cf328","2026-10-07T05:52:35.916Z","detailUrl","https://www.imperial.ac.uk/study/courses/undergraduate/biological-sciences-language/?removeCourse=1218476"
"programme_78d1ce7e01b0bc0a","imperial-college-london","https://www.imperial.ac.uk/study/courses/undergraduate/biological-sciences-language/?removeCourse=1218476","Biological Sciences with a Language for Science BSc | Study | Imperial College London","36afd2035d8ac01a45e56be77a004a6154e54524ea79f6c41f63b34a556cf328","2026-10-07T05:52:35.916Z","studyLevelRaw","Undergraduate"
"programme_b2f447e9e686ac45","imperial-college-london","https://www.imperial.ac.uk/study/courses/undergraduate/biological-sciences-management/?removeCourse=1218407","Biological Sciences with Management BSc | Study | Imperial College London","69269c766d93053f3c6c771cfb3ec4e3c0255db7b2141feeda9f2cd6b63a3a41","2026-10-07T05:52:37.923Z","name","Biological Sciences with Management BSc"
"programme_b2f447e9e686ac45","imperial-college-london","https://www.imperial.ac.uk/study/courses/undergraduate/biological-sciences-management/?removeCourse=1218407","Biological Sciences with Management BSc | Study | Imperial College London","69269c766d93053f3c6c771cfb3ec4e3c0255db7b2141feeda9f2cd6b63a3a41","2026-10-07T05:52:37.923Z","detailUrl","https://www.imperial.ac.uk/study/courses/undergraduate/biological-sciences-management/?removeCourse=1218407"
"programme_b2f447e9e686ac45","imperial-college-london","https://www.imperial.ac.uk/study/courses/undergraduate/biological-sciences-management/?removeCourse=1218407","Biological Sciences with Management BSc | Study | Imperial College London","69269c766d93053f3c6c771cfb3ec4e3c0255db7b2141feeda9f2cd6b63a3a41","2026-10-07T05:52:37.923Z","studyLevelRaw","Undergraduate"
"programme_e59a0c3164a97414","imperial-college-london","https://www.imperial.ac.uk/study/courses/undergraduate/biological-sciences-management/?removeCourse=1218422","Biological Sciences with Management BSc | Study | Imperial College London","69269c766d93053f3c6c771cfb3ec4e3c0255db7b2141feeda9f2cd6b63a3a41","2026-10-07T05:52:39.933Z","name","Biological Sciences with Management BSc"
"programme_e59a0c3164a97414","imperial-college-london","https://www.imperial.ac.uk/study/courses/undergraduate/biological-sciences-management/?removeCourse=1218422","Biological Sciences with Management BSc | Study | Imperial College London","69269c766d93053f3c6c771cfb3ec4e3c0255db7b2141feeda9f2cd6b63a3a41","2026-10-07T05:52:39.933Z","detailUrl","https://www.imperial.ac.uk/study/courses/undergraduate/biological-sciences-management/?removeCourse=1218422"
"programme_e59a0c3164a97414","imperial-college-london","https://www.imperial.ac.uk/study/courses/undergraduate/biological-sciences-management/?removeCourse=1218422","Biological Sciences with Management BSc | Study | Imperial College London","69269c766d93053f3c6c771cfb3ec4e3c0255db7b2141feeda9f2cd6b63a3a41","2026-10-07T05:52:39.933Z","studyLevelRaw","Undergraduate"
"programme_1ac737030021f41a","imperial-college-london","https://www.imperial.ac.uk/study/courses/undergraduate/biomaterials-tissue-engineering-meng/?removeCourse=1215943","Biomaterials and Tissue Engineering MEng | Study | Imperial College London","3a96664003fdd7a4eeb3982cfb48b9c1af2901915417f6acd80a29d1902e6ea1","2026-10-07T05:52:41.943Z","name","Biomaterials and Tissue Engineering MEng"
"programme_1ac737030021f41a","imperial-college-london","https://www.imperial.ac.uk/study/courses/undergraduate/biomaterials-tissue-engineering-meng/?removeCourse=1215943","Biomaterials and Tissue Engineering MEng | Study | Imperial College London","3a96664003fdd7a4eeb3982cfb48b9c1af2901915417f6acd80a29d1902e6ea1","2026-10-07T05:52:41.943Z","detailUrl","https://www.imperial.ac.uk/study/courses/undergraduate/biomaterials-tissue-engineering-meng/?removeCourse=1215943"
"programme_1ac737030021f41a","imperial-college-london","https://www.imperial.ac.uk/study/courses/undergraduate/biomaterials-tissue-engineering-meng/?removeCourse=1215943","Biomaterials and Tissue Engineering MEng | Study | Imperial College London","3a96664003fdd7a4eeb3982cfb48b9c1af2901915417f6acd80a29d1902e6ea1","2026-10-07T05:52:41.943Z","studyLevelRaw","Undergraduate"
"programme_90016d2462057359","imperial-college-london","https://www.imperial.ac.uk/study/courses/undergraduate/biomedical-engineering/?removeCourse=1216471","Biomedical Engineering MEng | Study | Imperial College London","48c31cb8bc4d20e087aa63b9b6c1bacac2409a3601274fb28d38e354ba8dbd63","2026-10-07T05:52:43.959Z","name","Biomedical Engineering MEng"
"programme_90016d2462057359","imperial-college-london","https://www.imperial.ac.uk/study/courses/undergraduate/biomedical-engineering/?removeCourse=1216471","Biomedical Engineering MEng | Study | Imperial College London","48c31cb8bc4d20e087aa63b9b6c1bacac2409a3601274fb28d38e354ba8dbd63","2026-10-07T05:52:43.959Z","detailUrl","https://www.imperial.ac.uk/study/courses/undergraduate/biomedical-engineering/?removeCourse=1216471"
"programme_90016d2462057359","imperial-college-london","https://www.imperial.ac.uk/study/courses/undergraduate/biomedical-engineering/?removeCourse=1216471","Biomedical Engineering MEng | Study | Imperial College London","48c31cb8bc4d20e087aa63b9b6c1bacac2409a3601274fb28d38e354ba8dbd63","2026-10-07T05:52:43.959Z","studyLevelRaw","Undergraduate"
"programme_5cd5167abbc46cc7","imperial-college-london","https://www.imperial.ac.uk/study/courses/undergraduate/biomedical-engineering/?removeCourse=1216473","Biomedical Engineering MEng | Study | Imperial College London","48c31cb8bc4d20e087aa63b9b6c1bacac2409a3601274fb28d38e354ba8dbd63","2026-10-07T05:52:45.964Z","name","Biomedical Engineering MEng"
"programme_5cd5167abbc46cc7","imperial-college-london","https://www.imperial.ac.uk/study/courses/undergraduate/biomedical-engineering/?removeCourse=1216473","Biomedical Engineering MEng | Study | Imperial College London","48c31cb8bc4d20e087aa63b9b6c1bacac2409a3601274fb28d38e354ba8dbd63","2026-10-07T05:52:45.964Z","detailUrl","https://www.imperial.ac.uk/study/courses/undergraduate/biomedical-engineering/?removeCourse=1216473"
"programme_5cd5167abbc46cc7","imperial-college-london","https://www.imperial.ac.uk/study/courses/undergraduate/biomedical-engineering/?removeCourse=1216473","Biomedical Engineering MEng | Study | Imperial College London","48c31cb8bc4d20e087aa63b9b6c1bacac2409a3601274fb28d38e354ba8dbd63","2026-10-07T05:52:45.964Z","studyLevelRaw","Undergraduate"
"programme_cd331e6ae1541902","imperial-college-london","https://www.imperial.ac.uk/study/courses/undergraduate/biomedical-engineering/?removeCourse=1216474","Biomedical Engineering MEng | Study | Imperial College London","48c31cb8bc4d20e087aa63b9b6c1bacac2409a3601274fb28d38e354ba8dbd63","2026-10-07T05:52:47.983Z","name","Biomedical Engineering MEng"
"programme_cd331e6ae1541902","imperial-college-london","https://www.imperial.ac.uk/study/courses/undergraduate/biomedical-engineering/?removeCourse=1216474","Biomedical Engineering MEng | Study | Imperial College London","48c31cb8bc4d20e087aa63b9b6c1bacac2409a3601274fb28d38e354ba8dbd63","2026-10-07T05:52:47.983Z","detailUrl","https://www.imperial.ac.uk/study/courses/undergraduate/biomedical-engineering/?removeCourse=1216474"
"programme_cd331e6ae1541902","imperial-college-london","https://www.imperial.ac.uk/study/courses/undergraduate/biomedical-engineering/?removeCourse=1216474","Biomedical Engineering MEng | Study | Imperial College London","48c31cb8bc4d20e087aa63b9b6c1bacac2409a3601274fb28d38e354ba8dbd63","2026-10-07T05:52:47.983Z","studyLevelRaw","Undergraduate"
"programme_02a91be3b1be9334","kaplan-singapore","https://www.kaplan.com.sg/financial-certification/sca-preparatory-course-for-singapore-ca-qualification","Preparatory Course For Singapore CA Qualification","54308f1bdd53bf9af990e2231f9871956ffba90c7b15b308f54fd452831bc986","2026-10-07T04:30:46.479Z","name","Preparatory Course For Singapore CA Qualification"
"programme_02a91be3b1be9334","kaplan-singapore","https://www.kaplan.com.sg/financial-certification/sca-preparatory-course-for-singapore-ca-qualification","Preparatory Course For Singapore CA Qualification","54308f1bdd53bf9af990e2231f9871956ffba90c7b15b308f54fd452831bc986","2026-10-07T04:30:46.479Z","description","Kaplan offers Preparatory Course For Singapore CA Qualification"
"programme_b83a7fdffd865c16","kaplan-singapore","https://www.kaplan.com.sg/academic-levels/preparatory-courses/certificate-in-english-level-1-elearning","Certificate in English Level 1 (Online) | Kaplan (Singapore)","4315ff30454e8b4f81c13f91a81aa9a475ff92aa7a06c8362751daaaaf82e764","2026-10-07T04:30:52.858Z","name","Certificate in English Level 1 (E-Learning)"
"programme_b83a7fdffd865c16","kaplan-singapore","https://www.kaplan.com.sg/academic-levels/preparatory-courses/certificate-in-english-level-1-elearning","Certificate in English Level 1 (Online) | Kaplan (Singapore)","4315ff30454e8b4f81c13f91a81aa9a475ff92aa7a06c8362751daaaaf82e764","2026-10-07T04:30:52.858Z","description","Study the Certificate in English Level 1 (E-Learning) at Kaplan (Singapore). Build English foundations online at your own pace. Enrol today."
"programme_1316320d2c5bbd85","kaplan-singapore","https://www.kaplan.com.sg/academic-levels/preparatory-courses/certificate-in-english-level-2-elearning","Certificate in English Level 2 (E-Learning)","5f1baee91656f555c80e199c2bf5548420c1a6573510e0b87d32f2ef7783d497","2026-10-07T04:30:54.992Z","name","Certificate in English Level 2 (E-Learning)"
"programme_1316320d2c5bbd85","kaplan-singapore","https://www.kaplan.com.sg/academic-levels/preparatory-courses/certificate-in-english-level-2-elearning","Certificate in English Level 2 (E-Learning)","5f1baee91656f555c80e199c2bf5548420c1a6573510e0b87d32f2ef7783d497","2026-10-07T04:30:54.992Z","description","Kaplan offers Certificate in English Level 2 (E-Learning)"
"programme_9f54ed21624c0209","kaplan-singapore","https://www.kaplan.com.sg/academic-levels/preparatory-courses/certificate-in-english-level-3-elearning","Certificate in English Level 3 (E-Learning)","8303a8ea07cc39c07d1dad26de8d55083e3846742c1ad997bc0ae6b6185152c1","2026-10-07T04:30:57.003Z","name","Certificate in English Level 3 (E-Learning)"
"programme_9f54ed21624c0209","kaplan-singapore","https://www.kaplan.com.sg/academic-levels/preparatory-courses/certificate-in-english-level-3-elearning","Certificate in English Level 3 (E-Learning)","8303a8ea07cc39c07d1dad26de8d55083e3846742c1ad997bc0ae6b6185152c1","2026-10-07T04:30:57.003Z","description","Kaplan offers Certificate in English Level 3 (E-Learning)"
"programme_03254d72ade1b7e1","kaplan-singapore","https://www.kaplan.com.sg/academic-levels/preparatory-courses/certificate-in-english-level-4-elearning","Certificate in English Level 4 (E-Learning)","cd88240264214be96bcc605c424c51eb6580ca8f5bcd89e8aef60b141a86fd76","2026-10-07T04:31:01.533Z","name","Certificate in English Level 4 (E-Learning)"
"programme_03254d72ade1b7e1","kaplan-singapore","https://www.kaplan.com.sg/academic-levels/preparatory-courses/certificate-in-english-level-4-elearning","Certificate in English Level 4 (E-Learning)","cd88240264214be96bcc605c424c51eb6580ca8f5bcd89e8aef60b141a86fd76","2026-10-07T04:31:01.533Z","description","Kaplan offers Certificate in English Level 4 (E-Learning)"
"programme_03dfd79a4006fe1b","kaplan-singapore","https://www.kaplan.com.sg/academic-levels/preparatory-courses/certificate-in-english-level-5-elearning","Certificate in English Level 5 (E-Learning)","1bf03d8aafd13d7b37497eb160f33035c1cbb1e1d3a8f4d31ea1619deefc0c94","2026-10-07T04:31:02.424Z","name","Certificate in English Level 5 (E-Learning)"
"programme_03dfd79a4006fe1b","kaplan-singapore","https://www.kaplan.com.sg/academic-levels/preparatory-courses/certificate-in-english-level-5-elearning","Certificate in English Level 5 (E-Learning)","1bf03d8aafd13d7b37497eb160f33035c1cbb1e1d3a8f4d31ea1619deefc0c94","2026-10-07T04:31:02.424Z","description","Kaplan offers Certificate in English Level 5 (E-Learning)"
"programme_7dbb17390dffa979","kaplan-singapore","https://www.kaplan.com.sg/academic-levels/preparatory-courses/diploma-professional-business-english","Diploma in Professional Business English","d3c1d0d051ddb283d3e3d95bc566854a6dee0bcd167a0ba04111d9b87daff77e","2026-10-07T04:31:04.380Z","name","Diploma in Professional Business English"
"programme_7dbb17390dffa979","kaplan-singapore","https://www.kaplan.com.sg/academic-levels/preparatory-courses/diploma-professional-business-english","Diploma in Professional Business English","d3c1d0d051ddb283d3e3d95bc566854a6dee0bcd167a0ba04111d9b87daff77e","2026-10-07T04:31:04.380Z","description","Kaplan offers Diploma in Professional Business English"
"programme_91202f049678e3ca","kaplan-singapore","https://www.kaplan.com.sg/preparatory-course/igcse-preparatory-course-for-cambridge-international-general-certificate-of-secondary-education-igcse-examination","Preparatory Course for Cambridge International General Certificate of Secondary Education (IGCSE) Examination - Kaplan (Singapore)","fd543096086017349a961c70312987a593e117b3f7a6d02cba648fb47d9fb41a","2026-10-07T04:31:08.770Z","name","Preparatory Course for Cambridge International General Certificate of Secondary Education (IGCSE) Examination"
"programme_91202f049678e3ca","kaplan-singapore","https://www.kaplan.com.sg/preparatory-course/igcse-preparatory-course-for-cambridge-international-general-certificate-of-secondary-education-igcse-examination","Preparatory Course for Cambridge International General Certificate of Secondary Education (IGCSE) Examination - Kaplan (Singapore)","fd543096086017349a961c70312987a593e117b3f7a6d02cba648fb47d9fb41a","2026-10-07T04:31:08.770Z","description","Kaplan offers a preparatory course for IGSCE (Cambridge International General Certificate of Secondary Education). Enrol now to prepare for IGCSE in Singapore!"
"programme_97c0e94f16f647f8","nanyang-technological-university","https://www.ntu.edu.sg/education/undergraduate-programme/bachelor-of-engineering-in-environmental-engineering-with-second-major-in-future-foods","Bachelor of Engineering in Environmental Engineering with Second Major in Future Foods | NTU Singapore","2651d10b57cd35627171f699ebad4135e9468bccdc5dd54dc611c7081a527340","2026-10-07T04:26:49.621Z","name","Bachelor of Engineering in Environmental Engineering with Second Major in Future Foods"
"programme_97c0e94f16f647f8","nanyang-technological-university","https://www.ntu.edu.sg/education/undergraduate-programme/bachelor-of-engineering-in-environmental-engineering-with-second-major-in-future-foods","Bachelor of Engineering in Environmental Engineering with Second Major in Future Foods | NTU Singapore","2651d10b57cd35627171f699ebad4135e9468bccdc5dd54dc611c7081a527340","2026-10-07T04:26:49.621Z","description","At NTU-CEE, you will be equipped to build a brighter, greener, and more sustainable world as an environmental engineer, understand concepts of food sustainability and apply them to real-world situations."
"programme_97c0e94f16f647f8","nanyang-technological-university","https://www.ntu.edu.sg/education/undergraduate-programme/bachelor-of-engineering-in-environmental-engineering-with-second-major-in-future-foods","Bachelor of Engineering in Environmental Engineering with Second Major in Future Foods | NTU Singapore","2651d10b57cd35627171f699ebad4135e9468bccdc5dd54dc611c7081a527340","2026-10-07T04:26:49.621Z","studyLevelRaw","Single Degree with 2nd Major"
"programme_5c9806cd9c8dfe1c","nanyang-technological-university","https://www.ntu.edu.sg/education/undergraduate-programme/bachelor-of-engineering-in-environmental-engineering-with-second-major-in-future-foods","Bachelor of Engineering in Environmental Engineering with Second Major in Future Foods | NTU Singapore","2651d10b57cd35627171f699ebad4135e9468bccdc5dd54dc611c7081a527340","2026-10-07T04:26:49.621Z","name","Bachelor of Engineering in Environmental Engineering with Second Major in Future Foods"
"programme_5c9806cd9c8dfe1c","nanyang-technological-university","https://www.ntu.edu.sg/education/undergraduate-programme/bachelor-of-engineering-in-environmental-engineering-with-second-major-in-future-foods","Bachelor of Engineering in Environmental Engineering with Second Major in Future Foods | NTU Singapore","2651d10b57cd35627171f699ebad4135e9468bccdc5dd54dc611c7081a527340","2026-10-07T04:26:49.621Z","description","The programme equips Environmental Engineering students with understanding concepts of food sustainability and apply them to real-world situations."
"programme_4bf809e3cb116bb4","nanyang-technological-university","https://www.ntu.edu.sg/education/undergraduate-programme/bachelor-of-engineering-in-information-engineering-and-media-(iem)-with-second-major-in-sustainability","Bachelor of Engineering in Information Engineering and Media (IEM) with Second Major in Sustainability | NTU Singapore","fddee57032829d1df0bcaae708ef9b6aa56e21a6aaf20a45e78293b460cbe06d","2026-10-07T04:26:51.730Z","name","Bachelor of Engineering in Information Engineering and Media (IEM) with Second Major in Sustainability"
"programme_4bf809e3cb116bb4","nanyang-technological-university","https://www.ntu.edu.sg/education/undergraduate-programme/bachelor-of-engineering-in-information-engineering-and-media-(iem)-with-second-major-in-sustainability","Bachelor of Engineering in Information Engineering and Media (IEM) with Second Major in Sustainability | NTU Singapore","fddee57032829d1df0bcaae708ef9b6aa56e21a6aaf20a45e78293b460cbe06d","2026-10-07T04:26:51.730Z","description","The Bachelor of Engineering programme is a professional degree programme with a broad-based and flexible curriculum that integrates theory with industrial practice."
"programme_4bf809e3cb116bb4","nanyang-technological-university","https://www.ntu.edu.sg/education/undergraduate-programme/bachelor-of-engineering-in-information-engineering-and-media-(iem)-with-second-major-in-sustainability","Bachelor of Engineering in Information Engineering and Media (IEM) with Second Major in Sustainability | NTU Singapore","fddee57032829d1df0bcaae708ef9b6aa56e21a6aaf20a45e78293b460cbe06d","2026-10-07T04:26:51.730Z","studyLevelRaw","Single Degree with 2nd Major"
"programme_30b9c80d71a6bceb","nanyang-technological-university","https://www.ntu.edu.sg/education/undergraduate-programme/bachelor-of-engineering-in-information-engineering-and-media-(iem)-with-second-major-in-sustainability","Bachelor of Engineering in Information Engineering and Media (IEM) with Second Major in Sustainability | NTU Singapore","fddee57032829d1df0bcaae708ef9b6aa56e21a6aaf20a45e78293b460cbe06d","2026-10-07T04:26:51.730Z","name","Bachelor of Engineering in Information Engineering and Media (IEM) with Second Major in Sustainability"
"programme_30b9c80d71a6bceb","nanyang-technological-university","https://www.ntu.edu.sg/education/undergraduate-programme/bachelor-of-engineering-in-information-engineering-and-media-(iem)-with-second-major-in-sustainability","Bachelor of Engineering in Information Engineering and Media (IEM) with Second Major in Sustainability | NTU Singapore","fddee57032829d1df0bcaae708ef9b6aa56e21a6aaf20a45e78293b460cbe06d","2026-10-07T04:26:51.730Z","description","This is a professional degree programme with a broad-based and flexible curriculum that integrates theory with industrial practice."
"programme_e7dfa4b5584ad251","nanyang-technological-university","https://www.ntu.edu.sg/education/undergraduate-programme/bachelor-of-engineering-in-electrical---electronic-engineering-with-second-major-in-sustainability","Bachelor of Engineering in Electrical & Electronic Engineering with Second Major in Sustainability | NTU Singapore","ffdf9b8ec1eba7e8965bbaa823b0ceb382f65bca954510e257969e3c4a83f480","2026-10-07T04:26:53.696Z","name","Bachelor of Engineering in Electrical & Electronic Engineering with Second Major in Sustainability"
"programme_e7dfa4b5584ad251","nanyang-technological-university","https://www.ntu.edu.sg/education/undergraduate-programme/bachelor-of-engineering-in-electrical---electronic-engineering-with-second-major-in-sustainability","Bachelor of Engineering in Electrical & Electronic Engineering with Second Major in Sustainability | NTU Singapore","ffdf9b8ec1eba7e8965bbaa823b0ceb382f65bca954510e257969e3c4a83f480","2026-10-07T04:26:53.696Z","description","The Bachelor of Engineering programme is a professional degree programme with a broad-based and flexible curriculum that integrates theory with industrial practice. #1 in Asia and #4 in the world for Electrical & Electronic Engineering, according to the 2025 QS World University Rankings by Subject."
"programme_e7dfa4b5584ad251","nanyang-technological-university","https://www.ntu.edu.sg/education/undergraduate-programme/bachelor-of-engineering-in-electrical---electronic-engineering-with-second-major-in-sustainability","Bachelor of Engineering in Electrical & Electronic Engineering with Second Major in Sustainability | NTU Singapore","ffdf9b8ec1eba7e8965bbaa823b0ceb382f65bca954510e257969e3c4a83f480","2026-10-07T04:26:53.696Z","studyLevelRaw","Single Degree with 2nd Major"
"programme_901bf65cd04b9132","nanyang-technological-university","https://www.ntu.edu.sg/education/undergraduate-programme/bachelor-of-engineering-in-electrical---electronic-engineering-with-second-major-in-sustainability","Bachelor of Engineering in Electrical & Electronic Engineering with Second Major in Sustainability | NTU Singapore","ffdf9b8ec1eba7e8965bbaa823b0ceb382f65bca954510e257969e3c4a83f480","2026-10-07T04:26:53.696Z","name","Bachelor of Engineering in Electrical & Electronic Engineering with Second Major in Sustainability"
"programme_901bf65cd04b9132","nanyang-technological-university","https://www.ntu.edu.sg/education/undergraduate-programme/bachelor-of-engineering-in-electrical---electronic-engineering-with-second-major-in-sustainability","Bachelor of Engineering in Electrical & Electronic Engineering with Second Major in Sustainability | NTU Singapore","ffdf9b8ec1eba7e8965bbaa823b0ceb382f65bca954510e257969e3c4a83f480","2026-10-07T04:26:53.696Z","description","The Bachelor of Engineering programme is a professional degree programme with a broad-based and flexible curriculum that integrates theory with industrial practice."
"programme_0fb7d8f65c79876e","nanyang-technological-university","https://www.ntu.edu.sg/education/undergraduate-programme/bachelor-of-engineering-in-robotics-with-a-second-major-in-society-urban-systems","Bachelor of Engineering in Robotics with a Second Major in Society & Urban Systems | NTU Singapore","5db1272c0b7946c49bbd23f0c79c555c5832ba288f4f4eba3e8f3ab8fd86efd1","2026-10-07T04:26:55.900Z","name","Bachelor of Engineering in Robotics with a Second Major in Society & Urban Systems"
"programme_0fb7d8f65c79876e","nanyang-technological-university","https://www.ntu.edu.sg/education/undergraduate-programme/bachelor-of-engineering-in-robotics-with-a-second-major-in-society-urban-systems","Bachelor of Engineering in Robotics with a Second Major in Society & Urban Systems | NTU Singapore","5db1272c0b7946c49bbd23f0c79c555c5832ba288f4f4eba3e8f3ab8fd86efd1","2026-10-07T04:26:55.900Z","description","The Bachelor of Engineering in Robotics with a Second Major in Society and Urban Systems equips students with a strong foundation in robotics design, control, and automation, while also developing interdisciplinary knowledge on how technology interacts with social structures and urban environments. Graduates will be able to design innovative robotic solutions that address real-world challenges in cities and communities, bridging engineering expertise with societal and urban development insights. #1 in Asia and #4 in the world for Mechanical, Aeronautical & Manufacturing, according to the 2025 QS World University Rankings by Subject."
"programme_0fb7d8f65c79876e","nanyang-technological-university","https://www.ntu.edu.sg/education/undergraduate-programme/bachelor-of-engineering-in-robotics-with-a-second-major-in-society-urban-systems","Bachelor of Engineering in Robotics with a Second Major in Society & Urban Systems | NTU Singapore","5db1272c0b7946c49bbd23f0c79c555c5832ba288f4f4eba3e8f3ab8fd86efd1","2026-10-07T04:26:55.900Z","studyLevelRaw","Single Degree with 2nd Major"
"programme_dc96c21c9080c5c5","nanyang-technological-university","https://www.ntu.edu.sg/education/undergraduate-programme/bachelor-of-engineering-in-robotics-with-a-second-major-in-society-urban-systems","Bachelor of Engineering in Robotics with a Second Major in Society & Urban Systems | NTU Singapore","5db1272c0b7946c49bbd23f0c79c555c5832ba288f4f4eba3e8f3ab8fd86efd1","2026-10-07T04:26:55.900Z","name","Bachelor of Engineering in Robotics with a Second Major in Society & Urban Systems"
"programme_dc96c21c9080c5c5","nanyang-technological-university","https://www.ntu.edu.sg/education/undergraduate-programme/bachelor-of-engineering-in-robotics-with-a-second-major-in-society-urban-systems","Bachelor of Engineering in Robotics with a Second Major in Society & Urban Systems | NTU Singapore","5db1272c0b7946c49bbd23f0c79c555c5832ba288f4f4eba3e8f3ab8fd86efd1","2026-10-07T04:26:55.900Z","description","The Bachelor of Engineering in Robotics (B.Eng. in Robotics) at Nanyang Technological University (NTU) is a cutting-edge programme designed to equip students with essential robotics fundamentals and advanced skills."
"programme_5a82e1cfad8e553d","nanyang-technological-university","https://www.ntu.edu.sg/education/undergraduate-programme/bachelor-of-engineering-science-with-double-majors-in-process-engineering-and-synthetic-chemistry","Bachelor of Engineering Science with Double Major in Process Engineering and Synthetic Chemistry | NTU Singapore","a4cebd46527e90f74d25185cf698a78d703eb4e27be7fd4200b9671232c3fe74","2026-10-07T04:26:57.321Z","name","Bachelor of Engineering Science with Double Major in Process Engineering and Synthetic Chemistry"
"programme_5a82e1cfad8e553d","nanyang-technological-university","https://www.ntu.edu.sg/education/undergraduate-programme/bachelor-of-engineering-science-with-double-majors-in-process-engineering-and-synthetic-chemistry","Bachelor of Engineering Science with Double Major in Process Engineering and Synthetic Chemistry | NTU Singapore","a4cebd46527e90f74d25185cf698a78d703eb4e27be7fd4200b9671232c3fe74","2026-10-07T04:26:57.321Z","description","Combine the strengths of synthetic chemistry and process engineering in Singapore’s first programme of its kind. Spanning molecular to industrial-scale processes, this interdisciplinary degree equips students to innovate in pharmaceuticals, energy, materials and advanced manufacturing while developing expertise in sustainability, research and engineering design."
"programme_5a82e1cfad8e553d","nanyang-technological-university","https://www.ntu.edu.sg/education/undergraduate-programme/bachelor-of-engineering-science-with-double-majors-in-process-engineering-and-synthetic-chemistry","Bachelor of Engineering Science with Double Major in Process Engineering and Synthetic Chemistry | NTU Singapore","a4cebd46527e90f74d25185cf698a78d703eb4e27be7fd4200b9671232c3fe74","2026-10-07T04:26:57.321Z","studyLevelRaw","Double major"
"programme_ecea106c333320a7","nanyang-technological-university","https://www.ntu.edu.sg/education/undergraduate-programme/bachelor-of-engineering-science-with-double-majors-in-process-engineering-and-synthetic-chemistry","Bachelor of Engineering Science with Double Major in Process Engineering and Synthetic Chemistry | NTU Singapore","a4cebd46527e90f74d25185cf698a78d703eb4e27be7fd4200b9671232c3fe74","2026-10-07T04:26:57.321Z","name","Bachelor of Engineering Science with Double Major in Process Engineering and Synthetic Chemistry"
"programme_ecea106c333320a7","nanyang-technological-university","https://www.ntu.edu.sg/education/undergraduate-programme/bachelor-of-engineering-science-with-double-majors-in-process-engineering-and-synthetic-chemistry","Bachelor of Engineering Science with Double Major in Process Engineering and Synthetic Chemistry | NTU Singapore","a4cebd46527e90f74d25185cf698a78d703eb4e27be7fd4200b9671232c3fe74","2026-10-07T04:26:57.321Z","description","This programme merges Synthetic Chemistry and Process Engineering, offering a comprehensive grasp of chemical processes from molecular to industrial scales to address complex challenges and foster innovation in various manufacturing sectors."
"programme_35ae9f19699a0bc5","nanyang-technological-university","https://www.ntu.edu.sg/education/undergraduate-programme/bachelor-of-engineering-in-environmental-engineering-with-a-second-major-in-sustainability","Bachelor of Engineering in Environmental Engineering with Second Major in Sustainability | NTU Singapore","481fac59938d55815c194dae2ac710473a9556c6891fb9aab0f8422d1376f1ac","2026-10-07T04:26:59.735Z","name","Bachelor of Engineering in Environmental Engineering with Second Major in Sustainability"
"programme_35ae9f19699a0bc5","nanyang-technological-university","https://www.ntu.edu.sg/education/undergraduate-programme/bachelor-of-engineering-in-environmental-engineering-with-a-second-major-in-sustainability","Bachelor of Engineering in Environmental Engineering with Second Major in Sustainability | NTU Singapore","481fac59938d55815c194dae2ac710473a9556c6891fb9aab0f8422d1376f1ac","2026-10-07T04:26:59.735Z","description","At NTU-CEE, you will be equipped with the knowledge and skills to advance sustainable practices in environmental engineering, ensuring healthier environments and contributing to a more liveable world for present and future generations."
"programme_35ae9f19699a0bc5","nanyang-technological-university","https://www.ntu.edu.sg/education/undergraduate-programme/bachelor-of-engineering-in-environmental-engineering-with-a-second-major-in-sustainability","Bachelor of Engineering in Environmental Engineering with Second Major in Sustainability | NTU Singapore","481fac59938d55815c194dae2ac710473a9556c6891fb9aab0f8422d1376f1ac","2026-10-07T04:26:59.735Z","studyLevelRaw","Single Degree with 2nd Major"
"programme_ef900635fe5b0cd8","nanyang-technological-university","https://www.ntu.edu.sg/education/undergraduate-programme/bachelor-of-engineering-in-environmental-engineering-with-a-second-major-in-sustainability","Bachelor of Engineering in Environmental Engineering with Second Major in Sustainability | NTU Singapore","481fac59938d55815c194dae2ac710473a9556c6891fb9aab0f8422d1376f1ac","2026-10-07T04:26:59.735Z","name","Bachelor of Engineering in Environmental Engineering with Second Major in Sustainability"
"programme_ef900635fe5b0cd8","nanyang-technological-university","https://www.ntu.edu.sg/education/undergraduate-programme/bachelor-of-engineering-in-environmental-engineering-with-a-second-major-in-sustainability","Bachelor of Engineering in Environmental Engineering with Second Major in Sustainability | NTU Singapore","481fac59938d55815c194dae2ac710473a9556c6891fb9aab0f8422d1376f1ac","2026-10-07T04:26:59.735Z","description","At NTU-CEE, you will be equipped with the knowledge and skills to advance sustainable practices in environmental engineering, ensuring healthier environments and contributing to a more liveable world for present and future generations."
"programme_ba1fde2664493782","nanyang-technological-university","https://www.ntu.edu.sg/education/undergraduate-programme/bachelor-of-engineering-in-civil-engineering-with-second-major-in-sustainability","Bachelor of Engineering in Civil Engineering with Second Major in Sustainability | NTU Singapore","bced1e66b530f499af690df55bcf211aaf006290acbff1dd2997c48e0fb7d615","2026-10-07T04:27:01.708Z","name","Bachelor of Engineering in Civil Engineering with Second Major in Sustainability"
"programme_ba1fde2664493782","nanyang-technological-university","https://www.ntu.edu.sg/education/undergraduate-programme/bachelor-of-engineering-in-civil-engineering-with-second-major-in-sustainability","Bachelor of Engineering in Civil Engineering with Second Major in Sustainability | NTU Singapore","bced1e66b530f499af690df55bcf211aaf006290acbff1dd2997c48e0fb7d615","2026-10-07T04:27:01.708Z","description","At NTU-CEE, you will be equipped with the knowledge and skills to advance sustainable practices in civil engineering, ensuring healthier environments and contributing to a more liveable world for present and future generations. We are #3 in Asia and #9 in the world for Civil & Structural Engineering, according to the 2025 QS World University Rankings by Subject."
"programme_ba1fde2664493782","nanyang-technological-university","https://www.ntu.edu.sg/education/undergraduate-programme/bachelor-of-engineering-in-civil-engineering-with-second-major-in-sustainability","Bachelor of Engineering in Civil Engineering with Second Major in Sustainability | NTU Singapore","bced1e66b530f499af690df55bcf211aaf006290acbff1dd2997c48e0fb7d615","2026-10-07T04:27:01.708Z","studyLevelRaw","Single Degree with 2nd Major"
"programme_c269310eb1def74d","nanyang-technological-university","https://www.ntu.edu.sg/education/undergraduate-programme/bachelor-of-engineering-in-civil-engineering-with-second-major-in-sustainability","Bachelor of Engineering in Civil Engineering with Second Major in Sustainability | NTU Singapore","bced1e66b530f499af690df55bcf211aaf006290acbff1dd2997c48e0fb7d615","2026-10-07T04:27:01.708Z","name","Bachelor of Engineering in Civil Engineering with Second Major in Sustainability"
"programme_c269310eb1def74d","nanyang-technological-university","https://www.ntu.edu.sg/education/undergraduate-programme/bachelor-of-engineering-in-civil-engineering-with-second-major-in-sustainability","Bachelor of Engineering in Civil Engineering with Second Major in Sustainability | NTU Singapore","bced1e66b530f499af690df55bcf211aaf006290acbff1dd2997c48e0fb7d615","2026-10-07T04:27:01.708Z","description","Today’s Civil Engineers contribute to the liveability and sustainability of our environment."
"programme_4200b2824bdc5153","nanyang-technological-university","https://www.ntu.edu.sg/education/undergraduate-programme/bachelor-of-science-in-chemistry-and-biological-chemistry-with-second-major-in-sustainability","Bachelor of Science in Chemistry and Biological Chemistry with Second Major in Sustainability | NTU Singapore","1bf374c5ce1f90c3c1fb4890aad4417d36fb25a7ba18e09348954512144ce3ac","2026-10-07T04:27:03.812Z","name","Bachelor of Science in Chemistry and Biological Chemistry with Second Major in Sustainability"
"programme_4200b2824bdc5153","nanyang-technological-university","https://www.ntu.edu.sg/education/undergraduate-programme/bachelor-of-science-in-chemistry-and-biological-chemistry-with-second-major-in-sustainability","Bachelor of Science in Chemistry and Biological Chemistry with Second Major in Sustainability | NTU Singapore","1bf374c5ce1f90c3c1fb4890aad4417d36fb25a7ba18e09348954512144ce3ac","2026-10-07T04:27:03.812Z","description","Develop a strong foundation in chemistry and biological chemistry while gaining the interdisciplinary knowledge needed to address sustainability challenges. This programme explores the connections between science, society and the environment, equipping you to create innovative solutions for a more sustainable and resilient future."
"programme_4200b2824bdc5153","nanyang-technological-university","https://www.ntu.edu.sg/education/undergraduate-programme/bachelor-of-science-in-chemistry-and-biological-chemistry-with-second-major-in-sustainability","Bachelor of Science in Chemistry and Biological Chemistry with Second Major in Sustainability | NTU Singapore","1bf374c5ce1f90c3c1fb4890aad4417d36fb25a7ba18e09348954512144ce3ac","2026-10-07T04:27:03.812Z","studyLevelRaw","Single Degree with 2nd Major"
"programme_c11965380c4322e5","nanyang-technological-university","https://www.ntu.edu.sg/education/undergraduate-programme/bachelor-of-science-in-chemistry-and-biological-chemistry-with-second-major-in-sustainability","Bachelor of Science in Chemistry and Biological Chemistry with Second Major in Sustainability | NTU Singapore","1bf374c5ce1f90c3c1fb4890aad4417d36fb25a7ba18e09348954512144ce3ac","2026-10-07T04:27:03.812Z","name","Bachelor of Science in Chemistry and Biological Chemistry with Second Major in Sustainability"
"programme_c11965380c4322e5","nanyang-technological-university","https://www.ntu.edu.sg/education/undergraduate-programme/bachelor-of-science-in-chemistry-and-biological-chemistry-with-second-major-in-sustainability","Bachelor of Science in Chemistry and Biological Chemistry with Second Major in Sustainability | NTU Singapore","1bf374c5ce1f90c3c1fb4890aad4417d36fb25a7ba18e09348954512144ce3ac","2026-10-07T04:27:03.812Z","description","An interdisciplinary programme designed to train chemistry majors in soft skills and knowledge in sustainability."
"programme_e0682dda3a994174","nanyang-technological-university","https://www.ntu.edu.sg/education/undergraduate-programme/bachelor-of-engineering-in-mechanical-engineering-with-a-second-major-in-society-urban-systems","Bachelor of Engineering in Mechanical Engineering with a Second Major in Society & Urban Systems | NTU Singapore","f095bc97593a8ba1a75068c9ada1c58556bf987ba0ab6fbbbc09677f29e4126c","2026-10-07T04:27:05.359Z","name","Bachelor of Engineering in Mechanical Engineering with a Second Major in Society & Urban Systems"
"programme_e0682dda3a994174","nanyang-technological-university","https://www.ntu.edu.sg/education/undergraduate-programme/bachelor-of-engineering-in-mechanical-engineering-with-a-second-major-in-society-urban-systems","Bachelor of Engineering in Mechanical Engineering with a Second Major in Society & Urban Systems | NTU Singapore","f095bc97593a8ba1a75068c9ada1c58556bf987ba0ab6fbbbc09677f29e4126c","2026-10-07T04:27:05.359Z","description","The Bachelor of Engineering in Mechanical Engineering with a Second Major in Society & Urban Systems integrates strong engineering fundamentals with interdisciplinary knowledge of urban development and societal systems. The programme equips students with a solid foundation in mechanical engineering principles such as mechanics, thermodynamics, materials, and manufacturing, while also providing insights into how engineering solutions interact with cities, infrastructure, and communities. #1 in Asia and #4 in the world for Mechanical, Aeronautical & Manufacturing, according to the 2025 QS World University Rankings by Subject."
"programme_e0682dda3a994174","nanyang-technological-university","https://www.ntu.edu.sg/education/undergraduate-programme/bachelor-of-engineering-in-mechanical-engineering-with-a-second-major-in-society-urban-systems","Bachelor of Engineering in Mechanical Engineering with a Second Major in Society & Urban Systems | NTU Singapore","f095bc97593a8ba1a75068c9ada1c58556bf987ba0ab6fbbbc09677f29e4126c","2026-10-07T04:27:05.359Z","studyLevelRaw","Single Degree with 2nd Major"
"programme_8b4ea93511054490","nanyang-technological-university","https://www.ntu.edu.sg/education/undergraduate-programme/bachelor-of-engineering-in-mechanical-engineering-with-a-second-major-in-society-urban-systems","Bachelor of Engineering in Mechanical Engineering with a Second Major in Society & Urban Systems | NTU Singapore","f095bc97593a8ba1a75068c9ada1c58556bf987ba0ab6fbbbc09677f29e4126c","2026-10-07T04:27:05.359Z","name","Bachelor of Engineering in Mechanical Engineering with a Second Major in Society & Urban Systems"
"programme_8b4ea93511054490","nanyang-technological-university","https://www.ntu.edu.sg/education/undergraduate-programme/bachelor-of-engineering-in-mechanical-engineering-with-a-second-major-in-society-urban-systems","Bachelor of Engineering in Mechanical Engineering with a Second Major in Society & Urban Systems | NTU Singapore","f095bc97593a8ba1a75068c9ada1c58556bf987ba0ab6fbbbc09677f29e4126c","2026-10-07T04:27:05.359Z","description","The Bachelor of Engineering in Mechanical Engineering with a Second Major in Society & Urban Systems integrates strong engineering fundamentals with interdisciplinary knowledge of urban development and societal systems."
"programme_716457c50e54fc46","nanyang-technological-university","https://www.ntu.edu.sg/education/undergraduate-programme/bachelor-of-engineering-(environmental-engineering)-with-second-major-in-data-analytics","Bachelor of Engineering in Environmental Engineering with Second Major in Data Analytics | NTU Singapore","d74ecc8e1e5d73780c9e3bb754f3249aaa679b1e91985d359dfff5466f35d603","2026-10-07T04:27:07.659Z","name","Bachelor of Engineering in Environmental Engineering with Second Major in Data Analytics"
"programme_716457c50e54fc46","nanyang-technological-university","https://www.ntu.edu.sg/education/undergraduate-programme/bachelor-of-engineering-(environmental-engineering)-with-second-major-in-data-analytics","Bachelor of Engineering in Environmental Engineering with Second Major in Data Analytics | NTU Singapore","d74ecc8e1e5d73780c9e3bb754f3249aaa679b1e91985d359dfff5466f35d603","2026-10-07T04:27:07.659Z","description","At NTU-CEE, you will be equipped to build a brighter, greener, and more sustainable world as an environmental engineer, develop additional skills to apply data analytics in real-world projects and decision-making."
"programme_716457c50e54fc46","nanyang-technological-university","https://www.ntu.edu.sg/education/undergraduate-programme/bachelor-of-engineering-(environmental-engineering)-with-second-major-in-data-analytics","Bachelor of Engineering in Environmental Engineering with Second Major in Data Analytics | NTU Singapore","d74ecc8e1e5d73780c9e3bb754f3249aaa679b1e91985d359dfff5466f35d603","2026-10-07T04:27:07.659Z","studyLevelRaw","Single Degree with 2nd Major"
"programme_6d6bcb4e30262fec","nanyang-technological-university","https://www.ntu.edu.sg/education/undergraduate-programme/bachelor-of-engineering-(environmental-engineering)-with-second-major-in-data-analytics","Bachelor of Engineering in Environmental Engineering with Second Major in Data Analytics | NTU Singapore","d74ecc8e1e5d73780c9e3bb754f3249aaa679b1e91985d359dfff5466f35d603","2026-10-07T04:27:07.659Z","name","Bachelor of Engineering in Environmental Engineering with Second Major in Data Analytics"
"programme_6d6bcb4e30262fec","nanyang-technological-university","https://www.ntu.edu.sg/education/undergraduate-programme/bachelor-of-engineering-(environmental-engineering)-with-second-major-in-data-analytics","Bachelor of Engineering in Environmental Engineering with Second Major in Data Analytics | NTU Singapore","d74ecc8e1e5d73780c9e3bb754f3249aaa679b1e91985d359dfff5466f35d603","2026-10-07T04:27:07.659Z","description","The programme equips Environmental Engineering students with technical competency to integrate applications with data analytics."
"programme_27ce3a12625da0b4","nanyang-technological-university","https://www.ntu.edu.sg/education/undergraduate-programme/bachelor-of-engineering-in-environmental-engineering-with-a-second-major-in-entrepreneurship","Bachelor of Engineering in Environmental Engineering with Second Major in Entrepreneurship | NTU Singapore","3bfa944e6ae47bf8a2d6be5ae3fd11d99473811913bee7a67b7a3b5e9b37e2b9","2026-10-07T04:27:09.720Z","name","Bachelor of Engineering in Environmental Engineering with Second Major in Entrepreneurship"
"programme_27ce3a12625da0b4","nanyang-technological-university","https://www.ntu.edu.sg/education/undergraduate-programme/bachelor-of-engineering-in-environmental-engineering-with-a-second-major-in-entrepreneurship","Bachelor of Engineering in Environmental Engineering with Second Major in Entrepreneurship | NTU Singapore","3bfa944e6ae47bf8a2d6be5ae3fd11d99473811913bee7a67b7a3b5e9b37e2b9","2026-10-07T04:27:09.720Z","description","At NTU-CEE, you will be equipped to build a brighter, greener, and more sustainable world as an environmental engineer and become an innovation-driven entrepreneur who can contribute to Singapore's Smart Nation goals."
"programme_27ce3a12625da0b4","nanyang-technological-university","https://www.ntu.edu.sg/education/undergraduate-programme/bachelor-of-engineering-in-environmental-engineering-with-a-second-major-in-entrepreneurship","Bachelor of Engineering in Environmental Engineering with Second Major in Entrepreneurship | NTU Singapore","3bfa944e6ae47bf8a2d6be5ae3fd11d99473811913bee7a67b7a3b5e9b37e2b9","2026-10-07T04:27:09.720Z","studyLevelRaw","Single Degree with 2nd Major"
"programme_b44d96aca72d2e37","nanyang-technological-university","https://www.ntu.edu.sg/education/undergraduate-programme/bachelor-of-engineering-in-environmental-engineering-with-a-second-major-in-entrepreneurship","Bachelor of Engineering in Environmental Engineering with Second Major in Entrepreneurship | NTU Singapore","3bfa944e6ae47bf8a2d6be5ae3fd11d99473811913bee7a67b7a3b5e9b37e2b9","2026-10-07T04:27:09.720Z","name","Bachelor of Engineering in Environmental Engineering with Second Major in Entrepreneurship"
"programme_b44d96aca72d2e37","nanyang-technological-university","https://www.ntu.edu.sg/education/undergraduate-programme/bachelor-of-engineering-in-environmental-engineering-with-a-second-major-in-entrepreneurship","Bachelor of Engineering in Environmental Engineering with Second Major in Entrepreneurship | NTU Singapore","3bfa944e6ae47bf8a2d6be5ae3fd11d99473811913bee7a67b7a3b5e9b37e2b9","2026-10-07T04:27:09.720Z","description","The programme provides Environmental Engineering students with entrepreneurship competency and broaden their understanding in enterprise and innovation."
"programme_37cffaa959ac4a73","nanyang-technological-university","https://www.ntu.edu.sg/education/undergraduate-programme/bachelor-of-engineering-in-electrical-electronic-engineering-with-second-major-in-society-and-urban-systems","Bachelor of Engineering in Electrical & Electronic Engineering with Second Major in Society and Urban Systems | NTU Singapore","569b88877de3833728f4ffa2c2eebfabd4ee66a0958030c54ba92cb6e065ff64","2026-10-07T04:27:11.690Z","name","Bachelor of Engineering in Electrical & Electronic Engineering with Second Major in Society and Urban Systems"
"programme_37cffaa959ac4a73","nanyang-technological-university","https://www.ntu.edu.sg/education/undergraduate-programme/bachelor-of-engineering-in-electrical-electronic-engineering-with-second-major-in-society-and-urban-systems","Bachelor of Engineering in Electrical & Electronic Engineering with Second Major in Society and Urban Systems | NTU Singapore","569b88877de3833728f4ffa2c2eebfabd4ee66a0958030c54ba92cb6e065ff64","2026-10-07T04:27:11.690Z","description","The Bachelor of Engineering programme is a professional degree programme with a broad-based and flexible curriculum that integrates theory with industrial practice. #1 in Asia and #4 in the world for Electrical & Electronic Engineering, according to the 2025 QS World University Rankings by Subject."
"programme_37cffaa959ac4a73","nanyang-technological-university","https://www.ntu.edu.sg/education/undergraduate-programme/bachelor-of-engineering-in-electrical-electronic-engineering-with-second-major-in-society-and-urban-systems","Bachelor of Engineering in Electrical & Electronic Engineering with Second Major in Society and Urban Systems | NTU Singapore","569b88877de3833728f4ffa2c2eebfabd4ee66a0958030c54ba92cb6e065ff64","2026-10-07T04:27:11.690Z","studyLevelRaw","Single Degree with 2nd Major"
"programme_c9137dcdadb7dc58","nanyang-technological-university","https://www.ntu.edu.sg/education/undergraduate-programme/bachelor-of-engineering-in-electrical-electronic-engineering-with-second-major-in-society-and-urban-systems","Bachelor of Engineering in Electrical & Electronic Engineering with Second Major in Society and Urban Systems | NTU Singapore","569b88877de3833728f4ffa2c2eebfabd4ee66a0958030c54ba92cb6e065ff64","2026-10-07T04:27:11.690Z","name","Bachelor of Engineering in Electrical & Electronic Engineering with Second Major in Society and Urban Systems"
"programme_c9137dcdadb7dc58","nanyang-technological-university","https://www.ntu.edu.sg/education/undergraduate-programme/bachelor-of-engineering-in-electrical-electronic-engineering-with-second-major-in-society-and-urban-systems","Bachelor of Engineering in Electrical & Electronic Engineering with Second Major in Society and Urban Systems | NTU Singapore","569b88877de3833728f4ffa2c2eebfabd4ee66a0958030c54ba92cb6e065ff64","2026-10-07T04:27:11.690Z","description","The Bachelor of Engineering programme is a professional degree programme with a broad-based and flexible curriculum that integrates theory with industrial practice"
"programme_b1f297ffb3d8ea08","nanyang-technological-university","https://www.ntu.edu.sg/education/undergraduate-programme/double-degree-in-environmental-engineering-and-economics","Double Degree in Bachelor of Engineering in Environmental Engineering and Bachelor of Social Science in Economics | NTU Singapore","4d88927932b9d58ee3783f40fbc127340885c2a8f44aef2776c3d08b26f9a89a","2026-10-07T04:27:13.740Z","name","Double Degree in Bachelor of Engineering in Environmental Engineering and Bachelor of Social Science in Economics"
"programme_b1f297ffb3d8ea08","nanyang-technological-university","https://www.ntu.edu.sg/education/undergraduate-programme/double-degree-in-environmental-engineering-and-economics","Double Degree in Bachelor of Engineering in Environmental Engineering and Bachelor of Social Science in Economics | NTU Singapore","4d88927932b9d58ee3783f40fbc127340885c2a8f44aef2776c3d08b26f9a89a","2026-10-07T04:27:13.740Z","description","At NTU-CEE, you will gain an advanced understanding of the synergy between engineering and economics, enabling you to drive innovation and contribute to national growth across diverse career pathways in both the public and private sectors."
"programme_b1f297ffb3d8ea08","nanyang-technological-university","https://www.ntu.edu.sg/education/undergraduate-programme/double-degree-in-environmental-engineering-and-economics","Double Degree in Bachelor of Engineering in Environmental Engineering and Bachelor of Social Science in Economics | NTU Singapore","4d88927932b9d58ee3783f40fbc127340885c2a8f44aef2776c3d08b26f9a89a","2026-10-07T04:27:13.740Z","studyLevelRaw","Dual/Double Degree"
"programme_652a64d0af4f1da9","nanyang-technological-university","https://www.ntu.edu.sg/education/undergraduate-programme/double-degree-in-environmental-engineering-and-economics","Double Degree in Bachelor of Engineering in Environmental Engineering and Bachelor of Social Science in Economics | NTU Singapore","4d88927932b9d58ee3783f40fbc127340885c2a8f44aef2776c3d08b26f9a89a","2026-10-07T04:27:13.740Z","name","Double Degree in Bachelor of Engineering in Environmental Engineering and Bachelor of Social Science in Economics"
"programme_652a64d0af4f1da9","nanyang-technological-university","https://www.ntu.edu.sg/education/undergraduate-programme/double-degree-in-environmental-engineering-and-economics","Double Degree in Bachelor of Engineering in Environmental Engineering and Bachelor of Social Science in Economics | NTU Singapore","4d88927932b9d58ee3783f40fbc127340885c2a8f44aef2776c3d08b26f9a89a","2026-10-07T04:27:13.740Z","description","This programme provides education in both Environmental Engineering and Economics, and graduates will be equipped with interdisciplinary proficiencies to address socioeconomics, environmental and technological challenges."
"programme_3374897055c85213","nanyang-technological-university","https://www.ntu.edu.sg/education/undergraduate-programme/bachelor-of-engineering-in-environmental-engineering-with-second-major-in-society-urban-systems","Bachelor of Engineering in Environmental Engineering with Second Major in Society & Urban Systems | NTU Singapore","f7c77fb6bd84a4f921f64b4f388070b405c6a7685d135a8cfa56cc1a23eb470e","2026-10-07T04:27:15.669Z","name","Bachelor of Engineering in Environmental Engineering with Second Major in Society & Urban Systems"
"programme_3374897055c85213","nanyang-technological-university","https://www.ntu.edu.sg/education/undergraduate-programme/bachelor-of-engineering-in-environmental-engineering-with-second-major-in-society-urban-systems","Bachelor of Engineering in Environmental Engineering with Second Major in Society & Urban Systems | NTU Singapore","f7c77fb6bd84a4f921f64b4f388070b405c6a7685d135a8cfa56cc1a23eb470e","2026-10-07T04:27:15.669Z","description","At NTU-CEE, you will be equipped with socio-economic and environmental perspectives to shape sustainable urban environments and pursue impactful careers in urban planning and development."
"programme_3374897055c85213","nanyang-technological-university","https://www.ntu.edu.sg/education/undergraduate-programme/bachelor-of-engineering-in-environmental-engineering-with-second-major-in-society-urban-systems","Bachelor of Engineering in Environmental Engineering with Second Major in Society & Urban Systems | NTU Singapore","f7c77fb6bd84a4f921f64b4f388070b405c6a7685d135a8cfa56cc1a23eb470e","2026-10-07T04:27:15.669Z","studyLevelRaw","Single Degree with 2nd Major"
"programme_c8b48aeab8516992","nanyang-technological-university","https://www.ntu.edu.sg/education/undergraduate-programme/bachelor-of-engineering-in-environmental-engineering-with-second-major-in-society-urban-systems","Bachelor of Engineering in Environmental Engineering with Second Major in Society & Urban Systems | NTU Singapore","f7c77fb6bd84a4f921f64b4f388070b405c6a7685d135a8cfa56cc1a23eb470e","2026-10-07T04:27:15.669Z","name","Bachelor of Engineering in Environmental Engineering with Second Major in Society & Urban Systems"
"programme_c8b48aeab8516992","nanyang-technological-university","https://www.ntu.edu.sg/education/undergraduate-programme/bachelor-of-engineering-in-environmental-engineering-with-second-major-in-society-urban-systems","Bachelor of Engineering in Environmental Engineering with Second Major in Society & Urban Systems | NTU Singapore","f7c77fb6bd84a4f921f64b4f388070b405c6a7685d135a8cfa56cc1a23eb470e","2026-10-07T04:27:15.669Z","description","The programme equips Environmental Engineering students with socio-economic and environmental perspectives to prepare them for additional career pathways related to Urban Planning."
"programme_ca8a1707ba845e1a","nanyang-technological-university","https://www.ntu.edu.sg/education/undergraduate-programme/bachelor-of-engineering-in-environmental-engineering-with-second-major-in-business","Bachelor of Engineering in Environmental Engineering with Second Major in Business | NTU Singapore","6c0553d61adf5f820e7a4e83093dd6e70f4222658d66d1ecd03806f0970128db","2026-10-07T04:27:17.691Z","name","Bachelor of Engineering in Environmental Engineering with Second Major in Business"
"programme_ca8a1707ba845e1a","nanyang-technological-university","https://www.ntu.edu.sg/education/undergraduate-programme/bachelor-of-engineering-in-environmental-engineering-with-second-major-in-business","Bachelor of Engineering in Environmental Engineering with Second Major in Business | NTU Singapore","6c0553d61adf5f820e7a4e83093dd6e70f4222658d66d1ecd03806f0970128db","2026-10-07T04:27:17.691Z","description","At NTU-CEE, you will be equipped to build a brighter, greener, and more sustainable world as an environmental engineer, while gaining valuable business perspectives to excel in management and leadership."
"programme_ca8a1707ba845e1a","nanyang-technological-university","https://www.ntu.edu.sg/education/undergraduate-programme/bachelor-of-engineering-in-environmental-engineering-with-second-major-in-business","Bachelor of Engineering in Environmental Engineering with Second Major in Business | NTU Singapore","6c0553d61adf5f820e7a4e83093dd6e70f4222658d66d1ecd03806f0970128db","2026-10-07T04:27:17.691Z","studyLevelRaw","Single Degree with 2nd Major"
"programme_4592f1266c91ce6b","nanyang-technological-university","https://www.ntu.edu.sg/education/undergraduate-programme/bachelor-of-engineering-in-environmental-engineering-with-second-major-in-business","Bachelor of Engineering in Environmental Engineering with Second Major in Business | NTU Singapore","6c0553d61adf5f820e7a4e83093dd6e70f4222658d66d1ecd03806f0970128db","2026-10-07T04:27:17.691Z","name","Bachelor of Engineering in Environmental Engineering with Second Major in Business"
"programme_4592f1266c91ce6b","nanyang-technological-university","https://www.ntu.edu.sg/education/undergraduate-programme/bachelor-of-engineering-in-environmental-engineering-with-second-major-in-business","Bachelor of Engineering in Environmental Engineering with Second Major in Business | NTU Singapore","6c0553d61adf5f820e7a4e83093dd6e70f4222658d66d1ecd03806f0970128db","2026-10-07T04:27:17.691Z","description","The programme provides Environmental Engineering students with additional business perspectives to enhance students’ proficiency in business management."
"programme_1107ea81aceb4890","nanyang-technological-university","https://www.ntu.edu.sg/education/undergraduate-programme/bachelor-of-engineering-in-civil-engineering-with-a-second-major-in-society-urban-systems","Bachelor of Engineering in Civil Engineering with Second Major in Society & Urban Systems | NTU Singapore","9295deb60ee8b0cbbe1ef5834b36e417dffdb4dc2b9eeb7db90f23ac9da044e7","2026-10-07T04:27:19.749Z","name","Bachelor of Engineering in Civil Engineering with Second Major in Society & Urban Systems"
"programme_1107ea81aceb4890","nanyang-technological-university","https://www.ntu.edu.sg/education/undergraduate-programme/bachelor-of-engineering-in-civil-engineering-with-a-second-major-in-society-urban-systems","Bachelor of Engineering in Civil Engineering with Second Major in Society & Urban Systems | NTU Singapore","9295deb60ee8b0cbbe1ef5834b36e417dffdb4dc2b9eeb7db90f23ac9da044e7","2026-10-07T04:27:19.749Z","description","At NTU-CEE, you will be equipped with socio-economic and environmental perspectives to shape sustainable urban environments and pursue impactful careers in urban planning and development. We are #3 in Asia and #9 in the world for Civil & Structural Engineering, according to the 2025 QS World University Rankings by Subject."
"programme_1107ea81aceb4890","nanyang-technological-university","https://www.ntu.edu.sg/education/undergraduate-programme/bachelor-of-engineering-in-civil-engineering-with-a-second-major-in-society-urban-systems","Bachelor of Engineering in Civil Engineering with Second Major in Society & Urban Systems | NTU Singapore","9295deb60ee8b0cbbe1ef5834b36e417dffdb4dc2b9eeb7db90f23ac9da044e7","2026-10-07T04:27:19.749Z","studyLevelRaw","Single Degree with 2nd Major"
"programme_ada8b636a1424b9f","nanyang-technological-university","https://www.ntu.edu.sg/education/undergraduate-programme/bachelor-of-engineering-in-civil-engineering-with-a-second-major-in-society-urban-systems","Bachelor of Engineering in Civil Engineering with Second Major in Society & Urban Systems | NTU Singapore","9295deb60ee8b0cbbe1ef5834b36e417dffdb4dc2b9eeb7db90f23ac9da044e7","2026-10-07T04:27:19.749Z","name","Bachelor of Engineering in Civil Engineering with Second Major in Society & Urban Systems"
"programme_ada8b636a1424b9f","nanyang-technological-university","https://www.ntu.edu.sg/education/undergraduate-programme/bachelor-of-engineering-in-civil-engineering-with-a-second-major-in-society-urban-systems","Bachelor of Engineering in Civil Engineering with Second Major in Society & Urban Systems | NTU Singapore","9295deb60ee8b0cbbe1ef5834b36e417dffdb4dc2b9eeb7db90f23ac9da044e7","2026-10-07T04:27:19.749Z","description","The programme equips Civil Engineering students with socio-economic and environmental perspectives to prepare them for additional career pathways related to Urban Planning."
"programme_1f24c7c8ba4fa9cb","nanyang-technological-university","https://www.ntu.edu.sg/education/undergraduate-programme/bachelor-of-engineering-in-environmental-engineering","Bachelor of Engineering in Environmental Engineering | NTU Singapore","9a23e7f4472431741ae5a57c0a3811297bed5eac94d903c50af3bf33a97ef01d","2026-10-07T04:27:21.713Z","name","Bachelor of Engineering in Environmental Engineering"
"programme_1f24c7c8ba4fa9cb","nanyang-technological-university","https://www.ntu.edu.sg/education/undergraduate-programme/bachelor-of-engineering-in-environmental-engineering","Bachelor of Engineering in Environmental Engineering | NTU Singapore","9a23e7f4472431741ae5a57c0a3811297bed5eac94d903c50af3bf33a97ef01d","2026-10-07T04:27:21.713Z","description","At NTU-CEE, you will develop the knowledge, skills, and networks to create a brighter, greener world — sustainable today and for generations to come."
"programme_1f24c7c8ba4fa9cb","nanyang-technological-university","https://www.ntu.edu.sg/education/undergraduate-programme/bachelor-of-engineering-in-environmental-engineering","Bachelor of Engineering in Environmental Engineering | NTU Singapore","9a23e7f4472431741ae5a57c0a3811297bed5eac94d903c50af3bf33a97ef01d","2026-10-07T04:27:21.713Z","studyLevelRaw","Single Degree"
"programme_350100ef0ef93c6b","nanyang-technological-university","https://www.ntu.edu.sg/education/undergraduate-programme/bachelor-of-engineering-in-environmental-engineering","Bachelor of Engineering in Environmental Engineering | NTU Singapore","9a23e7f4472431741ae5a57c0a3811297bed5eac94d903c50af3bf33a97ef01d","2026-10-07T04:27:21.713Z","name","Bachelor of Engineering in Environmental Engineering"
"programme_350100ef0ef93c6b","nanyang-technological-university","https://www.ntu.edu.sg/education/undergraduate-programme/bachelor-of-engineering-in-environmental-engineering","Bachelor of Engineering in Environmental Engineering | NTU Singapore","9a23e7f4472431741ae5a57c0a3811297bed5eac94d903c50af3bf33a97ef01d","2026-10-07T04:27:21.713Z","description","The programme provides a unique engineering education that prepares students to address the challenges of infrastructure development and sustainability in future cities."
"programme_8a0a932706fd7b38","nanyang-technological-university","https://www.ntu.edu.sg/education/undergraduate-programme/bachelor-of-science-in-chemistry-and-biological-chemistry-with-second-major-in-environmental-science","Bachelor of Science in Chemistry and Biological Chemistry with Second Major in Environmental Science | NTU Singapore","bd96db9c39211a32915f4998221c9d0240bcaf12b08296b5481d5025c52f0a73","2026-10-07T04:27:23.436Z","name","Bachelor of Science in Chemistry and Biological Chemistry with Second Major in Environmental Science"
"programme_8a0a932706fd7b38","nanyang-technological-university","https://www.ntu.edu.sg/education/undergraduate-programme/bachelor-of-science-in-chemistry-and-biological-chemistry-with-second-major-in-environmental-science","Bachelor of Science in Chemistry and Biological Chemistry with Second Major in Environmental Science | NTU Singapore","bd96db9c39211a32915f4998221c9d0240bcaf12b08296b5481d5025c52f0a73","2026-10-07T04:27:23.436Z","description","Combine a strong foundation in chemistry with environmental science to tackle some of the world’s most pressing sustainability challenges. This interdisciplinary programme explores environmental management, earth systems and pollution, equipping students with the knowledge and skills to develop solutions for a more sustainable future."
"programme_8a0a932706fd7b38","nanyang-technological-university","https://www.ntu.edu.sg/education/undergraduate-programme/bachelor-of-science-in-chemistry-and-biological-chemistry-with-second-major-in-environmental-science","Bachelor of Science in Chemistry and Biological Chemistry with Second Major in Environmental Science | NTU Singapore","bd96db9c39211a32915f4998221c9d0240bcaf12b08296b5481d5025c52f0a73","2026-10-07T04:27:23.436Z","studyLevelRaw","Single Degree with 2nd Major"
"programme_793763251b1f5bb7","nanyang-technological-university","https://www.ntu.edu.sg/education/undergraduate-programme/bachelor-of-science-in-chemistry-and-biological-chemistry-with-second-major-in-environmental-science","Bachelor of Science in Chemistry and Biological Chemistry with Second Major in Environmental Science | NTU Singapore","bd96db9c39211a32915f4998221c9d0240bcaf12b08296b5481d5025c52f0a73","2026-10-07T04:27:23.436Z","name","Bachelor of Science in Chemistry and Biological Chemistry with Second Major in Environmental Science"
"programme_793763251b1f5bb7","nanyang-technological-university","https://www.ntu.edu.sg/education/undergraduate-programme/bachelor-of-science-in-chemistry-and-biological-chemistry-with-second-major-in-environmental-science","Bachelor of Science in Chemistry and Biological Chemistry with Second Major in Environmental Science | NTU Singapore","bd96db9c39211a32915f4998221c9d0240bcaf12b08296b5481d5025c52f0a73","2026-10-07T04:27:23.436Z","description","An interdisciplinary programme combining an education in general Chemistry with its special applications to the Earth Sciences and Environmental Management."
"programme_7f7eb26976c5606b","nanyang-technological-university","https://www.ntu.edu.sg/education/undergraduate-programme/bachelor-of-engineering-in-chemical---biomolecular-engineering-with-second-major-in-sustainability","Bachelor of Engineering in Chemical & Biomolecular Engineering with Second Major in Sustainability | NTU Singapore","709a5651469eb8d064ad9b776e7fe0b5fff25e83a6589bfc0cd79df8683e8d69","2026-10-07T04:27:25.741Z","name","Bachelor of Engineering in Chemical & Biomolecular Engineering with Second Major in Sustainability"
"programme_7f7eb26976c5606b","nanyang-technological-university","https://www.ntu.edu.sg/education/undergraduate-programme/bachelor-of-engineering-in-chemical---biomolecular-engineering-with-second-major-in-sustainability","Bachelor of Engineering in Chemical & Biomolecular Engineering with Second Major in Sustainability | NTU Singapore","709a5651469eb8d064ad9b776e7fe0b5fff25e83a6589bfc0cd79df8683e8d69","2026-10-07T04:27:25.741Z","description","We live in a time of large-scale challenges, where climate change, deforestation, biodiversity loss and ocean acidification are no longer only considered from an environmental perspective, but also in terms of social justice, economic development, technological adaptation, and political will. The survival of our growing population depends on the natural resources we continue to overexploit, but there is increasing awareness on how the concept of sustainability strives to address this. By understanding how our environment, economy and society interact, applying this to technological innovation and communicating readily with decision makers, we can maintain the health of our world for the benefit of current and future generations. #3 in Asia and #10 in the world for Chemical Engineering, according to the 2025 QS World University Rankings by Subject."
"programme_7f7eb26976c5606b","nanyang-technological-university","https://www.ntu.edu.sg/education/undergraduate-programme/bachelor-of-engineering-in-chemical---biomolecular-engineering-with-second-major-in-sustainability","Bachelor of Engineering in Chemical & Biomolecular Engineering with Second Major in Sustainability | NTU Singapore","709a5651469eb8d064ad9b776e7fe0b5fff25e83a6589bfc0cd79df8683e8d69","2026-10-07T04:27:25.741Z","studyLevelRaw","Single Degree with 2nd Major"
"programme_11982534f8a7938b","nanyang-technological-university","https://www.ntu.edu.sg/education/undergraduate-programme/bachelor-of-engineering-in-chemical---biomolecular-engineering-with-second-major-in-sustainability","Bachelor of Engineering in Chemical & Biomolecular Engineering with Second Major in Sustainability | NTU Singapore","709a5651469eb8d064ad9b776e7fe0b5fff25e83a6589bfc0cd79df8683e8d69","2026-10-07T04:27:25.741Z","name","Bachelor of Engineering in Chemical & Biomolecular Engineering with Second Major in Sustainability"
"programme_11982534f8a7938b","nanyang-technological-university","https://www.ntu.edu.sg/education/undergraduate-programme/bachelor-of-engineering-in-chemical---biomolecular-engineering-with-second-major-in-sustainability","Bachelor of Engineering in Chemical & Biomolecular Engineering with Second Major in Sustainability | NTU Singapore","709a5651469eb8d064ad9b776e7fe0b5fff25e83a6589bfc0cd79df8683e8d69","2026-10-07T04:27:25.741Z","description","Chemical and Biomolecular Engineering, NTU, Sustainability, CCEB"
"programme_f51aad738972a040","nanyang-technological-university","https://www.ntu.edu.sg/education/undergraduate-programme/bachelor-of-science-in-biological-sciences-with-second-major-in-future-foods","Bachelor of Science in Biological Sciences with Second Major in Future Foods | NTU Singapore","7acb7d5fe9425ba6408fc15042c4f4ffd45ffbd5011689c622f549b17e46367c","2026-10-07T04:27:27.452Z","name","Bachelor of Science in Biological Sciences with Second Major in Future Foods"
"programme_f51aad738972a040","nanyang-technological-university","https://www.ntu.edu.sg/education/undergraduate-programme/bachelor-of-science-in-biological-sciences-with-second-major-in-future-foods","Bachelor of Science in Biological Sciences with Second Major in Future Foods | NTU Singapore","7acb7d5fe9425ba6408fc15042c4f4ffd45ffbd5011689c622f549b17e46367c","2026-10-07T04:27:27.452Z","description","Develop a strong foundation in Biological Sciences alongside expertise in sustainable food innovation through this interdisciplinary programme. Explore future foods, nutrition, food safety and food technologies while gaining practical skills to address global challenges in sustainability, food security, and the future of food production."
"programme_f51aad738972a040","nanyang-technological-university","https://www.ntu.edu.sg/education/undergraduate-programme/bachelor-of-science-in-biological-sciences-with-second-major-in-future-foods","Bachelor of Science in Biological Sciences with Second Major in Future Foods | NTU Singapore","7acb7d5fe9425ba6408fc15042c4f4ffd45ffbd5011689c622f549b17e46367c","2026-10-07T04:27:27.452Z","studyLevelRaw","Single Degree with 2nd Major"
"programme_32121783f88fa729","nanyang-technological-university","https://www.ntu.edu.sg/education/undergraduate-programme/bachelor-of-science-in-biological-sciences-with-second-major-in-future-foods","Bachelor of Science in Biological Sciences with Second Major in Future Foods | NTU Singapore","7acb7d5fe9425ba6408fc15042c4f4ffd45ffbd5011689c622f549b17e46367c","2026-10-07T04:27:27.452Z","name","Bachelor of Science in Biological Sciences with Second Major in Future Foods"
"programme_32121783f88fa729","nanyang-technological-university","https://www.ntu.edu.sg/education/undergraduate-programme/bachelor-of-science-in-biological-sciences-with-second-major-in-future-foods","Bachelor of Science in Biological Sciences with Second Major in Future Foods | NTU Singapore","7acb7d5fe9425ba6408fc15042c4f4ffd45ffbd5011689c622f549b17e46367c","2026-10-07T04:27:27.452Z","description","This programme is to provide students with the foundation and practical tools for understanding the concepts of food sustainability and applying them to real world scenarios."
"programme_2bf765f2f5df3eb8","nanyang-technological-university","https://www.ntu.edu.sg/education/undergraduate-programme/bachelor-of-engineering-in-bioengineering-with-second-major-in-sustainability","Bachelor of Engineering in Bioengineering with Second Major in Sustainability | NTU Singapore","3cbd27b37bab3d9edc83b30ad0474bd4c7d1942b971cabf8bb37757d8cf4c1a5","2026-10-07T04:27:29.737Z","name","Bachelor of Engineering in Bioengineering with Second Major in Sustainability"
"programme_2bf765f2f5df3eb8","nanyang-technological-university","https://www.ntu.edu.sg/education/undergraduate-programme/bachelor-of-engineering-in-bioengineering-with-second-major-in-sustainability","Bachelor of Engineering in Bioengineering with Second Major in Sustainability | NTU Singapore","3cbd27b37bab3d9edc83b30ad0474bd4c7d1942b971cabf8bb37757d8cf4c1a5","2026-10-07T04:27:29.737Z","description","We live in a time of large-scale challenges, where climate change, deforestation, biodiversity loss and ocean acidification are no longer only considered from an environmental perspective, but also in terms of social justice, economic development, technological adaptation, and political will. The survival of our growing population depends on the natural resources we continue to overexploit, but there is increasing awareness on how the concept of sustainability strives to address this. By understanding how our environment, economy and society interact, applying this to technological innovation and communicating readily with decision makers, we can maintain the health of our world for the benefit of current and future generations."
"programme_2bf765f2f5df3eb8","nanyang-technological-university","https://www.ntu.edu.sg/education/undergraduate-programme/bachelor-of-engineering-in-bioengineering-with-second-major-in-sustainability","Bachelor of Engineering in Bioengineering with Second Major in Sustainability | NTU Singapore","3cbd27b37bab3d9edc83b30ad0474bd4c7d1942b971cabf8bb37757d8cf4c1a5","2026-10-07T04:27:29.737Z","studyLevelRaw","Single Degree with 2nd Major"
"programme_885e6005af053ed5","nanyang-technological-university","https://www.ntu.edu.sg/education/undergraduate-programme/bachelor-of-engineering-in-bioengineering-with-second-major-in-sustainability","Bachelor of Engineering in Bioengineering with Second Major in Sustainability | NTU Singapore","3cbd27b37bab3d9edc83b30ad0474bd4c7d1942b971cabf8bb37757d8cf4c1a5","2026-10-07T04:27:29.737Z","name","Bachelor of Engineering in Bioengineering with Second Major in Sustainability"
"programme_885e6005af053ed5","nanyang-technological-university","https://www.ntu.edu.sg/education/undergraduate-programme/bachelor-of-engineering-in-bioengineering-with-second-major-in-sustainability","Bachelor of Engineering in Bioengineering with Second Major in Sustainability | NTU Singapore","3cbd27b37bab3d9edc83b30ad0474bd4c7d1942b971cabf8bb37757d8cf4c1a5","2026-10-07T04:27:29.737Z","description","Bioengineering, Sustainability, NTU"
"programme_44339886f11e398b","nanyang-technological-university","https://www.ntu.edu.sg/education/undergraduate-programme/bachelor-of-computing-(hons)-in-computer-science-with-a-second-major-in-sustainability","Bachelor of Computing (Hons) in Computer Science with a Second Major in Sustainability | NTU Singapore","04eb028e0e19d83394d3f2e2f1e2aff1b0b55272a87b99d17e21786d02320587","2026-10-07T04:27:31.761Z","name","Bachelor of Computing (Hons) in Computer Science with a Second Major in Sustainability"
"programme_44339886f11e398b","nanyang-technological-university","https://www.ntu.edu.sg/education/undergraduate-programme/bachelor-of-computing-(hons)-in-computer-science-with-a-second-major-in-sustainability","Bachelor of Computing (Hons) in Computer Science with a Second Major in Sustainability | NTU Singapore","04eb028e0e19d83394d3f2e2f1e2aff1b0b55272a87b99d17e21786d02320587","2026-10-07T04:27:31.761Z","description","At Nanyang Technological University (NTU), the Bachelor of Computing (Hons) in Computer Science with a Second Major in Sustainability programme is jointly offered by the College of Computing and Data Science (CCDS) and the Asian School of the Environment (ASE). This interdisciplinary degree equips students with strong technical foundations in computer science while deepening their understanding of global sustainability challenges and solutions."
"programme_44339886f11e398b","nanyang-technological-university","https://www.ntu.edu.sg/education/undergraduate-programme/bachelor-of-computing-(hons)-in-computer-science-with-a-second-major-in-sustainability","Bachelor of Computing (Hons) in Computer Science with a Second Major in Sustainability | NTU Singapore","04eb028e0e19d83394d3f2e2f1e2aff1b0b55272a87b99d17e21786d02320587","2026-10-07T04:27:31.761Z","studyLevelRaw","Single Degree with 2nd Major"
"programme_56e4932405d71eac","nanyang-technological-university","https://www.ntu.edu.sg/education/undergraduate-programme/bachelor-of-computing-(hons)-in-computer-science-with-a-second-major-in-sustainability","Bachelor of Computing (Hons) in Computer Science with a Second Major in Sustainability | NTU Singapore","04eb028e0e19d83394d3f2e2f1e2aff1b0b55272a87b99d17e21786d02320587","2026-10-07T04:27:31.761Z","name","Bachelor of Computing (Hons) in Computer Science with a Second Major in Sustainability"
"programme_56e4932405d71eac","nanyang-technological-university","https://www.ntu.edu.sg/education/undergraduate-programme/bachelor-of-computing-(hons)-in-computer-science-with-a-second-major-in-sustainability","Bachelor of Computing (Hons) in Computer Science with a Second Major in Sustainability | NTU Singapore","04eb028e0e19d83394d3f2e2f1e2aff1b0b55272a87b99d17e21786d02320587","2026-10-07T04:27:31.761Z","description","This interdisciplinary degree equips students with strong technical foundations in computer science while deepening their understanding of global sustainability challenges and solutions."
"programme_9f1a9d3a9b06b1ee","nanyang-technological-university","https://www.ntu.edu.sg/education/undergraduate-programme/bachelor-of-science-in-environmental-earth-systems-science-with-second-major-in-entrepreneurship","Bachelor of Science in Environmental Earth Systems Science with Second Major in Entrepreneurship | NTU Singapore","7766f56dcfc08f08eb856257db29dad89b533d38557c30244dad39d5e2d3ab9b","2026-10-07T04:27:33.742Z","name","Bachelor of Science in Environmental Earth Systems Science with Second Major in Entrepreneurship"
"programme_9f1a9d3a9b06b1ee","nanyang-technological-university","https://www.ntu.edu.sg/education/undergraduate-programme/bachelor-of-science-in-environmental-earth-systems-science-with-second-major-in-entrepreneurship","Bachelor of Science in Environmental Earth Systems Science with Second Major in Entrepreneurship | NTU Singapore","7766f56dcfc08f08eb856257db29dad89b533d38557c30244dad39d5e2d3ab9b","2026-10-07T04:27:33.742Z","description","Explore environmental challenges while developing the entrepreneurial mindset to create impactful solutions. This programme combines earth systems expertise with innovation, enterprise and technopreneurship, supported by hands-on learning and internship opportunities within the startup ecosystem."
"programme_9f1a9d3a9b06b1ee","nanyang-technological-university","https://www.ntu.edu.sg/education/undergraduate-programme/bachelor-of-science-in-environmental-earth-systems-science-with-second-major-in-entrepreneurship","Bachelor of Science in Environmental Earth Systems Science with Second Major in Entrepreneurship | NTU Singapore","7766f56dcfc08f08eb856257db29dad89b533d38557c30244dad39d5e2d3ab9b","2026-10-07T04:27:33.742Z","studyLevelRaw","Single Degree with 2nd Major"
"programme_420db957f607d469","nanyang-technological-university","https://www.ntu.edu.sg/education/undergraduate-programme/bachelor-of-science-in-environmental-earth-systems-science-with-second-major-in-entrepreneurship","Bachelor of Science in Environmental Earth Systems Science with Second Major in Entrepreneurship | NTU Singapore","7766f56dcfc08f08eb856257db29dad89b533d38557c30244dad39d5e2d3ab9b","2026-10-07T04:27:33.742Z","name","Bachelor of Science in Environmental Earth Systems Science with Second Major in Entrepreneurship"
"programme_420db957f607d469","nanyang-technological-university","https://www.ntu.edu.sg/education/undergraduate-programme/bachelor-of-science-in-environmental-earth-systems-science-with-second-major-in-entrepreneurship","Bachelor of Science in Environmental Earth Systems Science with Second Major in Entrepreneurship | NTU Singapore","7766f56dcfc08f08eb856257db29dad89b533d38557c30244dad39d5e2d3ab9b","2026-10-07T04:27:33.742Z","description","By understanding how our environment, economy and society interact, applying this to technological innovation and communicating readily with decision makers, we can maintain the health of our world for the benefit of current and future generations."
"programme_742d87833ca99dfc","nanyang-technological-university","https://www.ntu.edu.sg/education/undergraduate-programme/bachelor-of-science-in-environmental-earth-systems-science-with-second-major-in-sustainability","Bachelor of Science in Environmental Earth Systems Science with Second Major in Sustainability | NTU Singapore","455fffaef73c552df502543f76b75dbd0d0a11baf969730ee0f8e09164a19dfa","2026-10-07T04:27:36.406Z","name","Bachelor of Science in Environmental Earth Systems Science with Second Major in Sustainability"
"programme_742d87833ca99dfc","nanyang-technological-university","https://www.ntu.edu.sg/education/undergraduate-programme/bachelor-of-science-in-environmental-earth-systems-science-with-second-major-in-sustainability","Bachelor of Science in Environmental Earth Systems Science with Second Major in Sustainability | NTU Singapore","455fffaef73c552df502543f76b75dbd0d0a11baf969730ee0f8e09164a19dfa","2026-10-07T04:27:36.406Z","description","Explore the connections between the environment, society and economy while gaining the knowledge and skills to develop sustainable solutions for complex global challenges. With an interdisciplinary approach spanning sustainability, policy and innovation, you will be equipped to create meaningful impact for future generations."
"programme_742d87833ca99dfc","nanyang-technological-university","https://www.ntu.edu.sg/education/undergraduate-programme/bachelor-of-science-in-environmental-earth-systems-science-with-second-major-in-sustainability","Bachelor of Science in Environmental Earth Systems Science with Second Major in Sustainability | NTU Singapore","455fffaef73c552df502543f76b75dbd0d0a11baf969730ee0f8e09164a19dfa","2026-10-07T04:27:36.406Z","studyLevelRaw","Single Degree with 2nd Major"
"programme_82ddfad8c768478a","nanyang-technological-university","https://www.ntu.edu.sg/education/undergraduate-programme/bachelor-of-science-in-environmental-earth-systems-science-with-second-major-in-sustainability","Bachelor of Science in Environmental Earth Systems Science with Second Major in Sustainability | NTU Singapore","455fffaef73c552df502543f76b75dbd0d0a11baf969730ee0f8e09164a19dfa","2026-10-07T04:27:36.406Z","name","Bachelor of Science in Environmental Earth Systems Science with Second Major in Sustainability"
"programme_82ddfad8c768478a","nanyang-technological-university","https://www.ntu.edu.sg/education/undergraduate-programme/bachelor-of-science-in-environmental-earth-systems-science-with-second-major-in-sustainability","Bachelor of Science in Environmental Earth Systems Science with Second Major in Sustainability | NTU Singapore","455fffaef73c552df502543f76b75dbd0d0a11baf969730ee0f8e09164a19dfa","2026-10-07T04:27:36.406Z","description","By understanding how our environment, economy and society interact, applying this to technological innovation and communicating readily with decision makers, we can maintain the health of our world for the benefit of current and future generations."
"programme_f0330c989bfb1c57","nanyang-technological-university","https://www.ntu.edu.sg/education/undergraduate-programme/bachelor-of-science-in-environmental-earth-systems-science-with-second-major-in-data-analytics","Bachelor of Science in Environmental Earth Systems Science with Second Major in Data Analytics | NTU Singapore","e49da136f152f4688d8c78d93ae4d56f297d5496d243139135acb4fc2638dc23","2026-10-07T04:27:37.757Z","name","Bachelor of Science in Environmental Earth Systems Science with Second Major in Data Analytics"
"programme_f0330c989bfb1c57","nanyang-technological-university","https://www.ntu.edu.sg/education/undergraduate-programme/bachelor-of-science-in-environmental-earth-systems-science-with-second-major-in-data-analytics","Bachelor of Science in Environmental Earth Systems Science with Second Major in Data Analytics | NTU Singapore","e49da136f152f4688d8c78d93ae4d56f297d5496d243139135acb4fc2638dc23","2026-10-07T04:27:37.757Z","description","Students will build a strong background in EESS and statistics, algorithms, and data analytics. Our students will stay competitive, with the ability to tackle real-world problems and challenges with innovative techniques in multidisciplinary settings."
"programme_383c46674ec914fd","nanyang-technological-university","https://www.ntu.edu.sg/education/undergraduate-programme/bachelor-of-science-in-biological-sciences-with-second-major-in-food-science-and-technology","Bachelor of Science in Biological Sciences with Second Major in Food Science and Technology | NTU Singapore","3fc5a497c8f74056ac18ad15bdb3d52bf34ff0b30002a63770a78b9aca55b8e8","2026-10-07T04:27:39.503Z","name","Bachelor of Science in Biological Sciences with Second Major in Food Science and Technology"
"programme_383c46674ec914fd","nanyang-technological-university","https://www.ntu.edu.sg/education/undergraduate-programme/bachelor-of-science-in-biological-sciences-with-second-major-in-food-science-and-technology","Bachelor of Science in Biological Sciences with Second Major in Food Science and Technology | NTU Singapore","3fc5a497c8f74056ac18ad15bdb3d52bf34ff0b30002a63770a78b9aca55b8e8","2026-10-07T04:27:39.503Z","description","This is a prestigious new programme combining the Biological Sciences (Honours) programme with the highly popular Food Sciences and Technology as a 2nd Major, in partnership with the University of Wageningen and School of Chemical and Biomolecular Engineering and School of Physical & Mathematical Sciences in NTU."
"programme_383c46674ec914fd","nanyang-technological-university","https://www.ntu.edu.sg/education/undergraduate-programme/bachelor-of-science-in-biological-sciences-with-second-major-in-food-science-and-technology","Bachelor of Science in Biological Sciences with Second Major in Food Science and Technology | NTU Singapore","3fc5a497c8f74056ac18ad15bdb3d52bf34ff0b30002a63770a78b9aca55b8e8","2026-10-07T04:27:39.503Z","studyLevelRaw","Single Degree with 2nd Major"
"programme_18306b9d20df7a23","nanyang-technological-university","https://www.ntu.edu.sg/education/undergraduate-programme/bachelor-of-science-in-biological-sciences-with-second-major-in-food-science-and-technology","Bachelor of Science in Biological Sciences with Second Major in Food Science and Technology | NTU Singapore","3fc5a497c8f74056ac18ad15bdb3d52bf34ff0b30002a63770a78b9aca55b8e8","2026-10-07T04:27:39.503Z","name","Bachelor of Science in Biological Sciences with Second Major in Food Science and Technology"
"programme_18306b9d20df7a23","nanyang-technological-university","https://www.ntu.edu.sg/education/undergraduate-programme/bachelor-of-science-in-biological-sciences-with-second-major-in-food-science-and-technology","Bachelor of Science in Biological Sciences with Second Major in Food Science and Technology | NTU Singapore","3fc5a497c8f74056ac18ad15bdb3d52bf34ff0b30002a63770a78b9aca55b8e8","2026-10-07T04:27:39.503Z","description","This programme is for students with an interest in biology and wish to gain further understanding on food processes through an engineering and industrial point of view."
"programme_9655dd577e0ca119","nanyang-technological-university","https://www.ntu.edu.sg/education/undergraduate-programme/bachelor-of-science-in-environmental-earth-systems-science-and-public-policy-and-global-affairs","Bachelor of Science in Environmental Earth Systems Science and Public Policy and Global Affairs | NTU Singapore","307d8d90640507f45ebe652b65fa050e7974a58497c9e9ff7ff41bca1d653271","2026-10-07T04:27:41.765Z","name","Bachelor of Science in Environmental Earth Systems Science and Public Policy and Global Affairs"
"programme_9655dd577e0ca119","nanyang-technological-university","https://www.ntu.edu.sg/education/undergraduate-programme/bachelor-of-science-in-environmental-earth-systems-science-and-public-policy-and-global-affairs","Bachelor of Science in Environmental Earth Systems Science and Public Policy and Global Affairs | NTU Singapore","307d8d90640507f45ebe652b65fa050e7974a58497c9e9ff7ff41bca1d653271","2026-10-07T04:27:41.765Z","description","Gain a strong foundation in environmental earth systems science while exploring public policy, global affairs and international relations. This multidisciplinary programme equips students with leadership, communication and problem-solving skills to address complex environmental challenges and shape sustainable policies in a rapidly changing world."
"programme_9655dd577e0ca119","nanyang-technological-university","https://www.ntu.edu.sg/education/undergraduate-programme/bachelor-of-science-in-environmental-earth-systems-science-and-public-policy-and-global-affairs","Bachelor of Science in Environmental Earth Systems Science and Public Policy and Global Affairs | NTU Singapore","307d8d90640507f45ebe652b65fa050e7974a58497c9e9ff7ff41bca1d653271","2026-10-07T04:27:41.765Z","studyLevelRaw","Single Degree"
"programme_17dd764d8d2f67b9","nanyang-technological-university","https://www.ntu.edu.sg/education/undergraduate-programme/bachelor-of-science-in-environmental-earth-systems-science-and-public-policy-and-global-affairs","Bachelor of Science in Environmental Earth Systems Science and Public Policy and Global Affairs | NTU Singapore","307d8d90640507f45ebe652b65fa050e7974a58497c9e9ff7ff41bca1d653271","2026-10-07T04:27:41.765Z","name","Bachelor of Science in Environmental Earth Systems Science and Public Policy and Global Affairs"
"programme_17dd764d8d2f67b9","nanyang-technological-university","https://www.ntu.edu.sg/education/undergraduate-programme/bachelor-of-science-in-environmental-earth-systems-science-and-public-policy-and-global-affairs","Bachelor of Science in Environmental Earth Systems Science and Public Policy and Global Affairs | NTU Singapore","307d8d90640507f45ebe652b65fa050e7974a58497c9e9ff7ff41bca1d653271","2026-10-07T04:27:41.765Z","description","Students admitted to this multidisciplinary course will develop a strong background in quantitative environmental earth systems science and communication, public affairs, and international relations."
"programme_87fdb34b2fbc6a75","nanyang-technological-university","https://www.ntu.edu.sg/education/undergraduate-programme/bachelor-of-science-in-environmental-earth-systems-science","Bachelor of Science in Environmental Earth Systems Science | NTU Singapore","eb5d6da8afbf12fde94b925c950b1ed10a2fa687a8fad7397157133b02efdbf9","2026-10-07T04:27:43.528Z","name","Bachelor of Science in Environmental Earth Systems Science"
"programme_87fdb34b2fbc6a75","nanyang-technological-university","https://www.ntu.edu.sg/education/undergraduate-programme/bachelor-of-science-in-environmental-earth-systems-science","Bachelor of Science in Environmental Earth Systems Science | NTU Singapore","eb5d6da8afbf12fde94b925c950b1ed10a2fa687a8fad7397157133b02efdbf9","2026-10-07T04:27:43.528Z","description","Turn your passion for the environment into real-world impact. Integrating Earth science, sustainability, technology and field-based learning, this programme develops the expertise to address environmental challenges and build a more resilient, sustainable world."
"programme_87fdb34b2fbc6a75","nanyang-technological-university","https://www.ntu.edu.sg/education/undergraduate-programme/bachelor-of-science-in-environmental-earth-systems-science","Bachelor of Science in Environmental Earth Systems Science | NTU Singapore","eb5d6da8afbf12fde94b925c950b1ed10a2fa687a8fad7397157133b02efdbf9","2026-10-07T04:27:43.528Z","studyLevelRaw","Single Degree"
"programme_336ce5599b957c1c","nanyang-technological-university","https://www.ntu.edu.sg/education/undergraduate-programme/bachelor-of-science-in-environmental-earth-systems-science","Bachelor of Science in Environmental Earth Systems Science | NTU Singapore","eb5d6da8afbf12fde94b925c950b1ed10a2fa687a8fad7397157133b02efdbf9","2026-10-07T04:27:43.528Z","name","Bachelor of Science in Environmental Earth Systems Science"
"programme_336ce5599b957c1c","nanyang-technological-university","https://www.ntu.edu.sg/education/undergraduate-programme/bachelor-of-science-in-environmental-earth-systems-science","Bachelor of Science in Environmental Earth Systems Science | NTU Singapore","eb5d6da8afbf12fde94b925c950b1ed10a2fa687a8fad7397157133b02efdbf9","2026-10-07T04:27:43.528Z","description","This undergraduate regardless of specialisation, students in the programme will gain a strong background in supporting mathematics and science subjects, modern computing techniques, and the fundamentals of Earth systems science."
"programme_df31d0dddb3e97b6","nanyang-technological-university","https://www.ntu.edu.sg/education/undergraduate-programme/accountancy-for-future-leaders-bachelor-of-accountancy-in-sustainability-management-and-analytics","Accountancy Future Leader - Accountancy in Sustainability Management & Analytic | NTU Singapore","df44ef3ca063733d52767a37f4bc1a607657ede9857d32339a483ed4ee6b5c72","2026-10-07T04:27:45.528Z","name","Accountancy for Future Leaders - Bachelor of Accountancy (Sustainability Management and Analytics)"
"programme_df31d0dddb3e97b6","nanyang-technological-university","https://www.ntu.edu.sg/education/undergraduate-programme/accountancy-for-future-leaders-bachelor-of-accountancy-in-sustainability-management-and-analytics","Accountancy Future Leader - Accountancy in Sustainability Management & Analytic | NTU Singapore","df44ef3ca063733d52767a37f4bc1a607657ede9857d32339a483ed4ee6b5c72","2026-10-07T04:27:45.528Z","description","The Accountancy for Future Leaders (Bachelor of Accountancy in Sustainability Management and Analytics) is a four-year premier programme leading to direct honours. Designed for students aiming to stand out in the accounting profession, this degree is a result of close collaboration with the Accountancy and Corporate Regulatory Authority (ACRA), positioning graduates as the future leaders of business. As the first of its kind in Singapore, our programme features an integrated curriculum weaving together sustainability management, analytics, and a unique internship component. The 30-week internship will be with premier employers recognised as Accredited Training Organisations (ATOs) by ACRA, ensuring adherence to professional standards, abundant accountancy resources, and commitment to career development. The internship provides valuable real-world experience with a competitive stipend, expediting your journey towards becoming a Chartered Accountant (Singapore). This hands-on experience significantly contributes to the mandatory three-year practical experience required for qualification. Moreover, our dynamic curriculum offers exemptions from specific Singapore Chartered Accountant Qualification (SCAQ) professional exams, allowing you to accumulate professional experience seamlessly while pursuing your degree. Take the opportunity to elevate your aspirations, redefine your academic journey, and emerge as a trailblazer in the accountancy world with our forward-thinking programme. Your path to Chartered Accountant (Singapore) status and future business leadership begins here."
"programme_df31d0dddb3e97b6","nanyang-technological-university","https://www.ntu.edu.sg/education/undergraduate-programme/accountancy-for-future-leaders-bachelor-of-accountancy-in-sustainability-management-and-analytics","Accountancy Future Leader - Accountancy in Sustainability Management & Analytic | NTU Singapore","df44ef3ca063733d52767a37f4bc1a607657ede9857d32339a483ed4ee6b5c72","2026-10-07T04:27:45.528Z","studyLevelRaw","Single Degree"
"programme_7e6a3a2e43d63e5f","nanyang-technological-university","https://www.ntu.edu.sg/education/undergraduate-programme/accountancy-for-future-leaders-bachelor-of-accountancy-in-sustainability-management-and-analytics","Accountancy Future Leader - Accountancy in Sustainability Management & Analytic | NTU Singapore","df44ef3ca063733d52767a37f4bc1a607657ede9857d32339a483ed4ee6b5c72","2026-10-07T04:27:45.528Z","name","Accountancy for Future Leaders - Bachelor of Accountancy (Sustainability Management and Analytics)"
"programme_7e6a3a2e43d63e5f","nanyang-technological-university","https://www.ntu.edu.sg/education/undergraduate-programme/accountancy-for-future-leaders-bachelor-of-accountancy-in-sustainability-management-and-analytics","Accountancy Future Leader - Accountancy in Sustainability Management & Analytic | NTU Singapore","df44ef3ca063733d52767a37f4bc1a607657ede9857d32339a483ed4ee6b5c72","2026-10-07T04:27:45.528Z","description","Integrates sustainability, analytics, and 30-week internship with premier ATO employers of ACRA. Gain real-world experience and accelerated path to a Chartered Accountant."
"programme_94536146381d3ce4","nanyang-technological-university","https://www.ntu.edu.sg/education/undergraduate-programme/bachelor-of-business-with-second-major-in-sustainability","Bachelor of Business with Second Major in Sustainability | NTU Singapore","6505ffcc4d443219d48ce2e9fe96f8486ad713f1d9e1995027a63d666563a558","2026-10-07T04:27:47.547Z","name","Bachelor of Business with Second Major in Sustainability"
"programme_94536146381d3ce4","nanyang-technological-university","https://www.ntu.edu.sg/education/undergraduate-programme/bachelor-of-business-with-second-major-in-sustainability","Bachelor of Business with Second Major in Sustainability | NTU Singapore","6505ffcc4d443219d48ce2e9fe96f8486ad713f1d9e1995027a63d666563a558","2026-10-07T04:27:47.547Z","description","This new second major provides students with the foundation and practical tools for understanding the concepts of sustainability and applying them to real world scenarios. It is designed to follow on sympathetically from the ICC course “Sustainability: Society, Economy and Environment”. The curriculum will be structured according to the three traditional pillars of sustainability: Society, Environment and Economy, colloquially known as People, Planet and Profit. At NTU, the students will then apply this knowledge through two additional pillars of Practice and Policy."
"programme_94536146381d3ce4","nanyang-technological-university","https://www.ntu.edu.sg/education/undergraduate-programme/bachelor-of-business-with-second-major-in-sustainability","Bachelor of Business with Second Major in Sustainability | NTU Singapore","6505ffcc4d443219d48ce2e9fe96f8486ad713f1d9e1995027a63d666563a558","2026-10-07T04:27:47.547Z","studyLevelRaw","Single Degree with 2nd Major"
"programme_01af2a89339799e8","nanyang-technological-university","https://www.ntu.edu.sg/education/undergraduate-programme/bachelor-of-business-with-second-major-in-sustainability","Bachelor of Business with Second Major in Sustainability | NTU Singapore","6505ffcc4d443219d48ce2e9fe96f8486ad713f1d9e1995027a63d666563a558","2026-10-07T04:27:47.547Z","name","Bachelor of Business with Second Major in Sustainability"
"programme_01af2a89339799e8","nanyang-technological-university","https://www.ntu.edu.sg/education/undergraduate-programme/bachelor-of-business-with-second-major-in-sustainability","Bachelor of Business with Second Major in Sustainability | NTU Singapore","6505ffcc4d443219d48ce2e9fe96f8486ad713f1d9e1995027a63d666563a558","2026-10-07T04:27:47.547Z","description","Learn and understand various sustainability concepts and issues so as to enhance students' perspectives in business management and create innovative business solutions for the sustainability industry."
"programme_91f73df600c80338","nanyang-technological-university","https://www.ntu.edu.sg/education/undergraduate-programme/bachelor-of-accountancy-with-second-major-in-sustainability","Bachelor of Accountancy with Second Major in Sustainability | NTU Singapore","53f6d3fa50bea88fdbc42cab44f34758d6291e7fed45411a5c0a9adb1d9e98bf","2026-10-07T04:27:49.560Z","name","Bachelor of Accountancy with Second Major in Sustainability"
"programme_91f73df600c80338","nanyang-technological-university","https://www.ntu.edu.sg/education/undergraduate-programme/bachelor-of-accountancy-with-second-major-in-sustainability","Bachelor of Accountancy with Second Major in Sustainability | NTU Singapore","53f6d3fa50bea88fdbc42cab44f34758d6291e7fed45411a5c0a9adb1d9e98bf","2026-10-07T04:27:49.560Z","description","This new second major provides students with the foundation and practical tools for understanding the concepts of sustainability and applying them to real world scenarios. It is designed to follow on sympathetically from the ICC course “Sustainability: Society, Economy and Environment”. The curriculum will be structured according to the three traditional pillars of sustainability: Society, Environment and Economy, colloquially known as People, Planet and Profit. At NTU, the students will then apply this knowledge through two additional pillars of Practice and Policy."
"programme_91f73df600c80338","nanyang-technological-university","https://www.ntu.edu.sg/education/undergraduate-programme/bachelor-of-accountancy-with-second-major-in-sustainability","Bachelor of Accountancy with Second Major in Sustainability | NTU Singapore","53f6d3fa50bea88fdbc42cab44f34758d6291e7fed45411a5c0a9adb1d9e98bf","2026-10-07T04:27:49.560Z","studyLevelRaw","Single Degree with 2nd Major"
"programme_6bcaf19a86a8439b","nanyang-technological-university","https://www.ntu.edu.sg/education/undergraduate-programme/bachelor-of-accountancy-with-second-major-in-sustainability","Bachelor of Accountancy with Second Major in Sustainability | NTU Singapore","53f6d3fa50bea88fdbc42cab44f34758d6291e7fed45411a5c0a9adb1d9e98bf","2026-10-07T04:27:49.560Z","name","Bachelor of Accountancy with Second Major in Sustainability"
"programme_6bcaf19a86a8439b","nanyang-technological-university","https://www.ntu.edu.sg/education/undergraduate-programme/bachelor-of-accountancy-with-second-major-in-sustainability","Bachelor of Accountancy with Second Major in Sustainability | NTU Singapore","53f6d3fa50bea88fdbc42cab44f34758d6291e7fed45411a5c0a9adb1d9e98bf","2026-10-07T04:27:49.560Z","description","Learn and understand various sustainability concepts and issues so as to enhance students' perspectives in business management and create innovative business solutions for the sustainability industry."
"programme_f5c80c50ff47557d","nanyang-technological-university","https://www.ntu.edu.sg/education/undergraduate-programme/bachelor-of-arts-in-geography-and-education","Bachelor of Arts in Geography and Education | NTU Singapore","f9a39de55184a06ad89568e30def2b4bb64bd49cc5dcf89816ee24d7460b977c","2026-10-07T04:27:51.562Z","name","Bachelor of Arts in Geography and Education"
"programme_f5c80c50ff47557d","nanyang-technological-university","https://www.ntu.edu.sg/education/undergraduate-programme/bachelor-of-arts-in-geography-and-education","Bachelor of Arts in Geography and Education | NTU Singapore","f9a39de55184a06ad89568e30def2b4bb64bd49cc5dcf89816ee24d7460b977c","2026-10-07T04:27:51.562Z","description","For over 70 years, the National Institute of Education has played a central role in preparing educators who are equipped with disciplinary expertise, research-informed perspectives, and professional competence. NIE’s emphasis on educational research enables teachers to engage critically with environmental, social, and spatial challenges in a rapidly changing world. Within this framework, the Geography major provides a well-rounded education in Geography as an academic discipline, focusing on the three key strands of Human Geography, Physical Geography, and Geographical Techniques. By the end of the programme, you will be equipped with content knowledge in both Human and Physical Geography, as well as technical competencies in data analytics, Geographic Information Systems (GIS), and remote sensing. You will also be trained in field methods. In addition, the department’s flagship Sustainability Learning Lab provides a nurturing platform for student teachers and staff to connect through shared interests in sustainability and sustainable development. NIE is ranked #3 in Asia and #8 globally for Education in the 2025 QS World University Rankings by Subject."
"programme_f5c80c50ff47557d","nanyang-technological-university","https://www.ntu.edu.sg/education/undergraduate-programme/bachelor-of-arts-in-geography-and-education","Bachelor of Arts in Geography and Education | NTU Singapore","f9a39de55184a06ad89568e30def2b4bb64bd49cc5dcf89816ee24d7460b977c","2026-10-07T04:27:51.562Z","studyLevelRaw","Double major"
"programme_9202bcdfb98a19bc","nanyang-technological-university","https://www.ntu.edu.sg/education/undergraduate-programme/bachelor-of-arts-in-geography-and-education","Bachelor of Arts in Geography and Education | NTU Singapore","f9a39de55184a06ad89568e30def2b4bb64bd49cc5dcf89816ee24d7460b977c","2026-10-07T04:27:51.562Z","name","Bachelor of Arts in Geography and Education"
"programme_9202bcdfb98a19bc","nanyang-technological-university","https://www.ntu.edu.sg/education/undergraduate-programme/bachelor-of-arts-in-geography-and-education","Bachelor of Arts in Geography and Education | NTU Singapore","f9a39de55184a06ad89568e30def2b4bb64bd49cc5dcf89816ee24d7460b977c","2026-10-07T04:27:51.562Z","description","The National Institute of Education (NIE) ensures that our undergraduates are equipped with high-quality skills, knowledge and values that will mould them into top-notch educators."
"programme_5de0cfb5d6d7d148","nanyang-technological-university","https://www.ntu.edu.sg/education/undergraduate-programme/bachelor-of-arts-in-art-and-education","Bachelor of Arts (Hons) in Art and Education | NTU Singapore","71f21e9c6387a596601b3645b2c6c97905b631826bf23a8e022acbf4c16538da","2026-10-07T04:27:53.824Z","name","Bachelor of Arts in Art and Education"
"programme_5de0cfb5d6d7d148","nanyang-technological-university","https://www.ntu.edu.sg/education/undergraduate-programme/bachelor-of-arts-in-art-and-education","Bachelor of Arts (Hons) in Art and Education | NTU Singapore","71f21e9c6387a596601b3645b2c6c97905b631826bf23a8e022acbf4c16538da","2026-10-07T04:27:53.824Z","description","Singapore’s education system is internationally recognised for its excellence, and the National Institute of Education (NIE) has been at the heart of this success. For over 70 years, NIE has played a pivotal role in initial teacher preparation and continual professional development, equipping future educators with the skills, knowledge, and values needed to thrive in a dynamic educational landscape. Grounded in strong educational research, NIE prepares teachers and learners alike to adapt confidently to change and innovation. The Art Major is designed to develop learners’ competencies in Visual Art through a strong foundation in studio practice and critical studies. Students engage with a diverse range of visual art courses spanning 2D and 3D media, contemporary digital technologies, and art theories. Learning takes place in well-equipped, purpose-built studios, guided by accomplished artists and experts in the field. The programme culminates in an arts-based research project, where students develop their personal artistic voice and produce a body of work for public exhibition—preparing them to become confident, independent practitioners and reflective educators in the visual arts. NIE is ranked #3 in Asia and #8 globally for Education in the 2025 QS World University Rankings by Subject."
"programme_5de0cfb5d6d7d148","nanyang-technological-university","https://www.ntu.edu.sg/education/undergraduate-programme/bachelor-of-arts-in-art-and-education","Bachelor of Arts (Hons) in Art and Education | NTU Singapore","71f21e9c6387a596601b3645b2c6c97905b631826bf23a8e022acbf4c16538da","2026-10-07T04:27:53.824Z","studyLevelRaw","Double major"
"programme_9c212a74cc06ee87","nanyang-technological-university","https://www.ntu.edu.sg/education/undergraduate-programme/bachelor-of-arts-in-art-and-education","Bachelor of Arts (Hons) in Art and Education | NTU Singapore","71f21e9c6387a596601b3645b2c6c97905b631826bf23a8e022acbf4c16538da","2026-10-07T04:27:53.824Z","name","Bachelor of Arts in Art and Education"
"programme_9c212a74cc06ee87","nanyang-technological-university","https://www.ntu.edu.sg/education/undergraduate-programme/bachelor-of-arts-in-art-and-education","Bachelor of Arts (Hons) in Art and Education | NTU Singapore","71f21e9c6387a596601b3645b2c6c97905b631826bf23a8e022acbf4c16538da","2026-10-07T04:27:53.824Z","description","The National Institute of Education (NIE) ensures that our undergraduates are equipped with high-quality skills, knowledge and values that will mould them into top-notch educators."
"programme_430c5d4dfaf02a34","nanyang-technological-university","https://www.ntu.edu.sg/education/undergraduate-programme/bachelor-of-engineering-in-electrical-and-electronic-engineering-(part-time)","Bachelor of Engineering in Electrical and Electronic Engineering (Part-Time) | NTU Singapore","2cd94a6df93e362f795f1b3b0362424c734f8f13a04dfddc1e851cb7150272be","2026-10-07T04:27:57.861Z","name","Bachelor of Engineering in Electrical and Electronic Engineering (Part-Time)"
"programme_430c5d4dfaf02a34","nanyang-technological-university","https://www.ntu.edu.sg/education/undergraduate-programme/bachelor-of-engineering-in-electrical-and-electronic-engineering-(part-time)","Bachelor of Engineering in Electrical and Electronic Engineering (Part-Time) | NTU Singapore","2cd94a6df93e362f795f1b3b0362424c734f8f13a04dfddc1e851cb7150272be","2026-10-07T04:27:57.861Z","description","This programme is currently not accepting applications. The Part-Time Bachelor of Engineering (Electrical & Electronic Engineering) degree is designed for those with polytechnic diploma or equivalent qualifications who would like to further their studies on a part-time basis while continuing to work."
"programme_430c5d4dfaf02a34","nanyang-technological-university","https://www.ntu.edu.sg/education/undergraduate-programme/bachelor-of-engineering-in-electrical-and-electronic-engineering-(part-time)","Bachelor of Engineering in Electrical and Electronic Engineering (Part-Time) | NTU Singapore","2cd94a6df93e362f795f1b3b0362424c734f8f13a04dfddc1e851cb7150272be","2026-10-07T04:27:57.861Z","studyLevelRaw","Single Degree"
"programme_e54872c48888e45b","nanyang-technological-university","https://www.ntu.edu.sg/education/undergraduate-programme/bachelor-of-engineering-in-electrical-and-electronic-engineering-(part-time)","Bachelor of Engineering in Electrical and Electronic Engineering (Part-Time) | NTU Singapore","2cd94a6df93e362f795f1b3b0362424c734f8f13a04dfddc1e851cb7150272be","2026-10-07T04:27:57.861Z","name","Bachelor of Engineering in Electrical and Electronic Engineering (Part-Time)"
"programme_e54872c48888e45b","nanyang-technological-university","https://www.ntu.edu.sg/education/undergraduate-programme/bachelor-of-engineering-in-electrical-and-electronic-engineering-(part-time)","Bachelor of Engineering in Electrical and Electronic Engineering (Part-Time) | NTU Singapore","2cd94a6df93e362f795f1b3b0362424c734f8f13a04dfddc1e851cb7150272be","2026-10-07T04:27:57.861Z","description","NTU EEE Part-Time"
"programme_0c323828535995fc","sim-global-education","https://www.sim.edu.sg/professional-development/courses/course-listing/ai-dea-phase-1","Professional Development Course Listing | Professional Courses in Singapore - SIM Academy","1e1af4f2e31e1e783e00a94b574d537df1a618c5e2e096b307c6c2ccbcb2531d","2026-10-07T04:31:07.698Z","name","SINGTEL x SIM AI.DEA (PHASE 1)"
"programme_0c323828535995fc","sim-global-education","https://www.sim.edu.sg/professional-development/courses/course-listing/ai-dea-phase-1","Professional Development Course Listing | Professional Courses in Singapore - SIM Academy","1e1af4f2e31e1e783e00a94b574d537df1a618c5e2e096b307c6c2ccbcb2531d","2026-10-07T04:31:07.698Z","description","Built for senior leaders and decision-makers, this program establishes the strategic clarity required to lead with AI. Participants cut through the hype to identify where AI delivers real business value, how it should align to organisational priorities, and what readiness looks like across people, data, technology, and governance. The course strengthens executive judgement, critical evaluation, and risk-aware decision-making, while grounding leaders in cyber, ethical, and regulatory considerations. By the end of Phase 1, leaders will be positioned to set clear AI ambition, challenge assumptions, and confidently direct secure, high-impact adoption.For enquiries, please reach out to Joan Lim at joanlim@sim.edu.sg"
"programme_0763bd3110886c1b","sim-global-education","https://www.sim.edu.sg/professional-development/courses/course-listing/tiktok-masterclass-695cc6a0cac5ac4a68ce6a67d4f7f8f9","Professional Development Course Listing | Professional Courses in Singapore - SIM Academy","16518b95aa7fc687747733481877361225e4470a785123a2fd9abae431614375","2026-10-07T04:31:09.790Z","name","SINGTEL x SIM ACADEMY TIKTOK MASTERCLASS"
"programme_0763bd3110886c1b","sim-global-education","https://www.sim.edu.sg/professional-development/courses/course-listing/tiktok-masterclass-695cc6a0cac5ac4a68ce6a67d4f7f8f9","Professional Development Course Listing | Professional Courses in Singapore - SIM Academy","16518b95aa7fc687747733481877361225e4470a785123a2fd9abae431614375","2026-10-07T04:31:09.790Z","description","Accelerated by the COVID-19 pandemic, consumers have increasingly shifted their purchasing habits online — favoring the convenience, flexibility, and variety offered by digital platforms. TikTok, with its explosive growth and influence, has quickly become a key player in this space, transforming the way people discover brands, make buying decisions, and engage with content.This 3-Day Accelerator Programme empowers entrepreneurs, marketers, and businesses to harness the power of TikTok for real results — whether it’s building brand visibility, driving traffic, or boosting sales. Through interactive hands-on sessions, participants will master content creation, decode the algorithm, and launch campaigns that convert.Whether you're new to TikTok or looking to scale your digital presence, this programme gives you the tools, strategies, and confidence to grow your business in the mobile-first era."
"programme_d97629371c7d4f55","sim-global-education","https://www.sim.edu.sg/degrees-diplomas/programmes/academic-levels/bachelor","Bachelor's Degrees | Bachelors with Honours - SIM","69a3cff0842e07079eb9772fdbbfc42e14cb5436cd9e153d8edd7c51123801b9","2026-10-07T04:30:02.403Z","name","Bachelors Degrees"
"programme_d97629371c7d4f55","sim-global-education","https://www.sim.edu.sg/degrees-diplomas/programmes/academic-levels/bachelor","Bachelor's Degrees | Bachelors with Honours - SIM","69a3cff0842e07079eb9772fdbbfc42e14cb5436cd9e153d8edd7c51123801b9","2026-10-07T04:30:02.403Z","detailUrl","https://www.sim.edu.sg/degrees-diplomas/programmes/academic-levels/bachelor"
"programme_d97629371c7d4f55","sim-global-education","https://www.sim.edu.sg/degrees-diplomas/programmes/academic-levels/bachelor","Bachelor's Degrees | Bachelors with Honours - SIM","69a3cff0842e07079eb9772fdbbfc42e14cb5436cd9e153d8edd7c51123801b9","2026-10-07T04:30:02.403Z","description","SIM collaborates with renowned universities globally to offer bachelor's degree programmes in Singapore. Explore our full-time, part-time, and bachelor's degrees here."
"programme_8da09c609cb67384","sim-global-education","https://www.sim.edu.sg/degrees-diplomas/programmes/academic-levels/diploma","Diploma | Diploma Courses in Singapore | Industry-focused Curriculum - SIM","adf536c4a6b83f0c178ce41a9a3661b64d389f4e8733ba55778faafc447812e6","2026-10-07T04:30:07.470Z","name","Diploma Courses"
"programme_8da09c609cb67384","sim-global-education","https://www.sim.edu.sg/degrees-diplomas/programmes/academic-levels/diploma","Diploma | Diploma Courses in Singapore | Industry-focused Curriculum - SIM","adf536c4a6b83f0c178ce41a9a3661b64d389f4e8733ba55778faafc447812e6","2026-10-07T04:30:07.470Z","detailUrl","https://www.sim.edu.sg/degrees-diplomas/programmes/academic-levels/diploma"
"programme_8da09c609cb67384","sim-global-education","https://www.sim.edu.sg/degrees-diplomas/programmes/academic-levels/diploma","Diploma | Diploma Courses in Singapore | Industry-focused Curriculum - SIM","adf536c4a6b83f0c178ce41a9a3661b64d389f4e8733ba55778faafc447812e6","2026-10-07T04:30:07.470Z","description","SIM's diploma courses in Singapore are designed to offer a well-rounded, focused course of study that provides you with a good foundational understanding of specific fields and exposure to real-world practices."
"programme_655e2d88f61b3b5f","sp-jain-singapore","https://www.spjain.sg/programs/undergraduate/bba","SP Jain BBA | Bachelor of Business Administration | Study BBA Abroad","a99c1eb1ed0d829969f6f694e1b2e6621f0efd2c15be8b4ac1d939920684ace8","2026-10-07T04:28:24.362Z","name","Bachelor of Business Administration"
"programme_655e2d88f61b3b5f","sp-jain-singapore","https://www.spjain.sg/programs/undergraduate/bba","SP Jain BBA | Bachelor of Business Administration | Study BBA Abroad","a99c1eb1ed0d829969f6f694e1b2e6621f0efd2c15be8b4ac1d939920684ace8","2026-10-07T04:28:24.362Z","detailUrl","https://www.spjain.sg/programs/undergraduate/bba"
"programme_655e2d88f61b3b5f","sp-jain-singapore","https://www.spjain.sg/programs/undergraduate/bba","SP Jain BBA | Bachelor of Business Administration | Study BBA Abroad","a99c1eb1ed0d829969f6f694e1b2e6621f0efd2c15be8b4ac1d939920684ace8","2026-10-07T04:28:24.362Z","description","SP Jain's Bachelor of Business Administration is a 4-year undergraduate business course. Study in Singapore/Mumbai, Dubai and Sydney. Get Australian degree."
"programme_0804c0b618eaae15","sp-jain-singapore","https://www.spjain.sg/programs/undergraduate/bachelor-of-data-science","SP Jain - Bachelor of Data Science (BDS) | Study in Mumbai & Sydney","033dc808b4c4e6eff0486308af1b5d1a871d76e07ff50f60d83e3ea8e33cbf7f","2026-10-07T04:28:26.397Z","name","Bachelor of Data Science"
"programme_0804c0b618eaae15","sp-jain-singapore","https://www.spjain.sg/programs/undergraduate/bachelor-of-data-science","SP Jain - Bachelor of Data Science (BDS) | Study in Mumbai & Sydney","033dc808b4c4e6eff0486308af1b5d1a871d76e07ff50f60d83e3ea8e33cbf7f","2026-10-07T04:28:26.397Z","detailUrl","https://www.spjain.sg/programs/undergraduate/bachelor-of-data-science"
"programme_0804c0b618eaae15","sp-jain-singapore","https://www.spjain.sg/programs/undergraduate/bachelor-of-data-science","SP Jain - Bachelor of Data Science (BDS) | Study in Mumbai & Sydney","033dc808b4c4e6eff0486308af1b5d1a871d76e07ff50f60d83e3ea8e33cbf7f","2026-10-07T04:28:26.397Z","description","SP Jain's Bachelor of Data Science (BDS) is a 3-year program on campus in Mumbai & Sydney. Learn Machine Learning, Data Mining, Big Data Processing & more."
"programme_dfea3330db4bcb37","sp-jain-singapore","https://www.spjain.sg/programs/undergraduate/bachelor-of-economics","Bachelor of Economics (BEC) Program | SP Jain School of Global Management","fb5df785aee47be046a81aa76d7d91e0763413a9d0819c35247cb552471f5886","2026-10-07T04:28:27.655Z","name","Bachelor of Economics"
"programme_dfea3330db4bcb37","sp-jain-singapore","https://www.spjain.sg/programs/undergraduate/bachelor-of-economics","Bachelor of Economics (BEC) Program | SP Jain School of Global Management","fb5df785aee47be046a81aa76d7d91e0763413a9d0819c35247cb552471f5886","2026-10-07T04:28:27.655Z","detailUrl","https://www.spjain.sg/programs/undergraduate/bachelor-of-economics"
"programme_dfea3330db4bcb37","sp-jain-singapore","https://www.spjain.sg/programs/undergraduate/bachelor-of-economics","Bachelor of Economics (BEC) Program | SP Jain School of Global Management","fb5df785aee47be046a81aa76d7d91e0763413a9d0819c35247cb552471f5886","2026-10-07T04:28:27.655Z","description","Earn your Bachelor of Economics in just 2.5 years with SP Jain Global. Study in Sydney and graduate career-ready with global insights."
"programme_eb5cc3c7242a8c04","sp-jain-singapore","https://www.spjain.sg/programs/undergraduate/bba/fees","BBA Program Fees for September 2026 | SP Jain Global","cc6b7465a6fdfd9810bff5d7ed4717b854daea34251cf9bb261386763c79532a","2026-10-07T04:28:39.737Z","name","BACHELOR OF BUSINESS ADMINISTRATION"
"programme_eb5cc3c7242a8c04","sp-jain-singapore","https://www.spjain.sg/programs/undergraduate/bba/fees","BBA Program Fees for September 2026 | SP Jain Global","cc6b7465a6fdfd9810bff5d7ed4717b854daea34251cf9bb261386763c79532a","2026-10-07T04:28:39.737Z","detailUrl","https://www.spjain.sg/programs/undergraduate/bba/fees"
"programme_eb5cc3c7242a8c04","sp-jain-singapore","https://www.spjain.sg/programs/undergraduate/bba/fees","BBA Program Fees for September 2026 | SP Jain Global","cc6b7465a6fdfd9810bff5d7ed4717b854daea34251cf9bb261386763c79532a","2026-10-07T04:28:39.737Z","description","Check SP Jain's Bachelor of Business Administration (BBA) program fees, scholarships, accommodation fee, visa charges, payment timeline and more details."
"programme_1f4021bbdaf52878","sp-jain-singapore","https://www.spjain.sg/programs/undergraduate/bba/flexible-learning-options/are-you-a-year-2-3-transfer-student","Year 2/3 Transfer Students | BBA Flexible Learning Options | SP Jain","71ca69edbd04762fd71b1ff9a3d75f352ca73a9e471e028951d579990520b916","2026-10-07T04:28:51.149Z","name","BACHELOR OF BUSINESS ADMINISTRATION"
"programme_1f4021bbdaf52878","sp-jain-singapore","https://www.spjain.sg/programs/undergraduate/bba/flexible-learning-options/are-you-a-year-2-3-transfer-student","Year 2/3 Transfer Students | BBA Flexible Learning Options | SP Jain","71ca69edbd04762fd71b1ff9a3d75f352ca73a9e471e028951d579990520b916","2026-10-07T04:28:51.149Z","detailUrl","https://www.spjain.sg/programs/undergraduate/bba/flexible-learning-options/are-you-a-year-2-3-transfer-student"
"programme_1f4021bbdaf52878","sp-jain-singapore","https://www.spjain.sg/programs/undergraduate/bba/flexible-learning-options/are-you-a-year-2-3-transfer-student","Year 2/3 Transfer Students | BBA Flexible Learning Options | SP Jain","71ca69edbd04762fd71b1ff9a3d75f352ca73a9e471e028951d579990520b916","2026-10-07T04:28:51.149Z","description","Are you a Year 2/3 transfer student keen to enrol into SP Jain's Bachelor of Business Administration? See the flexible on-campus & online options available"
"programme_04028b50082ca7b8","sp-jain-singapore","https://www.spjain.sg/programs/undergraduate/open-day","SP Jain's Undergraduate Programs | Attend a virtual Open Day","82b51a81242d8ced03a6064a3ab8df0b7c97005ed2779a5db6385b53e2c1d582","2026-10-07T04:28:56.422Z","name","Bachelor of Business Administration"
"programme_04028b50082ca7b8","sp-jain-singapore","https://www.spjain.sg/programs/undergraduate/open-day","SP Jain's Undergraduate Programs | Attend a virtual Open Day","82b51a81242d8ced03a6064a3ab8df0b7c97005ed2779a5db6385b53e2c1d582","2026-10-07T04:28:56.422Z","detailUrl","https://www.spjain.sg/programs/undergraduate/open-day"
"programme_04028b50082ca7b8","sp-jain-singapore","https://www.spjain.sg/programs/undergraduate/open-day","SP Jain's Undergraduate Programs | Attend a virtual Open Day","82b51a81242d8ced03a6064a3ab8df0b7c97005ed2779a5db6385b53e2c1d582","2026-10-07T04:28:56.422Z","description","Learn more about the Bachelor of Business Administration and Bachelor of Data Science program. Appear for an admission evaluation and interview on May 21. Register today!"
"programme_7199334475a37265","sp-jain-singapore","https://www.spjain.sg/programs/undergraduate/bachelor-of-data-science/why-spjain","Why SP Jain's Bachelor of Data Science | Study in Mumbai & Sydney","26abdc6722209ae64aa66f9309f580d56592e2abaf96c867ae3ccc44fbb07406","2026-10-07T04:29:00.032Z","name","BACHELOR OF DATA SCIENCE: Why SP Jain"
"programme_7199334475a37265","sp-jain-singapore","https://www.spjain.sg/programs/undergraduate/bachelor-of-data-science/why-spjain","Why SP Jain's Bachelor of Data Science | Study in Mumbai & Sydney","26abdc6722209ae64aa66f9309f580d56592e2abaf96c867ae3ccc44fbb07406","2026-10-07T04:29:00.032Z","detailUrl","https://www.spjain.sg/programs/undergraduate/bachelor-of-data-science/why-spjain"
"programme_7199334475a37265","sp-jain-singapore","https://www.spjain.sg/programs/undergraduate/bachelor-of-data-science/why-spjain","Why SP Jain's Bachelor of Data Science | Study in Mumbai & Sydney","26abdc6722209ae64aa66f9309f580d56592e2abaf96c867ae3ccc44fbb07406","2026-10-07T04:29:00.032Z","description","Gain in-demand skills in Data Science. Study on campus in Mumbai & Sydney. Get a chance to earn a DASCA certification. Graduate with an Australian degree."
"programme_6742529973e8e4f6","sp-jain-singapore","https://www.spjain.sg/programs/undergraduate/bachelor-of-data-science/academics/learning-outcomes","SP Jain Bachelor of Data Science | Program Learning Outcomes","b69257790d792e910b91ef1981b5296469e64e47ec090ce2c661bf9523626876","2026-10-07T04:29:02.403Z","name","Bachelor of Data Science: Student Learning Outcomes"
"programme_6742529973e8e4f6","sp-jain-singapore","https://www.spjain.sg/programs/undergraduate/bachelor-of-data-science/academics/learning-outcomes","SP Jain Bachelor of Data Science | Program Learning Outcomes","b69257790d792e910b91ef1981b5296469e64e47ec090ce2c661bf9523626876","2026-10-07T04:29:02.403Z","detailUrl","https://www.spjain.sg/programs/undergraduate/bachelor-of-data-science/academics/learning-outcomes"
"programme_6742529973e8e4f6","sp-jain-singapore","https://www.spjain.sg/programs/undergraduate/bachelor-of-data-science/academics/learning-outcomes","SP Jain Bachelor of Data Science | Program Learning Outcomes","b69257790d792e910b91ef1981b5296469e64e47ec090ce2c661bf9523626876","2026-10-07T04:29:02.403Z","description","Graduate with an Australian undergraduate degree and the skills, knowledge and their application that validate the program learning outcomes listed here."
"programme_1b5cd92617b80e97","sp-jain-singapore","https://www.spjain.sg/programs/undergraduate/bachelor-of-data-science/academics/program-structure","Bachelor of Data Science | Program Structure & Assessment | SP Jain","f3ad834b3979e0c007c81c2ba8fec2d530d336bdddef8439c0fac0ef59f08563","2026-10-07T04:29:04.368Z","name","Bachelor of Data Science: Program Structure & Curriculum"
"programme_1b5cd92617b80e97","sp-jain-singapore","https://www.spjain.sg/programs/undergraduate/bachelor-of-data-science/academics/program-structure","Bachelor of Data Science | Program Structure & Assessment | SP Jain","f3ad834b3979e0c007c81c2ba8fec2d530d336bdddef8439c0fac0ef59f08563","2026-10-07T04:29:04.368Z","detailUrl","https://www.spjain.sg/programs/undergraduate/bachelor-of-data-science/academics/program-structure"
"programme_1b5cd92617b80e97","sp-jain-singapore","https://www.spjain.sg/programs/undergraduate/bachelor-of-data-science/academics/program-structure","Bachelor of Data Science | Program Structure & Assessment | SP Jain","f3ad834b3979e0c007c81c2ba8fec2d530d336bdddef8439c0fac0ef59f08563","2026-10-07T04:29:04.368Z","description","Learn about the Bachelor of Data Science's core subjects & projects. Check the curriculum, unit learning outcomes, academic calendars and student handbook."
"programme_d149909686c2a741","sp-jain-singapore","https://www.spjain.sg/programs/undergraduate/bachelor-of-data-science/academics/faculty","Faculty | Bachelor of Data Science | SP Jain School of Global Management","941b34db337d3c0bc5dce2dc077817b4394ebdd3770f73cc244485f500d58815","2026-10-07T04:29:06.603Z","name","Bachelor of Data Science: Meet Our Faculty"
"programme_d149909686c2a741","sp-jain-singapore","https://www.spjain.sg/programs/undergraduate/bachelor-of-data-science/academics/faculty","Faculty | Bachelor of Data Science | SP Jain School of Global Management","941b34db337d3c0bc5dce2dc077817b4394ebdd3770f73cc244485f500d58815","2026-10-07T04:29:06.603Z","detailUrl","https://www.spjain.sg/programs/undergraduate/bachelor-of-data-science/academics/faculty"
"programme_d149909686c2a741","sp-jain-singapore","https://www.spjain.sg/programs/undergraduate/bachelor-of-data-science/academics/faculty","Faculty | Bachelor of Data Science | SP Jain School of Global Management","941b34db337d3c0bc5dce2dc077817b4394ebdd3770f73cc244485f500d58815","2026-10-07T04:29:06.603Z","description","Meet SP Jain's faculty for the Bachelor of Data Science program. Learn from experts who bring a wealth of research, teaching & industry experience to class."
"programme_cc63a1e7b35bbd53","sp-jain-singapore","https://www.spjain.sg/programs/undergraduate/bachelor-of-data-science/fees","SP Jain's Bachelor of Data Science (BDS) | Program Fees & Scholarships","a7264329342ab26418fa18b3457b08c9ef84ad6a39ebf7f28c36b9bfeb87650d","2026-10-07T04:29:08.570Z","name","Bachelor of Data Science: Fee Structure"
"programme_cc63a1e7b35bbd53","sp-jain-singapore","https://www.spjain.sg/programs/undergraduate/bachelor-of-data-science/fees","SP Jain's Bachelor of Data Science (BDS) | Program Fees & Scholarships","a7264329342ab26418fa18b3457b08c9ef84ad6a39ebf7f28c36b9bfeb87650d","2026-10-07T04:29:08.570Z","detailUrl","https://www.spjain.sg/programs/undergraduate/bachelor-of-data-science/fees"
"programme_cc63a1e7b35bbd53","sp-jain-singapore","https://www.spjain.sg/programs/undergraduate/bachelor-of-data-science/fees","SP Jain's Bachelor of Data Science (BDS) | Program Fees & Scholarships","a7264329342ab26418fa18b3457b08c9ef84ad6a39ebf7f28c36b9bfeb87650d","2026-10-07T04:29:08.570Z","description","Check SP Jain's Bachelor of Data Science (BDS) program fees, scholarships, accommodation fee, visa charges, payment timeline and more details."
"programme_91357324e8467b94","sp-jain-singapore","https://www.spjain.sg/programs/undergraduate/bachelor-of-data-science/students/student-achievements","Student Achievements | Bachelor of Data Science (BDS) | SP Jain Global","44b29992e4af2e479ba9e5ac46d1bd991759d1cfe9d0ef793aa6ba30c50af46e","2026-10-07T04:29:09.870Z","name","BACHELOR OF DATA SCIENCE"
"programme_91357324e8467b94","sp-jain-singapore","https://www.spjain.sg/programs/undergraduate/bachelor-of-data-science/students/student-achievements","Student Achievements | Bachelor of Data Science (BDS) | SP Jain Global","44b29992e4af2e479ba9e5ac46d1bd991759d1cfe9d0ef793aa6ba30c50af46e","2026-10-07T04:29:09.870Z","detailUrl","https://www.spjain.sg/programs/undergraduate/bachelor-of-data-science/students/student-achievements"
"programme_91357324e8467b94","sp-jain-singapore","https://www.spjain.sg/programs/undergraduate/bachelor-of-data-science/students/student-achievements","Student Achievements | Bachelor of Data Science (BDS) | SP Jain Global","44b29992e4af2e479ba9e5ac46d1bd991759d1cfe9d0ef793aa6ba30c50af46e","2026-10-07T04:29:09.870Z","description","As a Bachelor of Data Science (BDS) student at SP Jain School of Global Management, you will become part of a dynamic, diverse and high-calibre student community leading to unique peer-to-peer learning experiences. We are proud of what our students have achieved. See their success stories."
"programme_fefbcdc32076a8a4","sp-jain-singapore","https://www.spjain.sg/programs/undergraduate/bachelor-of-data-science/students/student-life","Bachelor of Data Science | Student Life at SP Jain | Mumbai & Sydney","5ab1dc140e31859878b8eb4e3c414537dbc174104cf20b4933d214ac3ce20a38","2026-10-07T04:29:12.093Z","name","Bachelor of Data Science: Student Life at SP Jain"
"programme_fefbcdc32076a8a4","sp-jain-singapore","https://www.spjain.sg/programs/undergraduate/bachelor-of-data-science/students/student-life","Bachelor of Data Science | Student Life at SP Jain | Mumbai & Sydney","5ab1dc140e31859878b8eb4e3c414537dbc174104cf20b4933d214ac3ce20a38","2026-10-07T04:29:12.093Z","detailUrl","https://www.spjain.sg/programs/undergraduate/bachelor-of-data-science/students/student-life"
"programme_fefbcdc32076a8a4","sp-jain-singapore","https://www.spjain.sg/programs/undergraduate/bachelor-of-data-science/students/student-life","Bachelor of Data Science | Student Life at SP Jain | Mumbai & Sydney","5ab1dc140e31859878b8eb4e3c414537dbc174104cf20b4933d214ac3ce20a38","2026-10-07T04:29:12.093Z","description","Experience the Bachelor of Data Science (BDS) student life at SP Jain School of Global Management's Mumbai and Sydney campuses."
"programme_bc0c6967b967a67f","sp-jain-singapore","https://www.spjain.sg/programs/undergraduate/bachelor-of-data-science/students/careers","Careers | Jobs and Internships | SP Jain Bachelor of Data Science","535010309e3849701eb2cacdf3955431eb6f709e24423b6b053928546044905d","2026-10-07T04:29:13.873Z","name","Bachelor of Data Science: Boost Your Career Potential"
"programme_bc0c6967b967a67f","sp-jain-singapore","https://www.spjain.sg/programs/undergraduate/bachelor-of-data-science/students/careers","Careers | Jobs and Internships | SP Jain Bachelor of Data Science","535010309e3849701eb2cacdf3955431eb6f709e24423b6b053928546044905d","2026-10-07T04:29:13.873Z","detailUrl","https://www.spjain.sg/programs/undergraduate/bachelor-of-data-science/students/careers"
"programme_bc0c6967b967a67f","sp-jain-singapore","https://www.spjain.sg/programs/undergraduate/bachelor-of-data-science/students/careers","Careers | Jobs and Internships | SP Jain Bachelor of Data Science","535010309e3849701eb2cacdf3955431eb6f709e24423b6b053928546044905d","2026-10-07T04:29:13.873Z","description","SP Jain's Bachelor of Data Science students have landed jobs in Australia and interned at leading universities and companies. See our success stories."
"programme_c51c719bf63b088b","sp-jain-singapore","https://www.spjain.sg/programs/undergraduate/bec/academics/learning-outcomes","BEC | Graduate Attributes and Program Learning Outcomes | SP Jain","f7af81efd0b0547ddc7399ae0c429db809c7791eba58620abcdc43b52bc9dd4b","2026-10-07T04:29:52.649Z","name","BACHELOR OF ECONOMICS"
"programme_c51c719bf63b088b","sp-jain-singapore","https://www.spjain.sg/programs/undergraduate/bec/academics/learning-outcomes","BEC | Graduate Attributes and Program Learning Outcomes | SP Jain","f7af81efd0b0547ddc7399ae0c429db809c7791eba58620abcdc43b52bc9dd4b","2026-10-07T04:29:52.649Z","detailUrl","https://www.spjain.sg/programs/undergraduate/bec/academics/learning-outcomes"
"programme_c51c719bf63b088b","sp-jain-singapore","https://www.spjain.sg/programs/undergraduate/bec/academics/learning-outcomes","BEC | Graduate Attributes and Program Learning Outcomes | SP Jain","f7af81efd0b0547ddc7399ae0c429db809c7791eba58620abcdc43b52bc9dd4b","2026-10-07T04:29:52.649Z","description","Graduate with an Australian degree and the skills, knowledge and their application that validate the BEC program learning outcomes listed here."
"programme_8593839e942c52e4","swinburne-university-of-technology","https://www.swinburne.edu.au/course/undergraduate/bachelor-of-arts/","Bachelor of Arts | Swinburne","5ec8467a0cdec8ef6f0b443a2706b454dc14fe0a81e7623e1817bcb25ebf9612","2026-10-07T04:01:56.156Z","name","Bachelor of Arts"
"programme_8593839e942c52e4","swinburne-university-of-technology","https://www.swinburne.edu.au/course/undergraduate/bachelor-of-arts/","Bachelor of Arts | Swinburne","5ec8467a0cdec8ef6f0b443a2706b454dc14fe0a81e7623e1817bcb25ebf9612","2026-10-07T04:01:56.156Z","detailUrl","https://www.swinburne.edu.au/course/undergraduate/bachelor-of-arts/"
"programme_8593839e942c52e4","swinburne-university-of-technology","https://www.swinburne.edu.au/course/undergraduate/bachelor-of-arts/","Bachelor of Arts | Swinburne","5ec8467a0cdec8ef6f0b443a2706b454dc14fe0a81e7623e1817bcb25ebf9612","2026-10-07T04:01:56.156Z","description","With our Bachelor of Arts, develop key critical thinking and communication skills to put your passion for a better world into a creative, meaningful career."
"programme_79ecfdc0e6ca4c59","swinburne-university-of-technology","https://www.swinburne.edu.au/course/undergraduate/bachelor-of-arts-bachelor-of-applied-innovation/","Bachelor of Arts / Bachelor of Applied Innovation | Swinburne","1d348644c10a1a91672db3513de76cc17fad2c9bbad923aac53dbe0e351d2e7f","2026-10-07T04:01:59.235Z","name","Bachelor of Arts/Bachelor of Applied Innovation"
"programme_79ecfdc0e6ca4c59","swinburne-university-of-technology","https://www.swinburne.edu.au/course/undergraduate/bachelor-of-arts-bachelor-of-applied-innovation/","Bachelor of Arts / Bachelor of Applied Innovation | Swinburne","1d348644c10a1a91672db3513de76cc17fad2c9bbad923aac53dbe0e351d2e7f","2026-10-07T04:01:59.235Z","detailUrl","https://www.swinburne.edu.au/course/undergraduate/bachelor-of-arts-bachelor-of-applied-innovation/"
"programme_79ecfdc0e6ca4c59","swinburne-university-of-technology","https://www.swinburne.edu.au/course/undergraduate/bachelor-of-arts-bachelor-of-applied-innovation/","Bachelor of Arts / Bachelor of Applied Innovation | Swinburne","1d348644c10a1a91672db3513de76cc17fad2c9bbad923aac53dbe0e351d2e7f","2026-10-07T04:01:59.235Z","description","Help shape society and the world we live in with a Bachelor of Arts / Bachelor of Applied Innovation. Learn to make impactful strategic decisions that solve complex challenges."
"programme_f8dd33b9995bc878","swinburne-university-of-technology","https://www.swinburne.edu.au/course/undergraduate/bachelor-of-arts-bachelor-of-business/","Bachelor of Arts / Bachelor of Business | Swinburne","33f3822b417700fe65f40c967b43ee3b91ba8a7aa2f0c47969458e578fe3dba1","2026-10-07T04:02:00.171Z","name","Bachelor of Arts/Bachelor of Business"
"programme_f8dd33b9995bc878","swinburne-university-of-technology","https://www.swinburne.edu.au/course/undergraduate/bachelor-of-arts-bachelor-of-business/","Bachelor of Arts / Bachelor of Business | Swinburne","33f3822b417700fe65f40c967b43ee3b91ba8a7aa2f0c47969458e578fe3dba1","2026-10-07T04:02:00.171Z","detailUrl","https://www.swinburne.edu.au/course/undergraduate/bachelor-of-arts-bachelor-of-business/"
"programme_f8dd33b9995bc878","swinburne-university-of-technology","https://www.swinburne.edu.au/course/undergraduate/bachelor-of-arts-bachelor-of-business/","Bachelor of Arts / Bachelor of Business | Swinburne","33f3822b417700fe65f40c967b43ee3b91ba8a7aa2f0c47969458e578fe3dba1","2026-10-07T04:02:00.171Z","description","With a double degree in a Bachelor of Arts / Bachelor of Business you’ll become a well rounded business person who understands what’s good for the world."
"programme_3eb31dd18ce6d4e1","swinburne-university-of-technology","https://www.swinburne.edu.au/course/undergraduate/bachelor-of-arts-bachelor-of-psychological-sciences/","Bachelor of Arts / Bachelor of Psychological Sciences | Swinburne","4e30f72805bfc581443be346676450823d49413bb8a9347f848b4b21319bc2d5","2026-10-07T04:02:03.559Z","name","Bachelor of Arts/Bachelor of Psychological Sciences"
"programme_3eb31dd18ce6d4e1","swinburne-university-of-technology","https://www.swinburne.edu.au/course/undergraduate/bachelor-of-arts-bachelor-of-psychological-sciences/","Bachelor of Arts / Bachelor of Psychological Sciences | Swinburne","4e30f72805bfc581443be346676450823d49413bb8a9347f848b4b21319bc2d5","2026-10-07T04:02:03.559Z","detailUrl","https://www.swinburne.edu.au/course/undergraduate/bachelor-of-arts-bachelor-of-psychological-sciences/"
"programme_3eb31dd18ce6d4e1","swinburne-university-of-technology","https://www.swinburne.edu.au/course/undergraduate/bachelor-of-arts-bachelor-of-psychological-sciences/","Bachelor of Arts / Bachelor of Psychological Sciences | Swinburne","4e30f72805bfc581443be346676450823d49413bb8a9347f848b4b21319bc2d5","2026-10-07T04:02:03.559Z","description","Earn an APAC-accredited psychology degree and explore social change with a Bachelor of Arts."
"programme_7c0df784ac4327f7","swinburne-university-of-technology","https://www.swinburne.edu.au/course/undergraduate/bachelor-of-laws-bachelor-of-arts/","Bachelor of Laws / Bachelor of Arts | Swinburne","c27c432b9ca6d2d02653a355a446aded21d61b31eed2dfc08ce7f600de9cfed3","2026-10-07T04:02:05.573Z","name","Bachelor of Laws/Bachelor of Arts"
"programme_7c0df784ac4327f7","swinburne-university-of-technology","https://www.swinburne.edu.au/course/undergraduate/bachelor-of-laws-bachelor-of-arts/","Bachelor of Laws / Bachelor of Arts | Swinburne","c27c432b9ca6d2d02653a355a446aded21d61b31eed2dfc08ce7f600de9cfed3","2026-10-07T04:02:05.573Z","detailUrl","https://www.swinburne.edu.au/course/undergraduate/bachelor-of-laws-bachelor-of-arts/"
"programme_7c0df784ac4327f7","swinburne-university-of-technology","https://www.swinburne.edu.au/course/undergraduate/bachelor-of-laws-bachelor-of-arts/","Bachelor of Laws / Bachelor of Arts | Swinburne","c27c432b9ca6d2d02653a355a446aded21d61b31eed2dfc08ce7f600de9cfed3","2026-10-07T04:02:05.573Z","description","Our Bachelor of Laws / Bachelor of Arts gives you a strong foundation in critical thinking and problem-solving skills for a dynamic future-ready legal career. Be prepared for the legal world of tomorrow, artificial intelligence, big data, cybersecurity and more, with a degree that explores how technology is transforming legal practice."
"programme_4b958b7c86056149","swinburne-university-of-technology","https://www.swinburne.edu.au/course/undergraduate/bachelor-of-arts-bachelor-of-science/","Bachelor of Arts / Bachelor of Science | Swinburne","ee2b34c2297e3cde1c98e9c96caa76969bc8b91e467fa5a14224565bc355fafe","2026-10-07T04:02:07.454Z","name","Bachelor of Arts/Bachelor of Science"
"programme_4b958b7c86056149","swinburne-university-of-technology","https://www.swinburne.edu.au/course/undergraduate/bachelor-of-arts-bachelor-of-science/","Bachelor of Arts / Bachelor of Science | Swinburne","ee2b34c2297e3cde1c98e9c96caa76969bc8b91e467fa5a14224565bc355fafe","2026-10-07T04:02:07.454Z","detailUrl","https://www.swinburne.edu.au/course/undergraduate/bachelor-of-arts-bachelor-of-science/"
"programme_4b958b7c86056149","swinburne-university-of-technology","https://www.swinburne.edu.au/course/undergraduate/bachelor-of-arts-bachelor-of-science/","Bachelor of Arts / Bachelor of Science | Swinburne","ee2b34c2297e3cde1c98e9c96caa76969bc8b91e467fa5a14224565bc355fafe","2026-10-07T04:02:07.454Z","description","With a Bachelor of Arts/ Bachelor of Science combine a science specialisation with a deep understanding of the world for a broad scope of exciting careers."
"programme_6b4f7a399029666e","swinburne-university-of-technology","https://www.swinburne.edu.au/course/undergraduate/bachelor-of-arts/climate-and-social-justice/","Bachelor of Arts, Major in Climate and Social Justice | Swinburne","674189e2217a7b7fb9f06fb6a2b100023a6e9c1ef9648a5fcff5429fd19a438e","2026-10-07T04:02:08.205Z","name","Bachelor of Arts"
"programme_6b4f7a399029666e","swinburne-university-of-technology","https://www.swinburne.edu.au/course/undergraduate/bachelor-of-arts/climate-and-social-justice/","Bachelor of Arts, Major in Climate and Social Justice | Swinburne","674189e2217a7b7fb9f06fb6a2b100023a6e9c1ef9648a5fcff5429fd19a438e","2026-10-07T04:02:08.205Z","detailUrl","https://www.swinburne.edu.au/course/undergraduate/bachelor-of-arts/climate-and-social-justice/"
"programme_6b4f7a399029666e","swinburne-university-of-technology","https://www.swinburne.edu.au/course/undergraduate/bachelor-of-arts/climate-and-social-justice/","Bachelor of Arts, Major in Climate and Social Justice | Swinburne","674189e2217a7b7fb9f06fb6a2b100023a6e9c1ef9648a5fcff5429fd19a438e","2026-10-07T04:02:08.205Z","description","In this major you'll develop an understanding of climate change and social justice. Learn the skills to take impactful action and create a more sustainable future."
"programme_9fdb05ba49e9c76e","swinburne-university-of-technology","https://www.swinburne.edu.au/course/undergraduate/bachelor-of-arts/criminology-and-social-change/","Bachelor of Arts, Major in Criminology and Social Change | Swinburne","dfe9c6d213cc773433c10cbd90913936d021a3c435328c5b0bab83a4338638b2","2026-10-07T04:02:10.203Z","name","Bachelor of Arts"
"programme_9fdb05ba49e9c76e","swinburne-university-of-technology","https://www.swinburne.edu.au/course/undergraduate/bachelor-of-arts/criminology-and-social-change/","Bachelor of Arts, Major in Criminology and Social Change | Swinburne","dfe9c6d213cc773433c10cbd90913936d021a3c435328c5b0bab83a4338638b2","2026-10-07T04:02:10.203Z","detailUrl","https://www.swinburne.edu.au/course/undergraduate/bachelor-of-arts/criminology-and-social-change/"
"programme_9fdb05ba49e9c76e","swinburne-university-of-technology","https://www.swinburne.edu.au/course/undergraduate/bachelor-of-arts/criminology-and-social-change/","Bachelor of Arts, Major in Criminology and Social Change | Swinburne","dfe9c6d213cc773433c10cbd90913936d021a3c435328c5b0bab83a4338638b2","2026-10-07T04:02:10.203Z","description","With our Bachelor of Arts, develop key critical thinking and communication skills to put your passion for a better world into a creative, meaningful career."
"programme_d36882008256a2e4","swinburne-university-of-technology","https://www.swinburne.edu.au/course/undergraduate/bachelor-of-arts/ethics-and-technology/","Bachelor of Arts, Major in Ethics and Technology | Swinburne","267b9191ad43ac852b2f385a06f2eedcab8ff08f5ae5646c41690339886dc301","2026-10-07T04:02:13.803Z","name","Bachelor of Arts"
"programme_d36882008256a2e4","swinburne-university-of-technology","https://www.swinburne.edu.au/course/undergraduate/bachelor-of-arts/ethics-and-technology/","Bachelor of Arts, Major in Ethics and Technology | Swinburne","267b9191ad43ac852b2f385a06f2eedcab8ff08f5ae5646c41690339886dc301","2026-10-07T04:02:13.803Z","detailUrl","https://www.swinburne.edu.au/course/undergraduate/bachelor-of-arts/ethics-and-technology/"
"programme_d36882008256a2e4","swinburne-university-of-technology","https://www.swinburne.edu.au/course/undergraduate/bachelor-of-arts/ethics-and-technology/","Bachelor of Arts, Major in Ethics and Technology | Swinburne","267b9191ad43ac852b2f385a06f2eedcab8ff08f5ae5646c41690339886dc301","2026-10-07T04:02:13.803Z","description","Examine the ethical issues around how technology is shaping our lives. Learn the skills needed to create policies that protect human rights, social equity and security."
"programme_f1f2ab70b4572d97","swinburne-university-of-technology","https://www.swinburne.edu.au/course/undergraduate/bachelor-of-arts/indigenous-studies/","Bachelor of Arts, Major in Indigenous Studies | Swinburne","de6f1f3575863a264b166a7343b9a8635f6497016fb95055d8499519cd2dbe7e","2026-10-07T04:02:15.774Z","name","Bachelor of Arts"
"programme_f1f2ab70b4572d97","swinburne-university-of-technology","https://www.swinburne.edu.au/course/undergraduate/bachelor-of-arts/indigenous-studies/","Bachelor of Arts, Major in Indigenous Studies | Swinburne","de6f1f3575863a264b166a7343b9a8635f6497016fb95055d8499519cd2dbe7e","2026-10-07T04:02:15.774Z","detailUrl","https://www.swinburne.edu.au/course/undergraduate/bachelor-of-arts/indigenous-studies/"
"programme_f1f2ab70b4572d97","swinburne-university-of-technology","https://www.swinburne.edu.au/course/undergraduate/bachelor-of-arts/indigenous-studies/","Bachelor of Arts, Major in Indigenous Studies | Swinburne","de6f1f3575863a264b166a7343b9a8635f6497016fb95055d8499519cd2dbe7e","2026-10-07T04:02:15.774Z","description","Learn about Indigenous ways of being and doing and the relevance of Indigenous Knowledge today. Learn and adopt culturally safe practices and apply them to your career."
"programme_9ad655e2deb36104","swinburne-university-of-technology","https://www.swinburne.edu.au/course/undergraduate/bachelor-of-arts/literature-and-creative-writing/","Bachelor of Arts, Major in Literature and Creative Writing | Swinburne","4a8a89f3d6256c8774bab8b6286bec2e4a892975e010c3d4d4e3d958b816be4d","2026-10-07T04:02:17.664Z","name","Bachelor of Arts"
"programme_9ad655e2deb36104","swinburne-university-of-technology","https://www.swinburne.edu.au/course/undergraduate/bachelor-of-arts/literature-and-creative-writing/","Bachelor of Arts, Major in Literature and Creative Writing | Swinburne","4a8a89f3d6256c8774bab8b6286bec2e4a892975e010c3d4d4e3d958b816be4d","2026-10-07T04:02:17.664Z","detailUrl","https://www.swinburne.edu.au/course/undergraduate/bachelor-of-arts/literature-and-creative-writing/"
"programme_9ad655e2deb36104","swinburne-university-of-technology","https://www.swinburne.edu.au/course/undergraduate/bachelor-of-arts/literature-and-creative-writing/","Bachelor of Arts, Major in Literature and Creative Writing | Swinburne","4a8a89f3d6256c8774bab8b6286bec2e4a892975e010c3d4d4e3d958b816be4d","2026-10-07T04:02:17.664Z","description","Learn to harness the power of words to tell compelling stories that inform and inspire the world. Explore the traditional and latest methods to hone your writing practice."
"programme_b9e4be5b9b18b74a","swinburne-university-of-technology","https://www.swinburne.edu.au/course/undergraduate/bachelor-of-arts/perspectives-on-globalisation/","Bachelor of Arts, Major in Perspectives on Globalisation | Swinburne","c27940931e5a66f7f85a25eaf9e05c563d6d4cbbd3847ab8c71209508461b17f","2026-10-07T04:02:18.283Z","name","Bachelor of Arts"
"programme_b9e4be5b9b18b74a","swinburne-university-of-technology","https://www.swinburne.edu.au/course/undergraduate/bachelor-of-arts/perspectives-on-globalisation/","Bachelor of Arts, Major in Perspectives on Globalisation | Swinburne","c27940931e5a66f7f85a25eaf9e05c563d6d4cbbd3847ab8c71209508461b17f","2026-10-07T04:02:18.283Z","detailUrl","https://www.swinburne.edu.au/course/undergraduate/bachelor-of-arts/perspectives-on-globalisation/"
"programme_b9e4be5b9b18b74a","swinburne-university-of-technology","https://www.swinburne.edu.au/course/undergraduate/bachelor-of-arts/perspectives-on-globalisation/","Bachelor of Arts, Major in Perspectives on Globalisation | Swinburne","c27940931e5a66f7f85a25eaf9e05c563d6d4cbbd3847ab8c71209508461b17f","2026-10-07T04:02:18.283Z","description","Learn how globalisation has transformed our society. Understand international relations. Develop cultural competency skills and open your mind to the world cultures."
"programme_6790fd755b9dbf8d","swinburne-university-of-technology","https://www.swinburne.edu.au/course/undergraduate/bachelor-of-arts/politics-power-and-technology/","Bachelor of Arts, Major in Politics, Power and Technology | Swinburne","f4ebb360d15b0da51e4b46ad83072fa4ed21013b649bcddab159d85b5d169f61","2026-10-07T04:02:20.292Z","name","Bachelor of Arts"
"programme_6790fd755b9dbf8d","swinburne-university-of-technology","https://www.swinburne.edu.au/course/undergraduate/bachelor-of-arts/politics-power-and-technology/","Bachelor of Arts, Major in Politics, Power and Technology | Swinburne","f4ebb360d15b0da51e4b46ad83072fa4ed21013b649bcddab159d85b5d169f61","2026-10-07T04:02:20.292Z","detailUrl","https://www.swinburne.edu.au/course/undergraduate/bachelor-of-arts/politics-power-and-technology/"
"programme_6790fd755b9dbf8d","swinburne-university-of-technology","https://www.swinburne.edu.au/course/undergraduate/bachelor-of-arts/politics-power-and-technology/","Bachelor of Arts, Major in Politics, Power and Technology | Swinburne","f4ebb360d15b0da51e4b46ad83072fa4ed21013b649bcddab159d85b5d169f61","2026-10-07T04:02:20.292Z","description","You'll develop a deep understanding of key political concepts such as power, democracy and security in this major. Learn how technology has changed political power."
"programme_390defbe7c8d6f6b","swinburne-university-of-technology","https://www.swinburne.edu.au/course/undergraduate/bachelor-of-arts/screen-studies-and-popular-culture/","Bachelor of Arts, Major in Screen Studies and Popular Culture | Swinburne","bfa3279baa04103ef21e599683231e89f8025334c3867e220315cf535680b552","2026-10-07T04:02:22.299Z","name","Bachelor of Arts"
"programme_390defbe7c8d6f6b","swinburne-university-of-technology","https://www.swinburne.edu.au/course/undergraduate/bachelor-of-arts/screen-studies-and-popular-culture/","Bachelor of Arts, Major in Screen Studies and Popular Culture | Swinburne","bfa3279baa04103ef21e599683231e89f8025334c3867e220315cf535680b552","2026-10-07T04:02:22.299Z","detailUrl","https://www.swinburne.edu.au/course/undergraduate/bachelor-of-arts/screen-studies-and-popular-culture/"
"programme_390defbe7c8d6f6b","swinburne-university-of-technology","https://www.swinburne.edu.au/course/undergraduate/bachelor-of-arts/screen-studies-and-popular-culture/","Bachelor of Arts, Major in Screen Studies and Popular Culture | Swinburne","bfa3279baa04103ef21e599683231e89f8025334c3867e220315cf535680b552","2026-10-07T04:02:22.299Z","description","Chart the history of screen technologies and entertainment from cinema to smart phones to VR. Learn to imagine and anticipate what the future of entertainment will be."
"programme_f81afe012811cf83","swinburne-university-of-technology","https://www.swinburne.edu.au/course/undergraduate/bachelor-of-arts/handbook/","Bachelor of Arts | Course Handbook | Swinburne","623146669853b5f2ba253e7aefd1928323de78c7440c14d1831418af2bc3606c","2026-10-07T04:02:26.353Z","name","Bachelor of Arts"
"programme_f81afe012811cf83","swinburne-university-of-technology","https://www.swinburne.edu.au/course/undergraduate/bachelor-of-arts/handbook/","Bachelor of Arts | Course Handbook | Swinburne","623146669853b5f2ba253e7aefd1928323de78c7440c14d1831418af2bc3606c","2026-10-07T04:02:26.353Z","detailUrl","https://www.swinburne.edu.au/course/undergraduate/bachelor-of-arts/handbook/"
"programme_f81afe012811cf83","swinburne-university-of-technology","https://www.swinburne.edu.au/course/undergraduate/bachelor-of-arts/handbook/","Bachelor of Arts | Course Handbook | Swinburne","623146669853b5f2ba253e7aefd1928323de78c7440c14d1831418af2bc3606c","2026-10-07T04:02:26.353Z","description","Companion handbook for the Bachelor of Arts features extended course information including study structure, course rules, units and special requirements."
"programme_858e8191ab46f56c","swinburne-university-of-technology","https://www.swinburne.edu.au/course/undergraduate/bachelor-of-health-science-bachelor-of-arts/","Bachelor of Health Science / Bachelor of Arts | Swinburne","d24eb8a166ec48ec6d3d37f9e15448a2257ac609df88a9e37f08137d5994fc8f","2026-10-07T04:02:29.648Z","name","Bachelor of Health Science/Bachelor of Arts"
"programme_858e8191ab46f56c","swinburne-university-of-technology","https://www.swinburne.edu.au/course/undergraduate/bachelor-of-health-science-bachelor-of-arts/","Bachelor of Health Science / Bachelor of Arts | Swinburne","d24eb8a166ec48ec6d3d37f9e15448a2257ac609df88a9e37f08137d5994fc8f","2026-10-07T04:02:29.648Z","detailUrl","https://www.swinburne.edu.au/course/undergraduate/bachelor-of-health-science-bachelor-of-arts/"
"programme_858e8191ab46f56c","swinburne-university-of-technology","https://www.swinburne.edu.au/course/undergraduate/bachelor-of-health-science-bachelor-of-arts/","Bachelor of Health Science / Bachelor of Arts | Swinburne","d24eb8a166ec48ec6d3d37f9e15448a2257ac609df88a9e37f08137d5994fc8f","2026-10-07T04:02:29.648Z","description","Impact the health of individuals and the world at large, our Bachelor of Health Science/ Bachelor of Arts will prepare for a rewarding career in the booming health industry. With core units across multiple fields of health science, explore contemporary how you can help people to live happier healthier lives. Plus, you'll have access to cutting-edge, industry-relevant tech in our campus labs, preparing you with the tech know-how the health industry needs."
"programme_54758deb4490faa1","swinburne-university-of-technology","https://www.swinburne.edu.au/course/undergraduate/bachelor-of-engineering-honours-bachelor-of-arts/","Bachelor of Engineering (Honours) / Bachelor of Arts | Swinburne","0d54fd6b8a041ef1eb5c31114f883f102e5de782d953c977b34e8559e0e1b0bd","2026-10-07T04:02:30.339Z","name","Bachelor of Engineering (Honours)/ Bachelor of Arts"
"programme_54758deb4490faa1","swinburne-university-of-technology","https://www.swinburne.edu.au/course/undergraduate/bachelor-of-engineering-honours-bachelor-of-arts/","Bachelor of Engineering (Honours) / Bachelor of Arts | Swinburne","0d54fd6b8a041ef1eb5c31114f883f102e5de782d953c977b34e8559e0e1b0bd","2026-10-07T04:02:30.339Z","detailUrl","https://www.swinburne.edu.au/course/undergraduate/bachelor-of-engineering-honours-bachelor-of-arts/"
"programme_54758deb4490faa1","swinburne-university-of-technology","https://www.swinburne.edu.au/course/undergraduate/bachelor-of-engineering-honours-bachelor-of-arts/","Bachelor of Engineering (Honours) / Bachelor of Arts | Swinburne","0d54fd6b8a041ef1eb5c31114f883f102e5de782d953c977b34e8559e0e1b0bd","2026-10-07T04:02:30.339Z","description","The Engineering/Arts double degree pairs engineering technical expertise with critical and creative reasoning skills. Includes guaranteed industry projects."
"programme_c544d2628e6a3a6d","swinburne-university-of-technology","https://www.swinburne.edu.au/course/undergraduate/bachelor-of-media-and-communication/","Bachelor of Media and Communication | Swinburne","ff94f70fdbc138f244dc0df286ff1e98dbeb56c82ba992f2b87d18fc3a555340","2026-10-07T04:02:32.343Z","name","Bachelor of Media and Communication"
"programme_c544d2628e6a3a6d","swinburne-university-of-technology","https://www.swinburne.edu.au/course/undergraduate/bachelor-of-media-and-communication/","Bachelor of Media and Communication | Swinburne","ff94f70fdbc138f244dc0df286ff1e98dbeb56c82ba992f2b87d18fc3a555340","2026-10-07T04:02:32.343Z","detailUrl","https://www.swinburne.edu.au/course/undergraduate/bachelor-of-media-and-communication/"
"programme_c544d2628e6a3a6d","swinburne-university-of-technology","https://www.swinburne.edu.au/course/undergraduate/bachelor-of-media-and-communication/","Bachelor of Media and Communication | Swinburne","ff94f70fdbc138f244dc0df286ff1e98dbeb56c82ba992f2b87d18fc3a555340","2026-10-07T04:02:32.343Z","description","This course offers 7 majors. Graduate with real-world skills in the latest communication technologies and media industry practices."
"programme_5bccf35cec223829","swinburne-university-of-technology","https://www.swinburne.edu.au/course/undergraduate/bachelor-of-criminal-justice-and-criminology/","Bachelor of Criminal Justice and Criminology | Swinburne","dfeeb1ac35db9d78817b6a7ed4ecc3f10ea0e831268f14ee3eaa4bc5377a1da0","2026-10-07T04:02:35.600Z","name","Bachelor of Criminal Justice and Criminology"
"programme_5bccf35cec223829","swinburne-university-of-technology","https://www.swinburne.edu.au/course/undergraduate/bachelor-of-criminal-justice-and-criminology/","Bachelor of Criminal Justice and Criminology | Swinburne","dfeeb1ac35db9d78817b6a7ed4ecc3f10ea0e831268f14ee3eaa4bc5377a1da0","2026-10-07T04:02:35.600Z","detailUrl","https://www.swinburne.edu.au/course/undergraduate/bachelor-of-criminal-justice-and-criminology/"
"programme_5bccf35cec223829","swinburne-university-of-technology","https://www.swinburne.edu.au/course/undergraduate/bachelor-of-criminal-justice-and-criminology/","Bachelor of Criminal Justice and Criminology | Swinburne","dfeeb1ac35db9d78817b6a7ed4ecc3f10ea0e831268f14ee3eaa4bc5377a1da0","2026-10-07T04:02:35.600Z","description","Bachelor of Criminal Justice and Criminology is the 1st degree of its kind in Victoria. Study the causes, detection, prevention and sanctioning of criminal behavior."
"programme_7fdefeec4d224038","swinburne-university-of-technology","https://www.swinburne.edu.au/course/undergraduate/bachelor-of-business/","Bachelor of Business | Swinburne","ae1f059d5a84cce2e885b1f87f7c6fce8cf026d275e39efa653ac3471a370753","2026-10-07T04:02:38.224Z","name","Bachelor of Business"
"programme_7fdefeec4d224038","swinburne-university-of-technology","https://www.swinburne.edu.au/course/undergraduate/bachelor-of-business/","Bachelor of Business | Swinburne","ae1f059d5a84cce2e885b1f87f7c6fce8cf026d275e39efa653ac3471a370753","2026-10-07T04:02:38.224Z","detailUrl","https://www.swinburne.edu.au/course/undergraduate/bachelor-of-business/"
"programme_7fdefeec4d224038","swinburne-university-of-technology","https://www.swinburne.edu.au/course/undergraduate/bachelor-of-business/","Bachelor of Business | Swinburne","ae1f059d5a84cce2e885b1f87f7c6fce8cf026d275e39efa653ac3471a370753","2026-10-07T04:02:38.224Z","description","The Bachelor of Business equips graduates with core skills in business, management and operations. Specialise in 1 of 13 Majors. Industry-based learning is guaranteed"
"programme_2592b5188534aa87","swinburne-university-of-technology","https://www.swinburne.edu.au/course/undergraduate/bachelor-of-arts-bachelor-of-applied-innovation/climate-and-social-justice/","Bachelor of Arts / Bachelor of Applied Innovation, Major in Climate and Social Justice | Swinburne","e337a0e0b11d4d2d80aef988ee28af0ccff0a571e96c6270d529dbf795526ba3","2026-10-07T04:02:39.749Z","name","Bachelor of Arts/Bachelor of Applied Innovation"
"programme_2592b5188534aa87","swinburne-university-of-technology","https://www.swinburne.edu.au/course/undergraduate/bachelor-of-arts-bachelor-of-applied-innovation/climate-and-social-justice/","Bachelor of Arts / Bachelor of Applied Innovation, Major in Climate and Social Justice | Swinburne","e337a0e0b11d4d2d80aef988ee28af0ccff0a571e96c6270d529dbf795526ba3","2026-10-07T04:02:39.749Z","detailUrl","https://www.swinburne.edu.au/course/undergraduate/bachelor-of-arts-bachelor-of-applied-innovation/climate-and-social-justice/"
"programme_2592b5188534aa87","swinburne-university-of-technology","https://www.swinburne.edu.au/course/undergraduate/bachelor-of-arts-bachelor-of-applied-innovation/climate-and-social-justice/","Bachelor of Arts / Bachelor of Applied Innovation, Major in Climate and Social Justice | Swinburne","e337a0e0b11d4d2d80aef988ee28af0ccff0a571e96c6270d529dbf795526ba3","2026-10-07T04:02:39.749Z","description","Help shape society and the world we live in with a Bachelor of Arts / Bachelor of Applied Innovation. Learn to make impactful strategic decisions that solve complex challenges."
"programme_67c0a0512dc2b55b","swinburne-university-of-technology","https://www.swinburne.edu.au/course/undergraduate/bachelor-of-arts-bachelor-of-applied-innovation/criminology-and-social-change/","Bachelor of Arts / Bachelor of Applied Innovation, Major in Criminology and Social Change | Swinburne","364e5584dcf6ab3121417ad2d672ad7632119383a78a4a3f350c69f900da809b","2026-10-07T04:02:41.777Z","name","Bachelor of Arts/Bachelor of Applied Innovation"
"programme_67c0a0512dc2b55b","swinburne-university-of-technology","https://www.swinburne.edu.au/course/undergraduate/bachelor-of-arts-bachelor-of-applied-innovation/criminology-and-social-change/","Bachelor of Arts / Bachelor of Applied Innovation, Major in Criminology and Social Change | Swinburne","364e5584dcf6ab3121417ad2d672ad7632119383a78a4a3f350c69f900da809b","2026-10-07T04:02:41.777Z","detailUrl","https://www.swinburne.edu.au/course/undergraduate/bachelor-of-arts-bachelor-of-applied-innovation/criminology-and-social-change/"
"programme_67c0a0512dc2b55b","swinburne-university-of-technology","https://www.swinburne.edu.au/course/undergraduate/bachelor-of-arts-bachelor-of-applied-innovation/criminology-and-social-change/","Bachelor of Arts / Bachelor of Applied Innovation, Major in Criminology and Social Change | Swinburne","364e5584dcf6ab3121417ad2d672ad7632119383a78a4a3f350c69f900da809b","2026-10-07T04:02:41.777Z","description","Help shape society and the world we live in with a Bachelor of Arts / Bachelor of Applied Innovation. Learn to make impactful strategic decisions that solve complex challenges."
"programme_0868c86bcedaa166","swinburne-university-of-technology","https://www.swinburne.edu.au/course/undergraduate/bachelor-of-arts-bachelor-of-applied-innovation/ethics-and-technology/","Bachelor of Arts / Bachelor of Applied Innovation, Major in Ethics and Technology | Swinburne","e60a5611fc3834a3cf5e50d2f015fa26b66a973eeae19f1d93518940b52757b1","2026-10-07T04:02:43.777Z","name","Bachelor of Arts/Bachelor of Applied Innovation"
"programme_0868c86bcedaa166","swinburne-university-of-technology","https://www.swinburne.edu.au/course/undergraduate/bachelor-of-arts-bachelor-of-applied-innovation/ethics-and-technology/","Bachelor of Arts / Bachelor of Applied Innovation, Major in Ethics and Technology | Swinburne","e60a5611fc3834a3cf5e50d2f015fa26b66a973eeae19f1d93518940b52757b1","2026-10-07T04:02:43.777Z","detailUrl","https://www.swinburne.edu.au/course/undergraduate/bachelor-of-arts-bachelor-of-applied-innovation/ethics-and-technology/"
"programme_0868c86bcedaa166","swinburne-university-of-technology","https://www.swinburne.edu.au/course/undergraduate/bachelor-of-arts-bachelor-of-applied-innovation/ethics-and-technology/","Bachelor of Arts / Bachelor of Applied Innovation, Major in Ethics and Technology | Swinburne","e60a5611fc3834a3cf5e50d2f015fa26b66a973eeae19f1d93518940b52757b1","2026-10-07T04:02:43.777Z","description","Help shape society and the world we live in with a Bachelor of Arts / Bachelor of Applied Innovation. Learn to make impactful strategic decisions that solve complex challenges."
"programme_76d360b3e25bf98c","swinburne-university-of-technology","https://www.swinburne.edu.au/course/undergraduate/bachelor-of-arts-bachelor-of-applied-innovation/indigenous-studies/","Bachelor of Arts / Bachelor of Applied Innovation, Major in Indigenous Studies | Swinburne","25254730c19269bb56313199b23f771cb03b05378abc86a165cc7dbf1a5a0c6b","2026-10-07T04:02:45.825Z","name","Bachelor of Arts/Bachelor of Applied Innovation"
"programme_76d360b3e25bf98c","swinburne-university-of-technology","https://www.swinburne.edu.au/course/undergraduate/bachelor-of-arts-bachelor-of-applied-innovation/indigenous-studies/","Bachelor of Arts / Bachelor of Applied Innovation, Major in Indigenous Studies | Swinburne","25254730c19269bb56313199b23f771cb03b05378abc86a165cc7dbf1a5a0c6b","2026-10-07T04:02:45.825Z","detailUrl","https://www.swinburne.edu.au/course/undergraduate/bachelor-of-arts-bachelor-of-applied-innovation/indigenous-studies/"
"programme_76d360b3e25bf98c","swinburne-university-of-technology","https://www.swinburne.edu.au/course/undergraduate/bachelor-of-arts-bachelor-of-applied-innovation/indigenous-studies/","Bachelor of Arts / Bachelor of Applied Innovation, Major in Indigenous Studies | Swinburne","25254730c19269bb56313199b23f771cb03b05378abc86a165cc7dbf1a5a0c6b","2026-10-07T04:02:45.825Z","description","Help shape society and the world we live in with a Bachelor of Arts / Bachelor of Applied Innovation. Learn to make impactful strategic decisions that solve complex challenges."
"programme_1302dcb60b058a68","swinburne-university-of-technology","https://www.swinburne.edu.au/course/undergraduate/bachelor-of-arts-bachelor-of-applied-innovation/literature-and-creative-writing/","Bachelor of Arts / Bachelor of Applied Innovation, Major in Literature and Creative Writing | Swinburne","f7a521b70f30600b3f1f576c4ffc1c2619251092a51d60758f567ccfc65602dc","2026-10-07T04:02:47.778Z","name","Bachelor of Arts/Bachelor of Applied Innovation"
"programme_1302dcb60b058a68","swinburne-university-of-technology","https://www.swinburne.edu.au/course/undergraduate/bachelor-of-arts-bachelor-of-applied-innovation/literature-and-creative-writing/","Bachelor of Arts / Bachelor of Applied Innovation, Major in Literature and Creative Writing | Swinburne","f7a521b70f30600b3f1f576c4ffc1c2619251092a51d60758f567ccfc65602dc","2026-10-07T04:02:47.778Z","detailUrl","https://www.swinburne.edu.au/course/undergraduate/bachelor-of-arts-bachelor-of-applied-innovation/literature-and-creative-writing/"
"programme_1302dcb60b058a68","swinburne-university-of-technology","https://www.swinburne.edu.au/course/undergraduate/bachelor-of-arts-bachelor-of-applied-innovation/literature-and-creative-writing/","Bachelor of Arts / Bachelor of Applied Innovation, Major in Literature and Creative Writing | Swinburne","f7a521b70f30600b3f1f576c4ffc1c2619251092a51d60758f567ccfc65602dc","2026-10-07T04:02:47.778Z","description","Help shape society and the world we live in with a Bachelor of Arts / Bachelor of Applied Innovation. Learn to make impactful strategic decisions that solve complex challenges."
"programme_747afeab26e62254","swinburne-university-of-technology","https://www.swinburne.edu.au/course/undergraduate/bachelor-of-arts-bachelor-of-applied-innovation/perspectives-on-globalisation/","Bachelor of Arts / Bachelor of Applied Innovation, Major in Perspectives on Globalisation | Swinburne","4464a1b6cac4bf7fa2692e1580760eaddff2c3e4955251b091d34fd37608aa78","2026-10-07T04:02:49.765Z","name","Bachelor of Arts/Bachelor of Applied Innovation"
"programme_747afeab26e62254","swinburne-university-of-technology","https://www.swinburne.edu.au/course/undergraduate/bachelor-of-arts-bachelor-of-applied-innovation/perspectives-on-globalisation/","Bachelor of Arts / Bachelor of Applied Innovation, Major in Perspectives on Globalisation | Swinburne","4464a1b6cac4bf7fa2692e1580760eaddff2c3e4955251b091d34fd37608aa78","2026-10-07T04:02:49.765Z","detailUrl","https://www.swinburne.edu.au/course/undergraduate/bachelor-of-arts-bachelor-of-applied-innovation/perspectives-on-globalisation/"
"programme_747afeab26e62254","swinburne-university-of-technology","https://www.swinburne.edu.au/course/undergraduate/bachelor-of-arts-bachelor-of-applied-innovation/perspectives-on-globalisation/","Bachelor of Arts / Bachelor of Applied Innovation, Major in Perspectives on Globalisation | Swinburne","4464a1b6cac4bf7fa2692e1580760eaddff2c3e4955251b091d34fd37608aa78","2026-10-07T04:02:49.765Z","description","Help shape society and the world we live in with a Bachelor of Arts / Bachelor of Applied Innovation. Learn to make impactful strategic decisions that solve complex challenges."
"programme_cd80a2df31de025b","swinburne-university-of-technology","https://www.swinburne.edu.au/course/undergraduate/bachelor-of-arts-bachelor-of-applied-innovation/screen-studies-and-popular-culture/","Bachelor of Arts / Bachelor of Applied Innovation, Major in Screen Studies and Popular Culture | Swinburne","c9e48e6b80e48bd014fd7112801b79767ddaf5f9afc0c16c4a9a5f7aabef9392","2026-10-07T04:02:54.160Z","name","Bachelor of Arts/Bachelor of Applied Innovation"
"programme_cd80a2df31de025b","swinburne-university-of-technology","https://www.swinburne.edu.au/course/undergraduate/bachelor-of-arts-bachelor-of-applied-innovation/screen-studies-and-popular-culture/","Bachelor of Arts / Bachelor of Applied Innovation, Major in Screen Studies and Popular Culture | Swinburne","c9e48e6b80e48bd014fd7112801b79767ddaf5f9afc0c16c4a9a5f7aabef9392","2026-10-07T04:02:54.160Z","detailUrl","https://www.swinburne.edu.au/course/undergraduate/bachelor-of-arts-bachelor-of-applied-innovation/screen-studies-and-popular-culture/"
"programme_cd80a2df31de025b","swinburne-university-of-technology","https://www.swinburne.edu.au/course/undergraduate/bachelor-of-arts-bachelor-of-applied-innovation/screen-studies-and-popular-culture/","Bachelor of Arts / Bachelor of Applied Innovation, Major in Screen Studies and Popular Culture | Swinburne","c9e48e6b80e48bd014fd7112801b79767ddaf5f9afc0c16c4a9a5f7aabef9392","2026-10-07T04:02:54.160Z","description","Help shape society and the world we live in with a Bachelor of Arts / Bachelor of Applied Innovation. Learn to make impactful strategic decisions that solve complex challenges."
"programme_0207a5d3d28dae85","swinburne-university-of-technology","https://www.swinburne.edu.au/course/undergraduate/bachelor-of-arts-bachelor-of-applied-innovation/handbook/","Bachelor of Arts / Bachelor of Applied Innovation | Course handbook | Swinburne","87a0bf7b12206401128b43b680064b9396eccb2691e2e662d770ede90e85f009","2026-10-07T04:02:54.732Z","name","Bachelor of Arts/Bachelor of Applied Innovation"
"programme_0207a5d3d28dae85","swinburne-university-of-technology","https://www.swinburne.edu.au/course/undergraduate/bachelor-of-arts-bachelor-of-applied-innovation/handbook/","Bachelor of Arts / Bachelor of Applied Innovation | Course handbook | Swinburne","87a0bf7b12206401128b43b680064b9396eccb2691e2e662d770ede90e85f009","2026-10-07T04:02:54.732Z","detailUrl","https://www.swinburne.edu.au/course/undergraduate/bachelor-of-arts-bachelor-of-applied-innovation/handbook/"
"programme_0207a5d3d28dae85","swinburne-university-of-technology","https://www.swinburne.edu.au/course/undergraduate/bachelor-of-arts-bachelor-of-applied-innovation/handbook/","Bachelor of Arts / Bachelor of Applied Innovation | Course handbook | Swinburne","87a0bf7b12206401128b43b680064b9396eccb2691e2e662d770ede90e85f009","2026-10-07T04:02:54.732Z","description","The Course Handbook contains information about Bachelor of Arts / Bachelor of Applied Innovation including units, admission criteria and other helpful information for students of Swinburne University of Technology."
"programme_40c86d399a848075","swinburne-university-of-technology","https://www.swinburne.edu.au/course/undergraduate/bachelor-of-arts-bachelor-of-business/handbook/","Bachelor of Arts / Bachelor of Business | Course handbook | Swinburne","0d76d065d11fb665a8fa056061f9bf87fbafb69af2dd301816f88048180d0f2c","2026-10-07T04:02:56.866Z","name","Bachelor of Arts/Bachelor of Business"
"programme_40c86d399a848075","swinburne-university-of-technology","https://www.swinburne.edu.au/course/undergraduate/bachelor-of-arts-bachelor-of-business/handbook/","Bachelor of Arts / Bachelor of Business | Course handbook | Swinburne","0d76d065d11fb665a8fa056061f9bf87fbafb69af2dd301816f88048180d0f2c","2026-10-07T04:02:56.866Z","detailUrl","https://www.swinburne.edu.au/course/undergraduate/bachelor-of-arts-bachelor-of-business/handbook/"
"programme_40c86d399a848075","swinburne-university-of-technology","https://www.swinburne.edu.au/course/undergraduate/bachelor-of-arts-bachelor-of-business/handbook/","Bachelor of Arts / Bachelor of Business | Course handbook | Swinburne","0d76d065d11fb665a8fa056061f9bf87fbafb69af2dd301816f88048180d0f2c","2026-10-07T04:02:56.866Z","description","The Course Handbook contains information about Bachelor of Arts / Bachelor of Business including units, admission criteria and other helpful information for students of Swinburne University of Technology."
"programme_8fcbd35e6f605c19","swinburne-university-of-technology","https://www.swinburne.edu.au/course/undergraduate/bachelor-of-arts-bachelor-of-psychological-sciences/climate-and-social-justice/","Bachelor of Arts / Bachelor of Psychological Sciences majoring in Climate and Social Justice | Swinburne","5ab77bd8564d5917ac322b19c87e4bef449ad54849904d67c02db6752efbd276","2026-10-07T04:03:00.080Z","name","Bachelor of Arts/Bachelor of Psychological Sciences"
"programme_8fcbd35e6f605c19","swinburne-university-of-technology","https://www.swinburne.edu.au/course/undergraduate/bachelor-of-arts-bachelor-of-psychological-sciences/climate-and-social-justice/","Bachelor of Arts / Bachelor of Psychological Sciences majoring in Climate and Social Justice | Swinburne","5ab77bd8564d5917ac322b19c87e4bef449ad54849904d67c02db6752efbd276","2026-10-07T04:03:00.080Z","detailUrl","https://www.swinburne.edu.au/course/undergraduate/bachelor-of-arts-bachelor-of-psychological-sciences/climate-and-social-justice/"
"programme_8fcbd35e6f605c19","swinburne-university-of-technology","https://www.swinburne.edu.au/course/undergraduate/bachelor-of-arts-bachelor-of-psychological-sciences/climate-and-social-justice/","Bachelor of Arts / Bachelor of Psychological Sciences majoring in Climate and Social Justice | Swinburne","5ab77bd8564d5917ac322b19c87e4bef449ad54849904d67c02db6752efbd276","2026-10-07T04:03:00.080Z","description","Earn an APAC-accredited psychology degree and explore social change with a Bachelor of Arts."
"programme_5c3b6f3a1ce26c40","swinburne-university-of-technology","https://www.swinburne.edu.au/course/undergraduate/bachelor-of-arts-bachelor-of-psychological-sciences/ethics-and-technology/","Bachelor of Arts / Bachelor of Psychological Sciences majoring in Ethics and Technology | Swinburne","668600b58d6b6136282f00f46fdb9b5f907c8bad802af7451cd4e8a335c3d7e5","2026-10-07T04:03:04.006Z","name","Bachelor of Arts/Bachelor of Psychological Sciences"
"programme_5c3b6f3a1ce26c40","swinburne-university-of-technology","https://www.swinburne.edu.au/course/undergraduate/bachelor-of-arts-bachelor-of-psychological-sciences/ethics-and-technology/","Bachelor of Arts / Bachelor of Psychological Sciences majoring in Ethics and Technology | Swinburne","668600b58d6b6136282f00f46fdb9b5f907c8bad802af7451cd4e8a335c3d7e5","2026-10-07T04:03:04.006Z","detailUrl","https://www.swinburne.edu.au/course/undergraduate/bachelor-of-arts-bachelor-of-psychological-sciences/ethics-and-technology/"
"programme_5c3b6f3a1ce26c40","swinburne-university-of-technology","https://www.swinburne.edu.au/course/undergraduate/bachelor-of-arts-bachelor-of-psychological-sciences/ethics-and-technology/","Bachelor of Arts / Bachelor of Psychological Sciences majoring in Ethics and Technology | Swinburne","668600b58d6b6136282f00f46fdb9b5f907c8bad802af7451cd4e8a335c3d7e5","2026-10-07T04:03:04.006Z","description","Earn an APAC-accredited psychology degree and explore social change with a Bachelor of Arts."
"programme_e95ff6ce5a23c8ee","swinburne-university-of-technology","https://www.swinburne.edu.au/course/undergraduate/bachelor-of-arts-bachelor-of-psychological-sciences/indigenous-studies/","Bachelor of Arts / Bachelor of Psychological Sciences majoring in Indigenous Studies | Swinburne","38831f0c0605da860e746a624b5c904dac44e1b6719dd83f61c12ed696137a9a","2026-10-07T04:03:06.058Z","name","Bachelor of Arts/Bachelor of Psychological Sciences"
"programme_e95ff6ce5a23c8ee","swinburne-university-of-technology","https://www.swinburne.edu.au/course/undergraduate/bachelor-of-arts-bachelor-of-psychological-sciences/indigenous-studies/","Bachelor of Arts / Bachelor of Psychological Sciences majoring in Indigenous Studies | Swinburne","38831f0c0605da860e746a624b5c904dac44e1b6719dd83f61c12ed696137a9a","2026-10-07T04:03:06.058Z","detailUrl","https://www.swinburne.edu.au/course/undergraduate/bachelor-of-arts-bachelor-of-psychological-sciences/indigenous-studies/"
"programme_e95ff6ce5a23c8ee","swinburne-university-of-technology","https://www.swinburne.edu.au/course/undergraduate/bachelor-of-arts-bachelor-of-psychological-sciences/indigenous-studies/","Bachelor of Arts / Bachelor of Psychological Sciences majoring in Indigenous Studies | Swinburne","38831f0c0605da860e746a624b5c904dac44e1b6719dd83f61c12ed696137a9a","2026-10-07T04:03:06.058Z","description","Earn an APAC-accredited psychology degree and explore social change with a Bachelor of Arts."
"programme_b1568cbea2e43bca","swinburne-university-of-technology","https://www.swinburne.edu.au/course/undergraduate/bachelor-of-arts-bachelor-of-psychological-sciences/literature-and-creative-writing/","Bachelor of Arts / Bachelor of Psychological Sciences majoring in Literature and Creative Writing | Swinburne","30704df5aea1c5c2684dbcdf4ece2664f3a2938f4cd7aacd80d5bcb96cc62d1b","2026-10-07T04:03:08.002Z","name","Bachelor of Arts/Bachelor of Psychological Sciences"
"programme_b1568cbea2e43bca","swinburne-university-of-technology","https://www.swinburne.edu.au/course/undergraduate/bachelor-of-arts-bachelor-of-psychological-sciences/literature-and-creative-writing/","Bachelor of Arts / Bachelor of Psychological Sciences majoring in Literature and Creative Writing | Swinburne","30704df5aea1c5c2684dbcdf4ece2664f3a2938f4cd7aacd80d5bcb96cc62d1b","2026-10-07T04:03:08.002Z","detailUrl","https://www.swinburne.edu.au/course/undergraduate/bachelor-of-arts-bachelor-of-psychological-sciences/literature-and-creative-writing/"
"programme_b1568cbea2e43bca","swinburne-university-of-technology","https://www.swinburne.edu.au/course/undergraduate/bachelor-of-arts-bachelor-of-psychological-sciences/literature-and-creative-writing/","Bachelor of Arts / Bachelor of Psychological Sciences majoring in Literature and Creative Writing | Swinburne","30704df5aea1c5c2684dbcdf4ece2664f3a2938f4cd7aacd80d5bcb96cc62d1b","2026-10-07T04:03:08.002Z","description","Earn an APAC-accredited psychology degree and explore social change with a Bachelor of Arts."
"programme_a2ac39ab01e34c98","swinburne-university-of-technology","https://www.swinburne.edu.au/course/undergraduate/bachelor-of-arts-bachelor-of-psychological-sciences/perspectives-on-globalisation/","Bachelor of Arts / Bachelor of Psychological Sciences majoring in Perspectives on Globalisation | Swinburne","fadfaa515044d6f6f78166963c254bcea988c6db40acdee3ec39c86f783496a6","2026-10-07T04:03:10.111Z","name","Bachelor of Arts/Bachelor of Psychological Sciences"
"programme_a2ac39ab01e34c98","swinburne-university-of-technology","https://www.swinburne.edu.au/course/undergraduate/bachelor-of-arts-bachelor-of-psychological-sciences/perspectives-on-globalisation/","Bachelor of Arts / Bachelor of Psychological Sciences majoring in Perspectives on Globalisation | Swinburne","fadfaa515044d6f6f78166963c254bcea988c6db40acdee3ec39c86f783496a6","2026-10-07T04:03:10.111Z","detailUrl","https://www.swinburne.edu.au/course/undergraduate/bachelor-of-arts-bachelor-of-psychological-sciences/perspectives-on-globalisation/"
"programme_a2ac39ab01e34c98","swinburne-university-of-technology","https://www.swinburne.edu.au/course/undergraduate/bachelor-of-arts-bachelor-of-psychological-sciences/perspectives-on-globalisation/","Bachelor of Arts / Bachelor of Psychological Sciences majoring in Perspectives on Globalisation | Swinburne","fadfaa515044d6f6f78166963c254bcea988c6db40acdee3ec39c86f783496a6","2026-10-07T04:03:10.111Z","description","Learn how to support people in an increasingly complex world by becoming a mental health professional. This Bachelor of Psychological Sciences degree is accredited by the Australian Psychology Accreditation Council and the first step to becoming a psychologist. You'll study the scope of psychological science and complete a variety of research projects to develop your project management, research and report writing skill set. Combine with a Bachelor of Arts to widen your knowledge of what drives social change in contemporary society."
"programme_7acdfbf5620e25c9","tum-asia","https://tum-asia.edu.sg/undergraduate-studies/chemical-engineering/","Chemical Engineering – TUM Asia","ff8fd87f988cd70c39f17412685370962c46b87acf4a30d6ef798c571068b852","2026-10-07T04:28:24.482Z","name","Bachelor of Engineering in Chemical Engineering"
"programme_7acdfbf5620e25c9","tum-asia","https://tum-asia.edu.sg/undergraduate-studies/chemical-engineering/","Chemical Engineering – TUM Asia","ff8fd87f988cd70c39f17412685370962c46b87acf4a30d6ef798c571068b852","2026-10-07T04:28:24.482Z","description","The Bachelor of Engineering in Chemical Engineering is a 4-year full-time joint undergraduate programme delivered in Singapore and awarded jointly by the Technical University of Munich and the Singapore Institute of Technology. The programme equips students with Industry 4.0 skills in chemical engineering, including data engineering, additive manufacturing, laboratory practice and advanced process technologies."
"programme_7acdfbf5620e25c9","tum-asia","https://tum-asia.edu.sg/undergraduate-studies/chemical-engineering/","Chemical Engineering – TUM Asia","ff8fd87f988cd70c39f17412685370962c46b87acf4a30d6ef798c571068b852","2026-10-07T04:28:24.482Z","durationDisplay","P4Y"
"programme_7acdfbf5620e25c9","tum-asia","https://tum-asia.edu.sg/undergraduate-studies/chemical-engineering/","Chemical Engineering – TUM Asia","ff8fd87f988cd70c39f17412685370962c46b87acf4a30d6ef798c571068b852","2026-10-07T04:28:24.482Z","studyLevelRaw","Bachelor's Degree Programme"
"programme_94d4d876f6bd53ae","tum-asia","https://tum-asia.edu.sg/undergraduate-studies/electronics-and-data-engineering/","Electronics and Data Engineering – TUM Asia","c01508e61a50732a6cefc9311a541c89d0acf4538fe7113c530afcd6ea23d3a9","2026-10-07T04:28:28.060Z","name","Bachelor of Engineering in Electronics and Data Engineering"
"programme_94d4d876f6bd53ae","tum-asia","https://tum-asia.edu.sg/undergraduate-studies/electronics-and-data-engineering/","Electronics and Data Engineering – TUM Asia","c01508e61a50732a6cefc9311a541c89d0acf4538fe7113c530afcd6ea23d3a9","2026-10-07T04:28:28.060Z","description","The Bachelor of Engineering in Electronics and Data Engineering is a 4-year full-time joint undergraduate programme delivered in Singapore and awarded jointly by the Technical University of Munich and the Singapore Institute of Technology. The programme combines electronics and data engineering, equipping students with knowledge in semiconductor physics, circuit design, data science, machine learning, sensors, power electronics and advanced digital technologies for the electronics and semiconductor manufacturing sectors."
"programme_94d4d876f6bd53ae","tum-asia","https://tum-asia.edu.sg/undergraduate-studies/electronics-and-data-engineering/","Electronics and Data Engineering – TUM Asia","c01508e61a50732a6cefc9311a541c89d0acf4538fe7113c530afcd6ea23d3a9","2026-10-07T04:28:28.060Z","durationDisplay","P4Y"
"programme_94d4d876f6bd53ae","tum-asia","https://tum-asia.edu.sg/undergraduate-studies/electronics-and-data-engineering/","Electronics and Data Engineering – TUM Asia","c01508e61a50732a6cefc9311a541c89d0acf4538fe7113c530afcd6ea23d3a9","2026-10-07T04:28:28.060Z","studyLevelRaw","Bachelor's Degree Programme"
"programme_3d9ac9aa7fc76084","tum-asia","https://tum-asia.edu.sg/cn/undergraduate-studies/chemical-engineering/","Chemical Engineering – TUM Asia","9b4202c0be450d8712bf43a186254b49cff0c2c5e6bbbe548cd944fa6bc929b8","2026-10-07T04:28:32.915Z","name","Bachelor of Engineering in Chemical Engineering"
"programme_3d9ac9aa7fc76084","tum-asia","https://tum-asia.edu.sg/cn/undergraduate-studies/chemical-engineering/","Chemical Engineering – TUM Asia","9b4202c0be450d8712bf43a186254b49cff0c2c5e6bbbe548cd944fa6bc929b8","2026-10-07T04:28:32.915Z","description","The Bachelor of Engineering in Chemical Engineering is a 4-year full-time joint undergraduate programme delivered in Singapore and awarded jointly by the Technical University of Munich and the Singapore Institute of Technology. The programme equips students with Industry 4.0 skills in chemical engineering, including data engineering, additive manufacturing, laboratory practice and advanced process technologies."
"programme_3d9ac9aa7fc76084","tum-asia","https://tum-asia.edu.sg/cn/undergraduate-studies/chemical-engineering/","Chemical Engineering – TUM Asia","9b4202c0be450d8712bf43a186254b49cff0c2c5e6bbbe548cd944fa6bc929b8","2026-10-07T04:28:32.915Z","durationDisplay","P4Y"
"programme_3d9ac9aa7fc76084","tum-asia","https://tum-asia.edu.sg/cn/undergraduate-studies/chemical-engineering/","Chemical Engineering – TUM Asia","9b4202c0be450d8712bf43a186254b49cff0c2c5e6bbbe548cd944fa6bc929b8","2026-10-07T04:28:32.915Z","studyLevelRaw","Bachelor's Degree Programme"
"programme_f2b88e818863d5e0","tum-asia","https://tum-asia.edu.sg/cn/undergraduate-studies/electronics-and-data-engineering/","Electronics and Data Engineering – TUM Asia","8c7e24ee59e1b7de9eb2fbfe68696464020df5724b19330c5a4598b20d0fa49f","2026-10-07T04:28:36.031Z","name","Bachelor of Engineering in Electronics and Data Engineering"
"programme_f2b88e818863d5e0","tum-asia","https://tum-asia.edu.sg/cn/undergraduate-studies/electronics-and-data-engineering/","Electronics and Data Engineering – TUM Asia","8c7e24ee59e1b7de9eb2fbfe68696464020df5724b19330c5a4598b20d0fa49f","2026-10-07T04:28:36.031Z","description","The Bachelor of Engineering in Electronics and Data Engineering is a 4-year full-time joint undergraduate programme delivered in Singapore and awarded jointly by the Technical University of Munich and the Singapore Institute of Technology. The programme combines electronics and data engineering, equipping students with knowledge in semiconductor physics, circuit design, data science, machine learning, sensors, power electronics and advanced digital technologies for the electronics and semiconductor manufacturing sectors."
"programme_f2b88e818863d5e0","tum-asia","https://tum-asia.edu.sg/cn/undergraduate-studies/electronics-and-data-engineering/","Electronics and Data Engineering – TUM Asia","8c7e24ee59e1b7de9eb2fbfe68696464020df5724b19330c5a4598b20d0fa49f","2026-10-07T04:28:36.031Z","durationDisplay","P4Y"
"programme_f2b88e818863d5e0","tum-asia","https://tum-asia.edu.sg/cn/undergraduate-studies/electronics-and-data-engineering/","Electronics and Data Engineering – TUM Asia","8c7e24ee59e1b7de9eb2fbfe68696464020df5724b19330c5a4598b20d0fa49f","2026-10-07T04:28:36.031Z","studyLevelRaw","Bachelor's Degree Programme"
"programme_5c1664afc69ae3ba","university-of-birmingham","https://www.birmingham.ac.uk/study/visit-us/campus-tours","Campus tours - University of Birmingham","fc11b67561db7ca7e32a74c1ab4a189cdcefc031eb35bb7f56204027eb224c42","2026-10-07T04:05:50.261Z","name","Geotechnical Engineering MSc"
"programme_5c1664afc69ae3ba","university-of-birmingham","https://www.birmingham.ac.uk/study/visit-us/campus-tours","Campus tours - University of Birmingham","fc11b67561db7ca7e32a74c1ab4a189cdcefc031eb35bb7f56204027eb224c42","2026-10-07T04:05:50.261Z","description","Our Geotechnical Engineering course provides advanced training to civil engineers and geologists who wish to widen their knowledge or to specialise in the field of geotechnical engineering."
"programme_5c1664afc69ae3ba","university-of-birmingham","https://www.birmingham.ac.uk/study/visit-us/campus-tours","Campus tours - University of Birmingham","fc11b67561db7ca7e32a74c1ab4a189cdcefc031eb35bb7f56204027eb224c42","2026-10-07T04:05:50.261Z","studyLevelRaw","Postgraduate"
"programme_de681db4568f28fb","university-of-birmingham","https://www.birmingham.ac.uk/study/undergraduate/subjects/computer-science-courses","Undergraduate Computer Science courses - University of Birmingham","91427b6d9a2866c8318a0f44a0c0e4eabc11479d4c349e9d598ca16e68e176e3","2026-10-07T04:06:13.795Z","name","Computer Science BSc (Dubai)"
"programme_de681db4568f28fb","university-of-birmingham","https://www.birmingham.ac.uk/study/undergraduate/subjects/computer-science-courses","Undergraduate Computer Science courses - University of Birmingham","91427b6d9a2866c8318a0f44a0c0e4eabc11479d4c349e9d598ca16e68e176e3","2026-10-07T04:06:13.795Z","description","Looking for a BSc Computer Science course? Our programme offers the opportunity to learn about all kinds of computational systems, covering their design, development, and application. Apply now."
"programme_de681db4568f28fb","university-of-birmingham","https://www.birmingham.ac.uk/study/undergraduate/subjects/computer-science-courses","Undergraduate Computer Science courses - University of Birmingham","91427b6d9a2866c8318a0f44a0c0e4eabc11479d4c349e9d598ca16e68e176e3","2026-10-07T04:06:13.795Z","studyLevelRaw","Undergraduate"
"programme_879b184493eb746c","university-of-cambridge","https://www.undergraduate.study.cam.ac.uk/courses/engineering-ba-hons-meng","Engineering, BA (Hons) and MEng | Undergraduate Study","fa4e31828f6d0a9456bcc420b9e5ceb4e98b236df85a9c6c4c728e5507b70cb7","2026-10-07T05:50:41.506Z","name","Engineering, BA (Hons) and MEng"
"programme_879b184493eb746c","university-of-cambridge","https://www.undergraduate.study.cam.ac.uk/courses/engineering-ba-hons-meng","Engineering, BA (Hons) and MEng | Undergraduate Study","fa4e31828f6d0a9456bcc420b9e5ceb4e98b236df85a9c6c4c728e5507b70cb7","2026-10-07T05:50:41.506Z","detailUrl","https://www.undergraduate.study.cam.ac.uk/courses/engineering-ba-hons-meng"
"programme_879b184493eb746c","university-of-cambridge","https://www.undergraduate.study.cam.ac.uk/courses/engineering-ba-hons-meng","Engineering, BA (Hons) and MEng | Undergraduate Study","fa4e31828f6d0a9456bcc420b9e5ceb4e98b236df85a9c6c4c728e5507b70cb7","2026-10-07T05:50:41.506Z","description","Take your first step to becoming a Chartered Engineer. Gain the knowledge to solve real-world problems and apply your skills to projects and on placement."
"programme_879b184493eb746c","university-of-cambridge","https://www.undergraduate.study.cam.ac.uk/courses/engineering-ba-hons-meng","Engineering, BA (Hons) and MEng | Undergraduate Study","fa4e31828f6d0a9456bcc420b9e5ceb4e98b236df85a9c6c4c728e5507b70cb7","2026-10-07T05:50:41.506Z","studyLevelRaw","Undergraduate"
"programme_c404f4f2c2f074a1","university-of-cambridge","https://www.undergraduate.study.cam.ac.uk/courses/archaeology-ba-hons","Archaeology, BA (Hons) | Undergraduate Study","63ac38a3fba692ef5e63ecf96e5de138ab528b6a79c17853d4e602a28f887ef3","2026-10-07T05:50:43.550Z","name","Archaeology, BA (Hons)"
"programme_c404f4f2c2f074a1","university-of-cambridge","https://www.undergraduate.study.cam.ac.uk/courses/archaeology-ba-hons","Archaeology, BA (Hons) | Undergraduate Study","63ac38a3fba692ef5e63ecf96e5de138ab528b6a79c17853d4e602a28f887ef3","2026-10-07T05:50:43.550Z","detailUrl","https://www.undergraduate.study.cam.ac.uk/courses/archaeology-ba-hons"
"programme_c404f4f2c2f074a1","university-of-cambridge","https://www.undergraduate.study.cam.ac.uk/courses/archaeology-ba-hons","Archaeology, BA (Hons) | Undergraduate Study","63ac38a3fba692ef5e63ecf96e5de138ab528b6a79c17853d4e602a28f887ef3","2026-10-07T05:50:43.550Z","description","Fascinated by human history, evolution and cultures? Our flexible course covers archaeology, biological anthropology, Egyptology and Assyriology."
"programme_c404f4f2c2f074a1","university-of-cambridge","https://www.undergraduate.study.cam.ac.uk/courses/archaeology-ba-hons","Archaeology, BA (Hons) | Undergraduate Study","63ac38a3fba692ef5e63ecf96e5de138ab528b6a79c17853d4e602a28f887ef3","2026-10-07T05:50:43.550Z","studyLevelRaw","Undergraduate"
"programme_821943c67dd62a3e","university-of-cambridge","https://www.undergraduate.study.cam.ac.uk/courses/medicine-graduate-course-mb-bchir","Medicine (Graduate course), MB and BChir | Undergraduate Study","34c82829e7b65a6d8c322d9b0308c30af273ea0fbc4c7d9306821e0dfd7bd5f9","2026-10-07T05:50:45.577Z","name","Medicine (Graduate course), MB and BChir"
"programme_821943c67dd62a3e","university-of-cambridge","https://www.undergraduate.study.cam.ac.uk/courses/medicine-graduate-course-mb-bchir","Medicine (Graduate course), MB and BChir | Undergraduate Study","34c82829e7b65a6d8c322d9b0308c30af273ea0fbc4c7d9306821e0dfd7bd5f9","2026-10-07T05:50:45.577Z","detailUrl","https://www.undergraduate.study.cam.ac.uk/courses/medicine-graduate-course-mb-bchir"
"programme_821943c67dd62a3e","university-of-cambridge","https://www.undergraduate.study.cam.ac.uk/courses/medicine-graduate-course-mb-bchir","Medicine (Graduate course), MB and BChir | Undergraduate Study","34c82829e7b65a6d8c322d9b0308c30af273ea0fbc4c7d9306821e0dfd7bd5f9","2026-10-07T05:50:45.577Z","description","A 4-year course for graduates in any discipline looking to move into medicine. Study core medical science alongside clinical placements."
"programme_821943c67dd62a3e","university-of-cambridge","https://www.undergraduate.study.cam.ac.uk/courses/medicine-graduate-course-mb-bchir","Medicine (Graduate course), MB and BChir | Undergraduate Study","34c82829e7b65a6d8c322d9b0308c30af273ea0fbc4c7d9306821e0dfd7bd5f9","2026-10-07T05:50:45.577Z","studyLevelRaw","Undergraduate"
"programme_26300d3645f03f81","university-of-cambridge","https://www.undergraduate.study.cam.ac.uk/courses/medicine-mb-bchir","Medicine, MB and BChir | Undergraduate Study","c1fefa2caf647beab0a3f5af28ac2ef191d7ae99fc40c6814a1f66a3eb96dab1","2026-10-07T05:50:47.573Z","name","Medicine, MB and BChir"
"programme_26300d3645f03f81","university-of-cambridge","https://www.undergraduate.study.cam.ac.uk/courses/medicine-mb-bchir","Medicine, MB and BChir | Undergraduate Study","c1fefa2caf647beab0a3f5af28ac2ef191d7ae99fc40c6814a1f66a3eb96dab1","2026-10-07T05:50:47.573Z","detailUrl","https://www.undergraduate.study.cam.ac.uk/courses/medicine-mb-bchir"
"programme_26300d3645f03f81","university-of-cambridge","https://www.undergraduate.study.cam.ac.uk/courses/medicine-mb-bchir","Medicine, MB and BChir | Undergraduate Study","c1fefa2caf647beab0a3f5af28ac2ef191d7ae99fc40c6814a1f66a3eb96dab1","2026-10-07T05:50:47.573Z","description","Take your first step to a career in medicine. Gain scientific knowledge and skills, then apply them on clinical placements in hospitals and GP practices."
"programme_26300d3645f03f81","university-of-cambridge","https://www.undergraduate.study.cam.ac.uk/courses/medicine-mb-bchir","Medicine, MB and BChir | Undergraduate Study","c1fefa2caf647beab0a3f5af28ac2ef191d7ae99fc40c6814a1f66a3eb96dab1","2026-10-07T05:50:47.573Z","studyLevelRaw","Undergraduate"
"programme_84cf29e91d2ddac3","university-of-cambridge","https://www.undergraduate.study.cam.ac.uk/courses/classics-ba-hons","Classics, BA (Hons) | Undergraduate Study","be727106a5b0a0000627e5e2bed00b73033fd96c01e1a8bce4df71fec1ac7a1e","2026-10-07T05:50:49.524Z","name","Classics, BA (Hons)"
"programme_84cf29e91d2ddac3","university-of-cambridge","https://www.undergraduate.study.cam.ac.uk/courses/classics-ba-hons","Classics, BA (Hons) | Undergraduate Study","be727106a5b0a0000627e5e2bed00b73033fd96c01e1a8bce4df71fec1ac7a1e","2026-10-07T05:50:49.524Z","detailUrl","https://www.undergraduate.study.cam.ac.uk/courses/classics-ba-hons"
"programme_84cf29e91d2ddac3","university-of-cambridge","https://www.undergraduate.study.cam.ac.uk/courses/classics-ba-hons","Classics, BA (Hons) | Undergraduate Study","be727106a5b0a0000627e5e2bed00b73033fd96c01e1a8bce4df71fec1ac7a1e","2026-10-07T05:50:49.524Z","description","Explore the history and culture of Ancient Greece and Rome. Learn Latin and Greek, and pick from options including art, philosophy and linguistics."
"programme_84cf29e91d2ddac3","university-of-cambridge","https://www.undergraduate.study.cam.ac.uk/courses/classics-ba-hons","Classics, BA (Hons) | Undergraduate Study","be727106a5b0a0000627e5e2bed00b73033fd96c01e1a8bce4df71fec1ac7a1e","2026-10-07T05:50:49.524Z","studyLevelRaw","Undergraduate"
"programme_04d558259e698b80","university-of-cambridge","https://www.undergraduate.study.cam.ac.uk/courses/modern-medieval-languages-ba-hons","Modern and Medieval Languages, BA (Hons) | Undergraduate Study","171406f316d06b0620f3d656dfb996325fcc845a2e2228266293914eb1364d10","2026-10-07T05:50:51.597Z","name","Modern and Medieval Languages, BA (Hons)"
"programme_04d558259e698b80","university-of-cambridge","https://www.undergraduate.study.cam.ac.uk/courses/modern-medieval-languages-ba-hons","Modern and Medieval Languages, BA (Hons) | Undergraduate Study","171406f316d06b0620f3d656dfb996325fcc845a2e2228266293914eb1364d10","2026-10-07T05:50:51.597Z","detailUrl","https://www.undergraduate.study.cam.ac.uk/courses/modern-medieval-languages-ba-hons"
"programme_04d558259e698b80","university-of-cambridge","https://www.undergraduate.study.cam.ac.uk/courses/modern-medieval-languages-ba-hons","Modern and Medieval Languages, BA (Hons) | Undergraduate Study","171406f316d06b0620f3d656dfb996325fcc845a2e2228266293914eb1364d10","2026-10-07T05:50:51.597Z","description","Choose from a range of languages, including French, German, Russian and Spanish. Spend a year abroad immersing yourself in the culture."
"programme_04d558259e698b80","university-of-cambridge","https://www.undergraduate.study.cam.ac.uk/courses/modern-medieval-languages-ba-hons","Modern and Medieval Languages, BA (Hons) | Undergraduate Study","171406f316d06b0620f3d656dfb996325fcc845a2e2228266293914eb1364d10","2026-10-07T05:50:51.597Z","studyLevelRaw","Undergraduate"
"programme_1a62faa0eb2948e0","university-of-cambridge","https://www.undergraduate.study.cam.ac.uk/courses/theology-religion-philosophy-of-religion-ba-hons","Theology, Religion, and Philosophy of Religion, BA (Hons) | Undergraduate Study","0de8f5719debe09b01dd81fdb326f31b7789b5cd8690b91b2e2f0aa71ed5c2a5","2026-10-07T05:50:53.580Z","name","Theology, Religion, and Philosophy of Religion, BA (Hons)"
"programme_1a62faa0eb2948e0","university-of-cambridge","https://www.undergraduate.study.cam.ac.uk/courses/theology-religion-philosophy-of-religion-ba-hons","Theology, Religion, and Philosophy of Religion, BA (Hons) | Undergraduate Study","0de8f5719debe09b01dd81fdb326f31b7789b5cd8690b91b2e2f0aa71ed5c2a5","2026-10-07T05:50:53.580Z","detailUrl","https://www.undergraduate.study.cam.ac.uk/courses/theology-religion-philosophy-of-religion-ba-hons"
"programme_1a62faa0eb2948e0","university-of-cambridge","https://www.undergraduate.study.cam.ac.uk/courses/theology-religion-philosophy-of-religion-ba-hons","Theology, Religion, and Philosophy of Religion, BA (Hons) | Undergraduate Study","0de8f5719debe09b01dd81fdb326f31b7789b5cd8690b91b2e2f0aa71ed5c2a5","2026-10-07T05:50:53.580Z","description","Explore a range of approaches to faith, including history, philosophy and literature. Study a scriptural language and choose from a broad range of options."
"programme_1a62faa0eb2948e0","university-of-cambridge","https://www.undergraduate.study.cam.ac.uk/courses/theology-religion-philosophy-of-religion-ba-hons","Theology, Religion, and Philosophy of Religion, BA (Hons) | Undergraduate Study","0de8f5719debe09b01dd81fdb326f31b7789b5cd8690b91b2e2f0aa71ed5c2a5","2026-10-07T05:50:53.580Z","studyLevelRaw","Undergraduate"
"programme_4c7fecfe874b14eb","university-of-cambridge","https://www.undergraduate.study.cam.ac.uk/courses/asian-middle-eastern-studies-ba-hons","Asian and Middle Eastern Studies, BA (Hons) | Undergraduate Study","1d1f69bd806853e7b3afad63a3f2d1bca0568d1056e33f3901eb17ee5626cdf2","2026-10-07T05:50:55.540Z","name","Asian and Middle Eastern Studies, BA (Hons)"
"programme_4c7fecfe874b14eb","university-of-cambridge","https://www.undergraduate.study.cam.ac.uk/courses/asian-middle-eastern-studies-ba-hons","Asian and Middle Eastern Studies, BA (Hons) | Undergraduate Study","1d1f69bd806853e7b3afad63a3f2d1bca0568d1056e33f3901eb17ee5626cdf2","2026-10-07T05:50:55.540Z","detailUrl","https://www.undergraduate.study.cam.ac.uk/courses/asian-middle-eastern-studies-ba-hons"
"programme_4c7fecfe874b14eb","university-of-cambridge","https://www.undergraduate.study.cam.ac.uk/courses/asian-middle-eastern-studies-ba-hons","Asian and Middle Eastern Studies, BA (Hons) | Undergraduate Study","1d1f69bd806853e7b3afad63a3f2d1bca0568d1056e33f3901eb17ee5626cdf2","2026-10-07T05:50:55.540Z","description","Explore the languages and cultures of Asia and the Middle East, including Chinese, Japanese and Arabic. Spend a year abroad immersing yourself in the culture."
"programme_4c7fecfe874b14eb","university-of-cambridge","https://www.undergraduate.study.cam.ac.uk/courses/asian-middle-eastern-studies-ba-hons","Asian and Middle Eastern Studies, BA (Hons) | Undergraduate Study","1d1f69bd806853e7b3afad63a3f2d1bca0568d1056e33f3901eb17ee5626cdf2","2026-10-07T05:50:55.540Z","studyLevelRaw","Undergraduate"
"programme_b60a6e346c3379f9","university-of-cambridge","https://www.undergraduate.study.cam.ac.uk/courses/english-ba-hons","English, BA (Hons) | Undergraduate Study","89cf8ac9eb4412ffac161640e38304304153c94cba9d1baac6579b37f15e74ab","2026-10-07T05:50:59.734Z","name","English, BA (Hons)"
"programme_b60a6e346c3379f9","university-of-cambridge","https://www.undergraduate.study.cam.ac.uk/courses/english-ba-hons","English, BA (Hons) | Undergraduate Study","89cf8ac9eb4412ffac161640e38304304153c94cba9d1baac6579b37f15e74ab","2026-10-07T05:50:59.734Z","detailUrl","https://www.undergraduate.study.cam.ac.uk/courses/english-ba-hons"
"programme_b60a6e346c3379f9","university-of-cambridge","https://www.undergraduate.study.cam.ac.uk/courses/english-ba-hons","English, BA (Hons) | Undergraduate Study","89cf8ac9eb4412ffac161640e38304304153c94cba9d1baac6579b37f15e74ab","2026-10-07T05:50:59.734Z","description","Develop your critical skills and expand your imagination. Pick from options including Medieval texts, postcolonial literature and visual culture."
"programme_b60a6e346c3379f9","university-of-cambridge","https://www.undergraduate.study.cam.ac.uk/courses/english-ba-hons","English, BA (Hons) | Undergraduate Study","89cf8ac9eb4412ffac161640e38304304153c94cba9d1baac6579b37f15e74ab","2026-10-07T05:50:59.734Z","studyLevelRaw","Undergraduate"
"programme_6dcd6abe68ddf57e","university-of-cambridge","https://www.undergraduate.study.cam.ac.uk/courses/anglo-saxon-norse-celtic-ba-hons","Anglo-Saxon, Norse, and Celtic, BA (Hons) | Undergraduate Study","07289ae01ae4d4afd18227e06f8269e08a1788de75318bcc7294e53ef6945743","2026-10-07T05:51:01.619Z","name","Anglo-Saxon, Norse, and Celtic, BA (Hons)"
"programme_6dcd6abe68ddf57e","university-of-cambridge","https://www.undergraduate.study.cam.ac.uk/courses/anglo-saxon-norse-celtic-ba-hons","Anglo-Saxon, Norse, and Celtic, BA (Hons) | Undergraduate Study","07289ae01ae4d4afd18227e06f8269e08a1788de75318bcc7294e53ef6945743","2026-10-07T05:51:01.619Z","detailUrl","https://www.undergraduate.study.cam.ac.uk/courses/anglo-saxon-norse-celtic-ba-hons"
"programme_6dcd6abe68ddf57e","university-of-cambridge","https://www.undergraduate.study.cam.ac.uk/courses/anglo-saxon-norse-celtic-ba-hons","Anglo-Saxon, Norse, and Celtic, BA (Hons) | Undergraduate Study","07289ae01ae4d4afd18227e06f8269e08a1788de75318bcc7294e53ef6945743","2026-10-07T05:51:01.619Z","description","Explore the history, literature and languages of early medieval Britain, Ireland and Scandinavia, from Celtic languages to Viking exploits."
"programme_6dcd6abe68ddf57e","university-of-cambridge","https://www.undergraduate.study.cam.ac.uk/courses/anglo-saxon-norse-celtic-ba-hons","Anglo-Saxon, Norse, and Celtic, BA (Hons) | Undergraduate Study","07289ae01ae4d4afd18227e06f8269e08a1788de75318bcc7294e53ef6945743","2026-10-07T05:51:01.619Z","studyLevelRaw","Undergraduate"
"programme_f7b9f8c3cc20ef8a","university-of-cambridge","https://www.undergraduate.study.cam.ac.uk/courses/human-social-political-sciences-ba-hons","Human, Social, and Political Sciences, BA (Hons) | Undergraduate Study","aeb150d1611f5eb15841ddbe71bf75feffe3e6a66d3b2c045f25acabfb3f0dfe","2026-10-07T05:51:03.603Z","name","Human, Social, and Political Sciences, BA (Hons)"
"programme_f7b9f8c3cc20ef8a","university-of-cambridge","https://www.undergraduate.study.cam.ac.uk/courses/human-social-political-sciences-ba-hons","Human, Social, and Political Sciences, BA (Hons) | Undergraduate Study","aeb150d1611f5eb15841ddbe71bf75feffe3e6a66d3b2c045f25acabfb3f0dfe","2026-10-07T05:51:03.603Z","detailUrl","https://www.undergraduate.study.cam.ac.uk/courses/human-social-political-sciences-ba-hons"
"programme_f7b9f8c3cc20ef8a","university-of-cambridge","https://www.undergraduate.study.cam.ac.uk/courses/human-social-political-sciences-ba-hons","Human, Social, and Political Sciences, BA (Hons) | Undergraduate Study","aeb150d1611f5eb15841ddbe71bf75feffe3e6a66d3b2c045f25acabfb3f0dfe","2026-10-07T05:51:03.603Z","description","Study politics and international relations, social anthropology and sociology. Specialise in 1 or 2 subjects. Options include religious studies or criminology."
"programme_f7b9f8c3cc20ef8a","university-of-cambridge","https://www.undergraduate.study.cam.ac.uk/courses/human-social-political-sciences-ba-hons","Human, Social, and Political Sciences, BA (Hons) | Undergraduate Study","aeb150d1611f5eb15841ddbe71bf75feffe3e6a66d3b2c045f25acabfb3f0dfe","2026-10-07T05:51:03.603Z","studyLevelRaw","Undergraduate"
"programme_80bd6fa909f550a9","university-of-cambridge","https://www.undergraduate.study.cam.ac.uk/courses/architecture-ba-hons-march","Architecture, BA (Hons) and MArch | Undergraduate Study","94f7ed8f80835a956f20989e930c7fa4750015017d500744d82a08c9690286ee","2026-10-07T05:51:05.624Z","name","Architecture, BA (Hons) and MArch"
"programme_80bd6fa909f550a9","university-of-cambridge","https://www.undergraduate.study.cam.ac.uk/courses/architecture-ba-hons-march","Architecture, BA (Hons) and MArch | Undergraduate Study","94f7ed8f80835a956f20989e930c7fa4750015017d500744d82a08c9690286ee","2026-10-07T05:51:05.624Z","detailUrl","https://www.undergraduate.study.cam.ac.uk/courses/architecture-ba-hons-march"
"programme_80bd6fa909f550a9","university-of-cambridge","https://www.undergraduate.study.cam.ac.uk/courses/architecture-ba-hons-march","Architecture, BA (Hons) and MArch | Undergraduate Study","94f7ed8f80835a956f20989e930c7fa4750015017d500744d82a08c9690286ee","2026-10-07T05:51:05.624Z","description","Take your first step to qualifying as an architect. Combine arts, sciences and creativity, mixing studio work with architectural theory, design and more."
"programme_80bd6fa909f550a9","university-of-cambridge","https://www.undergraduate.study.cam.ac.uk/courses/architecture-ba-hons-march","Architecture, BA (Hons) and MArch | Undergraduate Study","94f7ed8f80835a956f20989e930c7fa4750015017d500744d82a08c9690286ee","2026-10-07T05:51:05.624Z","studyLevelRaw","Undergraduate"
"programme_7a0c1eaea6435997","university-of-cambridge","https://www.undergraduate.study.cam.ac.uk/courses/design-ba-hons-mdes","Design, BA (Hons) and MDes | Undergraduate Study","b838f13c243442cd67d5a303f2924d5b690a7f553f24d6070ed972c54d015331","2026-10-07T05:51:07.597Z","name","Design, BA (Hons) and MDes"
"programme_7a0c1eaea6435997","university-of-cambridge","https://www.undergraduate.study.cam.ac.uk/courses/design-ba-hons-mdes","Design, BA (Hons) and MDes | Undergraduate Study","b838f13c243442cd67d5a303f2924d5b690a7f553f24d6070ed972c54d015331","2026-10-07T05:51:07.597Z","detailUrl","https://www.undergraduate.study.cam.ac.uk/courses/design-ba-hons-mdes"
"programme_7a0c1eaea6435997","university-of-cambridge","https://www.undergraduate.study.cam.ac.uk/courses/design-ba-hons-mdes","Design, BA (Hons) and MDes | Undergraduate Study","b838f13c243442cd67d5a303f2924d5b690a7f553f24d6070ed972c54d015331","2026-10-07T05:51:07.597Z","description","Explore a mix of architecture, engineering and materials science to design solutions to global problems. Combine studio work, workshops and theory."
"programme_7a0c1eaea6435997","university-of-cambridge","https://www.undergraduate.study.cam.ac.uk/courses/design-ba-hons-mdes","Design, BA (Hons) and MDes | Undergraduate Study","b838f13c243442cd67d5a303f2924d5b690a7f553f24d6070ed972c54d015331","2026-10-07T05:51:07.597Z","studyLevelRaw","Undergraduate"
"programme_4e46205af6b14b6d","university-of-cambridge","https://www.undergraduate.study.cam.ac.uk/courses/history-of-art-ba-hons","History of Art, BA (Hons) | Undergraduate Study","f82925f7320c5b73743d28687bba603276147028541c8757b99c75a98d007091","2026-10-07T05:51:09.630Z","name","History of Art, BA (Hons)"
"programme_4e46205af6b14b6d","university-of-cambridge","https://www.undergraduate.study.cam.ac.uk/courses/history-of-art-ba-hons","History of Art, BA (Hons) | Undergraduate Study","f82925f7320c5b73743d28687bba603276147028541c8757b99c75a98d007091","2026-10-07T05:51:09.630Z","detailUrl","https://www.undergraduate.study.cam.ac.uk/courses/history-of-art-ba-hons"
"programme_4e46205af6b14b6d","university-of-cambridge","https://www.undergraduate.study.cam.ac.uk/courses/history-of-art-ba-hons","History of Art, BA (Hons) | Undergraduate Study","f82925f7320c5b73743d28687bba603276147028541c8757b99c75a98d007091","2026-10-07T05:51:09.630Z","description","Explore art history and architecture from the Middle Ages to the 21st century. Learn about art criticism and how art is displayed and experienced."
"programme_4e46205af6b14b6d","university-of-cambridge","https://www.undergraduate.study.cam.ac.uk/courses/history-of-art-ba-hons","History of Art, BA (Hons) | Undergraduate Study","f82925f7320c5b73743d28687bba603276147028541c8757b99c75a98d007091","2026-10-07T05:51:09.630Z","studyLevelRaw","Undergraduate"
"programme_77e049206ce75843","university-of-cambridge","https://www.undergraduate.study.cam.ac.uk/courses/natural-sciences-ba-hons-msci","Natural Sciences, BA (Hons) and MSci | Undergraduate Study","cdce09c72182d671a0b2c7d64ec7575e21e903b1ea82f21ee148511056ee67f2","2026-10-07T05:51:11.611Z","name","Natural Sciences, BA (Hons) and MSci"
"programme_77e049206ce75843","university-of-cambridge","https://www.undergraduate.study.cam.ac.uk/courses/natural-sciences-ba-hons-msci","Natural Sciences, BA (Hons) and MSci | Undergraduate Study","cdce09c72182d671a0b2c7d64ec7575e21e903b1ea82f21ee148511056ee67f2","2026-10-07T05:51:11.611Z","detailUrl","https://www.undergraduate.study.cam.ac.uk/courses/natural-sciences-ba-hons-msci"
"programme_77e049206ce75843","university-of-cambridge","https://www.undergraduate.study.cam.ac.uk/courses/natural-sciences-ba-hons-msci","Natural Sciences, BA (Hons) and MSci | Undergraduate Study","cdce09c72182d671a0b2c7d64ec7575e21e903b1ea82f21ee148511056ee67f2","2026-10-07T05:51:11.611Z","description","Study science, choosing from fields including biology, chemistry and physics. Explore broadly, or specialise in an area such as genetics or astrophysics."
"programme_77e049206ce75843","university-of-cambridge","https://www.undergraduate.study.cam.ac.uk/courses/natural-sciences-ba-hons-msci","Natural Sciences, BA (Hons) and MSci | Undergraduate Study","cdce09c72182d671a0b2c7d64ec7575e21e903b1ea82f21ee148511056ee67f2","2026-10-07T05:51:11.611Z","studyLevelRaw","Undergraduate"
"programme_47cb12bf2715af32","university-of-cambridge","https://www.undergraduate.study.cam.ac.uk/courses/chemical-engineering-biotechnology-ba-hons-meng","Chemical Engineering and Biotechnology, BA (Hons) and MEng | Undergraduate Study","92cc1c9637a10c3597cf5e6f19b65978bdf14f861dabdd063a58bfcddb53bc48","2026-10-07T05:51:15.621Z","name","Chemical Engineering and Biotechnology, BA (Hons) and MEng"
"programme_47cb12bf2715af32","university-of-cambridge","https://www.undergraduate.study.cam.ac.uk/courses/chemical-engineering-biotechnology-ba-hons-meng","Chemical Engineering and Biotechnology, BA (Hons) and MEng | Undergraduate Study","92cc1c9637a10c3597cf5e6f19b65978bdf14f861dabdd063a58bfcddb53bc48","2026-10-07T05:51:15.621Z","detailUrl","https://www.undergraduate.study.cam.ac.uk/courses/chemical-engineering-biotechnology-ba-hons-meng"
"programme_47cb12bf2715af32","university-of-cambridge","https://www.undergraduate.study.cam.ac.uk/courses/chemical-engineering-biotechnology-ba-hons-meng","Chemical Engineering and Biotechnology, BA (Hons) and MEng | Undergraduate Study","92cc1c9637a10c3597cf5e6f19b65978bdf14f861dabdd063a58bfcddb53bc48","2026-10-07T05:51:15.621Z","description","Gain the product and process design skills to help solve humanity's greatest challenges. Take your first step to becoming a Chartered Engineer."
"programme_47cb12bf2715af32","university-of-cambridge","https://www.undergraduate.study.cam.ac.uk/courses/chemical-engineering-biotechnology-ba-hons-meng","Chemical Engineering and Biotechnology, BA (Hons) and MEng | Undergraduate Study","92cc1c9637a10c3597cf5e6f19b65978bdf14f861dabdd063a58bfcddb53bc48","2026-10-07T05:51:15.621Z","studyLevelRaw","Undergraduate"
"programme_9619d2f51f2aaddc","university-of-cambridge","https://www.undergraduate.study.cam.ac.uk/courses/computer-science-ba-hons-meng","Computer Science, BA (Hons) and MEng | Undergraduate Study","5aa290fa89568d1325bf06f965445aa26d59dc9aae28423774d6895f6080ffab","2026-10-07T05:51:17.639Z","name","Computer Science, BA (Hons) and MEng"
"programme_9619d2f51f2aaddc","university-of-cambridge","https://www.undergraduate.study.cam.ac.uk/courses/computer-science-ba-hons-meng","Computer Science, BA (Hons) and MEng | Undergraduate Study","5aa290fa89568d1325bf06f965445aa26d59dc9aae28423774d6895f6080ffab","2026-10-07T05:51:17.639Z","detailUrl","https://www.undergraduate.study.cam.ac.uk/courses/computer-science-ba-hons-meng"
"programme_9619d2f51f2aaddc","university-of-cambridge","https://www.undergraduate.study.cam.ac.uk/courses/computer-science-ba-hons-meng","Computer Science, BA (Hons) and MEng | Undergraduate Study","5aa290fa89568d1325bf06f965445aa26d59dc9aae28423774d6895f6080ffab","2026-10-07T05:51:17.639Z","description","Gain the skills to work on the technology of the future. Explore programming, interaction design and AI, and show your creativity with projects."
"programme_9619d2f51f2aaddc","university-of-cambridge","https://www.undergraduate.study.cam.ac.uk/courses/computer-science-ba-hons-meng","Computer Science, BA (Hons) and MEng | Undergraduate Study","5aa290fa89568d1325bf06f965445aa26d59dc9aae28423774d6895f6080ffab","2026-10-07T05:51:17.639Z","studyLevelRaw","Undergraduate"
"programme_ce4538beffa6fec2","university-of-cambridge","https://www.undergraduate.study.cam.ac.uk/courses/law-ba-hons","Law, BA (Hons) | Undergraduate Study","4a674bbe64abe8b85e8ba2e5350f563334a3e854c77da615af2bc17d2d55a1d2","2026-10-07T05:51:19.471Z","name","Law, BA (Hons)"
"programme_ce4538beffa6fec2","university-of-cambridge","https://www.undergraduate.study.cam.ac.uk/courses/law-ba-hons","Law, BA (Hons) | Undergraduate Study","4a674bbe64abe8b85e8ba2e5350f563334a3e854c77da615af2bc17d2d55a1d2","2026-10-07T05:51:19.471Z","detailUrl","https://www.undergraduate.study.cam.ac.uk/courses/law-ba-hons"
"programme_ce4538beffa6fec2","university-of-cambridge","https://www.undergraduate.study.cam.ac.uk/courses/law-ba-hons","Law, BA (Hons) | Undergraduate Study","4a674bbe64abe8b85e8ba2e5350f563334a3e854c77da615af2bc17d2d55a1d2","2026-10-07T05:51:19.471Z","description","Take your first step to qualifying as a solicitor or barrister. Known as an LLB at other universities, our course covers English law and more."
"programme_ce4538beffa6fec2","university-of-cambridge","https://www.undergraduate.study.cam.ac.uk/courses/law-ba-hons","Law, BA (Hons) | Undergraduate Study","4a674bbe64abe8b85e8ba2e5350f563334a3e854c77da615af2bc17d2d55a1d2","2026-10-07T05:51:19.471Z","studyLevelRaw","Undergraduate"
"programme_a78d76faea0546b8","university-of-cambridge","https://www.undergraduate.study.cam.ac.uk/courses/education-ba-hons","Education, BA (Hons) | Undergraduate Study","7ef2dbf4a2afc1b33a998ee20493a65c94f8f6f876a93abf4df6b7389d50172d","2026-10-07T05:51:21.658Z","name","Education, BA (Hons)"
"programme_a78d76faea0546b8","university-of-cambridge","https://www.undergraduate.study.cam.ac.uk/courses/education-ba-hons","Education, BA (Hons) | Undergraduate Study","7ef2dbf4a2afc1b33a998ee20493a65c94f8f6f876a93abf4df6b7389d50172d","2026-10-07T05:51:21.658Z","detailUrl","https://www.undergraduate.study.cam.ac.uk/courses/education-ba-hons"
"programme_a78d76faea0546b8","university-of-cambridge","https://www.undergraduate.study.cam.ac.uk/courses/education-ba-hons","Education, BA (Hons) | Undergraduate Study","7ef2dbf4a2afc1b33a998ee20493a65c94f8f6f876a93abf4df6b7389d50172d","2026-10-07T05:51:21.658Z","description","Explore what education means in childhood and beyond, the development of the mind and learning in different socioeconomic and political contexts."
"programme_a78d76faea0546b8","university-of-cambridge","https://www.undergraduate.study.cam.ac.uk/courses/education-ba-hons","Education, BA (Hons) | Undergraduate Study","7ef2dbf4a2afc1b33a998ee20493a65c94f8f6f876a93abf4df6b7389d50172d","2026-10-07T05:51:21.658Z","studyLevelRaw","Undergraduate"
"programme_c6ecf69c8b02d598","university-of-cambridge","https://www.undergraduate.study.cam.ac.uk/courses/economics-ba-hons","Economics, BA (Hons) | Undergraduate Study","08ed82a5aa039f9b923bba1d859505646e94ba1934025d94c7db1cd70d587ada","2026-10-07T05:51:23.665Z","name","Economics, BA (Hons)"
"programme_c6ecf69c8b02d598","university-of-cambridge","https://www.undergraduate.study.cam.ac.uk/courses/economics-ba-hons","Economics, BA (Hons) | Undergraduate Study","08ed82a5aa039f9b923bba1d859505646e94ba1934025d94c7db1cd70d587ada","2026-10-07T05:51:23.665Z","detailUrl","https://www.undergraduate.study.cam.ac.uk/courses/economics-ba-hons"
"programme_c6ecf69c8b02d598","university-of-cambridge","https://www.undergraduate.study.cam.ac.uk/courses/economics-ba-hons","Economics, BA (Hons) | Undergraduate Study","08ed82a5aa039f9b923bba1d859505646e94ba1934025d94c7db1cd70d587ada","2026-10-07T05:51:23.665Z","description","Explore core economics alongside its historical and political context. Gain statistical and analytical skills and learn to work with data."
"programme_c6ecf69c8b02d598","university-of-cambridge","https://www.undergraduate.study.cam.ac.uk/courses/economics-ba-hons","Economics, BA (Hons) | Undergraduate Study","08ed82a5aa039f9b923bba1d859505646e94ba1934025d94c7db1cd70d587ada","2026-10-07T05:51:23.665Z","studyLevelRaw","Undergraduate"
"programme_98530b0f185b1ad3","university-of-cambridge","https://www.undergraduate.study.cam.ac.uk/courses/environment-law-economics-ba-hons","Environment, Law, and Economics, BA (Hons) | Undergraduate Study","60663ff7c959259b886849459785681978ade46923d49413b587e264a265f338","2026-10-07T05:51:25.688Z","name","Environment, Law, and Economics, BA (Hons)"
"programme_98530b0f185b1ad3","university-of-cambridge","https://www.undergraduate.study.cam.ac.uk/courses/environment-law-economics-ba-hons","Environment, Law, and Economics, BA (Hons) | Undergraduate Study","60663ff7c959259b886849459785681978ade46923d49413b587e264a265f338","2026-10-07T05:51:25.688Z","detailUrl","https://www.undergraduate.study.cam.ac.uk/courses/environment-law-economics-ba-hons"
"programme_98530b0f185b1ad3","university-of-cambridge","https://www.undergraduate.study.cam.ac.uk/courses/environment-law-economics-ba-hons","Environment, Law, and Economics, BA (Hons) | Undergraduate Study","60663ff7c959259b886849459785681978ade46923d49413b587e264a265f338","2026-10-07T05:51:25.688Z","description","Previously called Land Economy. Learn how law and economics relate to built and natural environments. Explore topics like international development and real estate."
"programme_98530b0f185b1ad3","university-of-cambridge","https://www.undergraduate.study.cam.ac.uk/courses/environment-law-economics-ba-hons","Environment, Law, and Economics, BA (Hons) | Undergraduate Study","60663ff7c959259b886849459785681978ade46923d49413b587e264a265f338","2026-10-07T05:51:25.688Z","studyLevelRaw","Undergraduate"
"programme_64a2a9cccc6ac4ae","university-of-cambridge","https://www.undergraduate.study.cam.ac.uk/courses/linguistics-ba-hons","Linguistics, BA (Hons) | Undergraduate Study","dfb51447d5b8edbdbcd3310aae6137dcb3f6395a4e4166b0161895dcebc4e001","2026-10-07T05:51:27.811Z","name","Linguistics, BA (Hons)"
"programme_64a2a9cccc6ac4ae","university-of-cambridge","https://www.undergraduate.study.cam.ac.uk/courses/linguistics-ba-hons","Linguistics, BA (Hons) | Undergraduate Study","dfb51447d5b8edbdbcd3310aae6137dcb3f6395a4e4166b0161895dcebc4e001","2026-10-07T05:51:27.811Z","detailUrl","https://www.undergraduate.study.cam.ac.uk/courses/linguistics-ba-hons"
"programme_64a2a9cccc6ac4ae","university-of-cambridge","https://www.undergraduate.study.cam.ac.uk/courses/linguistics-ba-hons","Linguistics, BA (Hons) | Undergraduate Study","dfb51447d5b8edbdbcd3310aae6137dcb3f6395a4e4166b0161895dcebc4e001","2026-10-07T05:51:27.811Z","description","Are you fascinated by human language? Study sound, structure and meaning, and explore options such as language acquisition and variation."
"programme_64a2a9cccc6ac4ae","university-of-cambridge","https://www.undergraduate.study.cam.ac.uk/courses/linguistics-ba-hons","Linguistics, BA (Hons) | Undergraduate Study","dfb51447d5b8edbdbcd3310aae6137dcb3f6395a4e4166b0161895dcebc4e001","2026-10-07T05:51:27.811Z","studyLevelRaw","Undergraduate"
"programme_06b806b1f1e00b67","university-of-cambridge","https://www.undergraduate.study.cam.ac.uk/courses/geography-ba-hons","Geography, BA (Hons) | Undergraduate Study","fba5c0b647c711a723b0ae0f48f134e7fd5b4a00c929b64c5e7976462ea4d806","2026-10-07T05:51:29.750Z","name","Geography, BA (Hons)"
"programme_06b806b1f1e00b67","university-of-cambridge","https://www.undergraduate.study.cam.ac.uk/courses/geography-ba-hons","Geography, BA (Hons) | Undergraduate Study","fba5c0b647c711a723b0ae0f48f134e7fd5b4a00c929b64c5e7976462ea4d806","2026-10-07T05:51:29.750Z","detailUrl","https://www.undergraduate.study.cam.ac.uk/courses/geography-ba-hons"
"programme_06b806b1f1e00b67","university-of-cambridge","https://www.undergraduate.study.cam.ac.uk/courses/geography-ba-hons","Geography, BA (Hons) | Undergraduate Study","fba5c0b647c711a723b0ae0f48f134e7fd5b4a00c929b64c5e7976462ea4d806","2026-10-07T05:51:29.750Z","description","Explore human and physical geography. Study the biggest global challenges we face, such as pandemics, inequality and the climate emergency."
"programme_06b806b1f1e00b67","university-of-cambridge","https://www.undergraduate.study.cam.ac.uk/courses/geography-ba-hons","Geography, BA (Hons) | Undergraduate Study","fba5c0b647c711a723b0ae0f48f134e7fd5b4a00c929b64c5e7976462ea4d806","2026-10-07T05:51:29.750Z","studyLevelRaw","Undergraduate"
"programme_746ed2bcf0f60b8f","university-of-cambridge","https://www.undergraduate.study.cam.ac.uk/courses/history-modern-languages-ba-hons","History and Modern Languages, BA (Hons) | Undergraduate Study","10cc2ae7313789d49531cb117f0429096398253934249a9441fe62b1267d01d6","2026-10-07T05:51:31.736Z","name","History and Modern Languages, BA (Hons)"
"programme_746ed2bcf0f60b8f","university-of-cambridge","https://www.undergraduate.study.cam.ac.uk/courses/history-modern-languages-ba-hons","History and Modern Languages, BA (Hons) | Undergraduate Study","10cc2ae7313789d49531cb117f0429096398253934249a9441fe62b1267d01d6","2026-10-07T05:51:31.736Z","detailUrl","https://www.undergraduate.study.cam.ac.uk/courses/history-modern-languages-ba-hons"
"programme_746ed2bcf0f60b8f","university-of-cambridge","https://www.undergraduate.study.cam.ac.uk/courses/history-modern-languages-ba-hons","History and Modern Languages, BA (Hons) | Undergraduate Study","10cc2ae7313789d49531cb117f0429096398253934249a9441fe62b1267d01d6","2026-10-07T05:51:31.736Z","description","Explore literature, history and culture in a modern language alongside the study of history. Spend a year abroad perfecting your language skills."
"programme_746ed2bcf0f60b8f","university-of-cambridge","https://www.undergraduate.study.cam.ac.uk/courses/history-modern-languages-ba-hons","History and Modern Languages, BA (Hons) | Undergraduate Study","10cc2ae7313789d49531cb117f0429096398253934249a9441fe62b1267d01d6","2026-10-07T05:51:31.736Z","studyLevelRaw","Undergraduate"
"programme_bbd29c3ab9df0bf8","university-of-cambridge","https://www.undergraduate.study.cam.ac.uk/courses/linguistics-modern-languages-ba-hons","Linguistics and Modern Languages, BA (Hons) | Undergraduate Study","0b30dfb4e0c7b9f2fbac64559b358cefdc5fbfb2e5f9e3766f72c1f2592d1fa5","2026-10-07T05:51:33.749Z","name","Linguistics and Modern Languages, BA (Hons)"
"programme_bbd29c3ab9df0bf8","university-of-cambridge","https://www.undergraduate.study.cam.ac.uk/courses/linguistics-modern-languages-ba-hons","Linguistics and Modern Languages, BA (Hons) | Undergraduate Study","0b30dfb4e0c7b9f2fbac64559b358cefdc5fbfb2e5f9e3766f72c1f2592d1fa5","2026-10-07T05:51:33.749Z","detailUrl","https://www.undergraduate.study.cam.ac.uk/courses/linguistics-modern-languages-ba-hons"
"programme_bbd29c3ab9df0bf8","university-of-cambridge","https://www.undergraduate.study.cam.ac.uk/courses/linguistics-modern-languages-ba-hons","Linguistics and Modern Languages, BA (Hons) | Undergraduate Study","0b30dfb4e0c7b9f2fbac64559b358cefdc5fbfb2e5f9e3766f72c1f2592d1fa5","2026-10-07T05:51:33.749Z","description","Combine the study of linguistics with one modern language Options include French and Spanish. Explore the scientifics of language and study abroad."
"programme_bbd29c3ab9df0bf8","university-of-cambridge","https://www.undergraduate.study.cam.ac.uk/courses/linguistics-modern-languages-ba-hons","Linguistics and Modern Languages, BA (Hons) | Undergraduate Study","0b30dfb4e0c7b9f2fbac64559b358cefdc5fbfb2e5f9e3766f72c1f2592d1fa5","2026-10-07T05:51:33.749Z","studyLevelRaw","Undergraduate"
"programme_8337c69cb8ae9842","university-of-cambridge","https://www.undergraduate.study.cam.ac.uk/courses/history-ba-hons","History, BA (Hons) | Undergraduate Study","73df2157b1ea772b83b99dfaf414078b57bfefb10f988f799116a6b67f34cd11","2026-10-07T05:51:35.815Z","name","History, BA (Hons)"
"programme_8337c69cb8ae9842","university-of-cambridge","https://www.undergraduate.study.cam.ac.uk/courses/history-ba-hons","History, BA (Hons) | Undergraduate Study","73df2157b1ea772b83b99dfaf414078b57bfefb10f988f799116a6b67f34cd11","2026-10-07T05:51:35.815Z","detailUrl","https://www.undergraduate.study.cam.ac.uk/courses/history-ba-hons"
"programme_8337c69cb8ae9842","university-of-cambridge","https://www.undergraduate.study.cam.ac.uk/courses/history-ba-hons","History, BA (Hons) | Undergraduate Study","73df2157b1ea772b83b99dfaf414078b57bfefb10f988f799116a6b67f34cd11","2026-10-07T05:51:35.815Z","description","Explore 3,000 years of history from all around the world. Choose from options including British history, Ancient Greece and modern Africa."
"programme_8337c69cb8ae9842","university-of-cambridge","https://www.undergraduate.study.cam.ac.uk/courses/history-ba-hons","History, BA (Hons) | Undergraduate Study","73df2157b1ea772b83b99dfaf414078b57bfefb10f988f799116a6b67f34cd11","2026-10-07T05:51:35.815Z","studyLevelRaw","Undergraduate"
"programme_87ff3deea3d204b6","university-of-cambridge","https://www.undergraduate.study.cam.ac.uk/courses/history-politics-ba-hons","History and Politics, BA (Hons) | Undergraduate Study","27f7810875f1a6412602f811eba13ae17f7dafe1035851b9bbec18d59c896e6c","2026-10-07T05:51:37.709Z","name","History and Politics, BA (Hons)"
"programme_87ff3deea3d204b6","university-of-cambridge","https://www.undergraduate.study.cam.ac.uk/courses/history-politics-ba-hons","History and Politics, BA (Hons) | Undergraduate Study","27f7810875f1a6412602f811eba13ae17f7dafe1035851b9bbec18d59c896e6c","2026-10-07T05:51:37.709Z","detailUrl","https://www.undergraduate.study.cam.ac.uk/courses/history-politics-ba-hons"
"programme_87ff3deea3d204b6","university-of-cambridge","https://www.undergraduate.study.cam.ac.uk/courses/history-politics-ba-hons","History and Politics, BA (Hons) | Undergraduate Study","27f7810875f1a6412602f811eba13ae17f7dafe1035851b9bbec18d59c896e6c","2026-10-07T05:51:37.709Z","description","Explore both history and politics, choosing from options such as American history, political thought and international relations."
"programme_87ff3deea3d204b6","university-of-cambridge","https://www.undergraduate.study.cam.ac.uk/courses/history-politics-ba-hons","History and Politics, BA (Hons) | Undergraduate Study","27f7810875f1a6412602f811eba13ae17f7dafe1035851b9bbec18d59c896e6c","2026-10-07T05:51:37.709Z","studyLevelRaw","Undergraduate"
"programme_7a2945687acfb19a","university-of-cambridge","https://www.undergraduate.study.cam.ac.uk/courses/mathematics-ba-hons-mmath","Mathematics, BA (Hons) and MMath | Undergraduate Study","42351099f787d2c2269b03a0786605fd5d91bbf45094dacdd9d369e70504019a","2026-10-07T05:51:39.842Z","name","Mathematics, BA (Hons) and MMath"
"programme_7a2945687acfb19a","university-of-cambridge","https://www.undergraduate.study.cam.ac.uk/courses/mathematics-ba-hons-mmath","Mathematics, BA (Hons) and MMath | Undergraduate Study","42351099f787d2c2269b03a0786605fd5d91bbf45094dacdd9d369e70504019a","2026-10-07T05:51:39.842Z","detailUrl","https://www.undergraduate.study.cam.ac.uk/courses/mathematics-ba-hons-mmath"
"programme_7a2945687acfb19a","university-of-cambridge","https://www.undergraduate.study.cam.ac.uk/courses/mathematics-ba-hons-mmath","Mathematics, BA (Hons) and MMath | Undergraduate Study","42351099f787d2c2269b03a0786605fd5d91bbf45094dacdd9d369e70504019a","2026-10-07T05:51:39.842Z","description","Explore maths, from statistics and number theory to general relativity and cryptography. Study pure and applied mathematics, or combine maths with physics."
"programme_7a2945687acfb19a","university-of-cambridge","https://www.undergraduate.study.cam.ac.uk/courses/mathematics-ba-hons-mmath","Mathematics, BA (Hons) and MMath | Undergraduate Study","42351099f787d2c2269b03a0786605fd5d91bbf45094dacdd9d369e70504019a","2026-10-07T05:51:39.842Z","studyLevelRaw","Undergraduate"
"programme_b4bc0d37acb60d26","university-of-cambridge","https://www.undergraduate.study.cam.ac.uk/courses/music-ba-hons","Music, BA (Hons) | Undergraduate Study","371bee92fe2f92a8402e336a419ce84698f7564067d855c700bf2bef67a74546","2026-10-07T05:51:41.713Z","name","Music, BA (Hons)"
"programme_b4bc0d37acb60d26","university-of-cambridge","https://www.undergraduate.study.cam.ac.uk/courses/music-ba-hons","Music, BA (Hons) | Undergraduate Study","371bee92fe2f92a8402e336a419ce84698f7564067d855c700bf2bef67a74546","2026-10-07T05:51:41.713Z","detailUrl","https://www.undergraduate.study.cam.ac.uk/courses/music-ba-hons"
"programme_b4bc0d37acb60d26","university-of-cambridge","https://www.undergraduate.study.cam.ac.uk/courses/music-ba-hons","Music, BA (Hons) | Undergraduate Study","371bee92fe2f92a8402e336a419ce84698f7564067d855c700bf2bef67a74546","2026-10-07T05:51:41.713Z","description","Study areas such as music theory and history, or develop your composition skills. Focus on your interests, from pop music to developing as a performer."
"programme_b4bc0d37acb60d26","university-of-cambridge","https://www.undergraduate.study.cam.ac.uk/courses/music-ba-hons","Music, BA (Hons) | Undergraduate Study","371bee92fe2f92a8402e336a419ce84698f7564067d855c700bf2bef67a74546","2026-10-07T05:51:41.713Z","studyLevelRaw","Undergraduate"
"programme_701ec8f2515d3bd2","university-of-cambridge","https://www.undergraduate.study.cam.ac.uk/courses/philosophy-ba-hons","Philosophy, BA (Hons) | Undergraduate Study","ca6dae05ef0941114679009ac63a2be76e3522338bde6a7a89bc9fa473359a74","2026-10-07T05:51:43.754Z","name","Philosophy, BA (Hons)"
"programme_701ec8f2515d3bd2","university-of-cambridge","https://www.undergraduate.study.cam.ac.uk/courses/philosophy-ba-hons","Philosophy, BA (Hons) | Undergraduate Study","ca6dae05ef0941114679009ac63a2be76e3522338bde6a7a89bc9fa473359a74","2026-10-07T05:51:43.754Z","detailUrl","https://www.undergraduate.study.cam.ac.uk/courses/philosophy-ba-hons"
"programme_701ec8f2515d3bd2","university-of-cambridge","https://www.undergraduate.study.cam.ac.uk/courses/philosophy-ba-hons","Philosophy, BA (Hons) | Undergraduate Study","ca6dae05ef0941114679009ac63a2be76e3522338bde6a7a89bc9fa473359a74","2026-10-07T05:51:43.754Z","description","Explore metaphysics, ethics, meaning, logic and more. Specialise in areas such as political philosophy, Greek and Roman philosophy or aesthetics."
"programme_701ec8f2515d3bd2","university-of-cambridge","https://www.undergraduate.study.cam.ac.uk/courses/philosophy-ba-hons","Philosophy, BA (Hons) | Undergraduate Study","ca6dae05ef0941114679009ac63a2be76e3522338bde6a7a89bc9fa473359a74","2026-10-07T05:51:43.754Z","studyLevelRaw","Undergraduate"
"programme_32406681d92558fa","university-of-cambridge","https://www.undergraduate.study.cam.ac.uk/courses/psychological-behavioural-sciences-ba-hons","Psychological and Behavioural Sciences, BA (Hons) | Undergraduate Study","c39823caee8fd4e851559e22e4de1c6810a1845d1ca7d8989f2ba2eb1cf78f2b","2026-10-07T05:51:45.733Z","name","Psychological and Behavioural Sciences, BA (Hons)"
"programme_32406681d92558fa","university-of-cambridge","https://www.undergraduate.study.cam.ac.uk/courses/psychological-behavioural-sciences-ba-hons","Psychological and Behavioural Sciences, BA (Hons) | Undergraduate Study","c39823caee8fd4e851559e22e4de1c6810a1845d1ca7d8989f2ba2eb1cf78f2b","2026-10-07T05:51:45.733Z","detailUrl","https://www.undergraduate.study.cam.ac.uk/courses/psychological-behavioural-sciences-ba-hons"
"programme_32406681d92558fa","university-of-cambridge","https://www.undergraduate.study.cam.ac.uk/courses/psychological-behavioural-sciences-ba-hons","Psychological and Behavioural Sciences, BA (Hons) | Undergraduate Study","c39823caee8fd4e851559e22e4de1c6810a1845d1ca7d8989f2ba2eb1cf78f2b","2026-10-07T05:51:45.733Z","description","Take your first step to a career in psychology. Explore experimental psychology, social and developmental psychology, neuroscience and more."
"programme_32406681d92558fa","university-of-cambridge","https://www.undergraduate.study.cam.ac.uk/courses/psychological-behavioural-sciences-ba-hons","Psychological and Behavioural Sciences, BA (Hons) | Undergraduate Study","c39823caee8fd4e851559e22e4de1c6810a1845d1ca7d8989f2ba2eb1cf78f2b","2026-10-07T05:51:45.733Z","studyLevelRaw","Undergraduate"
"programme_242cb8ffa34b6366","university-of-queensland","https://study.uq.edu.au/study-options/programs/bachelor-advanced-business-honours-2139","Bachelor of Advanced Business (Honours) - Study - The University of Queensland","8be4237009606a56ceba93442d5c26bf0068b166f399033f1c6e2dc33e461195","2026-10-07T03:58:00.623Z","name","Bachelor of Advanced Business (Honours)"
"programme_242cb8ffa34b6366","university-of-queensland","https://study.uq.edu.au/study-options/programs/bachelor-advanced-business-honours-2139","Bachelor of Advanced Business (Honours) - Study - The University of Queensland","8be4237009606a56ceba93442d5c26bf0068b166f399033f1c6e2dc33e461195","2026-10-07T03:58:00.623Z","description","Combine advanced coursework and authentic learning experiences to succeed in top-tier business, strategy and consulting roles."
"programme_3b969d9d4aea562e","university-of-queensland","https://study.uq.edu.au/study-options/programs/bachelor-advanced-finance-and-economics-honours-2140","Bachelor of Advanced Finance and Economics (Honours) - Study - The University of Queensland","39f0176e6c51a4df743692b635ac10ab8dee18c5308452d58c21cf19886f07ce","2026-10-07T03:58:02.411Z","name","Bachelor of Advanced Finance and Economics (Honours)"
"programme_3b969d9d4aea562e","university-of-queensland","https://study.uq.edu.au/study-options/programs/bachelor-advanced-finance-and-economics-honours-2140","Bachelor of Advanced Finance and Economics (Honours) - Study - The University of Queensland","39f0176e6c51a4df743692b635ac10ab8dee18c5308452d58c21cf19886f07ce","2026-10-07T03:58:02.411Z","description","Become a leading economist, investment banker, fund manager or consultant. Work at the trading desk of a global bank, a private equity firm, an economic consultancy or the Reserve Bank."
"programme_f51dc001b4318ac0","university-of-queensland","https://study.uq.edu.au/study-options/programs/bachelor-advanced-humanities-honours-2414","Bachelor of Advanced Humanities (Honours) - Study - The University of Queensland","fa12b12a0c1160ab84c61cc4d7266cb3a0f3357e664b7436c582a5d43cc9978e","2026-10-07T03:58:04.640Z","name","Bachelor of Advanced Humanities (Honours)"
"programme_f51dc001b4318ac0","university-of-queensland","https://study.uq.edu.au/study-options/programs/bachelor-advanced-humanities-honours-2414","Bachelor of Advanced Humanities (Honours) - Study - The University of Queensland","fa12b12a0c1160ab84c61cc4d7266cb3a0f3357e664b7436c582a5d43cc9978e","2026-10-07T03:58:04.640Z","description","Examine complex global and cultural issues through interdisciplinary humanities study."
"programme_07c83afc3b6b31d7","university-of-queensland","https://study.uq.edu.au/study-options/programs/bachelor-advanced-science-honours-2516","Bachelor of Advanced Science (Honours) - Study - The University of Queensland","2a5e48a5bdc6f3132ca30fb3409c442f05a96b984536976511d989edcce61a1a","2026-10-07T03:58:07.857Z","name","Bachelor of Advanced Science (Honours)"
"programme_07c83afc3b6b31d7","university-of-queensland","https://study.uq.edu.au/study-options/programs/bachelor-advanced-science-honours-2516","Bachelor of Advanced Science (Honours) - Study - The University of Queensland","2a5e48a5bdc6f3132ca30fb3409c442f05a96b984536976511d989edcce61a1a","2026-10-07T03:58:07.857Z","description","Take your scientific potential to the next level and sharpen your critical thinking and analytical skills for a career in research and industry with this elite 4-year program."
"programme_d7195f32b4cac006","university-of-queensland","https://study.uq.edu.au/study-options/programs/bachelor-agribusiness-2007","Bachelor of Agribusiness - Study - The University of Queensland","ed04e503fcf0d65a101d2a619b00449189421aa1e8afe29393a742b94b4d917e","2026-10-07T03:58:09.735Z","name","Bachelor of Agribusiness"
"programme_d7195f32b4cac006","university-of-queensland","https://study.uq.edu.au/study-options/programs/bachelor-agribusiness-2007","Bachelor of Agribusiness - Study - The University of Queensland","ed04e503fcf0d65a101d2a619b00449189421aa1e8afe29393a742b94b4d917e","2026-10-07T03:58:09.735Z","description","Prepare for a successful business career in the thriving agricultural industry."
"programme_cc49bff4aa14f3db","university-of-queensland","https://study.uq.edu.au/study-options/programs/graduate-certificate-agribusiness-5007","Graduate Certificate in Agribusiness - Study - The University of Queensland","73537769f750145aa2f1d92b12af1bee13fa81b9a85dda4dc2dbe27d6fe9d3f2","2026-10-07T03:58:12.178Z","name","Graduate Certificate in Agribusiness"
"programme_cc49bff4aa14f3db","university-of-queensland","https://study.uq.edu.au/study-options/programs/graduate-certificate-agribusiness-5007","Graduate Certificate in Agribusiness - Study - The University of Queensland","73537769f750145aa2f1d92b12af1bee13fa81b9a85dda4dc2dbe27d6fe9d3f2","2026-10-07T03:58:12.178Z","description","Develop a keen market focus, commercial awareness, and an innovative and international outlook to succeed in the food and fibre industries."
"programme_df4cb4a445a79d70","university-of-queensland","https://study.uq.edu.au/study-options/programs/graduate-diploma-agribusiness-5736","Graduate Diploma in Agribusiness - Study - The University of Queensland","4435230f2f74a94e2fc076ac7ae07b850fe64de3065c03910a6da9d6e8948b96","2026-10-07T03:58:14.608Z","name","Graduate Diploma in Agribusiness"
"programme_df4cb4a445a79d70","university-of-queensland","https://study.uq.edu.au/study-options/programs/graduate-diploma-agribusiness-5736","Graduate Diploma in Agribusiness - Study - The University of Queensland","4435230f2f74a94e2fc076ac7ae07b850fe64de3065c03910a6da9d6e8948b96","2026-10-07T03:58:14.608Z","description","Develop a keen market focus, commercial awareness, and an innovative and international outlook to succeed in the food and fibre industries."
"programme_16c76b4f02943a35","university-of-queensland","https://study.uq.edu.au/study-options/programs/master-agribusiness-5562","Master of Agribusiness - Study - The University of Queensland","0bd11a8f893ebeb540c8cf2dbe231dab44d9d4d4b092efb746b7d63e0da29261","2026-10-07T03:58:16.493Z","name","Master of Agribusiness"
"programme_16c76b4f02943a35","university-of-queensland","https://study.uq.edu.au/study-options/programs/master-agribusiness-5562","Master of Agribusiness - Study - The University of Queensland","0bd11a8f893ebeb540c8cf2dbe231dab44d9d4d4b092efb746b7d63e0da29261","2026-10-07T03:58:16.493Z","description","Develop a keen market focus, commercial awareness, and an innovative and international outlook to succeed in the food and fibre industries."
"programme_5c7c4b49add4ab03","university-of-queensland","https://study.uq.edu.au/study-options/programs/bachelors-agribusiness-agricultural-science-2584","Bachelors of Agribusiness / Agricultural Science - Study - The University of Queensland","1eb03692b14c42a67bf7c2cb6944901c551a4bccb8b749ae32b8ad7e8c52fde8","2026-10-07T03:58:18.404Z","name","Bachelors of Agribusiness / Agricultural Science"
"programme_5c7c4b49add4ab03","university-of-queensland","https://study.uq.edu.au/study-options/programs/bachelors-agribusiness-agricultural-science-2584","Bachelors of Agribusiness / Agricultural Science - Study - The University of Queensland","1eb03692b14c42a67bf7c2cb6944901c551a4bccb8b749ae32b8ad7e8c52fde8","2026-10-07T03:58:18.404Z","description","Build a career shaping the future of agriculture, food systems and agribusiness."
"programme_0f2880cc28aa8c47","university-of-queensland","https://study.uq.edu.au/study-options/programs/bachelor-agricultural-science-2583","Bachelor of Agricultural Science - Study - The University of Queensland","3da4936ab05c6e151d57f63526fd00327db7067f5a909ec526cf3def2a31de6f","2026-10-07T03:58:20.857Z","name","Bachelor of Agricultural Science"
"programme_0f2880cc28aa8c47","university-of-queensland","https://study.uq.edu.au/study-options/programs/bachelor-agricultural-science-2583","Bachelor of Agricultural Science - Study - The University of Queensland","3da4936ab05c6e151d57f63526fd00327db7067f5a909ec526cf3def2a31de6f","2026-10-07T03:58:20.857Z","description","Build a career shaping the future of agriculture and food systems."
"programme_374768b6dc76a735","university-of-queensland","https://study.uq.edu.au/study-options/programs/graduate-certificate-agricultural-science-5561","Graduate Certificate in Agricultural Science - Study - The University of Queensland","08e939a6ff82477948729ce61d179177d36d14682dae2f47e98b54b8cc63e402","2026-10-07T03:58:22.783Z","name","Graduate Certificate in Agricultural Science"
"programme_374768b6dc76a735","university-of-queensland","https://study.uq.edu.au/study-options/programs/graduate-certificate-agricultural-science-5561","Graduate Certificate in Agricultural Science - Study - The University of Queensland","08e939a6ff82477948729ce61d179177d36d14682dae2f47e98b54b8cc63e402","2026-10-07T03:58:22.783Z","description","Gain the skills to tackle global environmental challenges and improve agricultural practices anywhere in the world."
"programme_2f2095cfd98ed2b7","university-of-queensland","https://study.uq.edu.au/study-options/programs/graduate-diploma-agricultural-science-5737","Graduate Diploma in Agricultural Science - Study - The University of Queensland","6fa8c71c49ec2717f79f15290cad8ab9031d20f020dc0fbb4a42cd1f3c5ac9a7","2026-10-07T03:58:24.838Z","name","Graduate Diploma in Agricultural Science"
"programme_2f2095cfd98ed2b7","university-of-queensland","https://study.uq.edu.au/study-options/programs/graduate-diploma-agricultural-science-5737","Graduate Diploma in Agricultural Science - Study - The University of Queensland","6fa8c71c49ec2717f79f15290cad8ab9031d20f020dc0fbb4a42cd1f3c5ac9a7","2026-10-07T03:58:24.838Z","description","Gain the skills to tackle global environmental challenges and improve agricultural practices anywhere in the world."
"programme_a6590339efdae493","university-of-queensland","https://study.uq.edu.au/study-options/programs/master-agricultural-science-5564","Master of Agricultural Science - Study - The University of Queensland","c2e05d1e90f2230bb6d55167676d9b5a763eae8d120cb70caab140594052b7ba","2026-10-07T03:58:26.698Z","name","Master of Agricultural Science"
"programme_a6590339efdae493","university-of-queensland","https://study.uq.edu.au/study-options/programs/master-agricultural-science-5564","Master of Agricultural Science - Study - The University of Queensland","c2e05d1e90f2230bb6d55167676d9b5a763eae8d120cb70caab140594052b7ba","2026-10-07T03:58:26.698Z","description","Master the science to tackle global environmental challenges and improve agricultural practices anywhere in the world."
"programme_e09baae347ef341c","university-of-queensland","https://study.uq.edu.au/study-options/programs/bachelor-agricultural-science-honours-2450","Bachelor of Agricultural Science (Honours) - Study - The University of Queensland","338a55fc10b33036f8f8f2847fb553f9cbf374389cfa11463bb72aa387e0332d","2026-10-07T03:58:28.245Z","name","Bachelor of Agricultural Science (Honours)"
"programme_e09baae347ef341c","university-of-queensland","https://study.uq.edu.au/study-options/programs/bachelor-agricultural-science-honours-2450","Bachelor of Agricultural Science (Honours) - Study - The University of Queensland","338a55fc10b33036f8f8f2847fb553f9cbf374389cfa11463bb72aa387e0332d","2026-10-07T03:58:28.245Z","description","Deepen your knowledge, enhance your research skills, and prepare for a dynamic career in agricultural research or industry leadership."
"programme_48c35719ca1ff2ac","university-of-queensland","https://study.uq.edu.au/study-options/programs/graduate-certificate-animal-science-5565","Graduate Certificate in Animal Science - Study - The University of Queensland","2fa7d044042f5e0a395a6cd11532cefa80a99bf88bdb22501c7b03277c38cb64","2026-10-07T03:58:30.622Z","name","Graduate Certificate in Animal Science"
"programme_48c35719ca1ff2ac","university-of-queensland","https://study.uq.edu.au/study-options/programs/graduate-certificate-animal-science-5565","Graduate Certificate in Animal Science - Study - The University of Queensland","2fa7d044042f5e0a395a6cd11532cefa80a99bf88bdb22501c7b03277c38cb64","2026-10-07T03:58:30.622Z","description","Advance your skills with leading animal science courses and develop specialisations for further study."
"programme_1f74598b206462e9","university-of-queensland","https://study.uq.edu.au/study-options/programs/master-animal-science-5571","Master of Animal Science - Study - The University of Queensland","2e77351646ae77a40a00f1d74f435321b672c9024f15cf9314e80e8cc50ac686","2026-10-07T03:58:31.093Z","name","Master of Animal Science"
"programme_1f74598b206462e9","university-of-queensland","https://study.uq.edu.au/study-options/programs/master-animal-science-5571","Master of Animal Science - Study - The University of Queensland","2e77351646ae77a40a00f1d74f435321b672c9024f15cf9314e80e8cc50ac686","2026-10-07T03:58:31.093Z","description","Master core skills in animal science to meet the global challenges associated with feeding the world and maintaining the environment."
"programme_f8a7ce530c8505a5","university-of-queensland","https://study.uq.edu.au/study-options/programs/graduate-certificate-applied-linguistics-5463","Graduate Certificate in Applied Linguistics - Study - The University of Queensland","fc23ce4befa80c2f51c5c88082439881fc5fa214c44e2b02eabab9a94a5ca10b","2026-10-07T03:58:35.076Z","name","Graduate Certificate in Applied Linguistics"
"programme_f8a7ce530c8505a5","university-of-queensland","https://study.uq.edu.au/study-options/programs/graduate-certificate-applied-linguistics-5463","Graduate Certificate in Applied Linguistics - Study - The University of Queensland","fc23ce4befa80c2f51c5c88082439881fc5fa214c44e2b02eabab9a94a5ca10b","2026-10-07T03:58:35.076Z","description","Examine language structure, use and learning across diverse cultural and social contexts."
"programme_d5ba7767d6964bef","university-of-queensland","https://study.uq.edu.au/study-options/programs/master-applied-linguistics-5592","Master of Applied Linguistics - Study - The University of Queensland","1b0d3cf37f613f812e448bec937c96e8ba79222ebec6531954a9f8e9d218c142","2026-10-07T03:58:37.544Z","name","Master of Applied Linguistics"
"programme_d5ba7767d6964bef","university-of-queensland","https://study.uq.edu.au/study-options/programs/master-applied-linguistics-5592","Master of Applied Linguistics - Study - The University of Queensland","1b0d3cf37f613f812e448bec937c96e8ba79222ebec6531954a9f8e9d218c142","2026-10-07T03:58:37.544Z","description","Analyse language use and learning through advanced study of linguistics and communication."
"programme_40eeaeb7a06b3ffd","university-of-queensland","https://study.uq.edu.au/study-options/programs/bachelor-architectural-design-2550","Bachelor of Architectural Design - Study - The University of Queensland","1e36419e0f06ec7a6d89726602c0a2751b278166a4bb36e3071e507bbc259984","2026-10-07T03:58:39.609Z","name","Bachelor of Architectural Design"
"programme_40eeaeb7a06b3ffd","university-of-queensland","https://study.uq.edu.au/study-options/programs/bachelor-architectural-design-2550","Bachelor of Architectural Design - Study - The University of Queensland","1e36419e0f06ec7a6d89726602c0a2751b278166a4bb36e3071e507bbc259984","2026-10-07T03:58:39.609Z","description","Design a sustainable and inclusive future through architecture."
"programme_60f770e2670a07a0","university-of-queensland","https://study.uq.edu.au/study-options/programs/master-architecture-5429","Master of Architecture - Study - The University of Queensland","f17014b6c0395835fc116fb585b9b23f287d3d3aecfcd5c8cb47a9d4a05ca63a","2026-10-07T03:58:41.677Z","name","Master of Architecture"
"programme_60f770e2670a07a0","university-of-queensland","https://study.uq.edu.au/study-options/programs/master-architecture-5429","Master of Architecture - Study - The University of Queensland","f17014b6c0395835fc116fb585b9b23f287d3d3aecfcd5c8cb47a9d4a05ca63a","2026-10-07T03:58:41.677Z","description","Develop the advanced design, technical and professional skills relevant to the practice of architecture and advancing originality and creativity in the field."
"programme_8a6087a97693998a","university-of-queensland","https://study.uq.edu.au/study-options/programs/bachelor-arts-2000","Bachelor of Arts - Study - The University of Queensland","f5cc5013b2f5ade5c8370ec0715fb1b66d184edd66af768558800c8ef437b597","2026-10-07T03:58:44.434Z","name","Bachelor of Arts"
"programme_8a6087a97693998a","university-of-queensland","https://study.uq.edu.au/study-options/programs/bachelor-arts-2000","Bachelor of Arts - Study - The University of Queensland","f5cc5013b2f5ade5c8370ec0715fb1b66d184edd66af768558800c8ef437b597","2026-10-07T03:58:44.434Z","description","Discover your passion as you explore diverse humanities, arts and social science fields and develop skills that transfer across industries and roles."
"programme_31f5bce1a781951b","university-of-queensland","https://study.uq.edu.au/study-options/programs/diploma-arts-2320","Diploma in Arts - Study - The University of Queensland","a0675806cbf49a43ad26c7d912a0d4df173a67c746e83ffbca0c14814fff65d5","2026-10-07T03:58:47.306Z","name","Diploma in Arts"
"programme_31f5bce1a781951b","university-of-queensland","https://study.uq.edu.au/study-options/programs/diploma-arts-2320","Diploma in Arts - Study - The University of Queensland","a0675806cbf49a43ad26c7d912a0d4df173a67c746e83ffbca0c14814fff65d5","2026-10-07T03:58:47.306Z","description","Step into a pathway that supports progression into a range of arts-related degrees and careers."
"programme_03ee854018715cac","university-of-queensland","https://study.uq.edu.au/study-options/programs/bachelors-arts-education-secondary-2066","Bachelors of Arts / Education (Secondary) - Study - The University of Queensland","237425b734fb81a9fb3b59c99c6e576ad381766b1dab8dda210d936f36ecb9bb","2026-10-07T03:58:50.536Z","name","Bachelors of Arts / Education (Secondary)"
"programme_03ee854018715cac","university-of-queensland","https://study.uq.edu.au/study-options/programs/bachelors-arts-education-secondary-2066","Bachelors of Arts / Education (Secondary) - Study - The University of Queensland","237425b734fb81a9fb3b59c99c6e576ad381766b1dab8dda210d936f36ecb9bb","2026-10-07T03:58:50.536Z","description","Combine humanities study with teacher training to teach subjects like English, history, or languages."
"programme_bd9975aa5cf50a6f","university-of-queensland","https://study.uq.edu.au/study-options/programs/bachelors-arts-laws-honours-2142","Bachelors of Arts / Laws (Honours) - Study - The University of Queensland","1a2484ff4c9f3eeeacce975a09a250fa21bc4395a76b88dce2cebe71bf39ecee","2026-10-07T03:58:53.513Z","name","Bachelors of Arts / Laws (Honours)"
"programme_bd9975aa5cf50a6f","university-of-queensland","https://study.uq.edu.au/study-options/programs/bachelors-arts-laws-honours-2142","Bachelors of Arts / Laws (Honours) - Study - The University of Queensland","1a2484ff4c9f3eeeacce975a09a250fa21bc4395a76b88dce2cebe71bf39ecee","2026-10-07T03:58:53.513Z","description","Discover your passion through arts disciplines that provide the skills to succeed, while developing advanced legal knowledge, transferable skills and professional networks."
"programme_efe44d987f8ba971","university-of-queensland","https://study.uq.edu.au/study-options/programs/bachelors-arts-social-science-2505","Bachelors of Arts / Social Science - Study - The University of Queensland","bfaa4c1fbdba9115fa30460a3a98eebd9645ec2088e5c964d7d9ff79c123687c","2026-10-07T05:55:30.616Z","name","Bachelors of Arts / Social Science"
"programme_efe44d987f8ba971","university-of-queensland","https://study.uq.edu.au/study-options/programs/bachelors-arts-social-science-2505","Bachelors of Arts / Social Science - Study - The University of Queensland","bfaa4c1fbdba9115fa30460a3a98eebd9645ec2088e5c964d7d9ff79c123687c","2026-10-07T05:55:30.616Z","description","Explore human behaviour and culture through complementary study across arts and social sciences."
"programme_b1f8721f16d8b731","university-of-queensland","https://study.uq.edu.au/study-options/programs/bachelors-arts-tourism-hospitality-and-event-management-2474","Bachelors of Arts / Tourism, Hospitality and Event Management - Study - The University of Queensland","8bdf68b44724f9e8b7339f1f610b0603e91fb2db5c3c4393406b1bca1c786230","2026-10-07T05:55:30.888Z","name","Bachelors of Arts / Tourism, Hospitality and Event Management"
"programme_b1f8721f16d8b731","university-of-queensland","https://study.uq.edu.au/study-options/programs/bachelors-arts-tourism-hospitality-and-event-management-2474","Bachelors of Arts / Tourism, Hospitality and Event Management - Study - The University of Queensland","8bdf68b44724f9e8b7339f1f610b0603e91fb2db5c3c4393406b1bca1c786230","2026-10-07T05:55:30.888Z","description","Discover your passion through arts disciplines that provide the skills to succeed, while developing the business acumen and professional abilities to create exceptional tourism experiences."
"programme_0a34540c19a0cf28","university-of-queensland","https://study.uq.edu.au/study-options/programs/bachelor-arts-honours-2052","Bachelor of Arts (Honours) - Study - The University of Queensland","7e1bb59c7c18b436695ecc5bf26abc55c3709f914aa0c4ddd36dd64638a182e8","2026-10-07T05:55:32.794Z","name","Bachelor of Arts (Honours)"
"programme_0a34540c19a0cf28","university-of-queensland","https://study.uq.edu.au/study-options/programs/bachelor-arts-honours-2052","Bachelor of Arts (Honours) - Study - The University of Queensland","7e1bb59c7c18b436695ecc5bf26abc55c3709f914aa0c4ddd36dd64638a182e8","2026-10-07T05:55:32.794Z","description","Investigate specialised topics through independent research that deepens expertise in your chosen discipline."
"programme_5d8b52b34516452e","university-of-queensland","https://study.uq.edu.au/study-options/programs/graduate-certificate-arts-interpreting-5749","Graduate Certificate in Arts in Interpreting - Study - The University of Queensland","572a3d169ff146e48c5ce19d12eb82bb74d1ab79dba389c108a13b1b38e1bcf8","2026-10-07T05:55:34.813Z","name","Graduate Certificate in Arts in Interpreting"
"programme_5d8b52b34516452e","university-of-queensland","https://study.uq.edu.au/study-options/programs/graduate-certificate-arts-interpreting-5749","Graduate Certificate in Arts in Interpreting - Study - The University of Queensland","572a3d169ff146e48c5ce19d12eb82bb74d1ab79dba389c108a13b1b38e1bcf8","2026-10-07T05:55:34.813Z","description","Develop interpreting skills for real-time communication across languages and settings."
"programme_f524f789b0f60c78","university-of-queensland","https://study.uq.edu.au/study-options/programs/graduate-certificate-arts-translation-5750","Graduate Certificate in Arts in Translation - Study - The University of Queensland","9799d77d72eb2ba4e639ea602a5fa4fbb80a56f5bcdc2533f0ff00beaff2d6ff","2026-10-07T05:55:36.882Z","name","Graduate Certificate in Arts in Translation"
"programme_f524f789b0f60c78","university-of-queensland","https://study.uq.edu.au/study-options/programs/graduate-certificate-arts-translation-5750","Graduate Certificate in Arts in Translation - Study - The University of Queensland","9799d77d72eb2ba4e639ea602a5fa4fbb80a56f5bcdc2533f0ff00beaff2d6ff","2026-10-07T05:55:36.882Z","description","Build translation skills to accurately convey meaning across languages and formats."
"programme_4f623ca270f62f17","university-of-queensland","https://study.uq.edu.au/study-options/programs/graduate-diploma-arts-translation-and-interpreting-5751","Graduate Diploma in Arts in Translation and Interpreting - Study - The University of Queensland","354e012adcdae56500616cda10a8b21210045c11accbc517992edfa10c40f71d","2026-10-07T05:55:40.335Z","name","Graduate Diploma in Arts in Translation and Interpreting"
"programme_4f623ca270f62f17","university-of-queensland","https://study.uq.edu.au/study-options/programs/graduate-diploma-arts-translation-and-interpreting-5751","Graduate Diploma in Arts in Translation and Interpreting - Study - The University of Queensland","354e012adcdae56500616cda10a8b21210045c11accbc517992edfa10c40f71d","2026-10-07T05:55:40.335Z","description","Develop advanced translation and interpreting capabilities through intensive training."
"programme_1bebe25f060d17b7","university-of-queensland","https://study.uq.edu.au/study-options/programs/bachelor-biomedical-science-2546","Bachelor of Biomedical Science - Study - The University of Queensland","5e0ea3e38671a40f9a5b61585897aadab2d055d5349a8408dd10909f21c9cf58","2026-10-07T05:55:40.861Z","name","Bachelor of Biomedical Science"
"programme_1bebe25f060d17b7","university-of-queensland","https://study.uq.edu.au/study-options/programs/bachelor-biomedical-science-2546","Bachelor of Biomedical Science - Study - The University of Queensland","5e0ea3e38671a40f9a5b61585897aadab2d055d5349a8408dd10909f21c9cf58","2026-10-07T05:55:40.861Z","description","Discover the latest in globally relevant biomedical practices, and gain the theoretical and hands-on skills needed to prepare yourself for a dynamic career in modern medical science."
"programme_2c6e9f13b6294270","university-of-queensland","https://study.uq.edu.au/study-options/programs/bachelors-biomedical-science-science-2547","Bachelors of Biomedical Science / Science - Study - The University of Queensland","e7c9c46b43f4d0fdb602dfa5b015651ef36e885d77aff4e12d604e9a7d48a15e","2026-10-07T05:55:42.937Z","name","Bachelors of Biomedical Science / Science"
"programme_2c6e9f13b6294270","university-of-queensland","https://study.uq.edu.au/study-options/programs/bachelors-biomedical-science-science-2547","Bachelors of Biomedical Science / Science - Study - The University of Queensland","e7c9c46b43f4d0fdb602dfa5b015651ef36e885d77aff4e12d604e9a7d48a15e","2026-10-07T05:55:42.937Z","description","Get set to contribute to breakthroughs in the medical sciences and healthcare by combining interdisciplinary scientific knowledge and key practical skills with an in-depth understanding of biomedical science."
"programme_a3450b853c7941ba","university-of-queensland","https://study.uq.edu.au/study-options/programs/bachelor-biomedical-science-honours-2423","Bachelor of Biomedical Science (Honours) - Study - The University of Queensland","b4349ff39bee39c60c8cae0a36fff7fa2ae8bfea2312fc9ff8dda57770114323","2026-10-07T05:55:44.931Z","name","Bachelor of Biomedical Science (Honours)"
"programme_a3450b853c7941ba","university-of-queensland","https://study.uq.edu.au/study-options/programs/bachelor-biomedical-science-honours-2423","Bachelor of Biomedical Science (Honours) - Study - The University of Queensland","b4349ff39bee39c60c8cae0a36fff7fa2ae8bfea2312fc9ff8dda57770114323","2026-10-07T05:55:44.931Z","description","Extend your knowledge in Biomedical Science through an independent research project and open doors to further study options as you prepare yourself for a career at the forefront of modern healthcare."
"programme_fc27b184d2e9db94","university-of-queensland","https://study.uq.edu.au/study-options/programs/bachelor-biotechnology-2456","Bachelor of Biotechnology - Study - The University of Queensland","3afdd826432d48123fc9b582f19ab3a65b0ee4add4e377683813859ea033d1c7","2026-10-07T05:55:46.908Z","name","Bachelor of Biotechnology"
"programme_fc27b184d2e9db94","university-of-queensland","https://study.uq.edu.au/study-options/programs/bachelor-biotechnology-2456","Bachelor of Biotechnology - Study - The University of Queensland","3afdd826432d48123fc9b582f19ab3a65b0ee4add4e377683813859ea033d1c7","2026-10-07T05:55:46.908Z","description","Want to help feed, fuel and heal the planet? Combine life sciences with specialised practical training and entrepreneurial skills to join a fast-evolving industry improving global health and wellbeing."
"programme_cee606dfb72e10e9","university-of-queensland","https://study.uq.edu.au/study-options/programs/bachelor-biotechnology-honours-2457","Bachelor of Biotechnology (Honours) - Study - The University of Queensland","1c397298dfbb63c5cbb1846a66f770783643c54ec4fc9c8ac72d93c494d30744","2026-10-07T05:55:50.765Z","name","Bachelor of Biotechnology (Honours)"
"programme_cee606dfb72e10e9","university-of-queensland","https://study.uq.edu.au/study-options/programs/bachelor-biotechnology-honours-2457","Bachelor of Biotechnology (Honours) - Study - The University of Queensland","1c397298dfbb63c5cbb1846a66f770783643c54ec4fc9c8ac72d93c494d30744","2026-10-07T05:55:50.765Z","description","Pioneer new frontiers in health, agriculture, science, engineering and beyond."
"programme_38517379fa5758e9","university-of-queensland","https://study.uq.edu.au/study-options/programs/bachelor-built-environment-and-design-honours-2581","Bachelor of Built Environment and Design (Honours) - Study - The University of Queensland","61f6c35850e996b730d286d2e84a09465f3ead92d115037aec468c30faf81357","2026-10-07T05:55:52.305Z","name","Bachelor of Built Environment and Design (Honours)"
"programme_38517379fa5758e9","university-of-queensland","https://study.uq.edu.au/study-options/programs/bachelor-built-environment-and-design-honours-2581","Bachelor of Built Environment and Design (Honours) - Study - The University of Queensland","61f6c35850e996b730d286d2e84a09465f3ead92d115037aec468c30faf81357","2026-10-07T05:55:52.305Z","description","Prepare for postgraduate research or further study, as well as specialist research and industry roles across architecture, design and planning."
"programme_b80f82ab0a899a30","university-of-queensland","https://study.uq.edu.au/study-options/programs/bachelor-business-management-2171","Bachelor of Business Management - Study - The University of Queensland","cf029f1e0bc44b5df466e10f8000f9d013b81395a7f9be6eac794dfdeeac7654","2026-10-07T05:55:53.011Z","name","Bachelor of Business Management"
"programme_b80f82ab0a899a30","university-of-queensland","https://study.uq.edu.au/study-options/programs/bachelor-business-management-2171","Bachelor of Business Management - Study - The University of Queensland","cf029f1e0bc44b5df466e10f8000f9d013b81395a7f9be6eac794dfdeeac7654","2026-10-07T05:55:53.011Z","description","Unlock diverse career opportunities across industries by developing a broad range of essential business skills."
"programme_4a80a7feb580fef1","university-of-queensland","https://study.uq.edu.au/study-options/programs/bachelors-business-management-arts-2175","Bachelors of Business Management / Arts - Study - The University of Queensland","7b8a05a649f9888cd367d3e893d7741f89640108fdf91a372c70df6398ed8491","2026-10-07T05:55:54.949Z","name","Bachelors of Business Management / Arts"
"programme_4a80a7feb580fef1","university-of-queensland","https://study.uq.edu.au/study-options/programs/bachelors-business-management-arts-2175","Bachelors of Business Management / Arts - Study - The University of Queensland","7b8a05a649f9888cd367d3e893d7741f89640108fdf91a372c70df6398ed8491","2026-10-07T05:55:54.949Z","description","Increase your employment opportunities by combining a comprehensive understanding of business principles and practices with a respected arts qualification."
"programme_10921f6ebf797eba","university-of-queensland","https://study.uq.edu.au/study-options/programs/bachelors-business-management-commerce-2180","Bachelors of Business Management / Commerce - Study - The University of Queensland","741808ec86398b6618aeac563e6ec810b0719f662dfcfbbdc16f61ebed964915","2026-10-07T05:55:56.959Z","name","Bachelors of Business Management / Commerce"
"programme_10921f6ebf797eba","university-of-queensland","https://study.uq.edu.au/study-options/programs/bachelors-business-management-commerce-2180","Bachelors of Business Management / Commerce - Study - The University of Queensland","741808ec86398b6618aeac563e6ec810b0719f662dfcfbbdc16f61ebed964915","2026-10-07T05:55:56.959Z","description","Looking for a head start in business with a focus on financial services? This dual program provides a foundation in business management while developing your financial literacy and analytical skills."
"programme_0970d42631bf0db9","university-of-queensland","https://study.uq.edu.au/study-options/programs/bachelors-business-management-communication-2509","Bachelors of Business Management / Communication - Study - The University of Queensland","33cb0bb377597a292aedb56714841650ff9322c83dd1d21dc55c45f1cfe6380c","2026-10-07T05:55:58.960Z","name","Bachelors of Business Management / Communication"
"programme_0970d42631bf0db9","university-of-queensland","https://study.uq.edu.au/study-options/programs/bachelors-business-management-communication-2509","Bachelors of Business Management / Communication - Study - The University of Queensland","33cb0bb377597a292aedb56714841650ff9322c83dd1d21dc55c45f1cfe6380c","2026-10-07T05:55:58.960Z","description","Prepare yourself for a career as a business leader in the contemporary information society and economy."
"programme_a62afe9b621e3776","university-of-queensland","https://study.uq.edu.au/study-options/programs/bachelors-business-management-design-2554","Bachelors of Business Management / Design - Study - The University of Queensland","cb7dee43ffe4da5c996414a8401efe259ce747c262b1e80a2e302ff604df62d2","2026-10-07T05:56:01.043Z","name","Bachelors of Business Management / Design"
"programme_a62afe9b621e3776","university-of-queensland","https://study.uq.edu.au/study-options/programs/bachelors-business-management-design-2554","Bachelors of Business Management / Design - Study - The University of Queensland","cb7dee43ffe4da5c996414a8401efe259ce747c262b1e80a2e302ff604df62d2","2026-10-07T05:56:01.043Z","description","Be prepared for a future in business and gain specialist capabilities in problem identification, critical thinking and designing for purpose."
"programme_5c9e340f2632eb1c","university-of-queensland","https://study.uq.edu.au/study-options/programs/bachelor-business-management-diploma-languages-2543","Bachelor of Business Management / Diploma in Languages - Study - The University of Queensland","5df9f8496c76fabe5cfe3933ca6cc0547b5ae34b4a3361dcd5ae0ad4bf45d32e","2026-10-07T05:56:05.329Z","name","Bachelor of Business Management / Diploma in Languages"
"programme_5c9e340f2632eb1c","university-of-queensland","https://study.uq.edu.au/study-options/programs/bachelor-business-management-diploma-languages-2543","Bachelor of Business Management / Diploma in Languages - Study - The University of Queensland","5df9f8496c76fabe5cfe3933ca6cc0547b5ae34b4a3361dcd5ae0ad4bf45d32e","2026-10-07T05:56:05.329Z","description","Become a leader who thrives in dynamic, competitive global environments by combining business knowledge with in-demand language skills and cultural understanding."
"programme_150ae1ed32e2f040","university-of-queensland","https://study.uq.edu.au/study-options/programs/bachelors-business-management-economics-2181","Bachelors of Business Management / Economics - Study - The University of Queensland","903dbc268b1cb187b427a5971258ad409fc50e47d76725d570b176e7a94ad026","2026-10-07T05:56:05.554Z","name","Bachelors of Business Management / Economics"
"programme_150ae1ed32e2f040","university-of-queensland","https://study.uq.edu.au/study-options/programs/bachelors-business-management-economics-2181","Bachelors of Business Management / Economics - Study - The University of Queensland","903dbc268b1cb187b427a5971258ad409fc50e47d76725d570b176e7a94ad026","2026-10-07T05:56:05.554Z","description","Prepare to lead and develop businesses across all sectors. Learn to think like an economist by understanding how people make decisions, how markets operate, and how the world works."
"programme_7331c0352b97ba41","university-of-queensland","https://study.uq.edu.au/study-options/programs/bachelors-business-management-education-secondary-2298","Bachelors of Business Management / Education (Secondary) - Study - The University of Queensland","22bf1300894dbab42c33e6f8eeb90bfeacfb8341437a7fc1e7f32fa75a579ffb","2026-10-07T05:56:07.588Z","name","Bachelors of Business Management / Education (Secondary)"
"programme_7331c0352b97ba41","university-of-queensland","https://study.uq.edu.au/study-options/programs/bachelors-business-management-education-secondary-2298","Bachelors of Business Management / Education (Secondary) - Study - The University of Queensland","22bf1300894dbab42c33e6f8eeb90bfeacfb8341437a7fc1e7f32fa75a579ffb","2026-10-07T05:56:07.588Z","description","Guide our future leaders by becoming qualified to teach business and economics in high schools."
"programme_19c7cd353111092d","university-of-queensland","https://study.uq.edu.au/study-options/programs/master-arts-translation-and-interpreting-5752","Master of Arts in Translation and Interpreting - Study - The University of Queensland","b12d671764f8e6751ed00bda4a5cd8fa4c83d0c0ede44987771c59c2088d86e8","2026-10-07T05:56:09.526Z","name","Master of Arts in Translation and Interpreting"
"programme_19c7cd353111092d","university-of-queensland","https://study.uq.edu.au/study-options/programs/master-arts-translation-and-interpreting-5752","Master of Arts in Translation and Interpreting - Study - The University of Queensland","b12d671764f8e6751ed00bda4a5cd8fa4c83d0c0ede44987771c59c2088d86e8","2026-10-07T05:56:09.526Z","description","Qualify as a professional Chinese-English or Japanese-English translator and interpreter."
"programme_8805eda252a5b71a","university-of-queensland","https://study.uq.edu.au/study-options/programs/master-audiology-studies-5145","Master of Audiology Studies - Study - The University of Queensland","366d64b84f6b17560d9b33fd8bd9641a6ad95f21fc20ce09fd79a7e4c3ee0413","2026-10-07T05:56:11.524Z","name","Master of Audiology Studies"
"programme_8805eda252a5b71a","university-of-queensland","https://study.uq.edu.au/study-options/programs/master-audiology-studies-5145","Master of Audiology Studies - Study - The University of Queensland","366d64b84f6b17560d9b33fd8bd9641a6ad95f21fc20ce09fd79a7e4c3ee0413","2026-10-07T05:56:11.524Z","description","Qualify as an entry level audiologist in 2 years and be prepared for a rewarding career as a clinical audiologist."
"programme_7e11b38f5b4df280","university-of-queensland","https://study.uq.edu.au/study-options/programs/master-bioengineering-professional-5761","Master of Bioengineering (Professional) - Study - The University of Queensland","e4b061513a7a5d871bca43216fca1894d9f4018517677e11aa0e43d418cadfce","2026-10-07T05:56:13.513Z","name","Master of Bioengineering (Professional)"
"programme_7e11b38f5b4df280","university-of-queensland","https://study.uq.edu.au/study-options/programs/master-bioengineering-professional-5761","Master of Bioengineering (Professional) - Study - The University of Queensland","e4b061513a7a5d871bca43216fca1894d9f4018517677e11aa0e43d418cadfce","2026-10-07T05:56:13.513Z","description","Bioengineer the future and develop the expertise to solve complex biological challenges."
"programme_52a0a18123453a96","university-of-queensland","https://study.uq.edu.au/study-options/programs/graduate-certificate-bioinformatics-5557","Graduate Certificate in Bioinformatics - Study - The University of Queensland","833217b5dcc69e939232b5ecc707d24161b5ed1f888e1dd723504e24abf90388","2026-10-07T05:56:15.568Z","name","Graduate Certificate in Bioinformatics"
"programme_52a0a18123453a96","university-of-queensland","https://study.uq.edu.au/study-options/programs/graduate-certificate-bioinformatics-5557","Graduate Certificate in Bioinformatics - Study - The University of Queensland","833217b5dcc69e939232b5ecc707d24161b5ed1f888e1dd723504e24abf90388","2026-10-07T05:56:15.568Z","description","Expand your skill-set with advanced bioinformatics courses and develop specialisations for further study."
"programme_a7b8635479747536","university-of-queensland","https://study.uq.edu.au/study-options/programs/graduate-diploma-bioinformatics-5754","Graduate Diploma in Bioinformatics - Study - The University of Queensland","42222d7e985e9bfcb06762a9ecf5eb0a9755549230752d378616a9ee1060faa7","2026-10-07T05:56:19.276Z","name","Graduate Diploma in Bioinformatics"
"programme_a7b8635479747536","university-of-queensland","https://study.uq.edu.au/study-options/programs/graduate-diploma-bioinformatics-5754","Graduate Diploma in Bioinformatics - Study - The University of Queensland","42222d7e985e9bfcb06762a9ecf5eb0a9755549230752d378616a9ee1060faa7","2026-10-07T05:56:19.276Z","description","Expand your skill-set with advanced bioinformatics courses and develop specialisations for further study."
"programme_ac38648111cf906f","university-of-queensland","https://study.uq.edu.au/study-options/programs/master-bioinformatics-5755","Master of Bioinformatics - Study - The University of Queensland","59f123db8d6a48777b64fd3c4f733a67d7fac635ebdc2c4bcc2a18351073f344","2026-10-07T05:56:19.552Z","name","Master of Bioinformatics"
"programme_ac38648111cf906f","university-of-queensland","https://study.uq.edu.au/study-options/programs/master-bioinformatics-5755","Master of Bioinformatics - Study - The University of Queensland","59f123db8d6a48777b64fd3c4f733a67d7fac635ebdc2c4bcc2a18351073f344","2026-10-07T05:56:19.552Z","description","Capitalise on the expanding demand for bioinformaticians with an interdisciplinary skill-set that will make you employable anywhere in the world."
"programme_1a075c9b32e8eff4","university-of-queensland","https://study.uq.edu.au/study-options/programs/master-bioinformatics-research-extensive-5598","Master of Bioinformatics Research Extensive - Study - The University of Queensland","3eb122cc27f09dc2c6b3f671aef05e1f6d1db5addaf25cb63662f22e5515ebd9","2026-10-07T05:56:21.549Z","name","Master of Bioinformatics Research Extensive"
"programme_1a075c9b32e8eff4","university-of-queensland","https://study.uq.edu.au/study-options/programs/master-bioinformatics-research-extensive-5598","Master of Bioinformatics Research Extensive - Study - The University of Queensland","3eb122cc27f09dc2c6b3f671aef05e1f6d1db5addaf25cb63662f22e5515ebd9","2026-10-07T05:56:21.549Z","description","Capitalise on the expanding demand for bioinformaticians with an interdisciplinary skill-set and research expertise that will make you employable anywhere in the world."
"programme_dbacc363caccc304","university-of-queensland","https://study.uq.edu.au/study-options/programs/graduate-certificate-biostatistics-5497","Graduate Certificate in Biostatistics - Study - The University of Queensland","6c1ba46899ea483ac5db32450de0ecb4b469afdd9d39b2cbd17745d7c12b6479","2026-10-07T05:56:23.623Z","name","Graduate Certificate in Biostatistics"
"programme_dbacc363caccc304","university-of-queensland","https://study.uq.edu.au/study-options/programs/graduate-certificate-biostatistics-5497","Graduate Certificate in Biostatistics - Study - The University of Queensland","6c1ba46899ea483ac5db32450de0ecb4b469afdd9d39b2cbd17745d7c12b6479","2026-10-07T05:56:23.623Z","description","Learn how to develop and apply statistical methods to different sets of health data so you can make important contributions to research and evidence-based practice."
"programme_973ce9c6a1f6f3ef","university-of-queensland","https://study.uq.edu.au/study-options/programs/graduate-diploma-biostatistics-5498","Graduate Diploma in Biostatistics - Study - The University of Queensland","b696698c56268b92e56334c931f36a916698cf30d53153ab37f27a628d87e233","2026-10-07T05:56:25.636Z","name","Graduate Diploma in Biostatistics"
"programme_973ce9c6a1f6f3ef","university-of-queensland","https://study.uq.edu.au/study-options/programs/graduate-diploma-biostatistics-5498","Graduate Diploma in Biostatistics - Study - The University of Queensland","b696698c56268b92e56334c931f36a916698cf30d53153ab37f27a628d87e233","2026-10-07T05:56:25.636Z","description","Refine your understanding of biostatistical concepts and methods, and gain in-demand skills in medical research and healthcare."
"programme_2365078dac4aa053","university-of-queensland","https://study.uq.edu.au/study-options/programs/master-biostatistics-5500","Master of Biostatistics - Study - The University of Queensland","fbb10e98df8827bed1087442bd5ba84544eb435640a12e4db75b6d37654eb2c3","2026-10-07T05:56:27.562Z","name","Master of Biostatistics"
"programme_2365078dac4aa053","university-of-queensland","https://study.uq.edu.au/study-options/programs/master-biostatistics-5500","Master of Biostatistics - Study - The University of Queensland","fbb10e98df8827bed1087442bd5ba84544eb435640a12e4db75b6d37654eb2c3","2026-10-07T05:56:27.562Z","description","The Master of Biostatistics will teach you the specialised application of statistics to the field of health that will enable you to make important contributions to research and evidence-based practice."
"programme_8d5d77207de1787d","university-of-queensland","https://study.uq.edu.au/study-options/programs/graduate-certificate-biotechnology-5013","Graduate Certificate in Biotechnology - Study - The University of Queensland","f586a95950d666b179c4f121a921073ec780dfd2e58acec1741b3e2632e27a44","2026-10-07T05:56:29.635Z","name","Graduate Certificate in Biotechnology"
"programme_8d5d77207de1787d","university-of-queensland","https://study.uq.edu.au/study-options/programs/graduate-certificate-biotechnology-5013","Graduate Certificate in Biotechnology - Study - The University of Queensland","f586a95950d666b179c4f121a921073ec780dfd2e58acec1741b3e2632e27a44","2026-10-07T05:56:29.635Z","description","Equip yourself with the scientific skills and business, legal and regulatory understanding needed to translate discoveries from the laboratory to real life."
"programme_53ff5ca93dfe1672","university-of-queensland","https://study.uq.edu.au/study-options/programs/graduate-diploma-biotechnology-5119","Graduate Diploma in Biotechnology - Study - The University of Queensland","e07dbdfe83422fd0e39d6a7b8245e0c663853f176b6c50ae098da69616bb738d","2026-10-07T05:56:31.615Z","name","Graduate Diploma in Biotechnology"
"programme_53ff5ca93dfe1672","university-of-queensland","https://study.uq.edu.au/study-options/programs/graduate-diploma-biotechnology-5119","Graduate Diploma in Biotechnology - Study - The University of Queensland","e07dbdfe83422fd0e39d6a7b8245e0c663853f176b6c50ae098da69616bb738d","2026-10-07T05:56:31.615Z","description","Equip yourself with the scientific skills and business, legal and regulatory understanding needed to translate discoveries from the laboratory to real life."
"programme_a22ad9ca581f8a40","university-of-queensland","https://study.uq.edu.au/study-options/programs/master-biotechnology-5599","Master of Biotechnology - Study - The University of Queensland","b2f42dac701962dc326d96be4033663b81c65876bd207d6742e3d66a43578244","2026-10-07T05:56:33.570Z","name","Master of Biotechnology"
"programme_a22ad9ca581f8a40","university-of-queensland","https://study.uq.edu.au/study-options/programs/master-biotechnology-5599","Master of Biotechnology - Study - The University of Queensland","b2f42dac701962dc326d96be4033663b81c65876bd207d6742e3d66a43578244","2026-10-07T05:56:33.570Z","description","Equip yourself with advanced scientific skills and the business, legal and regulatory understanding needed to translate discoveries from the laboratory to real life."
"programme_46539aee902d4b6b","university-of-queensland","https://study.uq.edu.au/study-options/programs/master-biotechnology-research-extensive-5627","Master of Biotechnology Research Extensive - Study - The University of Queensland","78bba541deba250494f659f6f7d05c4311fb460afb03d9894fd063097c77d2d9","2026-10-07T05:56:35.629Z","name","Master of Biotechnology Research Extensive"
"programme_46539aee902d4b6b","university-of-queensland","https://study.uq.edu.au/study-options/programs/master-biotechnology-research-extensive-5627","Master of Biotechnology Research Extensive - Study - The University of Queensland","78bba541deba250494f659f6f7d05c4311fb460afb03d9894fd063097c77d2d9","2026-10-07T05:56:35.629Z","description","Equip yourself with advanced scientific skills and the business, legal and regulatory understanding needed to translate discoveries from the laboratory to real life."
"programme_b2410adf6fd1230d","university-of-queensland","https://study.uq.edu.au/study-options/programs/graduate-certificate-business-5248","Graduate Certificate in Business - Study - The University of Queensland","fbe41a90d2b5883ee8185797ad0db877fd1a8dacea02f1e68687c58a83d449e3","2026-10-07T05:56:37.577Z","name","Graduate Certificate in Business"
"programme_b2410adf6fd1230d","university-of-queensland","https://study.uq.edu.au/study-options/programs/graduate-certificate-business-5248","Graduate Certificate in Business - Study - The University of Queensland","fbe41a90d2b5883ee8185797ad0db877fd1a8dacea02f1e68687c58a83d449e3","2026-10-07T05:56:37.577Z","description","Gain in-demand knowledge and capabilities to become a business leader, ready to succeed in any field."
"programme_1e36a0fddac26989","university-of-queensland","https://study.uq.edu.au/study-options/programs/master-business-5583","Master of Business - Study - The University of Queensland","e0d5f252ed6abba4730b0924692b507dc8bc7fd3173b191e2b3a589a4a6d2f07","2026-10-07T05:56:39.657Z","name","Master of Business"
"programme_1e36a0fddac26989","university-of-queensland","https://study.uq.edu.au/study-options/programs/master-business-5583","Master of Business - Study - The University of Queensland","e0d5f252ed6abba4730b0924692b507dc8bc7fd3173b191e2b3a589a4a6d2f07","2026-10-07T05:56:39.657Z","description","Hone your business skills and build specialist knowledge to accelerate your career in any field."
"programme_9edf6204e2787305","university-of-queensland","https://study.uq.edu.au/study-options/programs/doctor-philosophy-7516","Doctor of Philosophy - Study - The University of Queensland","d774bf9ea545d4a5b7cd2fc5484f758314ff3073a051091992f6c1652499ea9f","2026-10-07T05:56:41.583Z","name","Doctor of Philosophy"
"programme_9edf6204e2787305","university-of-queensland","https://study.uq.edu.au/study-options/programs/doctor-philosophy-7516","Doctor of Philosophy - Study - The University of Queensland","d774bf9ea545d4a5b7cd2fc5484f758314ff3073a051091992f6c1652499ea9f","2026-10-07T05:56:41.583Z","description","A Doctor of Philosophy (PhD) is an internationally recognised graduate research program that will enable you to become an independent researcher."
"programme_2fbae088a14eac89","university-of-queensland","https://study.uq.edu.au/study-options/programs/master-philosophy-7500","Master of Philosophy - Study - The University of Queensland","7f918cb78195b57d75140b75b0de049c8ea37505a24c9d068365ffb039228b4d","2026-10-07T05:56:43.596Z","name","Master of Philosophy"
"programme_2fbae088a14eac89","university-of-queensland","https://study.uq.edu.au/study-options/programs/master-philosophy-7500","Master of Philosophy - Study - The University of Queensland","7f918cb78195b57d75140b75b0de049c8ea37505a24c9d068365ffb039228b4d","2026-10-07T05:56:43.596Z","description","A Master of Philosophy (MPhil) is an internationally recognised graduate research degree."
"programme_eb01a6d5d8529018","university-of-queensland","https://study.uq.edu.au/study-options/programs/doctor-veterinary-clinical-science-7603","Doctor of Veterinary Clinical Science - Study - The University of Queensland","f9eebc06689aad9313713bd2a8dcc4e0da2a416e8f09159db1ceb1f20890d074","2026-10-07T05:56:45.605Z","name","Doctor of Veterinary Clinical Science"
"programme_eb01a6d5d8529018","university-of-queensland","https://study.uq.edu.au/study-options/programs/doctor-veterinary-clinical-science-7603","Doctor of Veterinary Clinical Science - Study - The University of Queensland","f9eebc06689aad9313713bd2a8dcc4e0da2a416e8f09159db1ceb1f20890d074","2026-10-07T05:56:45.605Z","description","The Doctor of Veterinary Clinical Science is our veterinary residency program, designed to prepare already qualified veterinarians to meet the credentials for specialist certification."
"programme_56ddc040f76dc507","university-of-southampton","https://www.southampton.ac.uk/courses/accounting-finance-degree-bsc","Accounting and Finance (Hons) | BSc | University of Southampton","e1200d16cd84a696387b5d526eb631a1c77f1eb2be6f535f070c6db73266ab8a","2026-10-07T04:08:04.531Z","name","BSc Accounting and Finance degree"
"programme_56ddc040f76dc507","university-of-southampton","https://www.southampton.ac.uk/courses/accounting-finance-degree-bsc","Accounting and Finance (Hons) | BSc | University of Southampton","e1200d16cd84a696387b5d526eb631a1c77f1eb2be6f535f070c6db73266ab8a","2026-10-07T04:08:04.531Z","description","Learn the financial essentials on this accredited BSc Accounting and Finance degree led by experts. Develop a strong understanding of investment and finance."
"programme_df45c779169b1d5e","university-of-southampton","https://www.southampton.ac.uk/courses/accounting-finance-masters-msc","MSc Accounting and Finance | University of Southampton","22e182d044cb2da0b9721377377f87c4c173b25756095e145b321cd2a7be4b02","2026-10-07T04:08:07.240Z","name","MSc Accounting and Finance degree"
"programme_df45c779169b1d5e","university-of-southampton","https://www.southampton.ac.uk/courses/accounting-finance-masters-msc","MSc Accounting and Finance | University of Southampton","22e182d044cb2da0b9721377377f87c4c173b25756095e145b321cd2a7be4b02","2026-10-07T04:08:07.240Z","description","Discover our MSc Accounting and Finance master’s degree at the University of Southampton. You’ll learn accounting, auditing, governance, finance, and tax."
"programme_26f2c85656982b97","university-of-sydney","https://www.sydney.edu.au/courses/courses/uc/bachelor-of-engineering-honours-civil-engineering2.html","Bachelor of Engineering Honours (Civil Engineering) - The University of Sydney","36508c544e45ff3b00afcd4d90f4e6fbf89e10f3ebb381c183bd8e9e52919630","2026-10-07T03:57:42.590Z","name","Bachelor of Engineering Honours (Civil Engineering)"
"programme_26f2c85656982b97","university-of-sydney","https://www.sydney.edu.au/courses/courses/uc/bachelor-of-engineering-honours-civil-engineering2.html","Bachelor of Engineering Honours (Civil Engineering) - The University of Sydney","36508c544e45ff3b00afcd4d90f4e6fbf89e10f3ebb381c183bd8e9e52919630","2026-10-07T03:57:42.590Z","detailUrl","https://www.sydney.edu.au/courses/courses/uc/bachelor-of-engineering-honours-civil-engineering2.html"
"programme_26f2c85656982b97","university-of-sydney","https://www.sydney.edu.au/courses/courses/uc/bachelor-of-engineering-honours-civil-engineering2.html","Bachelor of Engineering Honours (Civil Engineering) - The University of Sydney","36508c544e45ff3b00afcd4d90f4e6fbf89e10f3ebb381c183bd8e9e52919630","2026-10-07T03:57:42.590Z","studyLevelRaw","Undergraduate"
"programme_d2cab8ad2084e9ce","university-of-sydney","https://www.sydney.edu.au/courses/courses/pc/master-of-professional-engineering-civil-engineering.html","Master of Professional Engineering (Civil Engineering) - The University of Sydney","58b4d4bc37847d10ae0886de7703271b7ee7328911f9f86d047c3496d51bb7ad","2026-10-07T03:57:44.530Z","name","Master of Professional Engineering (Civil Engineering)"
"programme_d2cab8ad2084e9ce","university-of-sydney","https://www.sydney.edu.au/courses/courses/pc/master-of-professional-engineering-civil-engineering.html","Master of Professional Engineering (Civil Engineering) - The University of Sydney","58b4d4bc37847d10ae0886de7703271b7ee7328911f9f86d047c3496d51bb7ad","2026-10-07T03:57:44.530Z","detailUrl","https://www.sydney.edu.au/courses/courses/pc/master-of-professional-engineering-civil-engineering.html"
"programme_d2cab8ad2084e9ce","university-of-sydney","https://www.sydney.edu.au/courses/courses/pc/master-of-professional-engineering-civil-engineering.html","Master of Professional Engineering (Civil Engineering) - The University of Sydney","58b4d4bc37847d10ae0886de7703271b7ee7328911f9f86d047c3496d51bb7ad","2026-10-07T03:57:44.530Z","studyLevelRaw","Postgraduate"
"programme_d877b2fccc607372","university-of-sydney","https://www.sydney.edu.au/courses/courses/pc/master-of-professional-engineering-accelerated-civil-engineering.html","Master of Professional Engineering (Accelerated)(Civil Engineering) - The University of Sydney","bcc826b9085b04991266de95f8457774fdc8ff72ea056dd752a3ef41781bfe67","2026-10-07T03:57:46.517Z","name","Master of Professional Engineering (Accelerated)(Civil Engineering)"
"programme_d877b2fccc607372","university-of-sydney","https://www.sydney.edu.au/courses/courses/pc/master-of-professional-engineering-accelerated-civil-engineering.html","Master of Professional Engineering (Accelerated)(Civil Engineering) - The University of Sydney","bcc826b9085b04991266de95f8457774fdc8ff72ea056dd752a3ef41781bfe67","2026-10-07T03:57:46.517Z","detailUrl","https://www.sydney.edu.au/courses/courses/pc/master-of-professional-engineering-accelerated-civil-engineering.html"
"programme_d877b2fccc607372","university-of-sydney","https://www.sydney.edu.au/courses/courses/pc/master-of-professional-engineering-accelerated-civil-engineering.html","Master of Professional Engineering (Accelerated)(Civil Engineering) - The University of Sydney","bcc826b9085b04991266de95f8457774fdc8ff72ea056dd752a3ef41781bfe67","2026-10-07T03:57:46.517Z","studyLevelRaw","Postgraduate"
"programme_51a304bc3ce875b0","university-of-sydney","https://www.sydney.edu.au/courses/courses/pc/master-of-engineering-civil-engineering0.html","Master of Engineering (Civil Engineering) - The University of Sydney","0388a32c74f6e8ca80dd743a29c3f41fc7ea0448ff9c07e442d3c47457e4fca5","2026-10-07T03:58:08.830Z","name","Master of Engineering (Civil Engineering)"
"programme_51a304bc3ce875b0","university-of-sydney","https://www.sydney.edu.au/courses/courses/pc/master-of-engineering-civil-engineering0.html","Master of Engineering (Civil Engineering) - The University of Sydney","0388a32c74f6e8ca80dd743a29c3f41fc7ea0448ff9c07e442d3c47457e4fca5","2026-10-07T03:58:08.830Z","detailUrl","https://www.sydney.edu.au/courses/courses/pc/master-of-engineering-civil-engineering0.html"
"programme_51a304bc3ce875b0","university-of-sydney","https://www.sydney.edu.au/courses/courses/pc/master-of-engineering-civil-engineering0.html","Master of Engineering (Civil Engineering) - The University of Sydney","0388a32c74f6e8ca80dd743a29c3f41fc7ea0448ff9c07e442d3c47457e4fca5","2026-10-07T03:58:08.830Z","studyLevelRaw","Postgraduate"
"programme_61c9ea735b1a53e2","university-of-sydney","https://www.sydney.edu.au/courses/courses/uc/bachelor-of-education-primary0.html","Bachelor of Education (Primary) - The University of Sydney","bbfba00270dcad498d976c3aede0301a21bbae4bdcb41053b890a71306bf0bd3","2026-10-07T03:58:28.707Z","name","Bachelor of Education (Primary)"
"programme_61c9ea735b1a53e2","university-of-sydney","https://www.sydney.edu.au/courses/courses/uc/bachelor-of-education-primary0.html","Bachelor of Education (Primary) - The University of Sydney","bbfba00270dcad498d976c3aede0301a21bbae4bdcb41053b890a71306bf0bd3","2026-10-07T03:58:28.707Z","detailUrl","https://www.sydney.edu.au/courses/courses/uc/bachelor-of-education-primary0.html"
"programme_61c9ea735b1a53e2","university-of-sydney","https://www.sydney.edu.au/courses/courses/uc/bachelor-of-education-primary0.html","Bachelor of Education (Primary) - The University of Sydney","bbfba00270dcad498d976c3aede0301a21bbae4bdcb41053b890a71306bf0bd3","2026-10-07T03:58:28.707Z","studyLevelRaw","Undergraduate"
"programme_8fdbee8e36451da6","university-of-sydney","https://www.sydney.edu.au/courses/courses/pc/master-of-teaching-primary.html","Master of Teaching (Primary) - The University of Sydney","3cda464c7d111624155880b8a00bf17d8f2b5bb962cd90d9ab60450f6d3b6ce4","2026-10-07T03:58:30.535Z","name","Master of Teaching (Primary)"
"programme_8fdbee8e36451da6","university-of-sydney","https://www.sydney.edu.au/courses/courses/pc/master-of-teaching-primary.html","Master of Teaching (Primary) - The University of Sydney","3cda464c7d111624155880b8a00bf17d8f2b5bb962cd90d9ab60450f6d3b6ce4","2026-10-07T03:58:30.535Z","detailUrl","https://www.sydney.edu.au/courses/courses/pc/master-of-teaching-primary.html"
"programme_8fdbee8e36451da6","university-of-sydney","https://www.sydney.edu.au/courses/courses/pc/master-of-teaching-primary.html","Master of Teaching (Primary) - The University of Sydney","3cda464c7d111624155880b8a00bf17d8f2b5bb962cd90d9ab60450f6d3b6ce4","2026-10-07T03:58:30.535Z","studyLevelRaw","Postgraduate"
"programme_6e848cb2ff5bbc76","university-of-technology-sydney","https://www.uts.edu.au/courses/bachelor-of-communication-in-digital-and-social-media-bachelor-of-creative-intelligence-and-innovation","Bachelor of Communication in Digital and Social Media Bachelor of Creative Intelligence and Innovation","ee6a6be4d1c32cff3296db4e9ab1ab63408359c2100c07d6929146e9906e5b21","2026-10-07T03:59:42.683Z","name","Bachelor of Communication in Digital and Social Media Bachelor of Creative Intelligence and Innovation"
"programme_6e848cb2ff5bbc76","university-of-technology-sydney","https://www.uts.edu.au/courses/bachelor-of-communication-in-digital-and-social-media-bachelor-of-creative-intelligence-and-innovation","Bachelor of Communication in Digital and Social Media Bachelor of Creative Intelligence and Innovation","ee6a6be4d1c32cff3296db4e9ab1ab63408359c2100c07d6929146e9906e5b21","2026-10-07T03:59:42.683Z","detailUrl","https://www.uts.edu.au/courses/bachelor-of-communication-in-digital-and-social-media-bachelor-of-creative-intelligence-and-innovation"
"programme_6e848cb2ff5bbc76","university-of-technology-sydney","https://www.uts.edu.au/courses/bachelor-of-communication-in-digital-and-social-media-bachelor-of-creative-intelligence-and-innovation","Bachelor of Communication in Digital and Social Media Bachelor of Creative Intelligence and Innovation","ee6a6be4d1c32cff3296db4e9ab1ab63408359c2100c07d6929146e9906e5b21","2026-10-07T03:59:42.683Z","description","Develop solutions to digital communication challenges with a transdisciplinary approach and industry experience."
"programme_c1f675ba3434280f","university-of-technology-sydney","https://www.uts.edu.au/courses/bachelor-of-sport-and-exercise-science-honours","Bachelor of Sport and Exercise Science (Honours) | UTS","2ca47180358aad3d90d5ec538a332918315340e734c4c76cfffc7d30691762ab","2026-10-07T03:59:54.501Z","name","Bachelor of Sport and Exercise Science (Honours)"
"programme_c1f675ba3434280f","university-of-technology-sydney","https://www.uts.edu.au/courses/bachelor-of-sport-and-exercise-science-honours","Bachelor of Sport and Exercise Science (Honours) | UTS","2ca47180358aad3d90d5ec538a332918315340e734c4c76cfffc7d30691762ab","2026-10-07T03:59:54.501Z","detailUrl","https://www.uts.edu.au/courses/bachelor-of-sport-and-exercise-science-honours"
"programme_c1f675ba3434280f","university-of-technology-sydney","https://www.uts.edu.au/courses/bachelor-of-sport-and-exercise-science-honours","Bachelor of Sport and Exercise Science (Honours) | UTS","2ca47180358aad3d90d5ec538a332918315340e734c4c76cfffc7d30691762ab","2026-10-07T03:59:54.501Z","description","Study the Bachelor of Sport and Exercise Science (Honours) at UTS. Develop research skills and build expertise for further academic study."
"programme_79bc6f6c3605dd93","university-of-technology-sydney","https://www.uts.edu.au/courses/bachelor-of-marine-biology-and-climate-change","Bachelor of Marine Biology and Climate Change | UTS","b8780443b926b8c236cde983d71a82026ebd6297581f1c77810d6aff16618b32","2026-10-07T03:59:56.524Z","name","Bachelor of Marine Biology and Climate Change"
"programme_79bc6f6c3605dd93","university-of-technology-sydney","https://www.uts.edu.au/courses/bachelor-of-marine-biology-and-climate-change","Bachelor of Marine Biology and Climate Change | UTS","b8780443b926b8c236cde983d71a82026ebd6297581f1c77810d6aff16618b32","2026-10-07T03:59:56.524Z","detailUrl","https://www.uts.edu.au/courses/bachelor-of-marine-biology-and-climate-change"
"programme_79bc6f6c3605dd93","university-of-technology-sydney","https://www.uts.edu.au/courses/bachelor-of-marine-biology-and-climate-change","Bachelor of Marine Biology and Climate Change | UTS","b8780443b926b8c236cde983d71a82026ebd6297581f1c77810d6aff16618b32","2026-10-07T03:59:56.524Z","description","Study marine ecosystems and climate change, developing field, lab and data skills for careers in conservation, research, policy and coastal management in Australia."
"programme_b2cba1737b7a99b8","university-of-technology-sydney","https://www.uts.edu.au/courses/bachelor-of-information-technology-co-op","Bachelor of IT Co-op – Industry Scholarship | UTS","91d5e1da5ce108948db04e33015065b2787a2674cba956589a9930914119eb7b","2026-10-07T03:59:58.606Z","name","Bachelor of Information Technology (Co-op)"
"programme_b2cba1737b7a99b8","university-of-technology-sydney","https://www.uts.edu.au/courses/bachelor-of-information-technology-co-op","Bachelor of IT Co-op – Industry Scholarship | UTS","91d5e1da5ce108948db04e33015065b2787a2674cba956589a9930914119eb7b","2026-10-07T03:59:58.606Z","detailUrl","https://www.uts.edu.au/courses/bachelor-of-information-technology-co-op"
"programme_b2cba1737b7a99b8","university-of-technology-sydney","https://www.uts.edu.au/courses/bachelor-of-information-technology-co-op","Bachelor of IT Co-op – Industry Scholarship | UTS","91d5e1da5ce108948db04e33015065b2787a2674cba956589a9930914119eb7b","2026-10-07T03:59:58.606Z","description","Study IT at UTS with paid industry placements and a scholarship. Build advanced technical skills, gain real experience and graduate ready for careers in tech and innovation."
"programme_e9165ec3371c72d3","university-of-technology-sydney","https://www.uts.edu.au/courses/bachelor-of-nursing","Bachelor of Nursing | UTS","88393946512977d16da129ecbccd938b27ad3275a305ce1d44b9ae0736cd9fe2","2026-10-07T04:00:00.389Z","name","Bachelor of Nursing"
"programme_e9165ec3371c72d3","university-of-technology-sydney","https://www.uts.edu.au/courses/bachelor-of-nursing","Bachelor of Nursing | UTS","88393946512977d16da129ecbccd938b27ad3275a305ce1d44b9ae0736cd9fe2","2026-10-07T04:00:00.389Z","detailUrl","https://www.uts.edu.au/courses/bachelor-of-nursing"
"programme_e9165ec3371c72d3","university-of-technology-sydney","https://www.uts.edu.au/courses/bachelor-of-nursing","Bachelor of Nursing | UTS","88393946512977d16da129ecbccd938b27ad3275a305ce1d44b9ae0736cd9fe2","2026-10-07T04:00:00.389Z","description","Study a Bachelor of Nursing at UTS and build clinical skills through hands-on placements. Prepare for a career in diverse healthcare settings with broad real-world experience."
"programme_9dd6ded2b0ed91d1","university-of-technology-sydney","https://www.uts.edu.au/courses/diploma-in-fashion-and-sustainability","Diploma in Fashion and Sustainability","ecc821f301a057c876a6c9a9e80d37aed6b0f98d2332366e018d9920e35a7f53","2026-10-07T04:00:06.539Z","name","Diploma in Fashion and Sustainability"
"programme_9dd6ded2b0ed91d1","university-of-technology-sydney","https://www.uts.edu.au/courses/diploma-in-fashion-and-sustainability","Diploma in Fashion and Sustainability","ecc821f301a057c876a6c9a9e80d37aed6b0f98d2332366e018d9920e35a7f53","2026-10-07T04:00:06.539Z","detailUrl","https://www.uts.edu.au/courses/diploma-in-fashion-and-sustainability"
"programme_9dd6ded2b0ed91d1","university-of-technology-sydney","https://www.uts.edu.au/courses/diploma-in-fashion-and-sustainability","Diploma in Fashion and Sustainability","ecc821f301a057c876a6c9a9e80d37aed6b0f98d2332366e018d9920e35a7f53","2026-10-07T04:00:06.539Z","description","Get the foundations you need for an exciting fashion career and open up a pathway to further study."
"programme_fd6056e39dd13a3c","university-of-technology-sydney","https://www.uts.edu.au/courses/bachelor-of-business","Bachelor of Business | Study Business at UTS","492d37643aa7f26546c4ce5b1e95ff4c4c522dabc5c26328d007a6d7a87d43a5","2026-10-07T04:00:10.808Z","name","Bachelor of Business"
"programme_fd6056e39dd13a3c","university-of-technology-sydney","https://www.uts.edu.au/courses/bachelor-of-business","Bachelor of Business | Study Business at UTS","492d37643aa7f26546c4ce5b1e95ff4c4c522dabc5c26328d007a6d7a87d43a5","2026-10-07T04:00:10.808Z","detailUrl","https://www.uts.edu.au/courses/bachelor-of-business"
"programme_fd6056e39dd13a3c","university-of-technology-sydney","https://www.uts.edu.au/courses/bachelor-of-business","Bachelor of Business | Study Business at UTS","492d37643aa7f26546c4ce5b1e95ff4c4c522dabc5c26328d007a6d7a87d43a5","2026-10-07T04:00:10.808Z","description","Build job-ready skills through a flexible business degree with majors in marketing, finance, accounting, management and more at UTS."
"programme_4ffd0ad4e835dd8c","university-of-technology-sydney","https://www.uts.edu.au/courses/master-of-pharmacy","Master of Pharmacy | UTS","a44e3a7301fe882576b1a45ead228127e687b8fbdb332268aa11223fa7b91988","2026-10-07T05:59:20.554Z","name","Master of Pharmacy"
"programme_4ffd0ad4e835dd8c","university-of-technology-sydney","https://www.uts.edu.au/courses/master-of-pharmacy","Master of Pharmacy | UTS","a44e3a7301fe882576b1a45ead228127e687b8fbdb332268aa11223fa7b91988","2026-10-07T05:59:20.554Z","detailUrl","https://www.uts.edu.au/courses/master-of-pharmacy"
"programme_4ffd0ad4e835dd8c","university-of-technology-sydney","https://www.uts.edu.au/courses/master-of-pharmacy","Master of Pharmacy | UTS","a44e3a7301fe882576b1a45ead228127e687b8fbdb332268aa11223fa7b91988","2026-10-07T05:59:20.554Z","description","Develop skills in clinical decision-making, medicines management and patient-centred care across diverse health settings."
"programme_85f45a0135ad952f","university-of-technology-sydney","https://www.uts.edu.au/courses/bachelor-of-design-in-fashion-and-textiles","Bachelor of Design in Fashion and Textiles","0bb1ac90acdd6c973cbc50b7a0b24454a6b7dbab4fa050bfad7caa07d004df7f","2026-10-07T05:59:22.676Z","name","Bachelor of Design in Fashion and Textiles"
"programme_85f45a0135ad952f","university-of-technology-sydney","https://www.uts.edu.au/courses/bachelor-of-design-in-fashion-and-textiles","Bachelor of Design in Fashion and Textiles","0bb1ac90acdd6c973cbc50b7a0b24454a6b7dbab4fa050bfad7caa07d004df7f","2026-10-07T05:59:22.676Z","detailUrl","https://www.uts.edu.au/courses/bachelor-of-design-in-fashion-and-textiles"
"programme_85f45a0135ad952f","university-of-technology-sydney","https://www.uts.edu.au/courses/bachelor-of-design-in-fashion-and-textiles","Bachelor of Design in Fashion and Textiles","0bb1ac90acdd6c973cbc50b7a0b24454a6b7dbab4fa050bfad7caa07d004df7f","2026-10-07T05:59:22.676Z","description","Shape the trends of tomorrow and design your own future in the vibrant, electric world of fashion."
"programme_773ac170a5d999d0","university-of-technology-sydney","https://www.uts.edu.au/courses/bachelor-of-engineering-honours-bachelor-of-science","Bachelor of Engineering (Honours) Bachelor of Science | UTS","f6d36f89cd5af4d7443b0e47f126847cd719d72b220e486c3155cd6125782831","2026-10-07T05:59:24.747Z","name","Bachelor of Engineering (Honours) Bachelor of Science"
"programme_773ac170a5d999d0","university-of-technology-sydney","https://www.uts.edu.au/courses/bachelor-of-engineering-honours-bachelor-of-science","Bachelor of Engineering (Honours) Bachelor of Science | UTS","f6d36f89cd5af4d7443b0e47f126847cd719d72b220e486c3155cd6125782831","2026-10-07T05:59:24.747Z","detailUrl","https://www.uts.edu.au/courses/bachelor-of-engineering-honours-bachelor-of-science"
"programme_773ac170a5d999d0","university-of-technology-sydney","https://www.uts.edu.au/courses/bachelor-of-engineering-honours-bachelor-of-science","Bachelor of Engineering (Honours) Bachelor of Science | UTS","f6d36f89cd5af4d7443b0e47f126847cd719d72b220e486c3155cd6125782831","2026-10-07T05:59:24.747Z","description","Combine engineering and science at UTS. Build strong technical foundations and research skills with hands-on learning and industry-focused experience."
"programme_7bb0b6af49b1a192","university-of-technology-sydney","https://www.uts.edu.au/courses/master-of-data-science-and-innovation","Master of Data Science and Innovation | UTS Australia Degree","2e1be91a3875923485001209c8e77fe7fbef967e6b534bfc0adb63bdd23a02d7","2026-10-07T05:59:26.748Z","name","Master of Data Science and Innovation"
"programme_7bb0b6af49b1a192","university-of-technology-sydney","https://www.uts.edu.au/courses/master-of-data-science-and-innovation","Master of Data Science and Innovation | UTS Australia Degree","2e1be91a3875923485001209c8e77fe7fbef967e6b534bfc0adb63bdd23a02d7","2026-10-07T05:59:26.748Z","detailUrl","https://www.uts.edu.au/courses/master-of-data-science-and-innovation"
"programme_7bb0b6af49b1a192","university-of-technology-sydney","https://www.uts.edu.au/courses/master-of-data-science-and-innovation","Master of Data Science and Innovation | UTS Australia Degree","2e1be91a3875923485001209c8e77fe7fbef967e6b534bfc0adb63bdd23a02d7","2026-10-07T05:59:26.748Z","description","Postgraduate degree developing advanced data science expertise and innovation skills, integrating analytics, machine learning and strategy for industry practice."
"programme_30eb178de4480d31","university-of-technology-sydney","https://www.uts.edu.au/courses/bachelor-of-creative-intelligence-and-innovation","Bachelor of Creative Intelligence and Innovation | UTS Sydney","2a56be6a16ef75fd4ea236d82b7f3900895e7f74ea7b1f0a1f44f1969b4209b9","2026-10-07T05:59:28.805Z","name","Bachelor of Creative Intelligence and Innovation"
"programme_30eb178de4480d31","university-of-technology-sydney","https://www.uts.edu.au/courses/bachelor-of-creative-intelligence-and-innovation","Bachelor of Creative Intelligence and Innovation | UTS Sydney","2a56be6a16ef75fd4ea236d82b7f3900895e7f74ea7b1f0a1f44f1969b4209b9","2026-10-07T05:59:28.805Z","detailUrl","https://www.uts.edu.au/courses/bachelor-of-creative-intelligence-and-innovation"
"programme_30eb178de4480d31","university-of-technology-sydney","https://www.uts.edu.au/courses/bachelor-of-creative-intelligence-and-innovation","Bachelor of Creative Intelligence and Innovation | UTS Sydney","2a56be6a16ef75fd4ea236d82b7f3900895e7f74ea7b1f0a1f44f1969b4209b9","2026-10-07T05:59:28.805Z","description","Transdisciplinary degree where students work on complex real-world challenges with industry, building creative, strategic and collaborative capabilities for work."
"programme_0b09d4ee889f183d","university-of-technology-sydney","https://www.uts.edu.au/courses/bachelor-of-design-in-fashion-and-textiles-bachelor-of-creative-intelligence-and-innovation","Bachelor of Design in Fashion and Textiles Bachelor of Creative Intelligence and Innovation","01954c287cf244cc72637595b7db04e5b614500ac9a3516cc9e83243a1eff741","2026-10-07T05:59:30.778Z","name","Bachelor of Design in Fashion and Textiles Bachelor of Creative Intelligence and Innovation"
"programme_0b09d4ee889f183d","university-of-technology-sydney","https://www.uts.edu.au/courses/bachelor-of-design-in-fashion-and-textiles-bachelor-of-creative-intelligence-and-innovation","Bachelor of Design in Fashion and Textiles Bachelor of Creative Intelligence and Innovation","01954c287cf244cc72637595b7db04e5b614500ac9a3516cc9e83243a1eff741","2026-10-07T05:59:30.778Z","detailUrl","https://www.uts.edu.au/courses/bachelor-of-design-in-fashion-and-textiles-bachelor-of-creative-intelligence-and-innovation"
"programme_0b09d4ee889f183d","university-of-technology-sydney","https://www.uts.edu.au/courses/bachelor-of-design-in-fashion-and-textiles-bachelor-of-creative-intelligence-and-innovation","Bachelor of Design in Fashion and Textiles Bachelor of Creative Intelligence and Innovation","01954c287cf244cc72637595b7db04e5b614500ac9a3516cc9e83243a1eff741","2026-10-07T05:59:30.778Z","description","This course is tailored for aspiring fashion and textiles professionals seeking to hone their design skills with a forward-thinking approach. Choose this..."
"programme_79e678441bd02ce4","university-of-technology-sydney","https://www.uts.edu.au/courses/bachelor-of-design-in-visual-communication-bachelor-of-creative-intelligence-and-innovation","Bachelor of Design in Visual Communication Bachelor of Creative Intelligence and Innovation","fd43ce84427b8065852b00c82315db6d6a993c7b9eb87af9ab5651f842373b7f","2026-10-07T05:59:33.009Z","name","Bachelor of Design in Visual Communication Bachelor of Creative Intelligence and Innovation"
"programme_79e678441bd02ce4","university-of-technology-sydney","https://www.uts.edu.au/courses/bachelor-of-design-in-visual-communication-bachelor-of-creative-intelligence-and-innovation","Bachelor of Design in Visual Communication Bachelor of Creative Intelligence and Innovation","fd43ce84427b8065852b00c82315db6d6a993c7b9eb87af9ab5651f842373b7f","2026-10-07T05:59:33.009Z","detailUrl","https://www.uts.edu.au/courses/bachelor-of-design-in-visual-communication-bachelor-of-creative-intelligence-and-innovation"
"programme_79e678441bd02ce4","university-of-technology-sydney","https://www.uts.edu.au/courses/bachelor-of-design-in-visual-communication-bachelor-of-creative-intelligence-and-innovation","Bachelor of Design in Visual Communication Bachelor of Creative Intelligence and Innovation","fd43ce84427b8065852b00c82315db6d6a993c7b9eb87af9ab5651f842373b7f","2026-10-07T05:59:33.009Z","description","This course is designed for aspiring visual communication professionals seeking to master the interplay between design, culture, and media. Choose this course..."
"programme_2d449465b22d4470","university-of-technology-sydney","https://www.uts.edu.au/courses/bachelor-of-sport-and-exercise-science-bachelor-of-creative-intelligence-and-innovation","Bachelor of Sport and Exercise Science Bachelor of Creative Intelligence and Innovation","906b612fd6459595aaddb4fecb389325678ec5c9b66b63cbf2848de46028a05f","2026-10-07T05:59:34.863Z","name","Bachelor of Sport and Exercise Science Bachelor of Creative Intelligence and Innovation"
"programme_2d449465b22d4470","university-of-technology-sydney","https://www.uts.edu.au/courses/bachelor-of-sport-and-exercise-science-bachelor-of-creative-intelligence-and-innovation","Bachelor of Sport and Exercise Science Bachelor of Creative Intelligence and Innovation","906b612fd6459595aaddb4fecb389325678ec5c9b66b63cbf2848de46028a05f","2026-10-07T05:59:34.863Z","detailUrl","https://www.uts.edu.au/courses/bachelor-of-sport-and-exercise-science-bachelor-of-creative-intelligence-and-innovation"
"programme_2d449465b22d4470","university-of-technology-sydney","https://www.uts.edu.au/courses/bachelor-of-sport-and-exercise-science-bachelor-of-creative-intelligence-and-innovation","Bachelor of Sport and Exercise Science Bachelor of Creative Intelligence and Innovation","906b612fd6459595aaddb4fecb389325678ec5c9b66b63cbf2848de46028a05f","2026-10-07T05:59:34.863Z","description","Prepare for a dynamic career in sport science, combining physical activity services with innovative problem-solving."
"programme_b09e9ee54703e678","university-of-technology-sydney","https://www.uts.edu.au/courses/graduate-certificate-in-diabetes-education-and-management","Graduate Certificate in Diabetes Education | UTS","f882de9f23bfcc26a39f24da1d7e8d5d383e9ec24b2e338d249854bb25999970","2026-10-07T05:59:36.813Z","name","Graduate Certificate in Diabetes Education and Management"
"programme_b09e9ee54703e678","university-of-technology-sydney","https://www.uts.edu.au/courses/graduate-certificate-in-diabetes-education-and-management","Graduate Certificate in Diabetes Education | UTS","f882de9f23bfcc26a39f24da1d7e8d5d383e9ec24b2e338d249854bb25999970","2026-10-07T05:59:36.813Z","detailUrl","https://www.uts.edu.au/courses/graduate-certificate-in-diabetes-education-and-management"
"programme_b09e9ee54703e678","university-of-technology-sydney","https://www.uts.edu.au/courses/graduate-certificate-in-diabetes-education-and-management","Graduate Certificate in Diabetes Education | UTS","f882de9f23bfcc26a39f24da1d7e8d5d383e9ec24b2e338d249854bb25999970","2026-10-07T05:59:36.813Z","description","Advance diabetes education and management skills. Study evidence-based care, patient assessment and self-management support for diverse clinical settings."
"programme_f3e66cf9bc2d222e","university-of-technology-sydney","https://www.uts.edu.au/courses/doctor-of-philosophy-phd-thesis-orthoptics","Doctor of Philosophy (PhD Thesis: Orthoptics)","ae423c80c2c233051feca6d86c1a7fa9a1086c06e998a35e4390c63c530300a7","2026-10-07T05:59:38.708Z","name","Doctor of Philosophy (PhD Thesis: Orthoptics)"
"programme_f3e66cf9bc2d222e","university-of-technology-sydney","https://www.uts.edu.au/courses/doctor-of-philosophy-phd-thesis-orthoptics","Doctor of Philosophy (PhD Thesis: Orthoptics)","ae423c80c2c233051feca6d86c1a7fa9a1086c06e998a35e4390c63c530300a7","2026-10-07T05:59:38.708Z","detailUrl","https://www.uts.edu.au/courses/doctor-of-philosophy-phd-thesis-orthoptics"
"programme_f3e66cf9bc2d222e","university-of-technology-sydney","https://www.uts.edu.au/courses/doctor-of-philosophy-phd-thesis-orthoptics","Doctor of Philosophy (PhD Thesis: Orthoptics)","ae423c80c2c233051feca6d86c1a7fa9a1086c06e998a35e4390c63c530300a7","2026-10-07T05:59:38.708Z","description","Lead advancements in eye care and vision therapy."
"programme_03f3975ceea5ce16","university-of-technology-sydney","https://www.uts.edu.au/courses/bachelor-of-science-master-of-teaching-in-secondary-education","Bachelor of Science Master of Teaching in Secondary Education","1104dfdd71645592239d346ec5716e4499443b8f49a1308273a596b69830d84e","2026-10-07T05:59:40.845Z","name","Bachelor of Science Master of Teaching in Secondary Education"
"programme_03f3975ceea5ce16","university-of-technology-sydney","https://www.uts.edu.au/courses/bachelor-of-science-master-of-teaching-in-secondary-education","Bachelor of Science Master of Teaching in Secondary Education","1104dfdd71645592239d346ec5716e4499443b8f49a1308273a596b69830d84e","2026-10-07T05:59:40.845Z","detailUrl","https://www.uts.edu.au/courses/bachelor-of-science-master-of-teaching-in-secondary-education"
"programme_03f3975ceea5ce16","university-of-technology-sydney","https://www.uts.edu.au/courses/bachelor-of-science-master-of-teaching-in-secondary-education","Bachelor of Science Master of Teaching in Secondary Education","1104dfdd71645592239d346ec5716e4499443b8f49a1308273a596b69830d84e","2026-10-07T05:59:40.845Z","description","Prepare for a dynamic teaching career with deep disciplinary knowledge and practical experience in science."
"programme_60947a9f453ceab5","university-of-technology-sydney","https://www.uts.edu.au/courses/doctor-of-philosophy-phd-thesis-science","Doctor of Philosophy","da186113666bf3ad9ad221cdd5416f3b179a1e2569988e129025d852604b1535","2026-10-07T05:59:42.751Z","name","Doctor of Philosophy"
"programme_60947a9f453ceab5","university-of-technology-sydney","https://www.uts.edu.au/courses/doctor-of-philosophy-phd-thesis-science","Doctor of Philosophy","da186113666bf3ad9ad221cdd5416f3b179a1e2569988e129025d852604b1535","2026-10-07T05:59:42.751Z","detailUrl","https://www.uts.edu.au/courses/doctor-of-philosophy-phd-thesis-science"
"programme_60947a9f453ceab5","university-of-technology-sydney","https://www.uts.edu.au/courses/doctor-of-philosophy-phd-thesis-science","Doctor of Philosophy","da186113666bf3ad9ad221cdd5416f3b179a1e2569988e129025d852604b1535","2026-10-07T05:59:42.751Z","description","Pioneer new frontiers and innovate new technologies that are backed by science."
"programme_1d70ac923e181c75","university-of-technology-sydney","https://www.uts.edu.au/courses/bachelor-of-mathematical-sciences-honours","Bachelor of Mathematical Sciences (Honours) | UTS","52d325e77340d7499c9b8f2002c5208fed49e1c0987dda9428ea42907f04a6d1","2026-10-07T05:59:44.821Z","name","Bachelor of Mathematical Sciences (Honours)"
"programme_1d70ac923e181c75","university-of-technology-sydney","https://www.uts.edu.au/courses/bachelor-of-mathematical-sciences-honours","Bachelor of Mathematical Sciences (Honours) | UTS","52d325e77340d7499c9b8f2002c5208fed49e1c0987dda9428ea42907f04a6d1","2026-10-07T05:59:44.821Z","detailUrl","https://www.uts.edu.au/courses/bachelor-of-mathematical-sciences-honours"
"programme_1d70ac923e181c75","university-of-technology-sydney","https://www.uts.edu.au/courses/bachelor-of-mathematical-sciences-honours","Bachelor of Mathematical Sciences (Honours) | UTS","52d325e77340d7499c9b8f2002c5208fed49e1c0987dda9428ea42907f04a6d1","2026-10-07T05:59:44.821Z","description","An advanced honours year in mathematical sciences, developing research, analytical and problem-solving skills for careers in data science, finance, technology or further study."
"programme_0134292be7fda487","university-of-technology-sydney","https://www.uts.edu.au/courses/bachelor-of-forensic-science-bachelor-of-creative-intelligence-and-innovation","Bachelor of Forensic Science Bachelor of Creative Intelligence and Innovation","5994c8d412d03efbb539c17daec455dfd0a3409b852d68555b3c37deaf9877b4","2026-10-07T05:59:46.879Z","name","Bachelor of Forensic Science Bachelor of Creative Intelligence and Innovation"
"programme_0134292be7fda487","university-of-technology-sydney","https://www.uts.edu.au/courses/bachelor-of-forensic-science-bachelor-of-creative-intelligence-and-innovation","Bachelor of Forensic Science Bachelor of Creative Intelligence and Innovation","5994c8d412d03efbb539c17daec455dfd0a3409b852d68555b3c37deaf9877b4","2026-10-07T05:59:46.879Z","detailUrl","https://www.uts.edu.au/courses/bachelor-of-forensic-science-bachelor-of-creative-intelligence-and-innovation"
"programme_0134292be7fda487","university-of-technology-sydney","https://www.uts.edu.au/courses/bachelor-of-forensic-science-bachelor-of-creative-intelligence-and-innovation","Bachelor of Forensic Science Bachelor of Creative Intelligence and Innovation","5994c8d412d03efbb539c17daec455dfd0a3409b852d68555b3c37deaf9877b4","2026-10-07T05:59:46.879Z","description","Prepare for a specialist career in forensic science with comprehensive training in innovation and creativity."
"programme_6a0ccc4715498f09","university-of-technology-sydney","https://www.uts.edu.au/courses/bachelor-of-information-systems-bachelor-of-business","Bachelor of Information Systems Bachelor of Business","9feedc2aba4f56fe060e355672ccfd8871df548641ef80bf01d241a5545436a4","2026-10-07T05:59:48.810Z","name","Bachelor of Information Systems Bachelor of Business"
"programme_6a0ccc4715498f09","university-of-technology-sydney","https://www.uts.edu.au/courses/bachelor-of-information-systems-bachelor-of-business","Bachelor of Information Systems Bachelor of Business","9feedc2aba4f56fe060e355672ccfd8871df548641ef80bf01d241a5545436a4","2026-10-07T05:59:48.810Z","detailUrl","https://www.uts.edu.au/courses/bachelor-of-information-systems-bachelor-of-business"
"programme_6a0ccc4715498f09","university-of-technology-sydney","https://www.uts.edu.au/courses/bachelor-of-information-systems-bachelor-of-business","Bachelor of Information Systems Bachelor of Business","9feedc2aba4f56fe060e355672ccfd8871df548641ef80bf01d241a5545436a4","2026-10-07T05:59:48.810Z","description","Equip yourself with information systems and business skills for a dynamic career in technology management."
"programme_fe0a8b2ba384c35f","university-of-technology-sydney","https://www.uts.edu.au/courses/master-of-interaction-design-extension","Master of Interaction Design (Extension)","342820f44676c6fc2ce6ebbb7e8754291e474d663844de500c4136e89aae635c","2026-10-07T05:59:50.692Z","name","Master of Interaction Design (Extension)"
"programme_fe0a8b2ba384c35f","university-of-technology-sydney","https://www.uts.edu.au/courses/master-of-interaction-design-extension","Master of Interaction Design (Extension)","342820f44676c6fc2ce6ebbb7e8754291e474d663844de500c4136e89aae635c","2026-10-07T05:59:50.692Z","detailUrl","https://www.uts.edu.au/courses/master-of-interaction-design-extension"
"programme_fe0a8b2ba384c35f","university-of-technology-sydney","https://www.uts.edu.au/courses/master-of-interaction-design-extension","Master of Interaction Design (Extension)","342820f44676c6fc2ce6ebbb7e8754291e474d663844de500c4136e89aae635c","2026-10-07T05:59:50.692Z","description","Learn specialised skills in this rapidly advancing field."
"programme_ad0a1ef2b8203d40","university-of-technology-sydney","https://www.uts.edu.au/courses/doctor-of-philosophy-phd-thesis-analytics","PhD Thesis Analytics | Research Degree | UTS","34c2249c12eff5797ad7c18320bb363ce4840c16aea4f5c7f3ebe0ab7412103f","2026-10-07T05:59:52.711Z","name","Doctor of Philosophy (PhD Thesis: Analytics)"
"programme_ad0a1ef2b8203d40","university-of-technology-sydney","https://www.uts.edu.au/courses/doctor-of-philosophy-phd-thesis-analytics","PhD Thesis Analytics | Research Degree | UTS","34c2249c12eff5797ad7c18320bb363ce4840c16aea4f5c7f3ebe0ab7412103f","2026-10-07T05:59:52.711Z","detailUrl","https://www.uts.edu.au/courses/doctor-of-philosophy-phd-thesis-analytics"
"programme_ad0a1ef2b8203d40","university-of-technology-sydney","https://www.uts.edu.au/courses/doctor-of-philosophy-phd-thesis-analytics","PhD Thesis Analytics | Research Degree | UTS","34c2249c12eff5797ad7c18320bb363ce4840c16aea4f5c7f3ebe0ab7412103f","2026-10-07T05:59:52.711Z","description","Undertake a PhD in Thesis Analytics at UTS. Conduct advanced research in data analytics, machine learning and decision systems with industry relevance."
"programme_1cd14b63771f88d7","university-of-technology-sydney","https://www.uts.edu.au/courses/bachelor-of-nursing-bachelor-of-creative-intelligence-and-innovation","Bachelor of Nursing Bachelor of Creative Intelligence | UTS","7bc568f82a8feee73750fc81b688401bfc7df77ed38a04aa005b2f1deb1516ca","2026-10-07T05:59:56.862Z","name","Bachelor of Nursing Bachelor of Creative Intelligence and Innovation"
"programme_1cd14b63771f88d7","university-of-technology-sydney","https://www.uts.edu.au/courses/bachelor-of-nursing-bachelor-of-creative-intelligence-and-innovation","Bachelor of Nursing Bachelor of Creative Intelligence | UTS","7bc568f82a8feee73750fc81b688401bfc7df77ed38a04aa005b2f1deb1516ca","2026-10-07T05:59:56.862Z","detailUrl","https://www.uts.edu.au/courses/bachelor-of-nursing-bachelor-of-creative-intelligence-and-innovation"
"programme_1cd14b63771f88d7","university-of-technology-sydney","https://www.uts.edu.au/courses/bachelor-of-nursing-bachelor-of-creative-intelligence-and-innovation","Bachelor of Nursing Bachelor of Creative Intelligence | UTS","7bc568f82a8feee73750fc81b688401bfc7df77ed38a04aa005b2f1deb1516ca","2026-10-07T05:59:56.862Z","description","Combine nursing with creative intelligence at UTS. Build clinical capability and future-focused problem-solving skills for complex health settings."
"programme_92be05ee0b6b5765","university-of-technology-sydney","https://www.uts.edu.au/courses/bachelor-of-nursing-honours","Bachelor of Nursing (Honours) | UTS","373ea550b10e68b1fffa8886fe8da7c9fbafe81770fec6fbea3d33e0ecb6e5c7","2026-10-07T05:59:58.825Z","name","Bachelor of Nursing (Honours)"
"programme_92be05ee0b6b5765","university-of-technology-sydney","https://www.uts.edu.au/courses/bachelor-of-nursing-honours","Bachelor of Nursing (Honours) | UTS","373ea550b10e68b1fffa8886fe8da7c9fbafe81770fec6fbea3d33e0ecb6e5c7","2026-10-07T05:59:58.825Z","detailUrl","https://www.uts.edu.au/courses/bachelor-of-nursing-honours"
"programme_92be05ee0b6b5765","university-of-technology-sydney","https://www.uts.edu.au/courses/bachelor-of-nursing-honours","Bachelor of Nursing (Honours) | UTS","373ea550b10e68b1fffa8886fe8da7c9fbafe81770fec6fbea3d33e0ecb6e5c7","2026-10-07T05:59:58.825Z","description","Extend your nursing expertise with the Bachelor of Nursing (Honours) at UTS. Build advanced research and analytical skills through an independent research project."
"programme_bc1d0d591289e580","university-of-technology-sydney","https://www.uts.edu.au/courses/bachelor-of-midwifery","Bachelor of Midwifery | UTS","64d248b3130c08cd5a7d9189c3b5103c08b971b4965a0a6240370e4af9b75ba5","2026-10-07T06:00:00.795Z","name","Bachelor of Midwifery"
"programme_bc1d0d591289e580","university-of-technology-sydney","https://www.uts.edu.au/courses/bachelor-of-midwifery","Bachelor of Midwifery | UTS","64d248b3130c08cd5a7d9189c3b5103c08b971b4965a0a6240370e4af9b75ba5","2026-10-07T06:00:00.795Z","detailUrl","https://www.uts.edu.au/courses/bachelor-of-midwifery"
"programme_bc1d0d591289e580","university-of-technology-sydney","https://www.uts.edu.au/courses/bachelor-of-midwifery","Bachelor of Midwifery | UTS","64d248b3130c08cd5a7d9189c3b5103c08b971b4965a0a6240370e4af9b75ba5","2026-10-07T06:00:00.795Z","description","Study the Bachelor of Midwifery at UTS. Build clinical skills through real placements and graduate eligible for registration with the Nursing and Midwifery Board of Australia."
"programme_95193662d801bd58","university-of-technology-sydney","https://www.uts.edu.au/courses/bachelor-of-economics-master-of-teaching-in-secondary-education","Bachelor of Economics Master of Teaching in Secondary Education","a73dc7953f94a4d7e3f2b5a75db03415b4176a9e20b957a4d87ff441c19b289a","2026-10-07T06:00:03.012Z","name","Bachelor of Economics Master of Teaching in Secondary Education"
"programme_95193662d801bd58","university-of-technology-sydney","https://www.uts.edu.au/courses/bachelor-of-economics-master-of-teaching-in-secondary-education","Bachelor of Economics Master of Teaching in Secondary Education","a73dc7953f94a4d7e3f2b5a75db03415b4176a9e20b957a4d87ff441c19b289a","2026-10-07T06:00:03.012Z","detailUrl","https://www.uts.edu.au/courses/bachelor-of-economics-master-of-teaching-in-secondary-education"
"programme_95193662d801bd58","university-of-technology-sydney","https://www.uts.edu.au/courses/bachelor-of-economics-master-of-teaching-in-secondary-education","Bachelor of Economics Master of Teaching in Secondary Education","a73dc7953f94a4d7e3f2b5a75db03415b4176a9e20b957a4d87ff441c19b289a","2026-10-07T06:00:03.012Z","description","Prepare for a teaching career in Economics and Business Studies with our combined program."
"programme_58f088b25bf836e4","university-of-technology-sydney","https://www.uts.edu.au/courses/bachelor-of-economics","Bachelor of Economics | Study Economics at UTS","3dc38863dfd08ff82a0e02ee6028923d977579171d2d41c7e1ddec787d6748d5","2026-10-07T06:00:07.238Z","name","Bachelor of Economics"
"programme_58f088b25bf836e4","university-of-technology-sydney","https://www.uts.edu.au/courses/bachelor-of-economics","Bachelor of Economics | Study Economics at UTS","3dc38863dfd08ff82a0e02ee6028923d977579171d2d41c7e1ddec787d6748d5","2026-10-07T06:00:07.238Z","detailUrl","https://www.uts.edu.au/courses/bachelor-of-economics"
"programme_58f088b25bf836e4","university-of-technology-sydney","https://www.uts.edu.au/courses/bachelor-of-economics","Bachelor of Economics | Study Economics at UTS","3dc38863dfd08ff82a0e02ee6028923d977579171d2d41c7e1ddec787d6748d5","2026-10-07T06:00:07.238Z","description","Study economics at UTS and develop expertise in economic policy, behavioural economics and data analysis to tackle real-world challenges."
"programme_398545ef391149e6","university-of-technology-sydney","https://www.uts.edu.au/courses/bachelor-of-business-bachelor-of-laws","Bachelor of Business Bachelor of Laws at UTS Sydney | Undergraduate","9f78c06518a28512f35e2d4d8921ef39ba26d06b4b4ccc094b042df085f66325","2026-10-07T06:00:08.872Z","name","Bachelor of Business Bachelor of Laws"
"programme_398545ef391149e6","university-of-technology-sydney","https://www.uts.edu.au/courses/bachelor-of-business-bachelor-of-laws","Bachelor of Business Bachelor of Laws at UTS Sydney | Undergraduate","9f78c06518a28512f35e2d4d8921ef39ba26d06b4b4ccc094b042df085f66325","2026-10-07T06:00:08.872Z","detailUrl","https://www.uts.edu.au/courses/bachelor-of-business-bachelor-of-laws"
"programme_398545ef391149e6","university-of-technology-sydney","https://www.uts.edu.au/courses/bachelor-of-business-bachelor-of-laws","Bachelor of Business Bachelor of Laws at UTS Sydney | Undergraduate","9f78c06518a28512f35e2d4d8921ef39ba26d06b4b4ccc094b042df085f66325","2026-10-07T06:00:08.872Z","description","Combined undergraduate degree integrating business, management and law, developing commercial, legal and professional skills for leadership across industry roles."
"programme_a2a0471aad94694f","university-of-technology-sydney","https://www.uts.edu.au/courses/master-of-business-analytics","Master of Business Analytics | Business Degrees | UTS","e31da3e1992aa0f0d7ab9569ea36a3c6aaa51ce39de4c0c019869dccf49547ce","2026-10-07T06:00:36.256Z","name","Master of Business Analytics"
"programme_a2a0471aad94694f","university-of-technology-sydney","https://www.uts.edu.au/courses/master-of-business-analytics","Master of Business Analytics | Business Degrees | UTS","e31da3e1992aa0f0d7ab9569ea36a3c6aaa51ce39de4c0c019869dccf49547ce","2026-10-07T06:00:36.256Z","detailUrl","https://www.uts.edu.au/courses/master-of-business-analytics"
"programme_a2a0471aad94694f","university-of-technology-sydney","https://www.uts.edu.au/courses/master-of-business-analytics","Master of Business Analytics | Business Degrees | UTS","e31da3e1992aa0f0d7ab9569ea36a3c6aaa51ce39de4c0c019869dccf49547ce","2026-10-07T06:00:36.256Z","description","Study business analytics at UTS and develop expertise in data analytics, visualisation, machine learning and strategic decision-making."
"programme_f208e0e61ff3223d","university-of-technology-sydney","https://www.uts.edu.au/courses/graduate-certificate-in-business-analytics","Graduate Certificate in Business Analytics","4eb88617e10ca9df1e80e5aaa704e79110fc8bd7682d26c565a1a0bd906dc3e4","2026-10-07T06:00:38.443Z","name","Graduate Certificate in Business Analytics"
"programme_f208e0e61ff3223d","university-of-technology-sydney","https://www.uts.edu.au/courses/graduate-certificate-in-business-analytics","Graduate Certificate in Business Analytics","4eb88617e10ca9df1e80e5aaa704e79110fc8bd7682d26c565a1a0bd906dc3e4","2026-10-07T06:00:38.443Z","detailUrl","https://www.uts.edu.au/courses/graduate-certificate-in-business-analytics"
"programme_f208e0e61ff3223d","university-of-technology-sydney","https://www.uts.edu.au/courses/graduate-certificate-in-business-analytics","Graduate Certificate in Business Analytics","4eb88617e10ca9df1e80e5aaa704e79110fc8bd7682d26c565a1a0bd906dc3e4","2026-10-07T06:00:38.443Z","description","Be at the forefront of our data-driven world and achieve commercial and business success."
"programme_df6df18569d925b4","university-of-technology-sydney","https://www.uts.edu.au/courses/bachelor-of-business-honours","Bachelor of Business (Honours)","04b01305e2a70bef592c6274e54ea5e4168b6ef166512b29e96525a2641363b6","2026-10-07T06:00:40.352Z","name","Bachelor of Business (Honours)"
"programme_df6df18569d925b4","university-of-technology-sydney","https://www.uts.edu.au/courses/bachelor-of-business-honours","Bachelor of Business (Honours)","04b01305e2a70bef592c6274e54ea5e4168b6ef166512b29e96525a2641363b6","2026-10-07T06:00:40.352Z","detailUrl","https://www.uts.edu.au/courses/bachelor-of-business-honours"
"programme_df6df18569d925b4","university-of-technology-sydney","https://www.uts.edu.au/courses/bachelor-of-business-honours","Bachelor of Business (Honours)","04b01305e2a70bef592c6274e54ea5e4168b6ef166512b29e96525a2641363b6","2026-10-07T06:00:40.352Z","description","Advance your study in the disciplinary areas of accounting, finance and economics, management or marketing."
"programme_1a3d2a5e989e4cbd","university-of-western-australia","https://www.uwa.edu.au/study/courses/doctor-of-philosophy","Doctor of Philosophy : The University of Western Australia","04fa8977327c97e41c635aec1119bedc6dd557d2ee8ca49e282e9b9b5e48478f","2026-10-07T05:57:50.173Z","name","Doctor of Philosophy"
"programme_1a3d2a5e989e4cbd","university-of-western-australia","https://www.uwa.edu.au/study/courses/doctor-of-philosophy","Doctor of Philosophy : The University of Western Australia","04fa8977327c97e41c635aec1119bedc6dd557d2ee8ca49e282e9b9b5e48478f","2026-10-07T05:57:50.173Z","description","The Doctor of Philosophy (PhD) is the University's flagship research degree, which can be taken in any discipline area in the University, providing that appropriate supervision and resources are available."
"programme_15c71b8559782fd9","university-of-western-australia","https://www.uwa.edu.au/study/courses/master-of-philosophy","Master of Philosophy : The University of Western Australia","32c6bec8698d57397a567f2e0c62d9556085e3daefa466b59384c5583b9965d0","2026-10-07T05:57:52.190Z","name","Master of Philosophy"
"programme_15c71b8559782fd9","university-of-western-australia","https://www.uwa.edu.au/study/courses/master-of-philosophy","Master of Philosophy : The University of Western Australia","32c6bec8698d57397a567f2e0c62d9556085e3daefa466b59384c5583b9965d0","2026-10-07T05:57:52.190Z","description","The Master of Philosophy (MPhil) is a program of independent, supervised research and is assessed solely on the basis of a thesis."
"programme_35d52797e29c9f49","university-of-western-australia","https://www.uwa.edu.au/study/courses/doctor-of-dental-medicine","Doctor of Dental Medicine : The University of Western Australia","8076768bdfe1a417dbe73374235dc17312a9c4f8c73dff8fcedd87a19bc67c4f","2026-10-07T05:57:54.318Z","name","Doctor of Dental Medicine"
"programme_35d52797e29c9f49","university-of-western-australia","https://www.uwa.edu.au/study/courses/doctor-of-dental-medicine","Doctor of Dental Medicine : The University of Western Australia","8076768bdfe1a417dbe73374235dc17312a9c4f8c73dff8fcedd87a19bc67c4f","2026-10-07T05:57:54.318Z","description","Home to WA's only tertiary Dental School, UWA has trained future dentists for more than 75 years. Taught by dedicated staff in state-of-the-art facilities."
"programme_186f3334306818ed","university-of-western-australia","https://www.uwa.edu.au/study/courses/doctor-of-MEDICINE","Doctor of Medicine : The University of Western Australia","d8d0819304d11ae7f3208aa3afe6e2e8f28b53ceccb2f7fe6dad1b0521956fca","2026-10-07T05:57:56.341Z","name","Doctor of Medicine"
"programme_186f3334306818ed","university-of-western-australia","https://www.uwa.edu.au/study/courses/doctor-of-MEDICINE","Doctor of Medicine : The University of Western Australia","d8d0819304d11ae7f3208aa3afe6e2e8f28b53ceccb2f7fe6dad1b0521956fca","2026-10-07T05:57:56.341Z","description","Doctor of Medicine (MD) graduates from UWA will be committed to the wellbeing of the patient, community and society as responsible, accountable, scholarly, capable, caring and culturally safe doctors."
"programme_7e09605b8606cbbe","university-of-western-australia","https://www.uwa.edu.au/study/courses/doctor-of-podiatric-medicine","Doctor of Podiatric Medicine : The University of Western Australia","29b26d149fb885ee64a0784d27224459db2144e4c765c6f8f1fcf98544480147","2026-10-07T05:57:58.400Z","name","Doctor of Podiatric Medicine"
"programme_7e09605b8606cbbe","university-of-western-australia","https://www.uwa.edu.au/study/courses/doctor-of-podiatric-medicine","Doctor of Podiatric Medicine : The University of Western Australia","29b26d149fb885ee64a0784d27224459db2144e4c765c6f8f1fcf98544480147","2026-10-07T05:57:58.400Z","description","The Doctor of Podiatric Medicine degree is a comprehensive course designed to produce highly trained and competent podiatrists who are well prepared to enter clinical practice as primary contact health care practitioners in the diagnosis and treatment of conditions affecting the foot and ankle."
"programme_966561a695418396","university-of-western-australia","https://www.uwa.edu.au/study/courses/master-of-architecture","Master of Architecture : The University of Western Australia","013fcd4c7191a71ae582bbea3a63c22aef8c8fe73e1493fc3ebce17c65c42a5a","2026-10-07T05:58:00.319Z","name","Master of Architecture"
"programme_966561a695418396","university-of-western-australia","https://www.uwa.edu.au/study/courses/master-of-architecture","Master of Architecture : The University of Western Australia","013fcd4c7191a71ae582bbea3a63c22aef8c8fe73e1493fc3ebce17c65c42a5a","2026-10-07T05:58:00.319Z","description","Construct your career with a Master of Architecture."
"programme_9cea39e69b9ef1f2","university-of-western-australia","https://www.uwa.edu.au/study/courses/master-of-landscape-architecture","Master of Landscape Architecture : The University of Western Australia","7cf55b6ae360e746b993909de4646ff261f6d5a003e63389a5de7c7f426c31e2","2026-10-07T05:58:02.276Z","name","Master of Landscape Architecture"
"programme_9cea39e69b9ef1f2","university-of-western-australia","https://www.uwa.edu.au/study/courses/master-of-landscape-architecture","Master of Landscape Architecture : The University of Western Australia","7cf55b6ae360e746b993909de4646ff261f6d5a003e63389a5de7c7f426c31e2","2026-10-07T05:58:02.276Z","description","Bridge the worlds of art and science with a career in landscape architecture."
"programme_fc61b44d9dba2098","university-of-western-australia","https://www.uwa.edu.au/study/courses/master-of-public-health","Master of Public Health : The University of Western Australia","97501a37292a700b86e2b326e7d5bf6e71ce321e523e13d1b73f4b34ab64666e","2026-10-07T05:58:04.298Z","name","Master of Public Health"
"programme_fc61b44d9dba2098","university-of-western-australia","https://www.uwa.edu.au/study/courses/master-of-public-health","Master of Public Health : The University of Western Australia","97501a37292a700b86e2b326e7d5bf6e71ce321e523e13d1b73f4b34ab64666e","2026-10-07T05:58:04.298Z","description","This 1.5 year course can include a dissertation or practicum. It provides graduates with a suitable background and generalist qualification for a career in Public Health."
"programme_3bcb882d4f960115","university-of-western-australia","https://www.uwa.edu.au/study/courses/master-of-public-health-specialisation","Master of Public Health with Specialisation : The University of Western Australia","5f82e393246fe5e8e1d25dae4558a69b4397005d975e4e116962472121856b27","2026-10-07T05:58:06.277Z","name","Master of Public Health - Coursework"
"programme_3bcb882d4f960115","university-of-western-australia","https://www.uwa.edu.au/study/courses/master-of-public-health-specialisation","Master of Public Health with Specialisation : The University of Western Australia","5f82e393246fe5e8e1d25dae4558a69b4397005d975e4e116962472121856b27","2026-10-07T05:58:06.277Z","description","This two-year course is ideal for international students and can include a dissertation and practicum. It provides graduates with a suitable background and generalist qualification for a career in Public Health."
"programme_960f6ce3be668d71","university-of-western-australia","https://www.uwa.edu.au/study/courses/master-of-translation-studies","Master of Translation Studies : The University of Western Australia","5c2ae179aca5526914f435dbc5c77326de7ef831b4e688e9fde1e81229ad1e74","2026-10-07T05:58:08.385Z","name","Master of Translation Studies"
"programme_960f6ce3be668d71","university-of-western-australia","https://www.uwa.edu.au/study/courses/master-of-translation-studies","Master of Translation Studies : The University of Western Australia","5c2ae179aca5526914f435dbc5c77326de7ef831b4e688e9fde1e81229ad1e74","2026-10-07T05:58:08.385Z","description","Gain world-class specialised translation training between English and one of ten Asian and European languages."
"programme_f3c1e28f56a82e13","university-of-western-australia","https://www.uwa.edu.au/study/courses/architecture","Architecture : The University of Western Australia","a926c1516b39f6c12582bbc3b7687354a87b474069ba488310bd9066fdea4543","2026-10-07T05:58:10.337Z","name","Architecture"
"programme_f3c1e28f56a82e13","university-of-western-australia","https://www.uwa.edu.au/study/courses/architecture","Architecture : The University of Western Australia","a926c1516b39f6c12582bbc3b7687354a87b474069ba488310bd9066fdea4543","2026-10-07T05:58:10.337Z","description","Architecture is the conceptualisation and design of built forms in response to social, economic, environmental and technological needs."
"programme_045cc14c0fcb3429","university-of-western-australia","https://www.uwa.edu.au/study/courses/master-of-business-analytics","Master of Business Analytics : The University of Western Australia","f2700165048f58bd0b7c38272fce46a1bb8aff8b7940f69046fb845217f13a44","2026-10-07T05:58:16.311Z","name","Master of Business Analytics"
"programme_045cc14c0fcb3429","university-of-western-australia","https://www.uwa.edu.au/study/courses/master-of-business-analytics","Master of Business Analytics : The University of Western Australia","f2700165048f58bd0b7c38272fce46a1bb8aff8b7940f69046fb845217f13a44","2026-10-07T05:58:16.311Z","description","The recent explosion of available data, together with advances in technology, makes data leverage critical for better business decisions. Lead the way with a Master of Business Analytics at UWA."
"programme_0271e040c72f12dc","university-of-western-australia","https://www.uwa.edu.au/study/courses/master-of-information-technology","Master of Information Technology (IT) : The University of Western Australia","654d8a449914bd4b9b2cc29e51638ba57aa9333a880fb0324e60755c433e6275","2026-10-07T05:58:20.421Z","name","Master of Information Technology"
"programme_0271e040c72f12dc","university-of-western-australia","https://www.uwa.edu.au/study/courses/master-of-information-technology","Master of Information Technology (IT) : The University of Western Australia","654d8a449914bd4b9b2cc29e51638ba57aa9333a880fb0324e60755c433e6275","2026-10-07T05:58:20.421Z","description","Gain advanced information technology skills to engage at the cutting edge of global technology solutions."
"programme_b6003cc9516cb29b","university-of-western-australia","https://www.uwa.edu.au/study/courses/cybersecurity","Cybersecurity : The University of Western Australia","4b3a304b082e22eb472e1cbcf3544c84c939d0930a26dfe20eaed86545a7056f","2026-10-07T05:58:22.277Z","name","Cybersecurity"
"programme_b6003cc9516cb29b","university-of-western-australia","https://www.uwa.edu.au/study/courses/cybersecurity","Cybersecurity : The University of Western Australia","4b3a304b082e22eb472e1cbcf3544c84c939d0930a26dfe20eaed86545a7056f","2026-10-07T05:58:22.277Z","description","With a major in Cybersecurity from UWA, you’ll be ready for a range of specialist cybersecurity roles."
"programme_dd5d47675dc3e098","university-of-western-australia","https://www.uwa.edu.au/study/courses/master-of-teaching-secondary","Master of Teaching (Secondary) : The University of Western Australia","4a451e6a7b9f1e2ca33656d5133bb9dbff2fa86f57e65a7fca23e4ecfadaea66","2026-10-07T05:58:28.297Z","name","Master of Teaching (Secondary)"
"programme_dd5d47675dc3e098","university-of-western-australia","https://www.uwa.edu.au/study/courses/master-of-teaching-secondary","Master of Teaching (Secondary) : The University of Western Australia","4a451e6a7b9f1e2ca33656d5133bb9dbff2fa86f57e65a7fca23e4ecfadaea66","2026-10-07T05:58:28.297Z","description","Expand your career. Learn alongside world-class thought leaders and develop the skills and knowledge to lead tomorrow's generation"
"programme_97527a86d940c867","university-of-western-australia","https://www.uwa.edu.au/study/courses/master-of-offshore-and-coastal-engineering","Master of Offshore and Coastal Engineering : The University of Western Australia","ac5d0bafeed2802a4eef9d8a86f559b6b2d341baa26e150810262003ff1c939f","2026-10-07T05:58:34.347Z","name","Master of Offshore and Coastal Engineering"
"programme_97527a86d940c867","university-of-western-australia","https://www.uwa.edu.au/study/courses/master-of-offshore-and-coastal-engineering","Master of Offshore and Coastal Engineering : The University of Western Australia","ac5d0bafeed2802a4eef9d8a86f559b6b2d341baa26e150810262003ff1c939f","2026-10-07T05:58:34.347Z","description","The Master of Offshore and Coastal Engineering prepares graduates from engineering backgrounds with the knowledge and practical skills to lead innovation in offshore and coastal engineering."
"programme_87bac833914a111a","university-of-western-australia","https://www.uwa.edu.au/study/courses/doctor-of-medicine","Doctor of Medicine : The University of Western Australia","730663af6504e32d7865789615de44f3d4a79af6aa226e3e3fa577dbbe927a23","2026-10-07T05:58:40.473Z","name","Doctor of Medicine"
"programme_87bac833914a111a","university-of-western-australia","https://www.uwa.edu.au/study/courses/doctor-of-medicine","Doctor of Medicine : The University of Western Australia","730663af6504e32d7865789615de44f3d4a79af6aa226e3e3fa577dbbe927a23","2026-10-07T05:58:40.473Z","description","Doctor of Medicine (MD) graduates from UWA will be committed to the wellbeing of the patient, community and society as responsible, accountable, scholarly, capable, caring and culturally safe doctors."
"programme_9935a85a68d44835","university-of-western-australia","https://www.uwa.edu.au/study/courses/master-of-strategic-communication","Master of Strategic Communication : The University of Western Australia","de741e573d4275be7bebaca43d07988a9efe432a070f3685162b4c8e1891a614","2026-10-07T05:58:46.450Z","name","Master of Strategic Communication"
"programme_9935a85a68d44835","university-of-western-australia","https://www.uwa.edu.au/study/courses/master-of-strategic-communication","Master of Strategic Communication : The University of Western Australia","de741e573d4275be7bebaca43d07988a9efe432a070f3685162b4c8e1891a614","2026-10-07T05:58:46.450Z","description","Do you want to be the trusted senior communications adviser in your company?"
"programme_946d5ec0470dcdac","university-of-western-australia","https://www.uwa.edu.au/study/Courses/Business-Analytics","Business Analytics : The University of Western Australia","b83480f94a9826399a8ff6ed2f70a0d98d09a9bd9d924875aff18a2397ffcdee","2026-10-07T05:59:00.535Z","name","Business Analytics"
"programme_946d5ec0470dcdac","university-of-western-australia","https://www.uwa.edu.au/study/Courses/Business-Analytics","Business Analytics : The University of Western Australia","b83480f94a9826399a8ff6ed2f70a0d98d09a9bd9d924875aff18a2397ffcdee","2026-10-07T05:59:00.535Z","description","Combine knowledge in statistics and programming with practical applications to inform real-world business and economic decisions."
"programme_8cae29a8f982cc8e","university-of-western-australia","https://www.uwa.edu.au/study/courses/master-of-mining-and-energy-law","Master of Mining and Energy Law : The University of Western Australia","f175882fbc6c16c5f3c353777e35bed89becd1f6ee88109112f6883238c2ac35","2026-10-07T05:59:04.489Z","name","Master of Mining and Energy Law"
"programme_8cae29a8f982cc8e","university-of-western-australia","https://www.uwa.edu.au/study/courses/master-of-mining-and-energy-law","Master of Mining and Energy Law : The University of Western Australia","f175882fbc6c16c5f3c353777e35bed89becd1f6ee88109112f6883238c2ac35","2026-10-07T05:59:04.489Z","description","Do you want to lead in the global resources sector? This master's course provides the understanding you need to pursue careers in the mining and energy industries."
"programme_25bc2eaab01800f9","university-of-western-australia","https://www.uwa.edu.au/study/courses/juris-doctor","Juris Doctor (JD) : The University of Western Australia","4d7abdc4738e3732291922921b6ab41bd22dd1f7c2477d59dfb4c468214c6439","2026-10-07T05:59:06.555Z","name","Juris Doctor"
"programme_25bc2eaab01800f9","university-of-western-australia","https://www.uwa.edu.au/study/courses/juris-doctor","Juris Doctor (JD) : The University of Western Australia","4d7abdc4738e3732291922921b6ab41bd22dd1f7c2477d59dfb4c468214c6439","2026-10-07T05:59:06.555Z","description","The Juris Doctor gives you the knowledge and skills necessary to have a long and successful career in law."
"programme_f9e6d82b082c487f","university-of-western-australia","https://www.uwa.edu.au/study/courses/master-of-fine-arts","Master of Fine Arts (Research) : The University of Western Australia","6b3f0d48bce9cbb436c9eef1279d701e134740d66eef9f4bb0e2817b8b67d9e6","2026-10-07T05:59:10.425Z","name","Master of Fine Arts"
"programme_f9e6d82b082c487f","university-of-western-australia","https://www.uwa.edu.au/study/courses/master-of-fine-arts","Master of Fine Arts (Research) : The University of Western Australia","6b3f0d48bce9cbb436c9eef1279d701e134740d66eef9f4bb0e2817b8b67d9e6","2026-10-07T05:59:10.425Z","description","Pursue your passion with a supervised research and arts practice experience."
"programme_9173526cf57dcc86","university-of-western-australia","https://www.uwa.edu.au/study/Courses/Physics","Physics : The University of Western Australia","188866f602c44dca859f14c212276845e652c3c7440609f663eae44733f151ff","2026-10-07T05:59:12.519Z","name","Physics"
"programme_9173526cf57dcc86","university-of-western-australia","https://www.uwa.edu.au/study/Courses/Physics","Physics : The University of Western Australia","188866f602c44dca859f14c212276845e652c3c7440609f663eae44733f151ff","2026-10-07T05:59:12.519Z","description","Physics examines the world around us at the most fundamental level, from the origin and fate of the universe to the behaviour of matter on sub-atomic length scales and everything in between."
"programme_87353e6361c5437e","university-of-western-australia","https://www.uwa.edu.au/study/Courses/Fine-Arts","Fine Arts : The University of Western Australia","d03bbb5893923e14d3064d0297d57c35ca5769c98df88dcbb4d867b25fa0f95f","2026-10-07T05:59:14.574Z","name","Fine Arts"
"programme_87353e6361c5437e","university-of-western-australia","https://www.uwa.edu.au/study/Courses/Fine-Arts","Fine Arts : The University of Western Australia","d03bbb5893923e14d3064d0297d57c35ca5769c98df88dcbb4d867b25fa0f95f","2026-10-07T05:59:14.574Z","description","Fine Arts is the creative exploration of ideas and the formation of concepts within the unique imaginative field of making art."
"programme_623d3f004dbbb48a","university-of-western-australia","https://www.uwa.edu.au/study/courses/bachelor-of-marine-science-and-master-of-environmental-science","Bachelor of Marine Science and Master of Environmental Science : The University of Western Australia","efd387f0a6ac1f9f144db46470e2d515feadbb418285dbb84c37345c57466471","2026-10-07T05:59:24.383Z","name","Bachelor of Marine Science and Master of Environmental Science"
"programme_623d3f004dbbb48a","university-of-western-australia","https://www.uwa.edu.au/study/courses/bachelor-of-marine-science-and-master-of-environmental-science","Bachelor of Marine Science and Master of Environmental Science : The University of Western Australia","efd387f0a6ac1f9f144db46470e2d515feadbb418285dbb84c37345c57466471","2026-10-07T05:59:24.383Z","description","Gain specialised knowledge of marine life and a solid understanding of the physical processes across our coastal marine environments."
"programme_b6b0ea96ffd72864","university-of-western-australia","https://www.uwa.edu.au/study/courses/marine-science-extended-major","Marine Science (Extended Major) : The University of Western Australia","5822daaa338ea460be1be9439bfdfd13610cd1ed34cc2033a22eef036a882f50","2026-10-07T05:59:28.119Z","name","Marine Science (Extended Major)"
"programme_b6b0ea96ffd72864","university-of-western-australia","https://www.uwa.edu.au/study/courses/marine-science-extended-major","Marine Science (Extended Major) : The University of Western Australia","5822daaa338ea460be1be9439bfdfd13610cd1ed34cc2033a22eef036a882f50","2026-10-07T05:59:28.119Z","description","This extended major will expose you to the full breadth of the marine science discipline, allowing deeper understanding of both the physical and biological components through the Marine Biology and Coastal Processes majors."
"programme_941f9ea874454859","university-of-western-australia","https://www.uwa.edu.au/study/Courses/Chemistry","Chemistry : The University of Western Australia","bd5819199678aca789157689c0eaa71079660eae47ef8c1b47a84fda50b9d8f6","2026-10-07T05:59:30.144Z","name","Chemistry"
"programme_941f9ea874454859","university-of-western-australia","https://www.uwa.edu.au/study/Courses/Chemistry","Chemistry : The University of Western Australia","bd5819199678aca789157689c0eaa71079660eae47ef8c1b47a84fda50b9d8f6","2026-10-07T05:59:30.144Z","description","Chemistry is the study of reactions and interactions between atoms, compounds and ions. It provides the foundation for jobs in nanotechnology, pharmaceuticals, biotech, materials science, energy and resources, the environment, and agriculture."
"programme_8ee72842734fb7a2","university-of-western-australia","https://www.uwa.edu.au/study/courses/graduate-certificate-in-business-psychology-online","Graduate Certificate in Business Psychology (Online) : The University of Western Australia","33ca051e1542615c56a33bc9a17685cf11e81d82533560b3290e5e744c203c94","2026-10-07T05:59:32.211Z","name","Graduate Certificate in Business Psychology Online"
"programme_8ee72842734fb7a2","university-of-western-australia","https://www.uwa.edu.au/study/courses/graduate-certificate-in-business-psychology-online","Graduate Certificate in Business Psychology (Online) : The University of Western Australia","33ca051e1542615c56a33bc9a17685cf11e81d82533560b3290e5e744c203c94","2026-10-07T05:59:32.211Z","description","Develop your skills to apply psychological knowledge to create better workplaces."
"programme_b1bbf89709079897","university-of-western-australia","https://www.uwa.edu.au/study/courses/psychological-and-behavioural-sciences","Psychological and Behavioural Sciences : The University of Western Australia","bbbe1584e3b930caf5b9cd06c3a0a5f6e686f524180dd6381bb4a8f59969ccfe","2026-10-07T05:59:34.323Z","name","Psychological and Behavioural Sciences"
"programme_b1bbf89709079897","university-of-western-australia","https://www.uwa.edu.au/study/courses/psychological-and-behavioural-sciences","Psychological and Behavioural Sciences : The University of Western Australia","bbbe1584e3b930caf5b9cd06c3a0a5f6e686f524180dd6381bb4a8f59969ccfe","2026-10-07T05:59:34.323Z","description","Psychology is a fascinating and diverse area of study that seeks to answer questions about how and why people behave the way they do."
"programme_aa02a8cee9382a8f","university-of-western-australia","https://www.uwa.edu.au/study/courses/master-of-professional-psychology-coursework","Master of Professional Psychology (coursework) : The University of Western Australia","217042619e59e569b9e6858e5e67a3c105bcd7aa284c00060f49517941c9c996","2026-10-07T05:59:40.379Z","name","Master of Professional Psychology coursework"
"programme_aa02a8cee9382a8f","university-of-western-australia","https://www.uwa.edu.au/study/courses/master-of-professional-psychology-coursework","Master of Professional Psychology (coursework) : The University of Western Australia","217042619e59e569b9e6858e5e67a3c105bcd7aa284c00060f49517941c9c996","2026-10-07T05:59:40.379Z","description","Preparing you for registration with practical training, placements, and rural and remote readiness."
"programme_5b0243442047296f","university-of-western-australia","https://www.uwa.edu.au/study/courses/automation-and-robotics-engineering","Automation and Robotics Engineering : The University of Western Australia","67b6143f216a74f48bea4ea82fb1f973ea33a7cfe89d0de4f98ce73394d0339c","2026-10-07T05:59:42.241Z","name","Automation and Robotics Engineering"
"programme_5b0243442047296f","university-of-western-australia","https://www.uwa.edu.au/study/courses/automation-and-robotics-engineering","Automation and Robotics Engineering : The University of Western Australia","67b6143f216a74f48bea4ea82fb1f973ea33a7cfe89d0de4f98ce73394d0339c","2026-10-07T05:59:42.241Z","description","Become an industry-ready automation and robotics engineer with real-world experience in just four years. Graduate with the key skills and qualities employers need in new engineers to succeed in their rapidly evolving sectors"
"programme_1f2ca58084e123d9","university-of-western-australia","https://www.uwa.edu.au/study/courses/biomedical-engineering","Biomedical Engineering : The University of Western Australia","53d7d74fee5089208add8782940056e319d3fe318dc9ea290d1921295cbd0f5b","2026-10-07T05:59:44.249Z","name","Biomedical Engineering"
"programme_1f2ca58084e123d9","university-of-western-australia","https://www.uwa.edu.au/study/courses/biomedical-engineering","Biomedical Engineering : The University of Western Australia","53d7d74fee5089208add8782940056e319d3fe318dc9ea290d1921295cbd0f5b","2026-10-07T05:59:44.249Z","description","Biomedical Engineering takes engineering design and principles together with computing, mathematics, life sciences and medicine to improve diagnosis, treatment and prevention of disease and disability."
"programme_661e3aaf89fc6632","university-of-western-australia","https://www.uwa.edu.au/study/courses/chemical-engineering","Chemical Engineering : The University of Western Australia","f94165ddbd57955e27d589110bacc7bbce6964b7d411737563ba607ad1fdb1f0","2026-10-07T05:59:46.451Z","name","Chemical Engineering"
"programme_661e3aaf89fc6632","university-of-western-australia","https://www.uwa.edu.au/study/courses/chemical-engineering","Chemical Engineering : The University of Western Australia","f94165ddbd57955e27d589110bacc7bbce6964b7d411737563ba607ad1fdb1f0","2026-10-07T05:59:46.451Z","description","Become an industry-ready chemical engineer with real-world experience in just four years. Graduate with the key skills and qualities employers need in new engineers to succeed in their rapidly evolving sectors"
"programme_6b5a966533d8e5ec","university-of-western-australia","https://www.uwa.edu.au/study/courses/civil-engineering","Civil Engineering : The University of Western Australia","487605866e433ae3286cae59adcfe33544448e2e8b52bc8cff081b9f19923745","2026-10-07T05:59:48.292Z","name","Civil Engineering"
"programme_6b5a966533d8e5ec","university-of-western-australia","https://www.uwa.edu.au/study/courses/civil-engineering","Civil Engineering : The University of Western Australia","487605866e433ae3286cae59adcfe33544448e2e8b52bc8cff081b9f19923745","2026-10-07T05:59:48.292Z","description","Become an industry-ready civil engineer with real-world experience in just four years. Graduate with the key skills and qualities employers need in new engineers to succeed in their rapidly evolving sectors"
"programme_223ccb5bd7cad8c7","university-of-western-australia","https://www.uwa.edu.au/study/courses/electrical-and-electronic-engineering","Electrical and Electronic Engineering : The University of Western Australia","ccafe41724a2f076a18a6d838bfaf7b900d79c076e16187f0d922215a1db3984","2026-10-07T05:59:50.298Z","name","Electrical and Electronic Engineering"
"programme_223ccb5bd7cad8c7","university-of-western-australia","https://www.uwa.edu.au/study/courses/electrical-and-electronic-engineering","Electrical and Electronic Engineering : The University of Western Australia","ccafe41724a2f076a18a6d838bfaf7b900d79c076e16187f0d922215a1db3984","2026-10-07T05:59:50.298Z","description","Become an industry-ready electrical and electronic engineer with real-world experience in just four years. Graduate with the key skills and qualities employers need in new engineers to succeed in their rapidly evolving sectors"
"programme_6134ef922290420d","university-of-western-australia","https://www.uwa.edu.au/study/courses/environmental-engineering","Environmental Engineering : The University of Western Australia","6f5d4ae4f3dabe0394f16e08e5d4ead3a59f8ba56953307a7ec756923106bf05","2026-10-07T05:59:52.470Z","name","Environmental Engineering"
"programme_6134ef922290420d","university-of-western-australia","https://www.uwa.edu.au/study/courses/environmental-engineering","Environmental Engineering : The University of Western Australia","6f5d4ae4f3dabe0394f16e08e5d4ead3a59f8ba56953307a7ec756923106bf05","2026-10-07T05:59:52.470Z","description","Become an industry-ready environmental engineer with real-world experience in just four years. Graduate with the key skills and qualities employers need in new engineers to succeed in their rapidly evolving sectors"
"programme_e5389d27e3a515ab","university-of-western-australia","https://www.uwa.edu.au/study/courses/mechanical-engineering","Mechanical Engineering : The University of Western Australia","7c0066ffdbaa265441258df0cf849d43bc94c7d39ef058d1710f5ba0af8a542d","2026-10-07T05:59:54.402Z","name","Mechanical Engineering"
"programme_e5389d27e3a515ab","university-of-western-australia","https://www.uwa.edu.au/study/courses/mechanical-engineering","Mechanical Engineering : The University of Western Australia","7c0066ffdbaa265441258df0cf849d43bc94c7d39ef058d1710f5ba0af8a542d","2026-10-07T05:59:54.402Z","description","Become an industry-ready mechanical engineer with real-world experience in just four years. Graduate with the key skills and qualities employers need in new engineers to succeed in their rapidly evolving sectors"
"programme_52d51c1d42ae9f2a","university-of-western-australia","https://www.uwa.edu.au/study/courses/mining-engineering","Mining Engineering : The University of Western Australia","a734df87e42fe31aa332a087ca4dad1a4d941aa0554e8257fa02d21539b19b1b","2026-10-07T05:59:56.270Z","name","Mining Engineering"
"programme_52d51c1d42ae9f2a","university-of-western-australia","https://www.uwa.edu.au/study/courses/mining-engineering","Mining Engineering : The University of Western Australia","a734df87e42fe31aa332a087ca4dad1a4d941aa0554e8257fa02d21539b19b1b","2026-10-07T05:59:56.270Z","description","Become an industry-ready mining engineer with real-world experience in just four years. Graduate with the key skills and qualities employers need in new engineers to succeed in their rapidly evolving sectors"
"programme_8567fe987e2b0b4d","university-of-western-australia","https://www.uwa.edu.au/study/courses/software-engineering","Software Engineering : The University of Western Australia","f5cd4fe5ab2934d6d1d4a7023c87450fac28a73305e71a204013afae99b932bf","2026-10-07T05:59:58.349Z","name","Software Engineering"
"programme_8567fe987e2b0b4d","university-of-western-australia","https://www.uwa.edu.au/study/courses/software-engineering","Software Engineering : The University of Western Australia","f5cd4fe5ab2934d6d1d4a7023c87450fac28a73305e71a204013afae99b932bf","2026-10-07T05:59:58.349Z","description","Become an industry-ready software engineer with real-world experience in just four years. Graduate with the key skills and qualities employers need in new engineers to succeed in their rapidly evolving sectors"
"programme_529f223357ece7b8","university-of-western-australia","https://www.uwa.edu.au/study/courses/accounting","Accounting : The University of Western Australia","cec44c115cc7b5abf1b79a342626c6ce39b0471c54055aaedc825e64d3caa50f","2026-10-07T06:00:00.526Z","name","Accounting"
"programme_529f223357ece7b8","university-of-western-australia","https://www.uwa.edu.au/study/courses/accounting","Accounting : The University of Western Australia","cec44c115cc7b5abf1b79a342626c6ce39b0471c54055aaedc825e64d3caa50f","2026-10-07T06:00:00.526Z","description","Speak the language of business as you learn to summarise, analyse and interpret financial information for shareholders, managers and other stakeholders."
"programme_5c495b627f502734","university-of-western-australia","https://www.uwa.edu.au/study/courses/business-law","Business Law : The University of Western Australia","bcdba472843aed4aabe7e2a1479bccc7174cd549ad8291ec11663996c639c0c9","2026-10-07T06:00:02.431Z","name","Business Law"
"programme_5c495b627f502734","university-of-western-australia","https://www.uwa.edu.au/study/courses/business-law","Business Law : The University of Western Australia","bcdba472843aed4aabe7e2a1479bccc7174cd549ad8291ec11663996c639c0c9","2026-10-07T06:00:02.431Z","description","Business Law is an ideal major for anyone planning a career in the business or government sectors. This major also lays the foundations for a successful postgraduate studies in law."
"programme_f979c1d3b3bd2ad4","university-of-western-australia","https://www.uwa.edu.au/study/courses/business-economics","Business Economics : The University of Western Australia","33934b417dc024ad9089e1886ca82bd7159d9afb06fd9b9017463ec8b6588283","2026-10-07T06:00:04.547Z","name","Business Economics single major"
"programme_f979c1d3b3bd2ad4","university-of-western-australia","https://www.uwa.edu.au/study/courses/business-economics","Business Economics : The University of Western Australia","33934b417dc024ad9089e1886ca82bd7159d9afb06fd9b9017463ec8b6588283","2026-10-07T06:00:04.547Z","description","With a major in Business Economics, you'll gain an understanding of the way the world works, from the stock market to national economies and the world economy."
"programme_a6ab64328dc37ea5","university-of-wollongong","https://www.uow.edu.au/study/courses/bachelor-of-arts/","Bachelor of Arts - University of Wollongong – UOW","005adfa6a77fd55d3d3ec3809350284613af67e3a4f4badf0b7440ae7dee0cb5","2026-10-07T04:00:23.718Z","name","Bachelor of Arts"
"programme_a6ab64328dc37ea5","university-of-wollongong","https://www.uow.edu.au/study/courses/bachelor-of-arts/","Bachelor of Arts - University of Wollongong – UOW","005adfa6a77fd55d3d3ec3809350284613af67e3a4f4badf0b7440ae7dee0cb5","2026-10-07T04:00:23.718Z","detailUrl","https://www.uow.edu.au/study/courses/bachelor-of-arts/"
"programme_a6ab64328dc37ea5","university-of-wollongong","https://www.uow.edu.au/study/courses/bachelor-of-arts/","Bachelor of Arts - University of Wollongong – UOW","005adfa6a77fd55d3d3ec3809350284613af67e3a4f4badf0b7440ae7dee0cb5","2026-10-07T04:00:23.718Z","description","Follow your passions. Think critically about our changing world. Open doors to diverse career opportunities."
"programme_2ca87af26844871f","university-of-wollongong","https://www.uow.edu.au/study/courses/bachelor-of-arts---bachelor-of-business/","Bachelor of Arts - Bachelor of Business - University of Wollongong – UOW","42c7fd04e78c0bef3ab8e0b605f9cb5cd80da8cb92d16848382a84bd30350ac9","2026-10-07T04:00:27.730Z","name","Bachelor of Arts - Bachelor of Business"
"programme_2ca87af26844871f","university-of-wollongong","https://www.uow.edu.au/study/courses/bachelor-of-arts---bachelor-of-business/","Bachelor of Arts - Bachelor of Business - University of Wollongong – UOW","42c7fd04e78c0bef3ab8e0b605f9cb5cd80da8cb92d16848382a84bd30350ac9","2026-10-07T04:00:27.730Z","detailUrl","https://www.uow.edu.au/study/courses/bachelor-of-arts---bachelor-of-business/"
"programme_2ca87af26844871f","university-of-wollongong","https://www.uow.edu.au/study/courses/bachelor-of-arts---bachelor-of-business/","Bachelor of Arts - Bachelor of Business - University of Wollongong – UOW","42c7fd04e78c0bef3ab8e0b605f9cb5cd80da8cb92d16848382a84bd30350ac9","2026-10-07T04:00:27.730Z","description","Enhance your career prospects with a double degree in Arts and Business at UOW. Develop essential skills and insights for success in a competitive job market."
"programme_472b8c231ebb4d77","university-of-wollongong","https://www.uow.edu.au/study/courses/bachelor-of-arts---bachelor-of-communication-and-media/","Bachelor of Arts - Bachelor of Communication & Media - University of Wollongong – UOW","3fea1c0a2017c34b44e544aaa8d9bac3802e91ecf02da01dc00ede0b39535c76","2026-10-07T04:00:31.731Z","name","Bachelor of Arts - Bachelor of Communication and Media"
"programme_472b8c231ebb4d77","university-of-wollongong","https://www.uow.edu.au/study/courses/bachelor-of-arts---bachelor-of-communication-and-media/","Bachelor of Arts - Bachelor of Communication & Media - University of Wollongong – UOW","3fea1c0a2017c34b44e544aaa8d9bac3802e91ecf02da01dc00ede0b39535c76","2026-10-07T04:00:31.731Z","detailUrl","https://www.uow.edu.au/study/courses/bachelor-of-arts---bachelor-of-communication-and-media/"
"programme_472b8c231ebb4d77","university-of-wollongong","https://www.uow.edu.au/study/courses/bachelor-of-arts---bachelor-of-communication-and-media/","Bachelor of Arts - Bachelor of Communication & Media - University of Wollongong – UOW","3fea1c0a2017c34b44e544aaa8d9bac3802e91ecf02da01dc00ede0b39535c76","2026-10-07T04:00:31.731Z","description","Develop essential skills in analysis, media production, and problem-solving for a successful career. Study a double degree in Arts and Communication at UOW."
"programme_6000c0ddc91631fc","university-of-wollongong","https://www.uow.edu.au/study/courses/bachelor-of-arts---bachelor-of-international-studies/","Bachelor of Arts - Bachelor of International Studies - University of Wollongong – UOW","90ad398e91d9f4acece3f2270e2225d71c0e24939b758924d5cf0f007cf38e3e","2026-10-07T04:00:35.758Z","name","Bachelor of Arts - Bachelor of International Studies"
"programme_6000c0ddc91631fc","university-of-wollongong","https://www.uow.edu.au/study/courses/bachelor-of-arts---bachelor-of-international-studies/","Bachelor of Arts - Bachelor of International Studies - University of Wollongong – UOW","90ad398e91d9f4acece3f2270e2225d71c0e24939b758924d5cf0f007cf38e3e","2026-10-07T04:00:35.758Z","detailUrl","https://www.uow.edu.au/study/courses/bachelor-of-arts---bachelor-of-international-studies/"
"programme_6000c0ddc91631fc","university-of-wollongong","https://www.uow.edu.au/study/courses/bachelor-of-arts---bachelor-of-international-studies/","Bachelor of Arts - Bachelor of International Studies - University of Wollongong – UOW","90ad398e91d9f4acece3f2270e2225d71c0e24939b758924d5cf0f007cf38e3e","2026-10-07T04:00:35.758Z","description","Understand global challenges. Open doors to diverse careers. Create impact across borders."
"programme_6b61ebbaa8fac0fc","university-of-wollongong","https://www.uow.edu.au/study/courses/bachelor-of-arts---bachelor-of-laws/","Bachelor of Arts - Bachelor of Laws - University of Wollongong – UOW","580a7fb2c9e00705a48bebcb88dd294530db7afecc4ed43aaa6db63f3d5e1133","2026-10-07T04:00:39.777Z","name","Bachelor of Arts - Bachelor of Laws"
"programme_6b61ebbaa8fac0fc","university-of-wollongong","https://www.uow.edu.au/study/courses/bachelor-of-arts---bachelor-of-laws/","Bachelor of Arts - Bachelor of Laws - University of Wollongong – UOW","580a7fb2c9e00705a48bebcb88dd294530db7afecc4ed43aaa6db63f3d5e1133","2026-10-07T04:00:39.777Z","detailUrl","https://www.uow.edu.au/study/courses/bachelor-of-arts---bachelor-of-laws/"
"programme_6b61ebbaa8fac0fc","university-of-wollongong","https://www.uow.edu.au/study/courses/bachelor-of-arts---bachelor-of-laws/","Bachelor of Arts - Bachelor of Laws - University of Wollongong – UOW","580a7fb2c9e00705a48bebcb88dd294530db7afecc4ed43aaa6db63f3d5e1133","2026-10-07T04:00:39.777Z","description","Experience a comprehensive legal education while honing critical skills for a successful career in today's world. Explore a double degree in Arts & Law at UOW."
"programme_2f1c3468e0cd46e1","university-of-wollongong","https://www.uow.edu.au/study/courses/bachelor-of-arts/?major=44093","Bachelor of Arts (Community, Culture and Environment) - University of Wollongong – UOW","25e611bec76d32c1e649142e77415b797085e7972d85bb76982401964ce7f787","2026-10-07T04:00:43.771Z","name","Bachelor of Arts (Community, Culture and Environment)"
"programme_2f1c3468e0cd46e1","university-of-wollongong","https://www.uow.edu.au/study/courses/bachelor-of-arts/?major=44093","Bachelor of Arts (Community, Culture and Environment) - University of Wollongong – UOW","25e611bec76d32c1e649142e77415b797085e7972d85bb76982401964ce7f787","2026-10-07T04:00:43.771Z","detailUrl","https://www.uow.edu.au/study/courses/bachelor-of-arts/?major=44093"
"programme_2f1c3468e0cd46e1","university-of-wollongong","https://www.uow.edu.au/study/courses/bachelor-of-arts/?major=44093","Bachelor of Arts (Community, Culture and Environment) - University of Wollongong – UOW","25e611bec76d32c1e649142e77415b797085e7972d85bb76982401964ce7f787","2026-10-07T04:00:43.771Z","description","Follow your passions. Think critically about our changing world. Open doors to diverse career opportunities."
"programme_8c60649c1ac8ddfb","university-of-wollongong","https://www.uow.edu.au/study/courses/bachelor-of-arts/?major=44036","Bachelor of Arts (English Literatures) - University of Wollongong – UOW","92fc04b8643b1724deb19b750444b97917d8089e7b0d13e6e81af86021dcf733","2026-10-07T04:00:47.788Z","name","Bachelor of Arts (English Literatures)"
"programme_8c60649c1ac8ddfb","university-of-wollongong","https://www.uow.edu.au/study/courses/bachelor-of-arts/?major=44036","Bachelor of Arts (English Literatures) - University of Wollongong – UOW","92fc04b8643b1724deb19b750444b97917d8089e7b0d13e6e81af86021dcf733","2026-10-07T04:00:47.788Z","detailUrl","https://www.uow.edu.au/study/courses/bachelor-of-arts/?major=44036"
"programme_8c60649c1ac8ddfb","university-of-wollongong","https://www.uow.edu.au/study/courses/bachelor-of-arts/?major=44036","Bachelor of Arts (English Literatures) - University of Wollongong – UOW","92fc04b8643b1724deb19b750444b97917d8089e7b0d13e6e81af86021dcf733","2026-10-07T04:00:47.788Z","description","Follow your passions. Think critically about our changing world. Open doors to diverse career opportunities."
"programme_c14878aff52cd99d","university-of-wollongong","https://www.uow.edu.au/study/courses/bachelor-of-arts/?major=45340","Bachelor of Arts (Geography) - University of Wollongong – UOW","9155fd321e08eefef8175b490b38114d655d9749959b97b21c936d775e8b892d","2026-10-07T04:00:51.826Z","name","Bachelor of Arts (Geography)"
"programme_c14878aff52cd99d","university-of-wollongong","https://www.uow.edu.au/study/courses/bachelor-of-arts/?major=45340","Bachelor of Arts (Geography) - University of Wollongong – UOW","9155fd321e08eefef8175b490b38114d655d9749959b97b21c936d775e8b892d","2026-10-07T04:00:51.826Z","detailUrl","https://www.uow.edu.au/study/courses/bachelor-of-arts/?major=45340"
"programme_c14878aff52cd99d","university-of-wollongong","https://www.uow.edu.au/study/courses/bachelor-of-arts/?major=45340","Bachelor of Arts (Geography) - University of Wollongong – UOW","9155fd321e08eefef8175b490b38114d655d9749959b97b21c936d775e8b892d","2026-10-07T04:00:51.826Z","description","Follow your passions. Think critically about our changing world. Open doors to diverse career opportunities."
"programme_a836a8db65227591","university-of-wollongong","https://www.uow.edu.au/study/courses/bachelor-of-arts/?major=45527","Bachelor of Arts (Global Communications) - University of Wollongong – UOW","54d791ba7b1e74e7aeedb6e760930f26bd1b7d3ce992b6c09b76ae6aa481f405","2026-10-07T04:00:55.827Z","name","Bachelor of Arts (Global Communications)"
"programme_a836a8db65227591","university-of-wollongong","https://www.uow.edu.au/study/courses/bachelor-of-arts/?major=45527","Bachelor of Arts (Global Communications) - University of Wollongong – UOW","54d791ba7b1e74e7aeedb6e760930f26bd1b7d3ce992b6c09b76ae6aa481f405","2026-10-07T04:00:55.827Z","detailUrl","https://www.uow.edu.au/study/courses/bachelor-of-arts/?major=45527"
"programme_a836a8db65227591","university-of-wollongong","https://www.uow.edu.au/study/courses/bachelor-of-arts/?major=45527","Bachelor of Arts (Global Communications) - University of Wollongong – UOW","54d791ba7b1e74e7aeedb6e760930f26bd1b7d3ce992b6c09b76ae6aa481f405","2026-10-07T04:00:55.827Z","description","Follow your passions. Think critically about our changing world. Open doors to diverse career opportunities."
"programme_02a11e9ac29a0c62","university-of-wollongong","https://www.uow.edu.au/study/courses/bachelor-of-arts/?major=44138","Bachelor of Arts (History) - University of Wollongong – UOW","ea33ebd4f0172fc2a94f8e4a59b599dd1cb8e3359a721434345a4e2ca31c1c5c","2026-10-07T04:00:59.885Z","name","Bachelor of Arts (History)"
"programme_02a11e9ac29a0c62","university-of-wollongong","https://www.uow.edu.au/study/courses/bachelor-of-arts/?major=44138","Bachelor of Arts (History) - University of Wollongong – UOW","ea33ebd4f0172fc2a94f8e4a59b599dd1cb8e3359a721434345a4e2ca31c1c5c","2026-10-07T04:00:59.885Z","detailUrl","https://www.uow.edu.au/study/courses/bachelor-of-arts/?major=44138"
"programme_02a11e9ac29a0c62","university-of-wollongong","https://www.uow.edu.au/study/courses/bachelor-of-arts/?major=44138","Bachelor of Arts (History) - University of Wollongong – UOW","ea33ebd4f0172fc2a94f8e4a59b599dd1cb8e3359a721434345a4e2ca31c1c5c","2026-10-07T04:00:59.885Z","description","Follow your passions. Think critically about our changing world. Open doors to diverse career opportunities."
"programme_9e040c1cfcdb44ed","university-of-wollongong","https://www.uow.edu.au/study/courses/bachelor-of-arts/?addCourse=410100","Bachelor of Arts - University of Wollongong – UOW","89201b4ac07a7dc0f31496713b9b0b067b515de6c261e6abd0faed39cc241028","2026-10-07T04:01:22.638Z","name","Bachelor of Arts"
"programme_9e040c1cfcdb44ed","university-of-wollongong","https://www.uow.edu.au/study/courses/bachelor-of-arts/?addCourse=410100","Bachelor of Arts - University of Wollongong – UOW","89201b4ac07a7dc0f31496713b9b0b067b515de6c261e6abd0faed39cc241028","2026-10-07T04:01:22.638Z","detailUrl","https://www.uow.edu.au/study/courses/bachelor-of-arts/?addCourse=410100"
"programme_9e040c1cfcdb44ed","university-of-wollongong","https://www.uow.edu.au/study/courses/bachelor-of-arts/?addCourse=410100","Bachelor of Arts - University of Wollongong – UOW","89201b4ac07a7dc0f31496713b9b0b067b515de6c261e6abd0faed39cc241028","2026-10-07T04:01:22.638Z","description","Follow your passions. Think critically about our changing world. Open doors to diverse career opportunities."
"programme_e88e8a1990bed730","university-of-wollongong","https://www.uow.edu.au/study/courses/bachelor-of-arts/?major=deciding&students=international&campus=Wollongong&year=2026","Bachelor of Arts - University of Wollongong – UOW","8e4dd8a79a451a11f4284af072703a5f70e82ef65c1d22d3ab4b8b02153063fb","2026-10-07T04:01:26.388Z","name","Bachelor of Arts"
"programme_e88e8a1990bed730","university-of-wollongong","https://www.uow.edu.au/study/courses/bachelor-of-arts/?major=deciding&students=international&campus=Wollongong&year=2026","Bachelor of Arts - University of Wollongong – UOW","8e4dd8a79a451a11f4284af072703a5f70e82ef65c1d22d3ab4b8b02153063fb","2026-10-07T04:01:26.388Z","detailUrl","https://www.uow.edu.au/study/courses/bachelor-of-arts/?major=deciding&students=international&campus=Wollongong&year=2026"
"programme_e88e8a1990bed730","university-of-wollongong","https://www.uow.edu.au/study/courses/bachelor-of-arts/?major=deciding&students=international&campus=Wollongong&year=2026","Bachelor of Arts - University of Wollongong – UOW","8e4dd8a79a451a11f4284af072703a5f70e82ef65c1d22d3ab4b8b02153063fb","2026-10-07T04:01:26.388Z","description","Follow your passions. Think critically about our changing world. Open doors to diverse career opportunities."
"programme_7c2475f6661cf1fc","university-of-wollongong","https://www.uow.edu.au/study/courses/bachelor-of-arts/?major=45835&students=international&campus=Wollongong&year=2026","Bachelor of Arts (Creative Writing) - University of Wollongong – UOW","f8e606b99de72b84ac9298740ca0bde747f7fd46a2a0efacad5cb5417fe557e7","2026-10-07T04:01:28.391Z","name","Bachelor of Arts (Creative Writing)"
"programme_7c2475f6661cf1fc","university-of-wollongong","https://www.uow.edu.au/study/courses/bachelor-of-arts/?major=45835&students=international&campus=Wollongong&year=2026","Bachelor of Arts (Creative Writing) - University of Wollongong – UOW","f8e606b99de72b84ac9298740ca0bde747f7fd46a2a0efacad5cb5417fe557e7","2026-10-07T04:01:28.391Z","detailUrl","https://www.uow.edu.au/study/courses/bachelor-of-arts/?major=45835&students=international&campus=Wollongong&year=2026"
"programme_7c2475f6661cf1fc","university-of-wollongong","https://www.uow.edu.au/study/courses/bachelor-of-arts/?major=45835&students=international&campus=Wollongong&year=2026","Bachelor of Arts (Creative Writing) - University of Wollongong – UOW","f8e606b99de72b84ac9298740ca0bde747f7fd46a2a0efacad5cb5417fe557e7","2026-10-07T04:01:28.391Z","description","Follow your passions. Think critically about our changing world. Open doors to diverse career opportunities."
"programme_76aaef7175cacc7c","university-of-wollongong","https://www.uow.edu.au/study/courses/bachelor-of-arts/?major=44036&students=international&campus=Wollongong&year=2026","Bachelor of Arts (English Literatures) - University of Wollongong – UOW","92fc04b8643b1724deb19b750444b97917d8089e7b0d13e6e81af86021dcf733","2026-10-07T04:01:30.394Z","name","Bachelor of Arts (English Literatures)"
"programme_76aaef7175cacc7c","university-of-wollongong","https://www.uow.edu.au/study/courses/bachelor-of-arts/?major=44036&students=international&campus=Wollongong&year=2026","Bachelor of Arts (English Literatures) - University of Wollongong – UOW","92fc04b8643b1724deb19b750444b97917d8089e7b0d13e6e81af86021dcf733","2026-10-07T04:01:30.394Z","detailUrl","https://www.uow.edu.au/study/courses/bachelor-of-arts/?major=44036&students=international&campus=Wollongong&year=2026"
"programme_76aaef7175cacc7c","university-of-wollongong","https://www.uow.edu.au/study/courses/bachelor-of-arts/?major=44036&students=international&campus=Wollongong&year=2026","Bachelor of Arts (English Literatures) - University of Wollongong – UOW","92fc04b8643b1724deb19b750444b97917d8089e7b0d13e6e81af86021dcf733","2026-10-07T04:01:30.394Z","description","Follow your passions. Think critically about our changing world. Open doors to diverse career opportunities."
"programme_ab433bc3ce03e237","university-of-wollongong","https://www.uow.edu.au/study/courses/bachelor-of-arts/?major=45340&students=international&campus=Wollongong&year=2026","Bachelor of Arts (Geography) - University of Wollongong – UOW","9155fd321e08eefef8175b490b38114d655d9749959b97b21c936d775e8b892d","2026-10-07T04:01:32.428Z","name","Bachelor of Arts (Geography)"
"programme_ab433bc3ce03e237","university-of-wollongong","https://www.uow.edu.au/study/courses/bachelor-of-arts/?major=45340&students=international&campus=Wollongong&year=2026","Bachelor of Arts (Geography) - University of Wollongong – UOW","9155fd321e08eefef8175b490b38114d655d9749959b97b21c936d775e8b892d","2026-10-07T04:01:32.428Z","detailUrl","https://www.uow.edu.au/study/courses/bachelor-of-arts/?major=45340&students=international&campus=Wollongong&year=2026"
"programme_ab433bc3ce03e237","university-of-wollongong","https://www.uow.edu.au/study/courses/bachelor-of-arts/?major=45340&students=international&campus=Wollongong&year=2026","Bachelor of Arts (Geography) - University of Wollongong – UOW","9155fd321e08eefef8175b490b38114d655d9749959b97b21c936d775e8b892d","2026-10-07T04:01:32.428Z","description","Follow your passions. Think critically about our changing world. Open doors to diverse career opportunities."
"programme_da46eeb23c0c07d9","university-of-wollongong","https://www.uow.edu.au/study/courses/bachelor-of-arts/?major=45527&students=international&campus=Wollongong&year=2026","Bachelor of Arts (Global Communications) - University of Wollongong – UOW","54d791ba7b1e74e7aeedb6e760930f26bd1b7d3ce992b6c09b76ae6aa481f405","2026-10-07T04:01:34.419Z","name","Bachelor of Arts (Global Communications)"
"programme_da46eeb23c0c07d9","university-of-wollongong","https://www.uow.edu.au/study/courses/bachelor-of-arts/?major=45527&students=international&campus=Wollongong&year=2026","Bachelor of Arts (Global Communications) - University of Wollongong – UOW","54d791ba7b1e74e7aeedb6e760930f26bd1b7d3ce992b6c09b76ae6aa481f405","2026-10-07T04:01:34.419Z","detailUrl","https://www.uow.edu.au/study/courses/bachelor-of-arts/?major=45527&students=international&campus=Wollongong&year=2026"
"programme_da46eeb23c0c07d9","university-of-wollongong","https://www.uow.edu.au/study/courses/bachelor-of-arts/?major=45527&students=international&campus=Wollongong&year=2026","Bachelor of Arts (Global Communications) - University of Wollongong – UOW","54d791ba7b1e74e7aeedb6e760930f26bd1b7d3ce992b6c09b76ae6aa481f405","2026-10-07T04:01:34.419Z","description","Follow your passions. Think critically about our changing world. Open doors to diverse career opportunities."
"programme_88f2398c32a7fa69","university-of-wollongong","https://www.uow.edu.au/study/courses/bachelor-of-arts/?major=44138&students=international&campus=Wollongong&year=2026","Bachelor of Arts (History) - University of Wollongong – UOW","ea33ebd4f0172fc2a94f8e4a59b599dd1cb8e3359a721434345a4e2ca31c1c5c","2026-10-07T04:01:36.439Z","name","Bachelor of Arts (History)"
"programme_88f2398c32a7fa69","university-of-wollongong","https://www.uow.edu.au/study/courses/bachelor-of-arts/?major=44138&students=international&campus=Wollongong&year=2026","Bachelor of Arts (History) - University of Wollongong – UOW","ea33ebd4f0172fc2a94f8e4a59b599dd1cb8e3359a721434345a4e2ca31c1c5c","2026-10-07T04:01:36.439Z","detailUrl","https://www.uow.edu.au/study/courses/bachelor-of-arts/?major=44138&students=international&campus=Wollongong&year=2026"
"programme_88f2398c32a7fa69","university-of-wollongong","https://www.uow.edu.au/study/courses/bachelor-of-arts/?major=44138&students=international&campus=Wollongong&year=2026","Bachelor of Arts (History) - University of Wollongong – UOW","ea33ebd4f0172fc2a94f8e4a59b599dd1cb8e3359a721434345a4e2ca31c1c5c","2026-10-07T04:01:36.439Z","description","Follow your passions. Think critically about our changing world. Open doors to diverse career opportunities."
"programme_1c4ad2d5c2e08570","university-of-wollongong","https://www.uow.edu.au/study/courses/bachelor-of-arts/?major=44098&students=international&campus=Wollongong&year=2026","Bachelor of Arts (Indigenous Studies) - University of Wollongong – UOW","eaa0853e24390cb7eca7e43f1deca20abedcf8e6af75dfe665e22d57bce2d3fa","2026-10-07T04:01:38.450Z","name","Bachelor of Arts (Indigenous Studies)"
"programme_1c4ad2d5c2e08570","university-of-wollongong","https://www.uow.edu.au/study/courses/bachelor-of-arts/?major=44098&students=international&campus=Wollongong&year=2026","Bachelor of Arts (Indigenous Studies) - University of Wollongong – UOW","eaa0853e24390cb7eca7e43f1deca20abedcf8e6af75dfe665e22d57bce2d3fa","2026-10-07T04:01:38.450Z","detailUrl","https://www.uow.edu.au/study/courses/bachelor-of-arts/?major=44098&students=international&campus=Wollongong&year=2026"
"programme_1c4ad2d5c2e08570","university-of-wollongong","https://www.uow.edu.au/study/courses/bachelor-of-arts/?major=44098&students=international&campus=Wollongong&year=2026","Bachelor of Arts (Indigenous Studies) - University of Wollongong – UOW","eaa0853e24390cb7eca7e43f1deca20abedcf8e6af75dfe665e22d57bce2d3fa","2026-10-07T04:01:38.450Z","description","Follow your passions. Think critically about our changing world. Open doors to diverse career opportunities."
"programme_b569dc1621da0db7","university-of-wollongong","https://www.uow.edu.au/study/courses/bachelor-of-arts/?major=44142&students=international&campus=Wollongong&year=2026","Bachelor of Arts (International Relations) - University of Wollongong – UOW","00e0d8fed40524979085203ebe99dd7e33cff6381a7aa4b32d712c2e69e86523","2026-10-07T04:01:40.472Z","name","Bachelor of Arts (International Relations)"
"programme_b569dc1621da0db7","university-of-wollongong","https://www.uow.edu.au/study/courses/bachelor-of-arts/?major=44142&students=international&campus=Wollongong&year=2026","Bachelor of Arts (International Relations) - University of Wollongong – UOW","00e0d8fed40524979085203ebe99dd7e33cff6381a7aa4b32d712c2e69e86523","2026-10-07T04:01:40.472Z","detailUrl","https://www.uow.edu.au/study/courses/bachelor-of-arts/?major=44142&students=international&campus=Wollongong&year=2026"
"programme_b569dc1621da0db7","university-of-wollongong","https://www.uow.edu.au/study/courses/bachelor-of-arts/?major=44142&students=international&campus=Wollongong&year=2026","Bachelor of Arts (International Relations) - University of Wollongong – UOW","00e0d8fed40524979085203ebe99dd7e33cff6381a7aa4b32d712c2e69e86523","2026-10-07T04:01:40.472Z","description","Follow your passions. Think critically about our changing world. Open doors to diverse career opportunities."
"programme_18404abe574e7aa8","university-of-wollongong","https://www.uow.edu.au/study/courses/bachelor-of-arts/?major=44161&students=international&campus=Wollongong&year=2026","Bachelor of Arts (Legal Studies) - University of Wollongong – UOW","e59f632bc49e6838915df426db25f3f04be3f4b11c816489cc3c5ebf0427b471","2026-10-07T04:01:42.457Z","name","Bachelor of Arts (Legal Studies)"
"programme_18404abe574e7aa8","university-of-wollongong","https://www.uow.edu.au/study/courses/bachelor-of-arts/?major=44161&students=international&campus=Wollongong&year=2026","Bachelor of Arts (Legal Studies) - University of Wollongong – UOW","e59f632bc49e6838915df426db25f3f04be3f4b11c816489cc3c5ebf0427b471","2026-10-07T04:01:42.457Z","detailUrl","https://www.uow.edu.au/study/courses/bachelor-of-arts/?major=44161&students=international&campus=Wollongong&year=2026"
"programme_18404abe574e7aa8","university-of-wollongong","https://www.uow.edu.au/study/courses/bachelor-of-arts/?major=44161&students=international&campus=Wollongong&year=2026","Bachelor of Arts (Legal Studies) - University of Wollongong – UOW","e59f632bc49e6838915df426db25f3f04be3f4b11c816489cc3c5ebf0427b471","2026-10-07T04:01:42.457Z","description","Follow your passions. Think critically about our changing world. Open doors to diverse career opportunities."
"programme_a1d555c9502ad836","university-of-wollongong","https://www.uow.edu.au/study/courses/bachelor-of-arts/?major=45830&students=international&campus=Wollongong&year=2026","Bachelor of Arts (Performance and Theatre) - University of Wollongong – UOW","78639318b1e1947242599b34df16f35f05b65cac69db1cb23efa28f1de908a39","2026-10-07T04:01:44.480Z","name","Bachelor of Arts (Performance and Theatre)"
"programme_a1d555c9502ad836","university-of-wollongong","https://www.uow.edu.au/study/courses/bachelor-of-arts/?major=45830&students=international&campus=Wollongong&year=2026","Bachelor of Arts (Performance and Theatre) - University of Wollongong – UOW","78639318b1e1947242599b34df16f35f05b65cac69db1cb23efa28f1de908a39","2026-10-07T04:01:44.480Z","detailUrl","https://www.uow.edu.au/study/courses/bachelor-of-arts/?major=45830&students=international&campus=Wollongong&year=2026"
"programme_a1d555c9502ad836","university-of-wollongong","https://www.uow.edu.au/study/courses/bachelor-of-arts/?major=45830&students=international&campus=Wollongong&year=2026","Bachelor of Arts (Performance and Theatre) - University of Wollongong – UOW","78639318b1e1947242599b34df16f35f05b65cac69db1cb23efa28f1de908a39","2026-10-07T04:01:44.480Z","description","Follow your passions. Think critically about our changing world. Open doors to diverse career opportunities."
"programme_f1d0f2a04346e3ab","unsw-sydney","https://www.unsw.edu.au/study/undergraduate/bachelor-of-science","Bachelor of Science","8748bd3b7bb98bd1505315f2eeb3b2b09e979c2041da42a1f6a69cce685cc497","2026-10-07T04:00:44.349Z","name","Bachelor of Science"
"programme_f1d0f2a04346e3ab","unsw-sydney","https://www.unsw.edu.au/study/undergraduate/bachelor-of-science","Bachelor of Science","8748bd3b7bb98bd1505315f2eeb3b2b09e979c2041da42a1f6a69cce685cc497","2026-10-07T04:00:44.349Z","detailUrl","https://www.unsw.edu.au/study/undergraduate/bachelor-of-science"
"programme_f1d0f2a04346e3ab","unsw-sydney","https://www.unsw.edu.au/study/undergraduate/bachelor-of-science","Bachelor of Science","8748bd3b7bb98bd1505315f2eeb3b2b09e979c2041da42a1f6a69cce685cc497","2026-10-07T04:00:44.349Z","description","Discover how a science degree can unlock a world of possibilities. UNSW Sydney helps unearth your passion from oceanography to neuroscience, biotech to anatomy."
"programme_f1d0f2a04346e3ab","unsw-sydney","https://www.unsw.edu.au/study/undergraduate/bachelor-of-science","Bachelor of Science","8748bd3b7bb98bd1505315f2eeb3b2b09e979c2041da42a1f6a69cce685cc497","2026-10-07T04:00:44.349Z","studyLevelRaw","Undergraduate"
"programme_f1d0f2a04346e3ab","unsw-sydney","https://www.unsw.edu.au/study/undergraduate/bachelor-of-science","Bachelor of Science","8748bd3b7bb98bd1505315f2eeb3b2b09e979c2041da42a1f6a69cce685cc497","2026-10-07T04:00:44.349Z","durationDisplay","3 Year(s)"
"programme_f1d0f2a04346e3ab","unsw-sydney","https://www.unsw.edu.au/study/undergraduate/bachelor-of-science","Bachelor of Science","8748bd3b7bb98bd1505315f2eeb3b2b09e979c2041da42a1f6a69cce685cc497","2026-10-07T04:00:44.349Z","durationMonths","36"
"programme_f1d0f2a04346e3ab","unsw-sydney","https://www.unsw.edu.au/study/undergraduate/bachelor-of-science","Bachelor of Science","8748bd3b7bb98bd1505315f2eeb3b2b09e979c2041da42a1f6a69cce685cc497","2026-10-07T04:00:44.349Z","courseModeRaw","Face-to-face (includes blended)"
"programme_f1d0f2a04346e3ab","unsw-sydney","https://www.unsw.edu.au/study/undergraduate/bachelor-of-science","Bachelor of Science","8748bd3b7bb98bd1505315f2eeb3b2b09e979c2041da42a1f6a69cce685cc497","2026-10-07T04:00:44.349Z","intakes","Term 1, 2 & 3"
"programme_f1d0f2a04346e3ab","unsw-sydney","https://www.unsw.edu.au/study/undergraduate/bachelor-of-science","Bachelor of Science","8748bd3b7bb98bd1505315f2eeb3b2b09e979c2041da42a1f6a69cce685cc497","2026-10-07T04:00:44.349Z","tuition_international_raw","first year: $61,000*; complete degree: $194,000*"
"programme_f1d0f2a04346e3ab","unsw-sydney","https://www.unsw.edu.au/study/undergraduate/bachelor-of-science","Bachelor of Science","8748bd3b7bb98bd1505315f2eeb3b2b09e979c2041da42a1f6a69cce685cc497","2026-10-07T04:00:44.349Z","tuition_domestic_raw","first year: $9,500*; complete degree: $30,500*"
"programme_ee25141f465cb8e5","unsw-sydney","https://www.unsw.edu.au/study/undergraduate/bachelor-of-advanced-science-honours","Bachelor of Advanced Science (Honours)","a3424c73949c0cc1c35fd610089f82f1ff91f49d44639f2693d4b092b129e696","2026-10-07T04:00:54.359Z","name","Bachelor of Advanced Science Honours"
"programme_ee25141f465cb8e5","unsw-sydney","https://www.unsw.edu.au/study/undergraduate/bachelor-of-advanced-science-honours","Bachelor of Advanced Science (Honours)","a3424c73949c0cc1c35fd610089f82f1ff91f49d44639f2693d4b092b129e696","2026-10-07T04:00:54.359Z","detailUrl","https://www.unsw.edu.au/study/undergraduate/bachelor-of-advanced-science-honours"
"programme_ee25141f465cb8e5","unsw-sydney","https://www.unsw.edu.au/study/undergraduate/bachelor-of-advanced-science-honours","Bachelor of Advanced Science (Honours)","a3424c73949c0cc1c35fd610089f82f1ff91f49d44639f2693d4b092b129e696","2026-10-07T04:00:54.359Z","description","The Bachelor of Advanced Science (Honours) gives you the flexibility to explore different science disciplines to find the path that’s right for you."
"programme_ee25141f465cb8e5","unsw-sydney","https://www.unsw.edu.au/study/undergraduate/bachelor-of-advanced-science-honours","Bachelor of Advanced Science (Honours)","a3424c73949c0cc1c35fd610089f82f1ff91f49d44639f2693d4b092b129e696","2026-10-07T04:00:54.359Z","studyLevelRaw","Undergraduate"
"programme_ee25141f465cb8e5","unsw-sydney","https://www.unsw.edu.au/study/undergraduate/bachelor-of-advanced-science-honours","Bachelor of Advanced Science (Honours)","a3424c73949c0cc1c35fd610089f82f1ff91f49d44639f2693d4b092b129e696","2026-10-07T04:00:54.359Z","durationDisplay","4 Year(s)"
"programme_ee25141f465cb8e5","unsw-sydney","https://www.unsw.edu.au/study/undergraduate/bachelor-of-advanced-science-honours","Bachelor of Advanced Science (Honours)","a3424c73949c0cc1c35fd610089f82f1ff91f49d44639f2693d4b092b129e696","2026-10-07T04:00:54.359Z","durationMonths","48"
"programme_ee25141f465cb8e5","unsw-sydney","https://www.unsw.edu.au/study/undergraduate/bachelor-of-advanced-science-honours","Bachelor of Advanced Science (Honours)","a3424c73949c0cc1c35fd610089f82f1ff91f49d44639f2693d4b092b129e696","2026-10-07T04:00:54.359Z","courseModeRaw","Face-to-face (includes blended)"
"programme_ee25141f465cb8e5","unsw-sydney","https://www.unsw.edu.au/study/undergraduate/bachelor-of-advanced-science-honours","Bachelor of Advanced Science (Honours)","a3424c73949c0cc1c35fd610089f82f1ff91f49d44639f2693d4b092b129e696","2026-10-07T04:00:54.359Z","intakes","Term 1, 2 & 3"
"programme_ee25141f465cb8e5","unsw-sydney","https://www.unsw.edu.au/study/undergraduate/bachelor-of-advanced-science-honours","Bachelor of Advanced Science (Honours)","a3424c73949c0cc1c35fd610089f82f1ff91f49d44639f2693d4b092b129e696","2026-10-07T04:00:54.359Z","tuition_international_raw","first year: $61,500*; complete degree: $268,500*"
"programme_ee25141f465cb8e5","unsw-sydney","https://www.unsw.edu.au/study/undergraduate/bachelor-of-advanced-science-honours","Bachelor of Advanced Science (Honours)","a3424c73949c0cc1c35fd610089f82f1ff91f49d44639f2693d4b092b129e696","2026-10-07T04:00:54.359Z","tuition_domestic_raw","first year: $9,500*; complete degree: $40,500*"
"programme_1b1aec4437f2acd8","unsw-sydney","https://www.unsw.edu.au/study/undergraduate/university-preparation-program","University Preparation Program","b464c30c36f4680c200608b4851788f6b9ad71622844a220521354687d34b9f4","2026-10-07T04:01:04.359Z","name","University Preparation Program"
"programme_1b1aec4437f2acd8","unsw-sydney","https://www.unsw.edu.au/study/undergraduate/university-preparation-program","University Preparation Program","b464c30c36f4680c200608b4851788f6b9ad71622844a220521354687d34b9f4","2026-10-07T04:01:04.359Z","detailUrl","https://www.unsw.edu.au/study/undergraduate/university-preparation-program"
"programme_1b1aec4437f2acd8","unsw-sydney","https://www.unsw.edu.au/study/undergraduate/university-preparation-program","University Preparation Program","b464c30c36f4680c200608b4851788f6b9ad71622844a220521354687d34b9f4","2026-10-07T04:01:04.359Z","description","Get uni-ready with our University Preparation Program. You'll gain the foundational skills needed for undergraduate study."
"programme_1b1aec4437f2acd8","unsw-sydney","https://www.unsw.edu.au/study/undergraduate/university-preparation-program","University Preparation Program","b464c30c36f4680c200608b4851788f6b9ad71622844a220521354687d34b9f4","2026-10-07T04:01:04.359Z","studyLevelRaw","Undergraduate"
"programme_1b1aec4437f2acd8","unsw-sydney","https://www.unsw.edu.au/study/undergraduate/university-preparation-program","University Preparation Program","b464c30c36f4680c200608b4851788f6b9ad71622844a220521354687d34b9f4","2026-10-07T04:01:04.359Z","durationDisplay","1 Year"
"programme_1b1aec4437f2acd8","unsw-sydney","https://www.unsw.edu.au/study/undergraduate/university-preparation-program","University Preparation Program","b464c30c36f4680c200608b4851788f6b9ad71622844a220521354687d34b9f4","2026-10-07T04:01:04.359Z","durationMonths","12"
"programme_1b1aec4437f2acd8","unsw-sydney","https://www.unsw.edu.au/study/undergraduate/university-preparation-program","University Preparation Program","b464c30c36f4680c200608b4851788f6b9ad71622844a220521354687d34b9f4","2026-10-07T04:01:04.359Z","courseModeRaw","Face-to-face (includes blended)"
"programme_1b1aec4437f2acd8","unsw-sydney","https://www.unsw.edu.au/study/undergraduate/university-preparation-program","University Preparation Program","b464c30c36f4680c200608b4851788f6b9ad71622844a220521354687d34b9f4","2026-10-07T04:01:04.359Z","intakes","Term 1"
"programme_1b1aec4437f2acd8","unsw-sydney","https://www.unsw.edu.au/study/undergraduate/university-preparation-program","University Preparation Program","b464c30c36f4680c200608b4851788f6b9ad71622844a220521354687d34b9f4","2026-10-07T04:01:04.359Z","tuition_international_raw","first year:; complete degree:"
"programme_1b1aec4437f2acd8","unsw-sydney","https://www.unsw.edu.au/study/undergraduate/university-preparation-program","University Preparation Program","b464c30c36f4680c200608b4851788f6b9ad71622844a220521354687d34b9f4","2026-10-07T04:01:04.359Z","tuition_domestic_raw","first year:; complete degree:"
"programme_0eb33c542b714387","unsw-sydney","https://www.unsw.edu.au/study/undergraduate/bachelor-of-science-honours","Bachelor of Science (Honours)","46a753fba757cd97beb3fbfc684a30e581cefd36074e986f59b688298e5b2aa5","2026-10-07T04:01:14.424Z","name","Bachelor of Science Honours"
"programme_0eb33c542b714387","unsw-sydney","https://www.unsw.edu.au/study/undergraduate/bachelor-of-science-honours","Bachelor of Science (Honours)","46a753fba757cd97beb3fbfc684a30e581cefd36074e986f59b688298e5b2aa5","2026-10-07T04:01:14.424Z","detailUrl","https://www.unsw.edu.au/study/undergraduate/bachelor-of-science-honours"
"programme_0eb33c542b714387","unsw-sydney","https://www.unsw.edu.au/study/undergraduate/bachelor-of-science-honours","Bachelor of Science (Honours)","46a753fba757cd97beb3fbfc684a30e581cefd36074e986f59b688298e5b2aa5","2026-10-07T04:01:14.424Z","description","Pursue a science career and study the Bachelor of Science (Hons). Choose from 29 specialisations at UNSW Sydney—#1 Australian uni attended by start-up founders."
"programme_0eb33c542b714387","unsw-sydney","https://www.unsw.edu.au/study/undergraduate/bachelor-of-science-honours","Bachelor of Science (Honours)","46a753fba757cd97beb3fbfc684a30e581cefd36074e986f59b688298e5b2aa5","2026-10-07T04:01:14.424Z","studyLevelRaw","Undergraduate"
"programme_0eb33c542b714387","unsw-sydney","https://www.unsw.edu.au/study/undergraduate/bachelor-of-science-honours","Bachelor of Science (Honours)","46a753fba757cd97beb3fbfc684a30e581cefd36074e986f59b688298e5b2aa5","2026-10-07T04:01:14.424Z","durationDisplay","1 Year(s)"
"programme_0eb33c542b714387","unsw-sydney","https://www.unsw.edu.au/study/undergraduate/bachelor-of-science-honours","Bachelor of Science (Honours)","46a753fba757cd97beb3fbfc684a30e581cefd36074e986f59b688298e5b2aa5","2026-10-07T04:01:14.424Z","durationMonths","12"
"programme_0eb33c542b714387","unsw-sydney","https://www.unsw.edu.au/study/undergraduate/bachelor-of-science-honours","Bachelor of Science (Honours)","46a753fba757cd97beb3fbfc684a30e581cefd36074e986f59b688298e5b2aa5","2026-10-07T04:01:14.424Z","courseModeRaw","Face-to-face (includes blended)"
"programme_0eb33c542b714387","unsw-sydney","https://www.unsw.edu.au/study/undergraduate/bachelor-of-science-honours","Bachelor of Science (Honours)","46a753fba757cd97beb3fbfc684a30e581cefd36074e986f59b688298e5b2aa5","2026-10-07T04:01:14.424Z","intakes","Term 1, 2 & 3"
"programme_0eb33c542b714387","unsw-sydney","https://www.unsw.edu.au/study/undergraduate/bachelor-of-science-honours","Bachelor of Science (Honours)","46a753fba757cd97beb3fbfc684a30e581cefd36074e986f59b688298e5b2aa5","2026-10-07T04:01:14.424Z","tuition_international_raw","first year: $63,000*; complete degree: $64,000*"
"programme_0eb33c542b714387","unsw-sydney","https://www.unsw.edu.au/study/undergraduate/bachelor-of-science-honours","Bachelor of Science (Honours)","46a753fba757cd97beb3fbfc684a30e581cefd36074e986f59b688298e5b2aa5","2026-10-07T04:01:14.424Z","tuition_domestic_raw","first year: $9,500*; complete degree: $9,500*"
"programme_d121d47a74fbdee0","unsw-sydney","https://www.unsw.edu.au/study/undergraduate/bachelor-of-psychological-science-honours","Bachelor of Psychological Science (Honours)","336fe88b9d5f478fc81339510bccff77ebd0bd5366722a551dea086eb8adfb0e","2026-10-07T04:01:24.391Z","name","Bachelor of Psychological Science Honours"
"programme_d121d47a74fbdee0","unsw-sydney","https://www.unsw.edu.au/study/undergraduate/bachelor-of-psychological-science-honours","Bachelor of Psychological Science (Honours)","336fe88b9d5f478fc81339510bccff77ebd0bd5366722a551dea086eb8adfb0e","2026-10-07T04:01:24.391Z","detailUrl","https://www.unsw.edu.au/study/undergraduate/bachelor-of-psychological-science-honours"
"programme_d121d47a74fbdee0","unsw-sydney","https://www.unsw.edu.au/study/undergraduate/bachelor-of-psychological-science-honours","Bachelor of Psychological Science (Honours)","336fe88b9d5f478fc81339510bccff77ebd0bd5366722a551dea086eb8adfb0e","2026-10-07T04:01:24.391Z","description","Deepen your knowledge psychology approaches with the UNSW Bachelor of Psychological Science (Honours). Australian Psychology Accreditation Council accredited."
"programme_d121d47a74fbdee0","unsw-sydney","https://www.unsw.edu.au/study/undergraduate/bachelor-of-psychological-science-honours","Bachelor of Psychological Science (Honours)","336fe88b9d5f478fc81339510bccff77ebd0bd5366722a551dea086eb8adfb0e","2026-10-07T04:01:24.391Z","studyLevelRaw","Undergraduate"
"programme_d121d47a74fbdee0","unsw-sydney","https://www.unsw.edu.au/study/undergraduate/bachelor-of-psychological-science-honours","Bachelor of Psychological Science (Honours)","336fe88b9d5f478fc81339510bccff77ebd0bd5366722a551dea086eb8adfb0e","2026-10-07T04:01:24.391Z","durationDisplay","1 Year(s)"
"programme_d121d47a74fbdee0","unsw-sydney","https://www.unsw.edu.au/study/undergraduate/bachelor-of-psychological-science-honours","Bachelor of Psychological Science (Honours)","336fe88b9d5f478fc81339510bccff77ebd0bd5366722a551dea086eb8adfb0e","2026-10-07T04:01:24.391Z","durationMonths","12"
"programme_d121d47a74fbdee0","unsw-sydney","https://www.unsw.edu.au/study/undergraduate/bachelor-of-psychological-science-honours","Bachelor of Psychological Science (Honours)","336fe88b9d5f478fc81339510bccff77ebd0bd5366722a551dea086eb8adfb0e","2026-10-07T04:01:24.391Z","courseModeRaw","Face-to-face (includes blended), Research"
"programme_d121d47a74fbdee0","unsw-sydney","https://www.unsw.edu.au/study/undergraduate/bachelor-of-psychological-science-honours","Bachelor of Psychological Science (Honours)","336fe88b9d5f478fc81339510bccff77ebd0bd5366722a551dea086eb8adfb0e","2026-10-07T04:01:24.391Z","intakes","Term 1"
"programme_d121d47a74fbdee0","unsw-sydney","https://www.unsw.edu.au/study/undergraduate/bachelor-of-psychological-science-honours","Bachelor of Psychological Science (Honours)","336fe88b9d5f478fc81339510bccff77ebd0bd5366722a551dea086eb8adfb0e","2026-10-07T04:01:24.391Z","tuition_international_raw","first year: $62,500*; complete degree: $63,500*"
"programme_d121d47a74fbdee0","unsw-sydney","https://www.unsw.edu.au/study/undergraduate/bachelor-of-psychological-science-honours","Bachelor of Psychological Science (Honours)","336fe88b9d5f478fc81339510bccff77ebd0bd5366722a551dea086eb8adfb0e","2026-10-07T04:01:24.391Z","tuition_domestic_raw","first year: $9,500*; complete degree: $9,500*"
