"programme_code","university_code","subject_category_code","study_level_code","course_mode_code","slug","name_zh","name_en","description_zh","description_en","duration_months","duration_display","tuition_min","tuition_max","tuition_currency","tuition_display","tuition_rmb_min","tuition_rmb_max","exchange_rate","exchange_rate_date","tuition_fee_period","tuition_total_rmb_min","tuition_total_rmb_max","status"
"UM_BACHELOR_001","UM","LAW","BACHELOR","ON_CAMPUS","um-bachelor-001","伊斯兰教法学士","BACHELOR OF SHARIAH","","","","7","60900.0","60900.0","MYR","60900","100351.02","100351.02","1.64780000","2026-09-25","UNKNOWN","","","DRAFT"
"UM_BACHELOR_002","UM","ISLAMIC_STUDIES","BACHELOR","ON_CAMPUS","um-bachelor-002","穆斯林管理学士","BACHELOR OF MUAMALAT MANAGEMENT","","","","8","69600.0","69600.0","MYR","69600","114686.88","114686.88","1.64780000","2026-09-25","UNKNOWN","","","DRAFT"
"UM_BACHELOR_003","UM","ISLAMIC_STUDIES","BACHELOR","ON_CAMPUS","um-bachelor-003","乌苏鲁丁学士","BACHELOR OF USULUDDIN","","","","7","60900.0","60900.0","MYR","60900","100351.02","100351.02","1.64780000","2026-09-25","UNKNOWN","","","DRAFT"
"UM_BACHELOR_004","UM","ISLAMIC_STUDIES","BACHELOR","ON_CAMPUS","um-bachelor-004","古兰经和圣训学士","BACHELOR OF AL-QURAN AND AL-HADITH","","","","7","60900.0","60900.0","MYR","60900","100351.02","100351.02","1.64780000","2026-09-25","UNKNOWN","","","DRAFT"
"UM_BACHELOR_005","UM","LAW","BACHELOR","ON_CAMPUS","um-bachelor-005","伊斯兰教法和法律学士","BACHELOR OF SHARIAH AND LAW","","","","8 +1","82500.0","82500.0","MYR","82500","135943.50","135943.50","1.64780000","2026-09-25","UNKNOWN","","","DRAFT"
"UM_BACHELOR_006","UM","LANGUAGES_LINGUISTICS","BACHELOR","ON_CAMPUS","um-bachelor-006","专业马来语学士","BACHELOR OF PROFESSIONAL MALAY LANGUAGE","","","","7","76300.0","76300.0","MYR","76300","125727.14","125727.14","1.64780000","2026-09-25","UNKNOWN","","","DRAFT"
"UM_BACHELOR_007","UM","LANGUAGES_LINGUISTICS","BACHELOR","ON_CAMPUS","um-bachelor-007","马来语言学学士","BACHELOR OF MALAY LINGUISTICS","","","","7","76300.0","76300.0","MYR","76300","125727.14","125727.14","1.64780000","2026-09-25","UNKNOWN","","","DRAFT"
"UM_BACHELOR_008","UM","ARTS_HUMANITIES","BACHELOR","ON_CAMPUS","um-bachelor-008","马来文学学士","BACHELOR OF MALAY LITERATURE","","","","7","76300.0","76300.0","MYR","76300","125727.14","125727.14","1.64780000","2026-09-25","UNKNOWN","","","DRAFT"
"UM_BACHELOR_009","UM","ARTS_HUMANITIES","BACHELOR","ON_CAMPUS","um-bachelor-009","马来研究学士","BACHELOR OF MALAY STUDIES","","","","7","76300.0","76300.0","MYR","76300","125727.14","125727.14","1.64780000","2026-09-25","UNKNOWN","","","DRAFT"
"UM_BACHELOR_010","UM","ARTS_HUMANITIES","BACHELOR","ON_CAMPUS","um-bachelor-010","英语文学学士","BACHELOR OF ARTS ENGLISH","","","","7","60900.0","60900.0","MYR","60900","100351.02","100351.02","1.64780000","2026-09-25","UNKNOWN","","","DRAFT"
"UM_BACHELOR_011","UM","SOCIAL_SCIENCES","BACHELOR","ON_CAMPUS","um-bachelor-011","人类学和社会学文学学士","BACHELOR OF ARTS ANTHROPOLOGY AND SOCIOLOGY","","","","7","60900.0","60900.0","MYR","60900","100351.02","100351.02","1.64780000","2026-09-25","UNKNOWN","","","DRAFT"
"UM_BACHELOR_012","UM","SOCIAL_SCIENCES","BACHELOR","ON_CAMPUS","um-bachelor-012","国际与战略研究文学学士","BACHELOR OF ARTS INTERNATIONAL AND STRATEGIC STUDIES","","","","7","65100.0","65100.0","MYR","65100","107271.78","107271.78","1.64780000","2026-09-25","UNKNOWN","","","DRAFT"
"UM_BACHELOR_013","UM","ARTS_HUMANITIES","BACHELOR","ON_CAMPUS","um-bachelor-013","东南亚研究文学学士","BACHELOR OF ARTS SOUTHEAST ASIAN STUDIES","","","","7","60900.0","60900.0","MYR","60900","100351.02","100351.02","1.64780000","2026-09-25","UNKNOWN","","","DRAFT"
"UM_BACHELOR_014","UM","ARTS_HUMANITIES","BACHELOR","ON_CAMPUS","um-bachelor-014","东亚研究文学学士","BACHELOR OF EAST ASIAN STUDIES","","","","7","60900.0","60900.0","MYR","60900","100351.02","100351.02","1.64780000","2026-09-25","UNKNOWN","","","DRAFT"
"UM_BACHELOR_015","UM","ARTS_HUMANITIES","BACHELOR","ON_CAMPUS","um-bachelor-015","历史文学学士","BACHELOR OF ARTS HISTORY","","","","7","61000.0","61000.0","MYR","61000","100515.80","100515.80","1.64780000","2026-09-25","UNKNOWN","","","DRAFT"
"UM_BACHELOR_016","UM","BUSINESS_MANAGEMENT","BACHELOR","ON_CAMPUS","um-bachelor-016","社会管理学士","BACHELOR OF SOCIAL ADMINISTRATION","","","","7 +1","60900.0","60900.0","MYR","60900","100351.02","100351.02","1.64780000","2026-09-25","UNKNOWN","","","DRAFT"
"UM_BACHELOR_017","UM","MEDIA_COMMUNICATION","BACHELOR","ON_CAMPUS","um-bachelor-017","媒体研究学士","BACHELOR OF MEDIA STUDIES","","","","7+1","68100.0","68100.0","MYR","68100","112215.18","112215.18","1.64780000","2026-09-25","UNKNOWN","","","DRAFT"
"UM_BACHELOR_018","UM","SOCIAL_SCIENCES","BACHELOR","ON_CAMPUS","um-bachelor-018","地理学学士","BACHELOR OF GEOGRAPHY","","","","7","68100.0","68100.0","MYR","68100","112215.18","112215.18","1.64780000","2026-09-25","UNKNOWN","","","DRAFT"
"UM_BACHELOR_019","UM","AGRICULTURE_ENVIRONMENT","BACHELOR","ON_CAMPUS","um-bachelor-019","环境研究学士","BACHELOR OF ENVIRONMENTAL STUDIES","","","","7","75900.0","75900.0","MYR","75900","125068.02","125068.02","1.64780000","2026-09-25","UNKNOWN","","","DRAFT"
"UM_BACHELOR_020","UM","ARTS_HUMANITIES","BACHELOR","ON_CAMPUS","um-bachelor-020","印度研究文学学士","BACHELOR OF ARTS INDIAN STUDIES","","","","7","60900.0","60900.0","MYR","60900","100351.02","100351.02","1.64780000","2026-09-25","UNKNOWN","","","DRAFT"
"UM_BACHELOR_021","UM","ARTS_HUMANITIES","BACHELOR","ON_CAMPUS","um-bachelor-021","中国研究文学学士","BACHELOR OF ARTS CHINESE STUDIES","","","","7","68000.0","68000.0","MYR","68000","112050.40","112050.40","1.64780000","2026-09-25","UNKNOWN","","","DRAFT"
"UM_BACHELOR_022","UM","ARCHITECTURE_BUILT_ENVIRONMENT","BACHELOR","ON_CAMPUS","um-bachelor-022","建筑学理学学士","BACHELOR OF SCIENCE IN ARCHITECTURE","","","","6+2","103900.0","103900.0","MYR","103900","171206.42","171206.42","1.64780000","2026-09-25","UNKNOWN","","","DRAFT"
"UM_BACHELOR_023","UM","ARCHITECTURE_BUILT_ENVIRONMENT","BACHELOR","ON_CAMPUS","um-bachelor-023","建筑测量学学士","BACHELOR OF BUILDING SURVEYING","","","","7+1","85000.0","85000.0","MYR","85000","140063.00","140063.00","1.64780000","2026-09-25","UNKNOWN","","","DRAFT"
"UM_BACHELOR_024","UM","ARCHITECTURE_BUILT_ENVIRONMENT","BACHELOR","ON_CAMPUS","um-bachelor-024","工料测量学学士","BACHELOR OF QUANTITY SURVEYING","","","","7+1","92900.0","92900.0","MYR","92900","153080.62","153080.62","1.64780000","2026-09-25","UNKNOWN","","","DRAFT"
"UM_BACHELOR_025","UM","ARCHITECTURE_BUILT_ENVIRONMENT","BACHELOR","ON_CAMPUS","um-bachelor-025","城市与区域规划学士","BACHELOR OF URBAN AND REGIONAL PLANNING","","","","8","96100.0","96100.0","MYR","96100","158353.58","158353.58","1.64780000","2026-09-25","UNKNOWN","","","DRAFT"
"UM_BACHELOR_026","UM","ARCHITECTURE_BUILT_ENVIRONMENT","BACHELOR","ON_CAMPUS","um-bachelor-026","房地产学士","BACHELOR OF REAL ESTATE","","","","7+1","90100.0","90100.0","MYR","90100","148466.78","148466.78","1.64780000","2026-09-25","UNKNOWN","","","DRAFT"
"UM_BACHELOR_027","UM","ECONOMICS","BACHELOR","ON_CAMPUS","um-bachelor-027","商学院和经济学院","FACULTY OF BUSINESS AND ECONOMICS","","","","","","","","","","","","","UNKNOWN","","","DRAFT"
"UM_BACHELOR_028","UM","ACCOUNTING_FINANCE","BACHELOR","ON_CAMPUS","um-bachelor-028","会计学学士","BACHELOR OF ACCOUNTING","","","","8+1","99100.0","99100.0","MYR","99100","163296.98","163296.98","1.64780000","2026-09-25","UNKNOWN","","","DRAFT"
"UM_BACHELOR_029","UM","BUSINESS_MANAGEMENT","BACHELOR","ON_CAMPUS","um-bachelor-029","工商管理学士","BACHELOR OF BUSINESS ADMINISTRATION","","","","7","77100.0","77100.0","MYR","77100","127045.38","127045.38","1.64780000","2026-09-25","UNKNOWN","","","DRAFT"
"UM_BACHELOR_030","UM","ACCOUNTING_FINANCE","BACHELOR","ON_CAMPUS","um-bachelor-030","金融学学士","BACHELOR OF FINANCE","","","","7","84100.0","84100.0","MYR","84100","138579.98","138579.98","1.64780000","2026-09-25","UNKNOWN","","","DRAFT"
"UM_BACHELOR_031","UM","ECONOMICS","BACHELOR","ON_CAMPUS","um-bachelor-031","经济学学士","BACHELOR OF ECONOMICS","","","","7","77100.0","77100.0","MYR","77100","127045.38","127045.38","1.64780000","2026-09-25","UNKNOWN","","","DRAFT"
"UM_BACHELOR_032","UM","COMPUTING_IT","BACHELOR","ON_CAMPUS","um-bachelor-032","计算机科学学士（计算机系统和网络）","BACHELOR OF COMPUTER SCIENCE (COMPUTER SYSTEM AND NETWORK)","","","","7","89200.0","89200.0","MYR","89200","146983.76","146983.76","1.64780000","2026-09-25","UNKNOWN","","","DRAFT"
"UM_BACHELOR_033","UM","COMPUTING_IT","BACHELOR","ON_CAMPUS","um-bachelor-033","计算机科学学士（人工智能）","BACHELOR OF COMPUTER SCIENCE (ARTIFICIAL INTELLIGENCE)","","","","7","89200.0","89200.0","MYR","89200","146983.76","146983.76","1.64780000","2026-09-25","UNKNOWN","","","DRAFT"
"UM_BACHELOR_034","UM","COMPUTING_IT","BACHELOR","ON_CAMPUS","um-bachelor-034","计算机科学学士（信息系统）","BACHELOR OF COMPUTER SCIENCE (INFORMATION SYSTEMS)","","","","7","89200.0","89200.0","MYR","89200","146983.76","146983.76","1.64780000","2026-09-25","UNKNOWN","","","DRAFT"
"UM_BACHELOR_035","UM","COMPUTING_IT","BACHELOR","ON_CAMPUS","um-bachelor-035","计算机科学学士（软件工程）","BACHELOR OF COMPUTER SCIENCE (SOFTWARE ENGINEERING)","","","","7","89200.0","89200.0","MYR","89200","146983.76","146983.76","1.64780000","2026-09-25","UNKNOWN","","","DRAFT"
"UM_BACHELOR_036","UM","COMPUTING_IT","BACHELOR","ON_CAMPUS","um-bachelor-036","计算机科学学士（多媒体计算）","BACHELOR OFCOMPUTER SCIENCE (MULTIMEDIA COMPUTING)","","","","7","89200.0","89200.0","MYR","89200","146983.76","146983.76","1.64780000","2026-09-25","UNKNOWN","","","DRAFT"
"UM_BACHELOR_037","UM","COMPUTING_IT","BACHELOR","ON_CAMPUS","um-bachelor-037","计算机科学学士（数据科学）","BACHELOR OF COMPUTER SCIENCE (DATA SCIENCE)","","","","","160100.0","160100.0","MYR","160100","263812.78","263812.78","1.64780000","2026-09-25","UNKNOWN","","","DRAFT"
"UM_BACHELOR_038","UM","DESIGN_CREATIVE_ARTS","BACHELOR","ON_CAMPUS","um-bachelor-038","音乐学士","BACHELOR OF MUSIC","","","","6+1","64500.0","64500.0","MYR","64500","106283.10","106283.10","1.64780000","2026-09-25","UNKNOWN","","","DRAFT"
"UM_BACHELOR_039","UM","DESIGN_CREATIVE_ARTS","BACHELOR","ON_CAMPUS","um-bachelor-039","戏剧学士","BACHELOR OF DRAMA","","","","6+1","62100.0","62100.0","MYR","62100","102328.38","102328.38","1.64780000","2026-09-25","UNKNOWN","","","DRAFT"
"UM_BACHELOR_040","UM","DESIGN_CREATIVE_ARTS","BACHELOR","ON_CAMPUS","um-bachelor-040","表演艺术学士","BACHELOR OF PERFORMING ARTS","","","","","62500.0","62500.0","MYR","62500","102987.50","102987.50","1.64780000","2026-09-25","UNKNOWN","","","DRAFT"
"UM_BACHELOR_041","UM","DESIGN_CREATIVE_ARTS","BACHELOR","ON_CAMPUS","um-bachelor-041","舞蹈学士","BACHELOR OF DANCE","","","","6+1","62500.0","62500.0","MYR","62500","102987.50","102987.50","1.64780000","2026-09-25","UNKNOWN","","","DRAFT"
"UM_BACHELOR_042","UM","DENTISTRY","BACHELOR","ON_CAMPUS","um-bachelor-042","牙科学院FACULTY OF","DENTISTRY","","","","","","","","","","","","","UNKNOWN","","","DRAFT"
"UM_BACHELOR_043","UM","DENTISTRY","BACHELOR","ON_CAMPUS","um-bachelor-043","牙科学士学位","BACHELOR OF DENTAL SURGERY","","","","10","655000.0","655000.0","MYR","655000","1079309.00","1079309.00","1.64780000","2026-09-25","UNKNOWN","","","DRAFT"
"UM_BACHELOR_044","UM","EDUCATION","BACHELOR","ON_CAMPUS","um-bachelor-044","咨询学学士#","BACHELOR OF COUNSELLING","","","","8+1","69600.0","69600.0","MYR","69600","114686.88","114686.88","1.64780000","2026-09-25","UNKNOWN","","","DRAFT"
"UM_BACHELOR_045","UM","EDUCATION","BACHELOR","ON_CAMPUS","um-bachelor-045","英语作为第二语言教学教育学士#","BACHELOR OF EDUCATION TEACHING ENGLISH AS A SECOND LANGUAGE","","","","8+1","75100.0","75100.0","MYR","75100","123749.78","123749.78","1.64780000","2026-09-25","UNKNOWN","","","DRAFT"
"UM_BACHELOR_046","UM","EDUCATION","BACHELOR","ON_CAMPUS","um-bachelor-046","幼儿教育学士#","BACHELOR OF EARLY CHILDHOOD EDUCATION","","","","8","69600.0","69600.0","MYR","69600","114686.88","114686.88","1.64780000","2026-09-25","UNKNOWN","","","DRAFT"
"UM_BACHELOR_047","UM","ENGINEERING","BACHELOR","ON_CAMPUS","um-bachelor-047","土木工程学士","BACHELOR OF CIVIL ENGINEERING","","","","8+1","132100.0","132100.0","MYR","132100","217674.38","217674.38","1.64780000","2026-09-25","UNKNOWN","","","DRAFT"
"UM_BACHELOR_048","UM","ENGINEERING","BACHELOR","ON_CAMPUS","um-bachelor-048","生物医学工程学士","BACHELOR OF BIOMEDICAL ENGINEERING","","","","8+1","132100.0","132100.0","MYR","132100","217674.38","217674.38","1.64780000","2026-09-25","UNKNOWN","","","DRAFT"
"UM_BACHELOR_049","UM","ENGINEERING","BACHELOR","ON_CAMPUS","um-bachelor-049","电气工程学士","BACHELOR OF ELECTRICAL ENGINEERING","","","","8+1","132100.0","132100.0","MYR","132100","217674.38","217674.38","1.64780000","2026-09-25","UNKNOWN","","","DRAFT"
"UM_BACHELOR_050","UM","ENGINEERING","BACHELOR","ON_CAMPUS","um-bachelor-050","机械工程学士","BACHELOR OF MECHANICAL ENGINEERING","","","","8+1","132100.0","132100.0","MYR","132100","217674.38","217674.38","1.64780000","2026-09-25","UNKNOWN","","","DRAFT"
"UM_BACHELOR_051","UM","ENGINEERING","BACHELOR","ON_CAMPUS","um-bachelor-051","化学工程学士","BACHELOR OF CHEMICAL ENGINEERING","","","","8+1","132100.0","132100.0","MYR","132100","217674.38","217674.38","1.64780000","2026-09-25","UNKNOWN","","","DRAFT"
"UM_BACHELOR_052","UM","LANGUAGES_LINGUISTICS","BACHELOR","ON_CAMPUS","um-bachelor-052","阿拉伯语言和语言学学士","BACHELOR OF ARABIC LANGUAGE AND LINGUISTICS","","","","7","65100.0","65100.0","MYR","65100","107271.78","107271.78","1.64780000","2026-09-25","UNKNOWN","","","DRAFT"
"UM_BACHELOR_053","UM","LANGUAGES_LINGUISTICS","BACHELOR","ON_CAMPUS","um-bachelor-053","日语语言与语言学学士","BACHELOR OF JAPANESE LANGUAGE AND LINGUISTICS","","","","7","70000.0","70000.0","MYR","70000","115346.00","115346.00","1.64780000","2026-09-25","UNKNOWN","","","DRAFT"
"UM_BACHELOR_054","UM","LANGUAGES_LINGUISTICS","BACHELOR","ON_CAMPUS","um-bachelor-054","汉语语言与语言学学士","BACHELOR OF CHINESE LANGUAGE AND LINGUISTICS","","","","7","65100.0","65100.0","MYR","65100","107271.78","107271.78","1.64780000","2026-09-25","UNKNOWN","","","DRAFT"
"UM_BACHELOR_055","UM","LANGUAGES_LINGUISTICS","BACHELOR","ON_CAMPUS","um-bachelor-055","泰米尔语语言与语言学学士","BACHELOR OF TAMIL LANGUAGE AND LINGUISTICS","","","","7","65100.0","65100.0","MYR","65100","107271.78","107271.78","1.64780000","2026-09-25","UNKNOWN","","","DRAFT"
"UM_BACHELOR_056","UM","LANGUAGES_LINGUISTICS","BACHELOR","ON_CAMPUS","um-bachelor-056","法语语言与语言学学士","BACHELOR OF FRENCH LANGUAGE AND LINGUISTICS","","","","7","65000.0","65000.0","MYR","65000","107107.00","107107.00","1.64780000","2026-09-25","UNKNOWN","","","DRAFT"
"UM_BACHELOR_057","UM","LANGUAGES_LINGUISTICS","BACHELOR","ON_CAMPUS","um-bachelor-057","德语语言与语言学学士","BACHELOR OF GERMAN LANGUAGE AND LINGUISTICS","","","","7","65000.0","65000.0","MYR","65000","107107.00","107107.00","1.64780000","2026-09-25","UNKNOWN","","","DRAFT"
"UM_BACHELOR_058","UM","LANGUAGES_LINGUISTICS","BACHELOR","ON_CAMPUS","um-bachelor-058","西班牙语语言与语言学学士","BACHELOR OF SPANISH LANGUAGE AND LINGUISTICS","","","","7","65000.0","65000.0","MYR","65000","107107.00","107107.00","1.64780000","2026-09-25","UNKNOWN","","","DRAFT"
"UM_BACHELOR_059","UM","LANGUAGES_LINGUISTICS","BACHELOR","ON_CAMPUS","um-bachelor-059","意大利语语言与语言学学士","BACHELOR OF ITALIAN LANGUAGE AND LINGUISTICS","","","","7","65000.0","65000.0","MYR","65000","107107.00","107107.00","1.64780000","2026-09-25","UNKNOWN","","","DRAFT"
"UM_BACHELOR_060","UM","LANGUAGES_LINGUISTICS","BACHELOR","ON_CAMPUS","um-bachelor-060","英语语言与语言学学士","BACHELOR OF ENGLISH LANGUAGE AND LINGUISTICS","","","","7","70100.0","70100.0","MYR","70100","115510.78","115510.78","1.64780000","2026-09-25","UNKNOWN","","","DRAFT"
"UM_BACHELOR_061","UM","LANGUAGES_LINGUISTICS","BACHELOR","ON_CAMPUS","um-bachelor-061","医学院","FACULTY OF MEDICINE","","","","","","","","","","","","","UNKNOWN","","","DRAFT"
"UM_BACHELOR_062","UM","MEDICINE","BACHELOR","ON_CAMPUS","um-bachelor-062","医学学士和外科学士 (MBBS)#","BACHELOR OF MEDICINE AND BACHELOR OF SURGERY (MBBS)","","","","10","673200.0","673200.0","MYR","673200","1109298.96","1109298.96","1.64780000","2026-09-25","UNKNOWN","","","DRAFT"
"UM_BACHELOR_063","UM","MEDICINE","BACHELOR","ON_CAMPUS","um-bachelor-063","生物医学科学学士#","BACHELOR OF BIOMEDICAL SCIENCE","","","","8+1","149200.0","149200.0","MYR","149200","245851.76","245851.76","1.64780000","2026-09-25","UNKNOWN","","","DRAFT"
"UM_BACHELOR_064","UM","NURSING","BACHELOR","ON_CAMPUS","um-bachelor-064","护理科学学士#","BACHELOR OF NURSING SCIENCE","","","","8","149200.0","149200.0","MYR","149200","245851.76","245851.76","1.64780000","2026-09-25","UNKNOWN","","","DRAFT"
"UM_BACHELOR_065","UM","PHARMACY","BACHELOR","ON_CAMPUS","um-bachelor-065","药学学士（荣誉）#","BACHELOR OF PHARMACY (HONS.)","","","","8","280100.0","280100.0","MYR","280100","461548.78","461548.78","1.64780000","2026-09-25","UNKNOWN","","","DRAFT"
"UM_BACHELOR_066","UM","NATURAL_SCIENCES","BACHELOR","ON_CAMPUS","um-bachelor-066","化学理学学士","BACHELOR OF SCIENCE IN CHEMISTRY","","","","8","78500.0","78500.0","MYR","78500","129352.30","129352.30","1.64780000","2026-09-25","UNKNOWN","","","DRAFT"
"UM_BACHELOR_067","UM","NATURAL_SCIENCES","BACHELOR","ON_CAMPUS","um-bachelor-067","生态学和生物多样性理学学士","BACHELOR OF SCIENCE IN ECOLOGY AND BIODIVERSITY","","","","8","70600.0","70600.0","MYR","70600","116334.68","116334.68","1.64780000","2026-09-25","UNKNOWN","","","DRAFT"
"UM_BACHELOR_068","UM","NATURAL_SCIENCES","BACHELOR","ON_CAMPUS","um-bachelor-068","物理学理学学士","BACHELOR OF SCIENCE IN PHYSICS","","","","8","70600.0","70600.0","MYR","70600","116334.68","116334.68","1.64780000","2026-09-25","UNKNOWN","","","DRAFT"
"UM_BACHELOR_069","UM","NATURAL_SCIENCES","BACHELOR","ON_CAMPUS","um-bachelor-069","应用地质学理学学士","BACHELOR OF SCIENCE IN APPLIED GEOLOGY","","","","8","78400.0","78400.0","MYR","78400","129187.52","129187.52","1.64780000","2026-09-25","UNKNOWN","","","DRAFT"
"UM_BACHELOR_070","UM","NATURAL_SCIENCES","BACHELOR","ON_CAMPUS","um-bachelor-070","生物化学理学学士","BACHELOR OF SCIENCE IN BIOCHEMISTRY","","","","8","70600.0","70600.0","MYR","70600","116334.68","116334.68","1.64780000","2026-09-25","UNKNOWN","","","DRAFT"
"UM_BACHELOR_071","UM","MATHEMATICS_STATISTICS","BACHELOR","ON_CAMPUS","um-bachelor-071","数学理学学士","BACHELOR OF SCIENCE IN MATHEMATICS","","","","8","78400.0","78400.0","MYR","78400","129187.52","129187.52","1.64780000","2026-09-25","UNKNOWN","","","DRAFT"
"UM_BACHELOR_072","UM","NATURAL_SCIENCES","BACHELOR","ON_CAMPUS","um-bachelor-072","生物技术理学学士","BACHELOR OF SCIENCE IN BIOTECHNOLOGY","","","","8+1","70600.0","70600.0","MYR","70600","116334.68","116334.68","1.64780000","2026-09-25","UNKNOWN","","","DRAFT"
"UM_BACHELOR_073","UM","MATHEMATICS_STATISTICS","BACHELOR","ON_CAMPUS","um-bachelor-073","精算学学士","BACHELOR OF ACTUARIAL SCIENCE","","","","8","78400.0","78400.0","MYR","78400","129187.52","129187.52","1.64780000","2026-09-25","UNKNOWN","","","DRAFT"
"UM_BACHELOR_074","UM","NATURAL_SCIENCES","BACHELOR","ON_CAMPUS","um-bachelor-074","微生物学和分子遗传学理学学士","BACHELOR OF SCIENCE IN MICROBIOLOGY AND MOLECULAR GENETICS","","","","8","70600.0","70600.0","MYR","70600","116334.68","116334.68","1.64780000","2026-09-25","UNKNOWN","","","DRAFT"
"UM_BACHELOR_075","UM","MATHEMATICS_STATISTICS","BACHELOR","ON_CAMPUS","um-bachelor-075","统计学理学学士","BACHELOR OF SCIENCE IN STATISTICS","","","","8","70600.0","70600.0","MYR","70600","116334.68","116334.68","1.64780000","2026-09-25","UNKNOWN","","","DRAFT"
"UM_BACHELOR_076","UM","AGRICULTURE_ENVIRONMENT","BACHELOR","ON_CAMPUS","um-bachelor-076","环境管理理学学士","BACHELOR OF SCIENCE IN ENVIRONMENTAL MANAGEMENT","","","","8","70600.0","70600.0","MYR","70600","116334.68","116334.68","1.64780000","2026-09-25","UNKNOWN","","","DRAFT"
"UM_BACHELOR_077","UM","SPORTS","BACHELOR","ON_CAMPUS","um-bachelor-077","体育管理学士","BACHELOR OF SPORTS MANAGEMENT","","","","7","75100.0","75100.0","MYR","75100","123749.78","123749.78","1.64780000","2026-09-25","UNKNOWN","","","DRAFT"
"UM_BACHELOR_078","UM","SPORTS","BACHELOR","ON_CAMPUS","um-bachelor-078","体育科学学士（运动科学）","BACHELOR OF SPORTS SCIENCE (EXERCISE SCIENCE)","","","","7","84700.0","84700.0","MYR","84700","139568.66","139568.66","1.64780000","2026-09-25","UNKNOWN","","","DRAFT"
"UM_BACHELOR_079","UM","LAW","BACHELOR","ON_CAMPUS","um-bachelor-079","法学院","FACULTY OF LAW","","","","","","","","","","","","","UNKNOWN","","","DRAFT"
"UM_BACHELOR_080","UM","LAW","BACHELOR","ON_CAMPUS","um-bachelor-080","法学学士","BACHELOR OF LAWS","","","","","98300.0","98300.0","MYR","98300","161978.74","161978.74","1.64780000","2026-09-25","UNKNOWN","","","DRAFT"
"UKM_BACHELOR_001","UKM","BUSINESS_MANAGEMENT","BACHELOR","ON_CAMPUS","ukm-bachelor-001","创业与创新学士","BACHELOR OF ENTREPRENEURSHIP AND INNOVATION","","","","6","57400.0","57400.0","MYR","57400","94583.72","94583.72","1.64780000","2026-09-25","UNKNOWN","","","DRAFT"
"UKM_BACHELOR_002","UKM","ACCOUNTING_FINANCE","BACHELOR","ON_CAMPUS","ukm-bachelor-002","会计学学士","BACHELOR OF ACCOUNTING","","","","8","73600.0","73600.0","MYR","73600","121278.08","121278.08","1.64780000","2026-09-25","UNKNOWN","","","DRAFT"
"UKM_BACHELOR_003","UKM","BUSINESS_MANAGEMENT","BACHELOR","ON_CAMPUS","ukm-bachelor-003","工商管理学士","BACHELOR OF BUSINESS ADMINISTRATION","","","","6","57400.0","57400.0","MYR","57400","94583.72","94583.72","1.64780000","2026-09-25","UNKNOWN","","","DRAFT"
"UKM_BACHELOR_004","UKM","ECONOMICS","BACHELOR","ON_CAMPUS","ukm-bachelor-004","经济学学士","BACHELOR OF ECONOMICS","","","","6","57400.0","57400.0","MYR","57400","94583.72","94583.72","1.64780000","2026-09-25","UNKNOWN","","","DRAFT"
"UKM_BACHELOR_005","UKM","COMPUTING_IT","BACHELOR","ON_CAMPUS","ukm-bachelor-005","信息技术学士","BACHELOR OF INFORMATION TECHNOLOGY","","","","8","73600.0","73600.0","MYR","73600","121278.08","121278.08","1.64780000","2026-09-25","UNKNOWN","","","DRAFT"
"UKM_BACHELOR_006","UKM","COMPUTING_IT","BACHELOR","ON_CAMPUS","ukm-bachelor-006","计算机科学学士","BACHELOR OF COMPUTER SCIENCE","","","","8","73600.0","73600.0","MYR","73600","121278.08","121278.08","1.64780000","2026-09-25","UNKNOWN","","","DRAFT"
"UKM_BACHELOR_007","UKM","COMPUTING_IT","BACHELOR","ON_CAMPUS","ukm-bachelor-007","软件工程学士（信息系统开发）","BACHELOR OF SOFTWARE ENGINEERING (INFORMATION SYSTEM DEVELOPMENT)","","","","8","73600.0","73600.0","MYR","73600","121278.08","121278.08","1.64780000","2026-09-25","UNKNOWN","","","DRAFT"
"UKM_BACHELOR_008","UKM","COMPUTING_IT","BACHELOR","ON_CAMPUS","ukm-bachelor-008","软件工程学士（多媒体系统开发）","BACHELOR OF SOFTWARE ENGINEERING (MULTIMEDIA SYSTEM DEVELOPMENT)","","","","8","67500.0","67500.0","MYR","67500","111226.50","111226.50","1.64780000","2026-09-25","UNKNOWN","","","DRAFT"
"UKM_BACHELOR_009","UKM","ISLAMIC_STUDIES","BACHELOR","ON_CAMPUS","ukm-bachelor-009","伊斯兰研究学士（伊斯兰教法）","BACHELOR OF ISLAMIC STUDIES (SHARIAH)","","","","8","58900.0","58900.0","MYR","58900","97055.42","97055.42","1.64780000","2026-09-25","UNKNOWN","","","DRAFT"
"UKM_BACHELOR_010","UKM","ISLAMIC_STUDIES","BACHELOR","ON_CAMPUS","ukm-bachelor-010","伊斯兰研究荣誉学士（神学和哲学）","Bachelor Of Islamic Studies With Honours (Theology And Philosophy)","","","","8","58900.0","58900.0","MYR","58900","97055.42","97055.42","1.64780000","2026-09-25","UNKNOWN","","","DRAFT"
"UKM_BACHELOR_011","UKM","ISLAMIC_STUDIES","BACHELOR","ON_CAMPUS","ukm-bachelor-011","伊斯兰研究荣誉学士（阿拉伯研究与伊斯兰文明）","Bachelor Of Islamic Studies With Honours (Arabic Studies And Islamic Civilization)","","","","8","58900.0","58900.0","MYR","58900","97055.42","97055.42","1.64780000","2026-09-25","UNKNOWN","","","DRAFT"
"UKM_BACHELOR_012","UKM","ISLAMIC_STUDIES","BACHELOR","ON_CAMPUS","ukm-bachelor-012","伊斯兰研究荣誉学士（达瓦和领导力研究）","Bachelor Of Islamic Studies With Honours (Da’wah And Leadership Studies)","","","","8","58900.0","58900.0","MYR","58900","97055.42","97055.42","1.64780000","2026-09-25","UNKNOWN","","","DRAFT"
"UKM_BACHELOR_013","UKM","ISLAMIC_STUDIES","BACHELOR","ON_CAMPUS","ukm-bachelor-013","伊斯兰研究荣誉学士（古兰经和圣训研究）","Bachelor Of Islamic Studies With Honours (Al-Quran And Al-Sunnah Studies)","","","","8","58900.0","58900.0","MYR","58900","97055.42","97055.42","1.64780000","2026-09-25","UNKNOWN","","","DRAFT"
"UKM_BACHELOR_014","UKM","MEDIA_COMMUNICATION","BACHELOR","ON_CAMPUS","ukm-bachelor-014","社会科学学士（媒体传播）","BACHELOR OF SOCIAL SCIENCES (MEDIA COMMUNICATION)","","","","6","57400.0","57400.0","MYR","57400","94583.72","94583.72","1.64780000","2026-09-25","UNKNOWN","","","DRAFT"
"UKM_BACHELOR_015","UKM","NATURAL_SCIENCES","BACHELOR","ON_CAMPUS","ukm-bachelor-015","社会科学学士（心理学）","BACHELOR OF SOCIAL SCIENCES (PSYCHOLOGY)","","","","6","73600.0","73600.0","MYR","73600","121278.08","121278.08","1.64780000","2026-09-25","UNKNOWN","","","DRAFT"
"UKM_BACHELOR_016","UKM","NATURAL_SCIENCES","BACHELOR","ON_CAMPUS","ukm-bachelor-016","社会科学学士（社会工作）","BACHELOR OF SOCIAL SCIENCES (SOCIAL WORK)","","","","6","57400.0","57400.0","MYR","57400","94583.72","94583.72","1.64780000","2026-09-25","UNKNOWN","","","DRAFT"
"UKM_BACHELOR_017","UKM","NATURAL_SCIENCES","BACHELOR","ON_CAMPUS","ukm-bachelor-017","社会科学学士（地理学）","BACHELOR OF SOCIAL SCIENCES (GEOGRAPHY)","","","","6","57400.0","57400.0","MYR","57400","94583.72","94583.72","1.64780000","2026-09-25","UNKNOWN","","","DRAFT"
"UKM_BACHELOR_018","UKM","NATURAL_SCIENCES","BACHELOR","ON_CAMPUS","ukm-bachelor-018","社会科学学士（发展科学）","BACHELOR OF SOCIAL SCIENCES (DEVELOPMENTAL SCIENCE)","","","","6","57400.0","57400.0","MYR","57400","94583.72","94583.72","1.64780000","2026-09-25","UNKNOWN","","","DRAFT"
"UKM_BACHELOR_019","UKM","NATURAL_SCIENCES","BACHELOR","ON_CAMPUS","ukm-bachelor-019","社会科学学士（政治学）","BACHELOR OF SOCIAL SCIENCES (POLITICAL SCIENCE)","","","","6","57400.0","57400.0","MYR","57400","94583.72","94583.72","1.64780000","2026-09-25","UNKNOWN","","","DRAFT"
"UKM_BACHELOR_020","UKM","NATURAL_SCIENCES","BACHELOR","ON_CAMPUS","ukm-bachelor-020","社会科学学士（人类学和社会学）","BACHELOR OF SOCIAL SCIENCES (ANTROPOLOGY & SOCIOLOGY)","","","","6","57400.0","57400.0","MYR","57400","94583.72","94583.72","1.64780000","2026-09-25","UNKNOWN","","","DRAFT"
"UKM_BACHELOR_021","UKM","LANGUAGES_LINGUISTICS","BACHELOR","ON_CAMPUS","ukm-bachelor-021","社会科学学士（语言学）","BACHELOR OF SOCIAL SCIENCES (LINGUISTIC)","","","","6","57400.0","57400.0","MYR","57400","94583.72","94583.72","1.64780000","2026-09-25","UNKNOWN","","","DRAFT"
"UKM_BACHELOR_022","UKM","LANGUAGES_LINGUISTICS","BACHELOR","ON_CAMPUS","ukm-bachelor-022","文学学士（英语语言研究）","BACHELOR OF ARTS (ENGLISH LANGUAGE STUDY)","","","","6","57400.0","57400.0","MYR","57400","94583.72","94583.72","1.64780000","2026-09-25","UNKNOWN","","","DRAFT"
"UKM_BACHELOR_023","UKM","ARTS_HUMANITIES","BACHELOR","ON_CAMPUS","ukm-bachelor-023","文学学士（马来文学）","BACHELOR OF ARTS (MALAY LETTERS)","","","","6","57400.0","57400.0","MYR","57400","94583.72","94583.72","1.64780000","2026-09-25","UNKNOWN","","","DRAFT"
"UKM_BACHELOR_024","UKM","ARTS_HUMANITIES","BACHELOR","ON_CAMPUS","ukm-bachelor-024","文学学士（历史）","BACHELOR OF ARTS (HISTORY)","","","","6","57400.0","57400.0","MYR","57400","94583.72","94583.72","1.64780000","2026-09-25","UNKNOWN","","","DRAFT"
"UKM_BACHELOR_025","UKM","LANGUAGES_LINGUISTICS","BACHELOR","ON_CAMPUS","ukm-bachelor-025","文学学士（马来语学习）","BACHELOR OF ARTS (PENGAJIAN BAHASA MELAYU)","","","","6","57400.0","57400.0","MYR","57400","94583.72","94583.72","1.64780000","2026-09-25","UNKNOWN","","","DRAFT"
"UKM_BACHELOR_026","UKM","MEDICINE","BACHELOR","ON_CAMPUS","ukm-bachelor-026","生物医学科学学士","BACHELOR OF BIOMEDICAL SCIENCE","","","","8","95000.0","95000.0","MYR","95000","156541.00","156541.00","1.64780000","2026-09-25","UNKNOWN","","","DRAFT"
"UKM_BACHELOR_027","UKM","ALLIED_HEALTH","BACHELOR","ON_CAMPUS","ukm-bachelor-027","验光学学士学位","BACHELOR OF OPTOMETRY","","","","8","95000.0","95000.0","MYR","95000","156541.00","156541.00","1.64780000","2026-09-25","UNKNOWN","","","DRAFT"
"UKM_BACHELOR_028","UKM","ALLIED_HEALTH","BACHELOR","ON_CAMPUS","ukm-bachelor-028","听力学学士","BACHELOR OF AUDIOLOGY","","","","8","95000.0","95000.0","MYR","95000","156541.00","156541.00","1.64780000","2026-09-25","UNKNOWN","","","DRAFT"
"UKM_BACHELOR_029","UKM","LANGUAGES_LINGUISTICS","BACHELOR","ON_CAMPUS","ukm-bachelor-029","语言科学学士","BACHELOR OF SPEECH SCIENCE","","","","8","95000.0","95000.0","MYR","95000","156541.00","156541.00","1.64780000","2026-09-25","UNKNOWN","","","DRAFT"
"UKM_BACHELOR_030","UKM","ALLIED_HEALTH","BACHELOR","ON_CAMPUS","ukm-bachelor-030","诊断成像和放射治疗学士","BACHELOR OF DIAGNOSTIC IMAGING & RADIOTHERAPHY","","","","8","95000.0","95000.0","MYR","95000","156541.00","156541.00","1.64780000","2026-09-25","UNKNOWN","","","DRAFT"
"UKM_BACHELOR_031","UKM","ALLIED_HEALTH","BACHELOR","ON_CAMPUS","ukm-bachelor-031","物理治疗学士","BACHELOR OF PHYSIOTHERAPHY","","","","8","95000.0","95000.0","MYR","95000","156541.00","156541.00","1.64780000","2026-09-25","UNKNOWN","","","DRAFT"
"UKM_BACHELOR_032","UKM","AGRICULTURE_ENVIRONMENT","BACHELOR","ON_CAMPUS","ukm-bachelor-032","环境与职业健康学士","BACHELOR OF ENVIROMENTAL & OCCUPATIONAL HEALTH","","","","8","95000.0","95000.0","MYR","95000","156541.00","156541.00","1.64780000","2026-09-25","UNKNOWN","","","DRAFT"
"UKM_BACHELOR_033","UKM","ALLIED_HEALTH","BACHELOR","ON_CAMPUS","ukm-bachelor-033","职业治疗学士","BACHELOR OF OCCUPATIONAL THERAPHY","","","","8","95000.0","95000.0","MYR","95000","156541.00","156541.00","1.64780000","2026-09-25","UNKNOWN","","","DRAFT"
"UKM_BACHELOR_034","UKM","ALLIED_HEALTH","BACHELOR","ON_CAMPUS","ukm-bachelor-034","营养学学士","BACHELOR OF DIETETICS","","","","8","95000.0","95000.0","MYR","95000","156541.00","156541.00","1.64780000","2026-09-25","UNKNOWN","","","DRAFT"
"UKM_BACHELOR_035","UKM","ALLIED_HEALTH","BACHELOR","ON_CAMPUS","ukm-bachelor-035","营养科学学士","BACHELOR OF NUTRITION SCIENCE","","","","8","95000.0","95000.0","MYR","95000","156541.00","156541.00","1.64780000","2026-09-25","UNKNOWN","","","DRAFT"
"UKM_BACHELOR_036","UKM","MEDICINE","BACHELOR","ON_CAMPUS","ukm-bachelor-036","法医学学士","BACHELOR OF FORENSIC SCIENCE","","","","8","95000.0","95000.0","MYR","95000","156541.00","156541.00","1.64780000","2026-09-25","UNKNOWN","","","DRAFT"
"UKM_BACHELOR_037","UKM","DENTISTRY","BACHELOR","ON_CAMPUS","ukm-bachelor-037","牙科学院FACULTY OF","DENTISTRY","","","","","","","","","","","","","UNKNOWN","","","DRAFT"
"UKM_BACHELOR_038","UKM","DENTISTRY","BACHELOR","ON_CAMPUS","ukm-bachelor-038","牙科","DENTISTRY","","","","10","545000.0","545000.0","MYR","545000","898051.00","898051.00","1.64780000","2026-09-25","UNKNOWN","","","DRAFT"
"UKM_BACHELOR_039","UKM","ENGINEERING","BACHELOR","ON_CAMPUS","ukm-bachelor-039","工程学士双学位 UKM - UDE（国际）","BACHELOR OF ENGINEERING DOUBLE DEGREE UKM - UDE (INTERNATIONAL)","","","","8","109000.0","109000.0","MYR","109000","179610.20","179610.20","1.64780000","2026-09-25","UNKNOWN","","","DRAFT"
"UKM_BACHELOR_040","UKM","ENGINEERING","BACHELOR","ON_CAMPUS","ukm-bachelor-040","机械工程学士","BACHELOR OF MECHANICAL ENGINEERING","","","","8","88300.0","88300.0","MYR","88300","145500.74","145500.74","1.64780000","2026-09-25","UNKNOWN","","","DRAFT"
"UKM_BACHELOR_041","UKM","ENGINEERING","BACHELOR","ON_CAMPUS","ukm-bachelor-041","化学工程学士","BACHELOR OF CHEMICAL ENGINEERING","","","","8","88300.0","88300.0","MYR","88300","145500.74","145500.74","1.64780000","2026-09-25","UNKNOWN","","","DRAFT"
"UKM_BACHELOR_042","UKM","ENGINEERING","BACHELOR","ON_CAMPUS","ukm-bachelor-042","土木与结构工程学士","BACHELOR OF CIVIL & STRUCTURAL ENGINEERING","","","","8","88300.0","88300.0","MYR","88300","145500.74","145500.74","1.64780000","2026-09-25","UNKNOWN","","","DRAFT"
"UKM_BACHELOR_043","UKM","ENGINEERING","BACHELOR","ON_CAMPUS","ukm-bachelor-043","电气与电子工程学士","BACHELOR OF ELECTRICAL & ELECTRONIC ENGINEERING","","","","8","88300.0","88300.0","MYR","88300","145500.74","145500.74","1.64780000","2026-09-25","UNKNOWN","","","DRAFT"
"UKM_BACHELOR_044","UKM","ENGINEERING","BACHELOR","ON_CAMPUS","ukm-bachelor-044","电子工程学士","BACHELOR OF ELECTRONIC ENGINEERING","","","","8","88300.0","88300.0","MYR","88300","145500.74","145500.74","1.64780000","2026-09-25","UNKNOWN","","","DRAFT"
"UKM_BACHELOR_045","UKM","ENGINEERING","BACHELOR","ON_CAMPUS","ukm-bachelor-045","建筑工程理学学士","BACHELOR OF SCIENCE ARCHITECHTURE ENGINEERING","","","","6","88300.0","88300.0","MYR","88300","145500.74","145500.74","1.64780000","2026-09-25","UNKNOWN","","","DRAFT"
"UKM_BACHELOR_046","UKM","EDUCATION","BACHELOR","ON_CAMPUS","ukm-bachelor-046","教育学学士（体育和娱乐）","BACHELOR OF EDUCATION (SPORTS & RECREATIONS)- ONLY MALAYSIANS","","","","8","73600.0","73600.0","MYR","73600","121278.08","121278.08","1.64780000","2026-09-25","UNKNOWN","","","DRAFT"
"UKM_BACHELOR_047","UKM","EDUCATION","BACHELOR","ON_CAMPUS","ukm-bachelor-047","教育学学士（英语作为第二语言教学） (TESL)","BACHELOR OF EDUCATION (TEACHING ENGLISH AS SECOND LANGUAGE) (TESL)","","","","8","73600.0","73600.0","MYR","73600","121278.08","121278.08","1.64780000","2026-09-25","UNKNOWN","","","DRAFT"
"UKM_BACHELOR_048","UKM","EDUCATION","BACHELOR","ON_CAMPUS","ukm-bachelor-048","教育学学士（特殊教育）","BACHELOR OF EDUCATION (SPECIAL EDUCATION)","","","","8","73600.0","73600.0","MYR","73600","121278.08","121278.08","1.64780000","2026-09-25","UNKNOWN","","","DRAFT"
"UKM_BACHELOR_049","UKM","EDUCATION","BACHELOR","ON_CAMPUS","ukm-bachelor-049","医学院","FACULTY OF MEDICINE","","","","","","","","","","","","","UNKNOWN","","","DRAFT"
"UKM_BACHELOR_050","UKM","MEDICINE","BACHELOR","ON_CAMPUS","ukm-bachelor-050","医学医生学士","BACHELOR OF DOCTOR IN MEDICINE","","","","10","436000.0","436000.0","MYR","436000","718440.80","718440.80","1.64780000","2026-09-25","UNKNOWN","","","DRAFT"
"UKM_BACHELOR_051","UKM","NURSING","BACHELOR","ON_CAMPUS","ukm-bachelor-051","护理学学士","BACHELOR OF NURSING","","","","8","72800.0","72800.0","MYR","72800","119959.84","119959.84","1.64780000","2026-09-25","UNKNOWN","","","DRAFT"
"UKM_BACHELOR_052","UKM","NATURAL_SCIENCES","BACHELOR","ON_CAMPUS","ukm-bachelor-052","理学学士（地质学）","BACHELOR OF SCIENCE (GEOLOGY)","","","","8","78000.0","78000.0","MYR","78000","128528.40","128528.40","1.64780000","2026-09-25","UNKNOWN","","","DRAFT"
"UKM_BACHELOR_053","UKM","MATHEMATICS_STATISTICS","BACHELOR","ON_CAMPUS","ukm-bachelor-053","理学学士（精算学）","BACHELOR OF SCIENCE (ACTUARIAL SCIENCE)","","","","8","73600.0","73600.0","MYR","73600","121278.08","121278.08","1.64780000","2026-09-25","UNKNOWN","","","DRAFT"
"UKM_BACHELOR_054","UKM","NATURAL_SCIENCES","BACHELOR","ON_CAMPUS","ukm-bachelor-054","理学学士（海洋科学）","BACHELOR OF SCIENCE (MARINE SCIENCE)","","","","8","78000.0","78000.0","MYR","78000","128528.40","128528.40","1.64780000","2026-09-25","UNKNOWN","","","DRAFT"
"UKM_BACHELOR_055","UKM","ALLIED_HEALTH","BACHELOR","ON_CAMPUS","ukm-bachelor-055","理学学士（食品科学与营养学）","BACHELOR OF SCIENCE (FOOD SCIENCE & NUTRITION)","","","","8","78000.0","78000.0","MYR","78000","128528.40","128528.40","1.64780000","2026-09-25","UNKNOWN","","","DRAFT"
"UKM_BACHELOR_056","UKM","NATURAL_SCIENCES","BACHELOR","ON_CAMPUS","ukm-bachelor-056","理学学士（生物学）","BACHELOR OF SCIENCE (BIOLOGY)","","","","8","78000.0","78000.0","MYR","78000","128528.40","128528.40","1.64780000","2026-09-25","UNKNOWN","","","DRAFT"
"UKM_BACHELOR_057","UKM","MATHEMATICS_STATISTICS","BACHELOR","ON_CAMPUS","ukm-bachelor-057","理学学士（数学）","BACHELOR OF SCIENCE (MATHEMATICS)","","","","8","73600.0","73600.0","MYR","73600","121278.08","121278.08","1.64780000","2026-09-25","UNKNOWN","","","DRAFT"
"UKM_BACHELOR_058","UKM","MATHEMATICS_STATISTICS","BACHELOR","ON_CAMPUS","ukm-bachelor-058","理学学士（统计学）","BACHELOR OF SCIENCE (STATISTIC)","","","","8","73600.0","73600.0","MYR","73600","121278.08","121278.08","1.64780000","2026-09-25","UNKNOWN","","","DRAFT"
"UKM_BACHELOR_059","UKM","AGRICULTURE_ENVIRONMENT","BACHELOR","ON_CAMPUS","ukm-bachelor-059","理学学士（环境科学）","BACHELOR OF SCIENCE (ENVIROMENTAL SCIENCE)","","","","8","78000.0","78000.0","MYR","78000","128528.40","128528.40","1.64780000","2026-09-25","UNKNOWN","","","DRAFT"
"UKM_BACHELOR_060","UKM","NATURAL_SCIENCES","BACHELOR","ON_CAMPUS","ukm-bachelor-060","理学学士（物理学）","BACHELOR OF SCIENCE (PHYSICS)","","","","8","78000.0","78000.0","MYR","78000","128528.40","128528.40","1.64780000","2026-09-25","UNKNOWN","","","DRAFT"
"UKM_BACHELOR_061","UKM","NATURAL_SCIENCES","BACHELOR","ON_CAMPUS","ukm-bachelor-061","理学学士（化学）","BACHELOR OF SCIENCE (CHEMISTRY)","","","","8","78000.0","78000.0","MYR","78000","128528.40","128528.40","1.64780000","2026-09-25","UNKNOWN","","","DRAFT"
"UKM_BACHELOR_062","UKM","NATURAL_SCIENCES","BACHELOR","ON_CAMPUS","ukm-bachelor-062","理学学士（核科学）","BACHELOR OF SCIENCE (NUCLEAR SCIENCE)","","","","8","78000.0","78000.0","MYR","78000","128528.40","128528.40","1.64780000","2026-09-25","UNKNOWN","","","DRAFT"
"UKM_BACHELOR_063","UKM","NATURAL_SCIENCES","BACHELOR","ON_CAMPUS","ukm-bachelor-063","理学学士（材料科学）","BACHELOR OF SCIENCE (MATERIAL SCIENCE)","","","","8","78000.0","78000.0","MYR","78000","128528.40","128528.40","1.64780000","2026-09-25","UNKNOWN","","","DRAFT"
"UKM_BACHELOR_064","UKM","NATURAL_SCIENCES","BACHELOR","ON_CAMPUS","ukm-bachelor-064","理学学士（化学技术）","BACHELOR OF SCIENCE (CHEMICAL THECNOLOGY)","","","","8","78000.0","78000.0","MYR","78000","128528.40","128528.40","1.64780000","2026-09-25","UNKNOWN","","","DRAFT"
"UKM_BACHELOR_065","UKM","NATURAL_SCIENCES","BACHELOR","ON_CAMPUS","ukm-bachelor-065","理学学士（油化学）","BACHELOR OF SCIENCE (OLEOCHEMICAL)","","","","8","78000.0","78000.0","MYR","78000","128528.40","128528.40","1.64780000","2026-09-25","UNKNOWN","","","DRAFT"
"UKM_BACHELOR_066","UKM","NATURAL_SCIENCES","BACHELOR","ON_CAMPUS","ukm-bachelor-066","理学学士（生物化学）","BACHELOR OF SCIENCE (BIOCHEMISTRY)","","","","8","78000.0","78000.0","MYR","78000","128528.40","128528.40","1.64780000","2026-09-25","UNKNOWN","","","DRAFT"
"UKM_BACHELOR_067","UKM","NATURAL_SCIENCES","BACHELOR","ON_CAMPUS","ukm-bachelor-067","理学学士（微生物学）","BACHELOR OF SCIENCE (MICROBIOLOGY)","","","","8","78000.0","78000.0","MYR","78000","128528.40","128528.40","1.64780000","2026-09-25","UNKNOWN","","","DRAFT"
"UKM_BACHELOR_068","UKM","NATURAL_SCIENCES","BACHELOR","ON_CAMPUS","ukm-bachelor-068","理学学士（生物信息学）","BACHELOR OF SCIENCE (BIOINFORMATICS)","","","","8","78000.0","78000.0","MYR","78000","128528.40","128528.40","1.64780000","2026-09-25","UNKNOWN","","","DRAFT"
"UKM_BACHELOR_069","UKM","NATURAL_SCIENCES","BACHELOR","ON_CAMPUS","ukm-bachelor-069","理学学士（遗传学）","BACHELOR OF SCIENCE (GENETICS)","","","","8","78000.0","78000.0","MYR","78000","128528.40","128528.40","1.64780000","2026-09-25","UNKNOWN","","","DRAFT"
"UKM_BACHELOR_070","UKM","NATURAL_SCIENCES","BACHELOR","ON_CAMPUS","ukm-bachelor-070","理学学士（植物生物技术）","BACHELOR OF SCIENCE (PLANT BIOTHECNOLOGY)","","","","8","78000.0","78000.0","MYR","78000","128528.40","128528.40","1.64780000","2026-09-25","UNKNOWN","","","DRAFT"
"UKM_BACHELOR_071","UKM","BUSINESS_MANAGEMENT","BACHELOR","ON_CAMPUS","ukm-bachelor-071","理学学士（生物技术与管理）","BACHELOR OF SCIENCE (BIOTHECNOLOGY WITH MANAGEMENT)","","","","8","78000.0","78000.0","MYR","78000","128528.40","128528.40","1.64780000","2026-09-25","UNKNOWN","","","DRAFT"
"UKM_BACHELOR_072","UKM","BUSINESS_MANAGEMENT","BACHELOR","ON_CAMPUS","ukm-bachelor-072","理学学士（食品科学与工商管理）","BACHELOR OF SCIENCE (FOOD SCIENCE WITH BUSINESS MANAGEMENT)","","","","8","78000.0","78000.0","MYR","78000","128528.40","128528.40","1.64780000","2026-09-25","UNKNOWN","","","DRAFT"
"UKM_BACHELOR_073","UKM","LAW","BACHELOR","ON_CAMPUS","ukm-bachelor-073","法学院","FACULTY OF LAW","","","","","","","","","","","","","UNKNOWN","","","DRAFT"
"UKM_BACHELOR_074","UKM","LAW","BACHELOR","ON_CAMPUS","ukm-bachelor-074","法学学士","BACHELOR OF LAW","","","","8","85000.0","85000.0","MYR","85000","140063.00","140063.00","1.64780000","2026-09-25","UNKNOWN","","","DRAFT"
"UKM_BACHELOR_075","UKM","PHARMACY","BACHELOR","ON_CAMPUS","ukm-bachelor-075","药学学士","BACHELOR OF PHARMACY","","","","8","141700.0","141700.0","MYR","141700","233493.26","233493.26","1.64780000","2026-09-25","UNKNOWN","","","DRAFT"
"UKM_BACHELOR_076","UKM","NATURAL_SCIENCES","BACHELOR","ON_CAMPUS","ukm-bachelor-076","文科理学士","BACHELOR OF SCIENCE IN LIBERAL STUDIES","","","","8","58500.0","58500.0","MYR","58500","96396.30","96396.30","1.64780000","2026-09-25","UNKNOWN","","","DRAFT"
"UTM_BACHELOR_001","UTM","ENGINEERING","BACHELOR","ON_CAMPUS","utm-bachelor-001","土木工程荣誉学士","Bachelor of Civil Engineering with Honours","","","","","75000.0","75000.0","MYR","75000","123585.00","123585.00","1.64780000","2026-09-25","UNKNOWN","","","DRAFT"
"UTM_BACHELOR_002","UTM","COMPUTING_IT","BACHELOR","ON_CAMPUS","utm-bachelor-002","计算机科学学士（计算机网络和安全）荣誉学位","Bachelor of Computer Science (Computer Network and Security) with Honours","","","","8","71000.0","71000.0","MYR","71000","116993.80","116993.80","1.64780000","2026-09-25","UNKNOWN","","","DRAFT"
"UTM_BACHELOR_003","UTM","COMPUTING_IT","BACHELOR","ON_CAMPUS","utm-bachelor-003","计算机科学学士（图形和多媒体软件）荣誉学位","Bachelor of Computer Science (Graphics and Multimedia Software) with Honours","","","","8","71000.0","71000.0","MYR","71000","116993.80","116993.80","1.64780000","2026-09-25","UNKNOWN","","","DRAFT"
"UTM_BACHELOR_004","UTM","COMPUTING_IT","BACHELOR","ON_CAMPUS","utm-bachelor-004","计算机科学学士（软件工程）荣誉学位","Bachelor of Computer Science (Software Engineering) with Honours","","","","8","71000.0","71000.0","MYR","71000","116993.80","116993.80","1.64780000","2026-09-25","UNKNOWN","","","DRAFT"
"UTM_BACHELOR_005","UTM","ENGINEERING","BACHELOR","ON_CAMPUS","utm-bachelor-005","化学工程荣誉学士","Bachelor of Chemical Engineering with Honours","","","","","75000.0","75000.0","MYR","75000","123585.00","123585.00","1.64780000","2026-09-25","UNKNOWN","","","DRAFT"
"UTM_BACHELOR_006","UTM","ENGINEERING","BACHELOR","ON_CAMPUS","utm-bachelor-006","化学工程学士（生物过程）荣誉学位","Bachelor of Chemical Engineering (Bioprocess) with Honours","","","","","75000.0","75000.0","MYR","75000","123585.00","123585.00","1.64780000","2026-09-25","UNKNOWN","","","DRAFT"
"UTM_BACHELOR_007","UTM","ENGINEERING","BACHELOR","ON_CAMPUS","utm-bachelor-007","化学工程（气体）荣誉学士","Bachelor of Chemical Engineering (Gas) with Honours","","","","","75000.0","75000.0","MYR","75000","123585.00","123585.00","1.64780000","2026-09-25","UNKNOWN","","","DRAFT"
"UTM_BACHELOR_008","UTM","ENGINEERING","BACHELOR","ON_CAMPUS","utm-bachelor-008","核工程荣誉学士","Bachelor of Nuclear Engineering with Honours","","","","","75000.0","75000.0","MYR","75000","123585.00","123585.00","1.64780000","2026-09-25","UNKNOWN","","","DRAFT"
"UTM_BACHELOR_009","UTM","ENGINEERING","BACHELOR","ON_CAMPUS","utm-bachelor-009","石油工程荣誉学士","Bachelor of Petroleum Engineering with Honours","","","","","75000.0","75000.0","MYR","75000","123585.00","123585.00","1.64780000","2026-09-25","UNKNOWN","","","DRAFT"
"UTM_BACHELOR_010","UTM","ENGINEERING","BACHELOR","ON_CAMPUS","utm-bachelor-010","化学过程工程荣誉学士学位","Bachelor of Chemical Process Engineering with Honours","","","","","","","","","","","","","UNKNOWN","","","DRAFT"
"UTM_BACHELOR_011","UTM","ENGINEERING","BACHELOR","ON_CAMPUS","utm-bachelor-011","电气工程荣誉学士","Bachelor of Electrical Engineering with Honours","","","","","75000.0","75000.0","MYR","75000","123585.00","123585.00","1.64780000","2026-09-25","UNKNOWN","","","DRAFT"
"UTM_BACHELOR_012","UTM","ENGINEERING","BACHELOR","ON_CAMPUS","utm-bachelor-012","工程学士（机电一体化）荣誉学位","Bachelor of Engineering (Electrical-Mechatronics) with Honours","","","","","75000.0","75000.0","MYR","75000","123585.00","123585.00","1.64780000","2026-09-25","UNKNOWN","","","DRAFT"
"UTM_BACHELOR_013","UTM","ENGINEERING","BACHELOR","ON_CAMPUS","utm-bachelor-013","电子工程荣誉学士","Bachelor of Electronic Engineering with Honours","","","","","75000.0","75000.0","MYR","75000","123585.00","123585.00","1.64780000","2026-09-25","UNKNOWN","","","DRAFT"
"UTM_BACHELOR_014","UTM","ENGINEERING","BACHELOR","ON_CAMPUS","utm-bachelor-014","生物医学工程荣誉学士","Bachelor of Biomedical Engineering with Honours","","","","","75000.0","75000.0","MYR","75000","123585.00","123585.00","1.64780000","2026-09-25","UNKNOWN","","","DRAFT"
"UTM_BACHELOR_015","UTM","ENGINEERING","BACHELOR","ON_CAMPUS","utm-bachelor-015","机械工程荣誉学士","Bachelor of Mechanical Engineering with Honours","","","","","75000.0","75000.0","MYR","75000","123585.00","123585.00","1.64780000","2026-09-25","UNKNOWN","","","DRAFT"
"UTM_BACHELOR_016","UTM","ENGINEERING","BACHELOR","ON_CAMPUS","utm-bachelor-016","机械工程学士（航空学）荣誉学位","Bachelor of Mechanical Engineering (Aeronautics) with Honours","","","","","75000.0","75000.0","MYR","75000","123585.00","123585.00","1.64780000","2026-09-25","UNKNOWN","","","DRAFT"
"UTM_BACHELOR_017","UTM","ENGINEERING","BACHELOR","ON_CAMPUS","utm-bachelor-017","机械工程学士（汽车）荣誉学位","Bachelor of Mechanical Engineering (Automotive) with Honours","","","","","75000.0","75000.0","MYR","75000","123585.00","123585.00","1.64780000","2026-09-25","UNKNOWN","","","DRAFT"
"UTM_BACHELOR_018","UTM","ENGINEERING","BACHELOR","ON_CAMPUS","utm-bachelor-018","机械工程学士（制造）荣誉学位","Bachelor of Mechanical Engineering (Manufacturing) with Honours","","","","","75000.0","75000.0","MYR","75000","123585.00","123585.00","1.64780000","2026-09-25","UNKNOWN","","","DRAFT"
"UTM_BACHELOR_019","UTM","ENGINEERING","BACHELOR","ON_CAMPUS","utm-bachelor-019","船舶与海洋工程荣誉学士学位","Bachelor of Naval Architecture and Offshore Engineering with Honours","","","","","75000.0","75000.0","MYR","75000","123585.00","123585.00","1.64780000","2026-09-25","UNKNOWN","","","DRAFT"
"UTM_BACHELOR_020","UTM","ENGINEERING","BACHELOR","ON_CAMPUS","utm-bachelor-020","机械工程学士（工业）荣誉学位","Bachelor of Mechanical Engineering (Industrial) with Honours","","","","","75000.0","75000.0","MYR","75000","123585.00","123585.00","1.64780000","2026-09-25","UNKNOWN","","","DRAFT"
"UTM_BACHELOR_021","UTM","NATURAL_SCIENCES","BACHELOR","ON_CAMPUS","utm-bachelor-021","理学学士（人力资源开发）荣誉学位","Bachelor of Science (Human Resource Development) with Honours","","","","","63000.0","63000.0","MYR","63000","103811.40","103811.40","1.64780000","2026-09-25","UNKNOWN","","","DRAFT"
"UTM_BACHELOR_022","UTM","SOCIAL_SCIENCES","BACHELOR","ON_CAMPUS","utm-bachelor-022","心理学与人力资源开发荣誉学士学位","Bachelor of Psychology with Human Resource Development with Honours","","","","","63000.0","63000.0","MYR","63000","103811.40","103811.40","1.64780000","2026-09-25","UNKNOWN","","","DRAFT"
"UTM_BACHELOR_023","UTM","ACCOUNTING_FINANCE","BACHELOR","ON_CAMPUS","utm-bachelor-023","会计荣誉学士","Bachelor of Accounting with Honours","","","","","63000.0","63000.0","MYR","63000","103811.40","103811.40","1.64780000","2026-09-25","UNKNOWN","","","DRAFT"
"UTM_BACHELOR_024","UTM","BUSINESS_MANAGEMENT","BACHELOR","ON_CAMPUS","utm-bachelor-024","管理学学士（市场营销）荣誉学位","Bachelor of Management (Marketing) with Honours","","","","","63000.0","63000.0","MYR","63000","103811.40","103811.40","1.64780000","2026-09-25","UNKNOWN","","","DRAFT"
"UTM_BACHELOR_025","UTM","BUSINESS_MANAGEMENT","BACHELOR","ON_CAMPUS","utm-bachelor-025","管理学荣誉学士","Bachelor of Management With Honours","","","","","45788.0","45788.0","MYR","45788","75449.47","75449.47","1.64780000","2026-09-25","UNKNOWN","","","DRAFT"
"UTM_BACHELOR_026","UTM","BUSINESS_MANAGEMENT","BACHELOR","ON_CAMPUS","utm-bachelor-026","管理学学士（技术）荣誉学位","Bachelor of Management (Technology)with Honours","","","","","63000.0","63000.0","MYR","63000","103811.40","103811.40","1.64780000","2026-09-25","UNKNOWN","","","DRAFT"
"UTM_BACHELOR_027","UTM","ARCHITECTURE_BUILT_ENVIRONMENT","BACHELOR","ON_CAMPUS","utm-bachelor-027","建筑学理学士（荣誉）","Bachelor of Science in Architecture with Honours","","","","","63000.0","63000.0","MYR","63000","103811.40","103811.40","1.64780000","2026-09-25","UNKNOWN","","","DRAFT"
"UTM_BACHELOR_028","UTM","ARCHITECTURE_BUILT_ENVIRONMENT","BACHELOR","ON_CAMPUS","utm-bachelor-028","景观建筑荣誉学士","Bachelor of Landscape Architecture with Honours","","","","","63000.0","63000.0","MYR","63000","103811.40","103811.40","1.64780000","2026-09-25","UNKNOWN","","","DRAFT"
"UTM_BACHELOR_029","UTM","ARCHITECTURE_BUILT_ENVIRONMENT","BACHELOR","ON_CAMPUS","utm-bachelor-029","城市与区域规划荣誉学士","Bachelor of Urban and Regional Planning with Honours","","","","","63000.0","63000.0","MYR","63000","103811.40","103811.40","1.64780000","2026-09-25","UNKNOWN","","","DRAFT"
"UTM_BACHELOR_030","UTM","ARCHITECTURE_BUILT_ENVIRONMENT","BACHELOR","ON_CAMPUS","utm-bachelor-030","工料测量荣誉学士","Bachelor of Quantity Surveying with Honours","","","","","63000.0","63000.0","MYR","63000","103811.40","103811.40","1.64780000","2026-09-25","UNKNOWN","","","DRAFT"
"UTM_BACHELOR_031","UTM","ENGINEERING","BACHELOR","ON_CAMPUS","utm-bachelor-031","测绘工程荣誉学士","Bachelor of Geomatics Engineering with Honours","","","","","63000.0","63000.0","MYR","63000","103811.40","103811.40","1.64780000","2026-09-25","UNKNOWN","","","DRAFT"
"UTM_BACHELOR_032","UTM","NATURAL_SCIENCES","BACHELOR","ON_CAMPUS","utm-bachelor-032","地理信息学荣誉理学士","Bachelor of Science in Geoinformatics with Honours","","","","","59000.0","59000.0","MYR","59000","97220.20","97220.20","1.64780000","2026-09-25","UNKNOWN","","","DRAFT"
"UTM_BACHELOR_033","UTM","ARCHITECTURE_BUILT_ENVIRONMENT","BACHELOR","ON_CAMPUS","utm-bachelor-033","建筑学理学士（荣誉学位）","Bachelor of Science in Construction with Honours","","","","","59000.0","59000.0","MYR","59000","97220.20","97220.20","1.64780000","2026-09-25","UNKNOWN","","","DRAFT"
"UTM_BACHELOR_034","UTM","ARCHITECTURE_BUILT_ENVIRONMENT","BACHELOR","ON_CAMPUS","utm-bachelor-034","房地产荣誉学士","Bachelor of Real Estate with Honours","","","","","59000.0","59000.0","MYR","59000","97220.20","97220.20","1.64780000","2026-09-25","UNKNOWN","","","DRAFT"
"UTM_BACHELOR_035","UTM","NATURAL_SCIENCES","BACHELOR","ON_CAMPUS","utm-bachelor-035","生物学理学荣誉学士学位","Bachelor of Science Biology with Honours","","","","","63000.0","63000.0","MYR","63000","103811.40","103811.40","1.64780000","2026-09-25","UNKNOWN","","","DRAFT"
"UTM_BACHELOR_036","UTM","NATURAL_SCIENCES","BACHELOR","ON_CAMPUS","utm-bachelor-036","理学学士（化学）荣誉学位","Bachelor of Science (Chemistry) with Honours","","","","","63000.0","63000.0","MYR","63000","103811.40","103811.40","1.64780000","2026-09-25","UNKNOWN","","","DRAFT"
"UTM_BACHELOR_037","UTM","MATHEMATICS_STATISTICS","BACHELOR","ON_CAMPUS","utm-bachelor-037","理学学士（数学）荣誉学位","Bachelor of Science (Mathematics) with Honours","","","","","63000.0","63000.0","MYR","63000","103811.40","103811.40","1.64780000","2026-09-25","UNKNOWN","","","DRAFT"
"UTM_BACHELOR_038","UTM","NATURAL_SCIENCES","BACHELOR","ON_CAMPUS","utm-bachelor-038","理学学士（物理学）荣誉学位","Bachelor of Science (Physics) with Honours","","","","","63000.0","63000.0","MYR","63000","103811.40","103811.40","1.64780000","2026-09-25","UNKNOWN","","","DRAFT"
"UTM_BACHELOR_039","UTM","NATURAL_SCIENCES","BACHELOR","ON_CAMPUS","utm-bachelor-039","生物技术荣誉理学士","Bachelor of Science in Biotechnology with Honours","","","","","63000.0","63000.0","MYR","63000","103811.40","103811.40","1.64780000","2026-09-25","UNKNOWN","","","DRAFT"
"UTM_BACHELOR_040","UTM","NATURAL_SCIENCES","BACHELOR","ON_CAMPUS","utm-bachelor-040","理学学士（工业化学）荣誉学位","Bachelor of Science (Industrial Chemistry)with Honours","","","","","63000.0","63000.0","MYR","63000","103811.40","103811.40","1.64780000","2026-09-25","UNKNOWN","","","DRAFT"
"UTM_BACHELOR_041","UTM","MATHEMATICS_STATISTICS","BACHELOR","ON_CAMPUS","utm-bachelor-041","理学学士（工业数学）荣誉学位","Bachelor of Science (Industrial Mathematics)with Honours","","","","","63000.0","63000.0","MYR","63000","103811.40","103811.40","1.64780000","2026-09-25","UNKNOWN","","","DRAFT"
"UTM_BACHELOR_042","UTM","NATURAL_SCIENCES","BACHELOR","ON_CAMPUS","utm-bachelor-042","理学学士（工业物理学）（荣誉）","Bachelor of Science (Industrial Physics) with Honours","","","","","63000.0","63000.0","MYR","63000","103811.40","103811.40","1.64780000","2026-09-25","UNKNOWN","","","DRAFT"
"UTM_BACHELOR_043","UTM","ENGINEERING","BACHELOR","ON_CAMPUS","utm-bachelor-043","化学过程工程荣誉学士学位","Bachelor of Chemical Process Engineering with Honours","","","","","75000.0","75000.0","MYR","75000","123585.00","123585.00","1.64780000","2026-09-25","UNKNOWN","","","DRAFT"
"UTM_BACHELOR_044","UTM","ENGINEERING","BACHELOR","ON_CAMPUS","utm-bachelor-044","电子系统工程荣誉学士","Bachelor of Electronic Systems Engineering with Honours","","","","","75000.0","75000.0","MYR","75000","123585.00","123585.00","1.64780000","2026-09-25","UNKNOWN","","","DRAFT"
"UTM_BACHELOR_045","UTM","ENGINEERING","BACHELOR","ON_CAMPUS","utm-bachelor-045","机械精密工程荣誉学士","Bachelor of Mechanical Precision Engineering with Honours","","","","","75000.0","75000.0","MYR","75000","123585.00","123585.00","1.64780000","2026-09-25","UNKNOWN","","","DRAFT"
"UTM_BACHELOR_046","UTM","COMPUTING_IT","BACHELOR","ON_CAMPUS","utm-bachelor-046","软件工程荣誉学士","Bachelor of Software Engineering with Honours","","","","","76000.0","76000.0","MYR","76000","125232.80","125232.80","1.64780000","2026-09-25","UNKNOWN","","","DRAFT"
"UTM_BACHELOR_047","UTM","MATHEMATICS_STATISTICS","BACHELOR","ON_CAMPUS","utm-bachelor-047","理学学士（工业数学）荣誉学位","Bachelor of Science (Industrial Mathematics)with Honours","","","","","76000.0","76000.0","MYR","76000","125232.80","125232.80","1.64780000","2026-09-25","UNKNOWN","","","DRAFT"
"UTM_BACHELOR_048","UTM","DESIGN_CREATIVE_ARTS","BACHELOR","ON_CAMPUS","utm-bachelor-048","理学荣誉学士（工业设计）","Bachelor of Science with Honours (Industrial Design)","","","","","","","","","","","","","UNKNOWN","","","DRAFT"
"UPM_BACHELOR_001","UPM","AGRICULTURE_ENVIRONMENT","BACHELOR","ON_CAMPUS","upm-bachelor-001","农业科学荣誉学士学位#","Bachelor of Agricultural science with Honours","","","","8","80000.0","80000.0","MYR","80000","131824.00","131824.00","1.64780000","2026-09-25","UNKNOWN","","","DRAFT"
"UPM_BACHELOR_002","UPM","AGRICULTURE_ENVIRONMENT","BACHELOR","ON_CAMPUS","upm-bachelor-002","园艺科学荣誉学士","Bachelor of Horticultural Science with Honours","","","","8","80000.0","80000.0","MYR","80000","131824.00","131824.00","1.64780000","2026-09-25","UNKNOWN","","","DRAFT"
"UPM_BACHELOR_003","UPM","AGRICULTURE_ENVIRONMENT","BACHELOR","ON_CAMPUS","upm-bachelor-003","水产养殖荣誉理学士","Bachelor of Science in Aquaculture with Honours","","","","8","80000.0","80000.0","MYR","80000","131824.00","131824.00","1.64780000","2026-09-25","UNKNOWN","","","DRAFT"
"UPM_BACHELOR_004","UPM","AGRICULTURE_ENVIRONMENT","BACHELOR","ON_CAMPUS","upm-bachelor-004","动物科学农学荣誉学士学位","Bachelor of Agriculture in Animal Science with Honours","","","","8","80000.0","80000.0","MYR","80000","131824.00","131824.00","1.64780000","2026-09-25","UNKNOWN","","","DRAFT"
"UPM_BACHELOR_005","UPM","AGRICULTURE_ENVIRONMENT","BACHELOR","ON_CAMPUS","upm-bachelor-005","农业商业荣誉理学士","Bachelor of Science in Agribusiness with Honours","","","","8","80000.0","80000.0","MYR","80000","131824.00","131824.00","1.64780000","2026-09-25","UNKNOWN","","","DRAFT"
"UPM_BACHELOR_006","UPM","NATURAL_SCIENCES","BACHELOR","ON_CAMPUS","upm-bachelor-006","生物科技荣誉理学士#","Bachelor of Science in Biotechnology with Honours","","","","8","80000.0","80000.0","MYR","80000","131824.00","131824.00","1.64780000","2026-09-25","UNKNOWN","","","DRAFT"
"UPM_BACHELOR_007","UPM","NATURAL_SCIENCES","BACHELOR","ON_CAMPUS","upm-bachelor-007","生物化学荣誉理学士#","Bachelor of Science in Biochemistry with Honours","","","","8","80000.0","80000.0","MYR","80000","131824.00","131824.00","1.64780000","2026-09-25","UNKNOWN","","","DRAFT"
"UPM_BACHELOR_008","UPM","NATURAL_SCIENCES","BACHELOR","ON_CAMPUS","upm-bachelor-008","微生物学荣誉理学士#","Bachelor of Science in Microbiology with Honours","","","","8","80000.0","80000.0","MYR","80000","131824.00","131824.00","1.64780000","2026-09-25","UNKNOWN","","","DRAFT"
"UPM_BACHELOR_009","UPM","NATURAL_SCIENCES","BACHELOR","ON_CAMPUS","upm-bachelor-009","细胞与分子生物学荣誉理学士#","Bachelor of Science in Cell and Molecular Biolo with Honours","","","","8","80000.0","80000.0","MYR","80000","131824.00","131824.00","1.64780000","2026-09-25","UNKNOWN","","","DRAFT"
"UPM_BACHELOR_010","UPM","ECONOMICS","BACHELOR","ON_CAMPUS","upm-bachelor-010","经济与管理学院","BUSINESS AND ECONOMICS","","","","","","","","","","","","","UNKNOWN","","","DRAFT"
"UPM_BACHELOR_011","UPM","ECONOMICS","BACHELOR","ON_CAMPUS","upm-bachelor-011","经济学荣誉学士","Bachelor of Economics with Honours","","","","7","56000.0","56000.0","MYR","56000","92276.80","92276.80","1.64780000","2026-09-25","UNKNOWN","","","DRAFT"
"UPM_BACHELOR_012","UPM","ACCOUNTING_FINANCE","BACHELOR","ON_CAMPUS","upm-bachelor-012","会计学学士（荣誉）","Bachelor of Accounting (Honours)","","","","8","80000.0","80000.0","MYR","80000","131824.00","131824.00","1.64780000","2026-09-25","UNKNOWN","","","DRAFT"
"UPM_BACHELOR_013","UPM","BUSINESS_MANAGEMENT","BACHELOR","ON_CAMPUS","upm-bachelor-013","工商管理荣誉学士学位","Bachelor of Business Administration with Honours","","","","8","72000.0","72000.0","MYR","72000","118641.60","118641.60","1.64780000","2026-09-25","UNKNOWN","","","DRAFT"
"UPM_BACHELOR_014","UPM","ACCOUNTING_FINANCE","BACHELOR","ON_CAMPUS","upm-bachelor-014","应用金融荣誉学士","Bachelor of Applied Finance with Honours","","","","","","","","","","","","","UNKNOWN","","","DRAFT"
"UPM_BACHELOR_015","UPM","COMPUTING_IT","BACHELOR","ON_CAMPUS","upm-bachelor-015","计算机科学荣誉学士学位","Bachelor in Computer Science with Honours","","","","8","80000.0","80000.0","MYR","80000","131824.00","131824.00","1.64780000","2026-09-25","UNKNOWN","","","DRAFT"
"UPM_BACHELOR_016","UPM","COMPUTING_IT","BACHELOR","ON_CAMPUS","upm-bachelor-016","计算机科学学士（多媒体）荣誉学位","Bachelor of Computer Science (Multimedia) with Honours","","","","8","80000.0","80000.0","MYR","80000","131824.00","131824.00","1.64780000","2026-09-25","UNKNOWN","","","DRAFT"
"UPM_BACHELOR_017","UPM","COMPUTING_IT","BACHELOR","ON_CAMPUS","upm-bachelor-017","软件工程荣誉学士","Bachelor of Software Engineering with Honours","","","","8","80000.0","80000.0","MYR","80000","131824.00","131824.00","1.64780000","2026-09-25","UNKNOWN","","","DRAFT"
"UPM_BACHELOR_018","UPM","COMPUTING_IT","BACHELOR","ON_CAMPUS","upm-bachelor-018","计算机科学学士（计算机网络）","Bachelor of Computer Science Com uter Network with Honours","","","","8","80000.0","80000.0","MYR","80000","131824.00","131824.00","1.64780000","2026-09-25","UNKNOWN","","","DRAFT"
"UPM_BACHELOR_019","UPM","ARCHITECTURE_BUILT_ENVIRONMENT","BACHELOR","ON_CAMPUS","upm-bachelor-019","景观建筑荣誉学士学位#","Bachelor of Landscape Architecture with Honours","","","","8","80000.0","80000.0","MYR","80000","131824.00","131824.00","1.64780000","2026-09-25","UNKNOWN","","","DRAFT"
"UPM_BACHELOR_020","UPM","ARCHITECTURE_BUILT_ENVIRONMENT","BACHELOR","ON_CAMPUS","upm-bachelor-020","建筑学理学士（荣誉） #","Bachelor of Science in Architecture with Honours","","","","7","80000.0","80000.0","MYR","80000","131824.00","131824.00","1.64780000","2026-09-25","UNKNOWN","","","DRAFT"
"UPM_BACHELOR_021","UPM","DESIGN_CREATIVE_ARTS","BACHELOR","ON_CAMPUS","upm-bachelor-021","工业设计荣誉学士学位#","Bachelor of Industrial Design with Honours","","","","8","80000.0","80000.0","MYR","80000","131824.00","131824.00","1.64780000","2026-09-25","UNKNOWN","","","DRAFT"
"UPM_BACHELOR_022","UPM","EDUCATION","BACHELOR","ON_CAMPUS","upm-bachelor-022","辅导学荣誉学士学位#","Bachelor of Counselling with Honours","","","","8","56000.0","56000.0","MYR","56000","92276.80","92276.80","1.64780000","2026-09-25","UNKNOWN","","","DRAFT"
"UPM_BACHELOR_023","UPM","NATURAL_SCIENCES","BACHELOR","ON_CAMPUS","upm-bachelor-023","人力资源开发荣誉理学士#","Bachelor of Science in Human Resource Development with Honours","","","","8","56000.0","56000.0","MYR","56000","92276.80","92276.80","1.64780000","2026-09-25","UNKNOWN","","","DRAFT"
"UPM_BACHELOR_024","UPM","EDUCATION","BACHELOR","ON_CAMPUS","upm-bachelor-024","体育教育荣誉学士学位#","Bachelor of Education in Physical Education with Honours","","","","8","50800.0","50800.0","MYR","50800","83708.24","83708.24","1.64780000","2026-09-25","UNKNOWN","","","DRAFT"
"UPM_BACHELOR_025","UPM","EDUCATION","BACHELOR","ON_CAMPUS","upm-bachelor-025","辅导与咨询教育荣誉学士学位#","Bachelor of Education in Guidance and Counselling with Honours","","","","8","56000.0","56000.0","MYR","56000","92276.80","92276.80","1.64780000","2026-09-25","UNKNOWN","","","DRAFT"
"UPM_BACHELOR_026","UPM","EDUCATION","BACHELOR","ON_CAMPUS","upm-bachelor-026","马来语教育学士（荣誉）#","Bachelor of Education in Malay Language with Honours","","","","8","56000.0","56000.0","MYR","56000","92276.80","92276.80","1.64780000","2026-09-25","UNKNOWN","","","DRAFT"
"UPM_BACHELOR_027","UPM","EDUCATION","BACHELOR","ON_CAMPUS","upm-bachelor-027","英语作为第二语言教学教育荣誉学士学位#","Bachelor of Education in Teaching of English as a Second Language with Honours","","","","8","56000.0","56000.0","MYR","56000","92276.80","92276.80","1.64780000","2026-09-25","UNKNOWN","","","DRAFT"
"UPM_BACHELOR_028","UPM","EDUCATION","BACHELOR","ON_CAMPUS","upm-bachelor-028","家庭科学教育荣誉学士学位#","Bachelor of Education in Home Science with Honours","","","","8","56000.0","56000.0","MYR","56000","92276.80","92276.80","1.64780000","2026-09-25","UNKNOWN","","","DRAFT"
"UPM_BACHELOR_029","UPM","ENGINEERING","BACHELOR","ON_CAMPUS","upm-bachelor-029","土木工程荣誉学士#","Bachelor of Civil Engineering with Honours","","","","8","88000.0","88000.0","MYR","88000","145006.40","145006.40","1.64780000","2026-09-25","UNKNOWN","","","DRAFT"
"UPM_BACHELOR_030","UPM","ENGINEERING","BACHELOR","ON_CAMPUS","upm-bachelor-030","电气及电子工程荣誉学士#","Bachelor of Electrical and Electronics Engineering with Honours","","","","8","88000.0","88000.0","MYR","88000","145006.40","145006.40","1.64780000","2026-09-25","UNKNOWN","","","DRAFT"
"UPM_BACHELOR_031","UPM","ENGINEERING","BACHELOR","ON_CAMPUS","upm-bachelor-031","化学工程荣誉学士#","Bachelor of Chemical Engineering with Honours","","","","8","88000.0","88000.0","MYR","88000","145006.40","145006.40","1.64780000","2026-09-25","UNKNOWN","","","DRAFT"
"UPM_BACHELOR_032","UPM","ENGINEERING","BACHELOR","ON_CAMPUS","upm-bachelor-032","农业与生物系统工程荣誉学士学位#","Bachelor of Agricultural and Biosystem Engineering with Honours","","","","8","88000.0","88000.0","MYR","88000","145006.40","145006.40","1.64780000","2026-09-25","UNKNOWN","","","DRAFT"
"UPM_BACHELOR_033","UPM","ENGINEERING","BACHELOR","ON_CAMPUS","upm-bachelor-033","机械工程荣誉学士#","Bachelor of Mechanical Engineering with Honours","","","","8","88000.0","88000.0","MYR","88000","145006.40","145006.40","1.64780000","2026-09-25","UNKNOWN","","","DRAFT"
"UPM_BACHELOR_034","UPM","ENGINEERING","BACHELOR","ON_CAMPUS","upm-bachelor-034","航空工程荣誉学士学位#","Bachelor of Aerospace Engineering with Honours","","","","8","88000.0","88000.0","MYR","88000","145006.40","145006.40","1.64780000","2026-09-25","UNKNOWN","","","DRAFT"
"UPM_BACHELOR_035","UPM","ENGINEERING","BACHELOR","ON_CAMPUS","upm-bachelor-035","工艺与食品工程荣誉学士学位#","Bachelor of Process and Food Engineering with Honours","","","","8","88000.0","88000.0","MYR","88000","145006.40","145006.40","1.64780000","2026-09-25","UNKNOWN","","","DRAFT"
"UPM_BACHELOR_036","UPM","COMPUTING_IT","BACHELOR","ON_CAMPUS","upm-bachelor-036","计算机与通信系统工程荣誉学士学位#","Bachelor of Computer and Communication System Engineering with Honours","","","","8","88000.0","88000.0","MYR","88000","145006.40","145006.40","1.64780000","2026-09-25","UNKNOWN","","","DRAFT"
"UPM_BACHELOR_037","UPM","NATURAL_SCIENCES","BACHELOR","ON_CAMPUS","upm-bachelor-037","食品科学与技术荣誉学士","Bachelor of Food Science and Technology with Honours","","","","8","80000.0","80000.0","MYR","80000","131824.00","131824.00","1.64780000","2026-09-25","UNKNOWN","","","DRAFT"
"UPM_BACHELOR_038","UPM","NATURAL_SCIENCES","BACHELOR","ON_CAMPUS","upm-bachelor-038","食品研究荣誉理学士","Bachelor of Science in Food Studies with Honours","","","","8","65800.0","65800.0","MYR","65800","108425.24","108425.24","1.64780000","2026-09-25","UNKNOWN","","","DRAFT"
"UPM_BACHELOR_039","UPM","BUSINESS_MANAGEMENT","BACHELOR","ON_CAMPUS","upm-bachelor-039","食品服务管理荣誉理学士","Bachelor of Science in Food Service Management with Honours","","","","8","80000.0","80000.0","MYR","80000","131824.00","131824.00","1.64780000","2026-09-25","UNKNOWN","","","DRAFT"
"UPM_BACHELOR_040","UPM","NATURAL_SCIENCES","BACHELOR","ON_CAMPUS","upm-bachelor-040","食品制造运营理学荣誉学士学位","Bachelor of Science in Food Manufacturin O erations with Honours","","","","8","80000.0","80000.0","MYR","80000","131824.00","131824.00","1.64780000","2026-09-25","UNKNOWN","","","DRAFT"
"UPM_BACHELOR_041","UPM","AGRICULTURE_ENVIRONMENT","BACHELOR","ON_CAMPUS","upm-bachelor-041","林业科学荣誉学士","Bachelor of Forestry Science with Honours","","","","8","80000.0","80000.0","MYR","80000","131824.00","131824.00","1.64780000","2026-09-25","UNKNOWN","","","DRAFT"
"UPM_BACHELOR_042","UPM","NATURAL_SCIENCES","BACHELOR","ON_CAMPUS","upm-bachelor-042","木材科学与技术荣誉学士","Bachelor of Wood Science and Technology with Honours","","","","8","65800.0","65800.0","MYR","65800","108425.24","108425.24","1.64780000","2026-09-25","UNKNOWN","","","DRAFT"
"UPM_BACHELOR_043","UPM","NATURAL_SCIENCES","BACHELOR","ON_CAMPUS","upm-bachelor-043","公园和娱乐科学荣誉学士学位","Bachelor of Parks and Recreation Science with Honours","","","","8","80000.0","80000.0","MYR","80000","131824.00","131824.00","1.64780000","2026-09-25","UNKNOWN","","","DRAFT"
"UPM_BACHELOR_044","UPM","AGRICULTURE_ENVIRONMENT","BACHELOR","ON_CAMPUS","upm-bachelor-044","环境科学与技术荣誉学士","Bachelor of Environmental Science and Technology with Honours","","","","8","80000.0","80000.0","MYR","80000","131824.00","131824.00","1.64780000","2026-09-25","UNKNOWN","","","DRAFT"
"UPM_BACHELOR_045","UPM","AGRICULTURE_ENVIRONMENT","BACHELOR","ON_CAMPUS","upm-bachelor-045","环境管理荣誉学士","Bachelor of Environmental Management with Honours","","","","8","80000.0","80000.0","MYR","80000","131824.00","131824.00","1.64780000","2026-09-25","UNKNOWN","","","DRAFT"
"UPM_BACHELOR_046","UPM","NATURAL_SCIENCES","BACHELOR","ON_CAMPUS","upm-bachelor-046","木材工业理学荣誉学士","BACHELOR OF SCIENCE IN TIMBER INDUSTRY WITH HONOURS","","","","8","80000.0","80000.0","MYR","80000","131824.00","131824.00","1.64780000","2026-09-25","UNKNOWN","","","DRAFT"
"UPM_BACHELOR_047","UPM","DESIGN_CREATIVE_ARTS","BACHELOR","ON_CAMPUS","upm-bachelor-047","音乐荣誉学士#","Bachelor of Music with Honours","","","","8","72000.0","72000.0","MYR","72000","118641.60","118641.60","1.64780000","2026-09-25","UNKNOWN","","","DRAFT"
"UPM_BACHELOR_048","UPM","NATURAL_SCIENCES","BACHELOR","ON_CAMPUS","upm-bachelor-048","人类发展科学荣誉学士","Bachelor of Human Development Science with Honours","","","","8","20000.0","20000.0","MYR","20000","32956.00","32956.00","1.64780000","2026-09-25","UNKNOWN","","","DRAFT"
"UPM_BACHELOR_049","UPM","SOCIAL_SCIENCES","BACHELOR","ON_CAMPUS","upm-bachelor-049","消费者研究荣誉学士学位","Bachelor of Consumer Studies with Honours","","","","8","20000.0","20000.0","MYR","20000","32956.00","32956.00","1.64780000","2026-09-25","UNKNOWN","","","DRAFT"
"UPM_BACHELOR_050","UPM","BUSINESS_MANAGEMENT","BACHELOR","ON_CAMPUS","upm-bachelor-050","人类发展科学与管理学学士（荣誉）","Bachelor of Human Development Science with Management (Honours)","","","","8","20000.0","20000.0","MYR","20000","32956.00","32956.00","1.64780000","2026-09-25","UNKNOWN","","","DRAFT"
"UPM_BACHELOR_051","UPM","COMPUTING_IT","BACHELOR","ON_CAMPUS","upm-bachelor-051","人类发展科学与信息技术学士（荣誉）","Bachelor of Human Development Science with Information Technology ( Honours)","","","","8","20000.0","20000.0","MYR","20000","32956.00","32956.00","1.64780000","2026-09-25","UNKNOWN","","","DRAFT"
"UPM_BACHELOR_052","UPM","MEDIA_COMMUNICATION","BACHELOR","ON_CAMPUS","upm-bachelor-052","传播学荣誉学士学位#","Bachelor of Communication with Honours","","","","7","42000.0","42000.0","MYR","42000","69207.60","69207.60","1.64780000","2026-09-25","UNKNOWN","","","DRAFT"
"UPM_BACHELOR_053","UPM","LANGUAGES_LINGUISTICS","BACHELOR","ON_CAMPUS","upm-bachelor-053","马来语及语言学文学士（荣誉）","Bachelor of Arts Malay Language and Linguistics with Honours","","","","7","42000.0","42000.0","MYR","42000","69207.60","69207.60","1.64780000","2026-09-25","UNKNOWN","","","DRAFT"
"UPM_BACHELOR_054","UPM","ARTS_HUMANITIES","BACHELOR","ON_CAMPUS","upm-bachelor-054","马来文学荣誉文学士","Bachelor of Arts Malay Literature with Honours","","","","7","42000.0","42000.0","MYR","42000","69207.60","69207.60","1.64780000","2026-09-25","UNKNOWN","","","DRAFT"
"UPM_BACHELOR_055","UPM","LANGUAGES_LINGUISTICS","BACHELOR","ON_CAMPUS","upm-bachelor-055","英语语言及语言学文学士（荣誉）","Bachelor of Arts in English Language and Linguistics with Honours","","","","7","42000.0","42000.0","MYR","42000","69207.60","69207.60","1.64780000","2026-09-25","UNKNOWN","","","DRAFT"
"UPM_BACHELOR_056","UPM","ARTS_HUMANITIES","BACHELOR","ON_CAMPUS","upm-bachelor-056","英语文学荣誉文学士","Bachelor of Arts English Literature with Honours","","","","7","42000.0","42000.0","MYR","42000","69207.60","69207.60","1.64780000","2026-09-25","UNKNOWN","","","DRAFT"
"UPM_BACHELOR_057","UPM","LANGUAGES_LINGUISTICS","BACHELOR","ON_CAMPUS","upm-bachelor-057","中国语言研究荣誉文学士","Bachelor of Arts in Chinese Language Studies with Honours","","","","7","42000.0","42000.0","MYR","42000","69207.60","69207.60","1.64780000","2026-09-25","UNKNOWN","","","DRAFT"
"UPM_BACHELOR_058","UPM","LANGUAGES_LINGUISTICS","BACHELOR","ON_CAMPUS","upm-bachelor-058","阿拉伯语文学荣誉学士学位","Bachelor of Arts in Arabic Language with Honours","","","","7","42000.0","42000.0","MYR","42000","69207.60","69207.60","1.64780000","2026-09-25","UNKNOWN","","","DRAFT"
"UPM_BACHELOR_059","UPM","LANGUAGES_LINGUISTICS","BACHELOR","ON_CAMPUS","upm-bachelor-059","法语语言研究文学士（荣誉）","Bachelor of Arts in French Language studies with Honours","","","","7","42000.0","42000.0","MYR","42000","69207.60","69207.60","1.64780000","2026-09-25","UNKNOWN","","","DRAFT"
"UPM_BACHELOR_060","UPM","LANGUAGES_LINGUISTICS","BACHELOR","ON_CAMPUS","upm-bachelor-060","德语语言研究文学士（荣誉）","Bachelor of Arts in German Language Studies with Honours","","","","7","42000.0","42000.0","MYR","42000","69207.60","69207.60","1.64780000","2026-09-25","UNKNOWN","","","DRAFT"
"UPM_BACHELOR_061","UPM","ALLIED_HEALTH","BACHELOR","ON_CAMPUS","upm-bachelor-061","医学与健康科学","MEDICINE & HEALTH SCIENCE","","","","","","","","","","","","","UNKNOWN","","","DRAFT"
"UPM_BACHELOR_062","UPM","MEDICINE","BACHELOR","ON_CAMPUS","upm-bachelor-062","医学学士#","Doctor of Medicine","","","","10","500000.0","500000.0","MYR","500000","823900.00","823900.00","1.64780000","2026-09-25","UNKNOWN","","","DRAFT"
"UPM_BACHELOR_063","UPM","MEDICINE","BACHELOR","ON_CAMPUS","upm-bachelor-063","生物医学科学学士（荣誉学位）","Bachelor of Biomedical Science with Honours","","","","8","80000.0","80000.0","MYR","80000","131824.00","131824.00","1.64780000","2026-09-25","UNKNOWN","","","DRAFT"
"UPM_BACHELOR_064","UPM","ALLIED_HEALTH","BACHELOR","ON_CAMPUS","upm-bachelor-064","营养学荣誉理学士#","Bachelor of Science in Dietetic with Honours","","","","8","80000.0","80000.0","MYR","80000","131824.00","131824.00","1.64780000","2026-09-25","UNKNOWN","","","DRAFT"
"UPM_BACHELOR_065","UPM","ALLIED_HEALTH","BACHELOR","ON_CAMPUS","upm-bachelor-065","营养与社区健康荣誉理学士#","Bachelor of Science in Nutrition and Community Health with Honours","","","","8","80000.0","80000.0","MYR","80000","131824.00","131824.00","1.64780000","2026-09-25","UNKNOWN","","","DRAFT"
"UPM_BACHELOR_066","UPM","AGRICULTURE_ENVIRONMENT","BACHELOR","ON_CAMPUS","upm-bachelor-066","环境与职业健康荣誉理学士#","Bachelor of Science Environmental and Occupational Health with Honours","","","","8","65800.0","65800.0","MYR","65800","108425.24","108425.24","1.64780000","2026-09-25","UNKNOWN","","","DRAFT"
"UPM_BACHELOR_067","UPM","NURSING","BACHELOR","ON_CAMPUS","upm-bachelor-067","护理学荣誉学士#","Bachelor of Nursing with Honours","","","","8","96000.0","96000.0","MYR","96000","158188.80","158188.80","1.64780000","2026-09-25","UNKNOWN","","","DRAFT"
"UPM_BACHELOR_068","UPM","NATURAL_SCIENCES","BACHELOR","ON_CAMPUS","upm-bachelor-068","生物学荣誉理学士","Bachelor of Science in Biology with Honours","","","","8","80000.0","80000.0","MYR","80000","131824.00","131824.00","1.64780000","2026-09-25","UNKNOWN","","","DRAFT"
"UPM_BACHELOR_069","UPM","MATHEMATICS_STATISTICS","BACHELOR","ON_CAMPUS","upm-bachelor-069","数学荣誉理学士","Bachelor of Science in Mathematics with Honours","","","","8","80000.0","80000.0","MYR","80000","131824.00","131824.00","1.64780000","2026-09-25","UNKNOWN","","","DRAFT"
"UPM_BACHELOR_070","UPM","MATHEMATICS_STATISTICS","BACHELOR","ON_CAMPUS","upm-bachelor-070","统计学荣誉理学士","Bachelor of Science in Statistics with Honours","","","","8","80000.0","80000.0","MYR","80000","131824.00","131824.00","1.64780000","2026-09-25","UNKNOWN","","","DRAFT"
"UPM_BACHELOR_071","UPM","NATURAL_SCIENCES","BACHELOR","ON_CAMPUS","upm-bachelor-071","物理学荣誉理学士","Bachelor of Science in Physics with Honours","","","","8","80000.0","80000.0","MYR","80000","131824.00","131824.00","1.64780000","2026-09-25","UNKNOWN","","","DRAFT"
"UPM_BACHELOR_072","UPM","NATURAL_SCIENCES","BACHELOR","ON_CAMPUS","upm-bachelor-072","化学荣誉理学士","Bachelor of Science in Chemistry with Honours","","","","8","80000.0","80000.0","MYR","80000","131824.00","131824.00","1.64780000","2026-09-25","UNKNOWN","","","DRAFT"
"UPM_BACHELOR_073","UPM","NATURAL_SCIENCES","BACHELOR","ON_CAMPUS","upm-bachelor-073","工业化学荣誉理学士","Bachelor of Science in Industrial Chemistry with Honours","","","","8","80000.0","80000.0","MYR","80000","131824.00","131824.00","1.64780000","2026-09-25","UNKNOWN","","","DRAFT"
"UPM_BACHELOR_074","UPM","NATURAL_SCIENCES","BACHELOR","ON_CAMPUS","upm-bachelor-074","石油化学荣誉理学士","Bachelor of Science in Petroleum Chemistry with Honours","","","","8","80000.0","80000.0","MYR","80000","131824.00","131824.00","1.64780000","2026-09-25","UNKNOWN","","","DRAFT"
"UPM_BACHELOR_075","UPM","NATURAL_SCIENCES","BACHELOR","ON_CAMPUS","upm-bachelor-075","材料物理学荣誉理学士","BACHELOR OF SCIENCE IN MATERIALS PHYSICS WITH HONOURS","","","","","80000.0","80000.0","MYR","80000","131824.00","131824.00","1.64780000","2026-09-25","UNKNOWN","","","DRAFT"
"UPM_BACHELOR_076","UPM","NATURAL_SCIENCES","BACHELOR","ON_CAMPUS","upm-bachelor-076","仪器物理学理学士（荣誉）","BACHELOR OF SCIENCE IN INSTRUMENTATION PHYSICS WITH HONOURS","","","","","80000.0","80000.0","MYR","80000","131824.00","131824.00","1.64780000","2026-09-25","UNKNOWN","","","DRAFT"
"UPM_BACHELOR_077","UPM","NATURAL_SCIENCES","BACHELOR","ON_CAMPUS","upm-bachelor-077","仪器科学荣誉理学士","Bachelor of Science with Honours in Instrumentation Science","","","","8","80000.0","80000.0","MYR","80000","131824.00","131824.00","1.64780000","2026-09-25","UNKNOWN","","","DRAFT"
"UPM_BACHELOR_078","UPM","VETERINARY_MEDICINE","BACHELOR","ON_CAMPUS","upm-bachelor-078","兽医学","VETERINARY MEDICINE","","","","","","","","","","","","","UNKNOWN","","","DRAFT"
"UPM_BACHELOR_079","UPM","VETERINARY_MEDICINE","BACHELOR","ON_CAMPUS","upm-bachelor-079","兽医学博士#","Doctor of Veterinary Medicine","","","","10","325000.0","325000.0","MYR","325000","535535.00","535535.00","1.64780000","2026-09-25","UNKNOWN","","","DRAFT"
"UPM_BACHELOR_080","UPM","NATURAL_SCIENCES","BACHELOR","ON_CAMPUS","upm-bachelor-080","生物工业科学荣誉学士学位","Bachelor of Science with Honors in Bio-Industrial Science","","","","8","65800.0","65800.0","MYR","65800","108425.24","108425.24","1.64780000","2026-09-25","UNKNOWN","","","DRAFT"
"UPM_BACHELOR_081","UPM","AGRICULTURE_ENVIRONMENT","BACHELOR","ON_CAMPUS","upm-bachelor-081","林学（荣誉）学士","Bachelor of Science with Honors in Forestry","","","","8","65800.0","65800.0","MYR","65800","108425.24","108425.24","1.64780000","2026-09-25","UNKNOWN","","","DRAFT"
"UPM_BACHELOR_082","UPM","AGRICULTURE_ENVIRONMENT","BACHELOR","ON_CAMPUS","upm-bachelor-082","水产养殖学（荣誉）学士","Bachelor of Science in Aquaculture with Honors","","","","8","65800.0","65800.0","MYR","65800","108425.24","108425.24","1.64780000","2026-09-25","UNKNOWN","","","DRAFT"
"UPM_BACHELOR_083","UPM","BUSINESS_MANAGEMENT","BACHELOR","ON_CAMPUS","upm-bachelor-083","人类发展科学与管理（荣誉）学士","Bachelor of Human Development Science and Management Honors","","","","8","65800.0","65800.0","MYR","65800","108425.24","108425.24","1.64780000","2026-09-25","UNKNOWN","","","DRAFT"
"UPM_BACHELOR_084","UPM","NATURAL_SCIENCES","BACHELOR","ON_CAMPUS","upm-bachelor-084","工业化学（荣誉）理学士","Bachelor of Science in Industrial Chemistry with Honors","","","","8","65800.0","65800.0","MYR","65800","108425.24","108425.24","1.64780000","2026-09-25","UNKNOWN","","","DRAFT"
"USM_BACHELOR_001","USM","DENTISTRY","BACHELOR","ON_CAMPUS","usm-bachelor-001","医学、牙科和健康（USM 健康园区，吉兰丹）MEDICINE,","DENTISTRY & HEALTH ( USM HEALTH CAMPUS, KELANTAN)","","","","","","","","","","","","","UNKNOWN","","","DRAFT"
"USM_BACHELOR_002","USM","MEDICINE","BACHELOR","ON_CAMPUS","usm-bachelor-002","医学医生 (MD) #","Doctor of Medicine (MD)","","","","10","137500.0","137500.0","USD","137500","923065.00","923065.00","6.71320000","2026-09-25","UNKNOWN","","","DRAFT"
"USM_BACHELOR_003","USM","MEDICINE","BACHELOR","ON_CAMPUS","usm-bachelor-003","国际医疗项目 (","IMP) USM-KLE # International Medical Programme (IMP) USM-KLE","","","","10","100000.0","100000.0","USD","100000","671320.00","671320.00","6.71320000","2026-09-25","UNKNOWN","","","DRAFT"
"USM_BACHELOR_004","USM","DENTISTRY","BACHELOR","ON_CAMPUS","usm-bachelor-004","牙科医生 (DDS) #","Doctor of Dental Surgery (DDS)","","","","10","112500.0","112500.0","USD","112500","755235.00","755235.00","6.71320000","2026-09-25","UNKNOWN","","","DRAFT"
"USM_BACHELOR_005","USM","MEDICINE","BACHELOR","ON_CAMPUS","usm-bachelor-005","生物医学科学荣誉学士学位#","Bachelor in Biomedical Science with Honours","","","","8","17000.0","17000.0","USD","17000","114124.40","114124.40","6.71320000","2026-09-25","UNKNOWN","","","DRAFT"
"USM_BACHELOR_006","USM","ALLIED_HEALTH","BACHELOR","ON_CAMPUS","usm-bachelor-006","医学放射学荣誉学士学位#","Bachelor in Medical Radiation with Honours","","","","8","17000.0","17000.0","USD","17000","114124.40","114124.40","6.71320000","2026-09-25","UNKNOWN","","","DRAFT"
"USM_BACHELOR_007","USM","ALLIED_HEALTH","BACHELOR","ON_CAMPUS","usm-bachelor-007","营养学荣誉学士学位#","Bachelor in Nutrition with Honours","","","","8","17000.0","17000.0","USD","17000","114124.40","114124.40","6.71320000","2026-09-25","UNKNOWN","","","DRAFT"
"USM_BACHELOR_008","USM","AGRICULTURE_ENVIRONMENT","BACHELOR","ON_CAMPUS","usm-bachelor-008","环境与职业健康荣誉学士学位#","Bachelor in Environmental and Occupational Health with Honours","","","","8","17000.0","17000.0","USD","17000","114124.40","114124.40","6.71320000","2026-09-25","UNKNOWN","","","DRAFT"
"USM_BACHELOR_009","USM","ALLIED_HEALTH","BACHELOR","ON_CAMPUS","usm-bachelor-009","法医科学理学士（荣誉学位）#","Bachelor of Science in Forensic Science with Honours","","","","8","17000.0","17000.0","USD","17000","114124.40","114124.40","6.71320000","2026-09-25","UNKNOWN","","","DRAFT"
"USM_BACHELOR_010","USM","SPORTS","BACHELOR","ON_CAMPUS","usm-bachelor-010","运动与体育科学健康科学学士（荣誉学位）#","Bachelor of Health Science in Exercise and Sport Science with Honours","","","","7","14875.0","14875.0","USD","14875","99858.85","99858.85","6.71320000","2026-09-25","UNKNOWN","","","DRAFT"
"USM_BACHELOR_011","USM","COMPUTING_IT","BACHELOR","ON_CAMPUS","usm-bachelor-011","计算机科学荣誉学士学位#","Bachelor of Computer Science with Honours","","","","8","15000.0","15000.0","USD","15000","100698.00","100698.00","6.71320000","2026-09-25","UNKNOWN","","","DRAFT"
"USM_BACHELOR_012","USM","COMPUTING_IT","BACHELOR","ON_CAMPUS","usm-bachelor-012","*智能计算*","Intelligent Computing","","","","8","15000.0","15000.0","USD","15000","100698.00","100698.00","6.71320000","2026-09-25","UNKNOWN","","","DRAFT"
"USM_BACHELOR_013","USM","COMPUTING_IT","BACHELOR","ON_CAMPUS","usm-bachelor-013","*计算基础设施*","Computing Infrastructure","","","","8","15000.0","15000.0","USD","15000","100698.00","100698.00","6.71320000","2026-09-25","UNKNOWN","","","DRAFT"
"USM_BACHELOR_014","USM","COMPUTING_IT","BACHELOR","ON_CAMPUS","usm-bachelor-014","软件工程学士学位- USM - UOWM KDUPG #","Bachelor of Software Engineering # USM - UOWM KDUPG","","","","8","20000.0","20000.0","USD","20000","134264.00","134264.00","6.71320000","2026-09-25","UNKNOWN","","","DRAFT"
"USM_BACHELOR_015","USM","COMPUTING_IT","BACHELOR","ON_CAMPUS","usm-bachelor-015","计算机科学荣誉学士 USM - UOWM KDUPG #","Bachelor of Computer Science with Honours USM - UOWM KDUPG","","","","8","20000.0","20000.0","USD","20000","134264.00","134264.00","6.71320000","2026-09-25","UNKNOWN","","","DRAFT"
"USM_BACHELOR_016","USM","NATURAL_SCIENCES","BACHELOR","ON_CAMPUS","usm-bachelor-016","化学理学士（荣誉学位）#","Bachelor of Science in Chemistry with Honours","","","","8","13750.0","13750.0","USD","13750","92306.50","92306.50","6.71320000","2026-09-25","UNKNOWN","","","DRAFT"
"USM_BACHELOR_017","USM","NATURAL_SCIENCES","BACHELOR","ON_CAMPUS","usm-bachelor-017","分析化学应用科学荣誉学士学位#","Bachelor of Applied Science in Analytical Chemistry with Honours","","","","8","13750.0","13750.0","USD","13750","92306.50","92306.50","6.71320000","2026-09-25","UNKNOWN","","","DRAFT"
"USM_BACHELOR_018","USM","NATURAL_SCIENCES","BACHELOR","ON_CAMPUS","usm-bachelor-018","工业化学应用科学荣誉学士学位#","Bachelor of Applied Science in Industrial Chemistry with Honours","","","","8","13750.0","13750.0","USD","13750","92306.50","92306.50","6.71320000","2026-09-25","UNKNOWN","","","DRAFT"
"USM_BACHELOR_019","USM","NATURAL_SCIENCES","BACHELOR","ON_CAMPUS","usm-bachelor-019","物理学荣誉理学士","Bachelor of Science in Physics with Honours","","","","8","13750.0","13750.0","USD","13750","92306.50","92306.50","6.71320000","2026-09-25","UNKNOWN","","","DRAFT"
"USM_BACHELOR_020","USM","NATURAL_SCIENCES","BACHELOR","ON_CAMPUS","usm-bachelor-020","地球物理学应用科学荣誉学士学位","Bachelor of Applied Science in Geophysics with Honours","","","","8","13750.0","13750.0","USD","13750","92306.50","92306.50","6.71320000","2026-09-25","UNKNOWN","","","DRAFT"
"USM_BACHELOR_021","USM","NATURAL_SCIENCES","BACHELOR","ON_CAMPUS","usm-bachelor-021","医学物理学应用科学荣誉学士学位","Bachelor of Applied Science in Medical Physics with Honours","","","","8","13750.0","13750.0","USD","13750","92306.50","92306.50","6.71320000","2026-09-25","UNKNOWN","","","DRAFT"
"USM_BACHELOR_022","USM","NATURAL_SCIENCES","BACHELOR","ON_CAMPUS","usm-bachelor-022","理学学士（生物学）荣誉学位","Bachelor of Science (Biology) with Honours","","","","8","13750.0","13750.0","USD","13750","92306.50","92306.50","6.71320000","2026-09-25","UNKNOWN","","","DRAFT"
"USM_BACHELOR_023","USM","NATURAL_SCIENCES","BACHELOR","ON_CAMPUS","usm-bachelor-023","应用科学学士（应用生物学）荣誉学位","Bachelor of Applied Science (Applied Biology) with Honours","","","","8","13750.0","13750.0","USD","13750","92306.50","92306.50","6.71320000","2026-09-25","UNKNOWN","","","DRAFT"
"USM_BACHELOR_024","USM","MATHEMATICS_STATISTICS","BACHELOR","ON_CAMPUS","usm-bachelor-024","数学荣誉理学士","Bachelor of Science in Mathematics with Honours","","","","8","13750.0","13750.0","USD","13750","92306.50","92306.50","6.71320000","2026-09-25","UNKNOWN","","","DRAFT"
"USM_BACHELOR_025","USM","MATHEMATICS_STATISTICS","BACHELOR","ON_CAMPUS","usm-bachelor-025","数学与经济学应用科学荣誉学士学位","Bachelor of Applied Science in Mathematics and Economics with Honours","","","","8","13750.0","13750.0","USD","13750","92306.50","92306.50","6.71320000","2026-09-25","UNKNOWN","","","DRAFT"
"USM_BACHELOR_026","USM","MATHEMATICS_STATISTICS","BACHELOR","ON_CAMPUS","usm-bachelor-026","应用统计学荣誉应用科学学士","Bachelor of Applied Science in Applied Statistics with Honours","","","","8","13750.0","13750.0","USD","13750","92306.50","92306.50","6.71320000","2026-09-25","UNKNOWN","","","DRAFT"
"USM_BACHELOR_027","USM","NATURAL_SCIENCES","BACHELOR","ON_CAMPUS","usm-bachelor-027","食品技术荣誉学士学位#","Bachelor of Food Technology with Honours","","","","8","15000.0","15000.0","USD","15000","100698.00","100698.00","6.71320000","2026-09-25","UNKNOWN","","","DRAFT"
"USM_BACHELOR_028","USM","ENGINEERING","BACHELOR","ON_CAMPUS","usm-bachelor-028","生物过程工程技术荣誉学士学位#","Bachelor of Bioprocess Engineering Technology with Honours","","","","8","15000.0","15000.0","USD","15000","100698.00","100698.00","6.71320000","2026-09-25","UNKNOWN","","","DRAFT"
"USM_BACHELOR_029","USM","NATURAL_SCIENCES","BACHELOR","ON_CAMPUS","usm-bachelor-029","生物资源技术荣誉学士学位#","Bachelor of Bioresource Technology with Honours","","","","7","13125.0","13125.0","USD","13125","88110.75","88110.75","6.71320000","2026-09-25","UNKNOWN","","","DRAFT"
"USM_BACHELOR_030","USM","AGRICULTURE_ENVIRONMENT","BACHELOR","ON_CAMPUS","usm-bachelor-030","环境技术荣誉学士学位#","Bachelor of Environmental Technology with Honours","","","","7","13125.0","13125.0","USD","13125","88110.75","88110.75","6.71320000","2026-09-25","UNKNOWN","","","DRAFT"
"USM_BACHELOR_031","USM","ARCHITECTURE_BUILT_ENVIRONMENT","BACHELOR","ON_CAMPUS","usm-bachelor-031","城市与区域规划学士（荣誉学位）#","Bachelor of Urban and Regional Planning (Honours)","","","","8","18000.0","18000.0","USD","18000","120837.60","120837.60","6.71320000","2026-09-25","UNKNOWN","","","DRAFT"
"USM_BACHELOR_032","USM","ARCHITECTURE_BUILT_ENVIRONMENT","BACHELOR","ON_CAMPUS","usm-bachelor-032","建筑项目管理理学荣誉学士学位#","Bachelor of Science in Construction Project Management with Honours","","","","8","18000.0","18000.0","USD","18000","120837.60","120837.60","6.71320000","2026-09-25","UNKNOWN","","","DRAFT"
"USM_BACHELOR_033","USM","ARCHITECTURE_BUILT_ENVIRONMENT","BACHELOR","ON_CAMPUS","usm-bachelor-033","室内建筑荣誉学士学位#","Bachelor of Interior Architecture with Honours","","","","8","18000.0","18000.0","USD","18000","120837.60","120837.60","6.71320000","2026-09-25","UNKNOWN","","","DRAFT"
"USM_BACHELOR_034","USM","ENGINEERING","BACHELOR","ON_CAMPUS","usm-bachelor-034","建筑工程技术荣誉学士#","Bachelor of Building Engineering Technology with Honours","","","","8","18000.0","18000.0","USD","18000","120837.60","120837.60","6.71320000","2026-09-25","UNKNOWN","","","DRAFT"
"USM_BACHELOR_035","USM","ARCHITECTURE_BUILT_ENVIRONMENT","BACHELOR","ON_CAMPUS","usm-bachelor-035","建筑学理学士（荣誉学位）#","Bachelor of Science in Architecture with Honours","","","","6","18750.0","18750.0","USD","18750","125872.50","125872.50","6.71320000","2026-09-25","UNKNOWN","","","DRAFT"
"USM_BACHELOR_036","USM","ARCHITECTURE_BUILT_ENVIRONMENT","BACHELOR","ON_CAMPUS","usm-bachelor-036","建筑测量学荣誉学士学位#","Bachelor in Building Surveying with Honours","","","","7","13500.0","13500.0","USD","13500","90628.20","90628.20","6.71320000","2026-09-25","UNKNOWN","","","DRAFT"
"USM_BACHELOR_037","USM","ARCHITECTURE_BUILT_ENVIRONMENT","BACHELOR","ON_CAMPUS","usm-bachelor-037","工料测量荣誉理学士","Bachelor of Science in Quantity Surveying with Honours","","","","7","21875.0","21875.0","USD","21875","146851.25","146851.25","6.71320000","2026-09-25","UNKNOWN","","","DRAFT"
"USM_BACHELOR_038","USM","BUSINESS_MANAGEMENT","BACHELOR","ON_CAMPUS","usm-bachelor-038","管理学荣誉学士学位#","Bachelor of Management with Honours","","","","7","16000.0","16000.0","USD","16000","107411.20","107411.20","6.71320000","2026-09-25","UNKNOWN","","","DRAFT"
"USM_BACHELOR_039","USM","ACCOUNTING_FINANCE","BACHELOR","ON_CAMPUS","usm-bachelor-039","*金融","Finance","","","","","","","","","","","","","UNKNOWN","","","DRAFT"
"USM_BACHELOR_040","USM","BUSINESS_MANAGEMENT","BACHELOR","ON_CAMPUS","usm-bachelor-040","*国际商务International","Business","","","","","","","","","","","","","UNKNOWN","","","DRAFT"
"USM_BACHELOR_041","USM","BUSINESS_MANAGEMENT","BACHELOR","ON_CAMPUS","usm-bachelor-041","*市场营销","Marketing","","","","","","","","","","","","","UNKNOWN","","","DRAFT"
"USM_BACHELOR_042","USM","ISLAMIC_STUDIES","BACHELOR","ON_CAMPUS","usm-bachelor-042","*伊斯兰金融Islamic","Finance","","","","","","","","","","","","","UNKNOWN","","","DRAFT"
"USM_BACHELOR_043","USM","BUSINESS_MANAGEMENT","BACHELOR","ON_CAMPUS","usm-bachelor-043","*商业分析","Business Analytics","","","","","","","","","","","","","UNKNOWN","","","DRAFT"
"USM_BACHELOR_044","USM","BUSINESS_MANAGEMENT","BACHELOR","ON_CAMPUS","usm-bachelor-044","管理学荣誉学士学位 USM International, RECSAM #","Bachelor of Management with Honours USM International, RECSAM","","","","7","17640.0","17640.0","USD","17640","118420.85","118420.85","6.71320000","2026-09-25","UNKNOWN","","","DRAFT"
"USM_BACHELOR_045","USM","ACCOUNTING_FINANCE","BACHELOR","ON_CAMPUS","usm-bachelor-045","会计学荣誉学士学位#","Bachelor of Accounting with Honours","","","","8","18000.0","18000.0","USD","18000","120837.60","120837.60","6.71320000","2026-09-25","UNKNOWN","","","DRAFT"
"USM_BACHELOR_046","USM","ARTS_HUMANITIES","BACHELOR","ON_CAMPUS","usm-bachelor-046","英语专业文学士（荣誉学位）#","Bachelor of Arts in English For Professional with Honours","","","","6","12750.0","12750.0","USD","12750","85593.30","85593.30","6.71320000","2026-09-25","UNKNOWN","","","DRAFT"
"USM_BACHELOR_047","USM","EDUCATION","BACHELOR","ON_CAMPUS","usm-bachelor-047","教育学理学士（荣誉学位）#","Bachelor of Science in Education with Honours","","","","8","13750.0","13750.0","USD","13750","92306.50","92306.50","6.71320000","2026-09-25","UNKNOWN","","","DRAFT"
"USM_BACHELOR_048","USM","EDUCATION","BACHELOR","ON_CAMPUS","usm-bachelor-048","教育学学士（TESOL）荣誉学位#","Bachelor of Education (TESOL) with Honours","","","","8","13750.0","13750.0","USD","13750","92306.50","92306.50","6.71320000","2026-09-25","UNKNOWN","","","DRAFT"
"USM_BACHELOR_049","USM","DESIGN_CREATIVE_ARTS","BACHELOR","ON_CAMPUS","usm-bachelor-049","音乐荣誉学士#","Bachelor of Music with Honours","","","","7","12500.0","12500.0","USD","12500","83915.00","83915.00","6.71320000","2026-09-25","UNKNOWN","","","DRAFT"
"USM_BACHELOR_050","USM","ARTS_HUMANITIES","BACHELOR","ON_CAMPUS","usm-bachelor-050","美术学士（表演与导演）荣誉学位#","Bachelor of Fine Arts (Acting and Directing) with Honours","","","","8","12500.0","12500.0","USD","12500","83915.00","83915.00","6.71320000","2026-09-25","UNKNOWN","","","DRAFT"
"USM_BACHELOR_051","USM","MEDIA_COMMUNICATION","BACHELOR","ON_CAMPUS","usm-bachelor-051","图形传播艺术荣誉学士学位#","Bachelor of Fine Arts in Graphics Communication with Honours","","","","8","12500.0","12500.0","USD","12500","83915.00","83915.00","6.71320000","2026-09-25","UNKNOWN","","","DRAFT"
"USM_BACHELOR_052","USM","DESIGN_CREATIVE_ARTS","BACHELOR","ON_CAMPUS","usm-bachelor-052","美术产品设计荣誉学士学位#","Bachelor of Fine Arts Product Design with Honours","","","","8","12500.0","12500.0","USD","12500","83915.00","83915.00","6.71320000","2026-09-25","UNKNOWN","","","DRAFT"
"USM_BACHELOR_053","USM","LANGUAGES_LINGUISTICS","BACHELOR","ON_CAMPUS","usm-bachelor-053","英语语言与文学研究荣誉文学士#","Bachelor of Arts in English Language & Literature Studies with Honours","","","","7","10937.0","10937.0","USD","10937.5","73422.27","73422.27","6.71320000","2026-09-25","UNKNOWN","","","DRAFT"
"USM_BACHELOR_054","USM","ARTS_HUMANITIES","BACHELOR","ON_CAMPUS","usm-bachelor-054","翻译及口译荣誉文学士#","Bachelor of Arts in Translation and Interpretation with Honours","","","","7","10937.0","10937.0","USD","10937.5","73422.27","73422.27","6.71320000","2026-09-25","UNKNOWN","","","DRAFT"
"USM_BACHELOR_055","USM","LANGUAGES_LINGUISTICS","BACHELOR","ON_CAMPUS","usm-bachelor-055","文学士（马来语言学）荣誉学位#","Bachelor of Arts (Malay Lingustics) with Honours","","","","7","10937.0","10937.0","USD","10937.5","73422.27","73422.27","6.71320000","2026-09-25","UNKNOWN","","","DRAFT"
"USM_BACHELOR_056","USM","MEDIA_COMMUNICATION","BACHELOR","ON_CAMPUS","usm-bachelor-056","传播学荣誉学士学位#","Bachelor of Communication with Honours","","","","6","15000.0","15000.0","USD","15000","100698.00","100698.00","6.71320000","2026-09-25","UNKNOWN","","","DRAFT"
"USM_BACHELOR_057","USM","NATURAL_SCIENCES","BACHELOR","ON_CAMPUS","usm-bachelor-057","社会科学荣誉学士学位#","Bachelor of Social Sciences with Honours","","","","8","12500.0","12500.0","USD","12500","83915.00","83915.00","6.71320000","2026-09-25","UNKNOWN","","","DRAFT"
"USM_BACHELOR_058","USM","ECONOMICS","BACHELOR","ON_CAMPUS","usm-bachelor-058","*经济学荣誉学士","Bachelor of Economics with Honours","","","","8","15000.0","15000.0","USD","15000","100698.00","100698.00","6.71320000","2026-09-25","UNKNOWN","","","DRAFT"
"USM_BACHELOR_059","USM","ENGINEERING","BACHELOR","ON_CAMPUS","usm-bachelor-059","电气工程荣誉学士 #","Bachelor of Electrical Engineering with Honours","","","","8","18000.0","18000.0","USD","18000","120837.60","120837.60","6.71320000","2026-09-25","UNKNOWN","","","DRAFT"
"USM_BACHELOR_060","USM","ENGINEERING","BACHELOR","ON_CAMPUS","usm-bachelor-060","机电一体化工程荣誉学士学位#","Bachelor of Mechatronics Engineering with Honours","","","","8","18000.0","18000.0","USD","18000","120837.60","120837.60","6.71320000","2026-09-25","UNKNOWN","","","DRAFT"
"USM_BACHELOR_061","USM","ENGINEERING","BACHELOR","ON_CAMPUS","usm-bachelor-061","电子工程荣誉学士学位#","Bachelor of Electronic Engineering with Honours","","","","8","18000.0","18000.0","USD","18000","120837.60","120837.60","6.71320000","2026-09-25","UNKNOWN","","","DRAFT"
"USM_BACHELOR_062","USM","ENGINEERING","BACHELOR","ON_CAMPUS","usm-bachelor-062","航空航天工程荣誉学士学位#","Bachelor of Aerospace Engineering with Honours","","","","8","22000.0","22000.0","USD","22000","147690.40","147690.40","6.71320000","2026-09-25","UNKNOWN","","","DRAFT"
"USM_BACHELOR_063","USM","ENGINEERING","BACHELOR","ON_CAMPUS","usm-bachelor-063","化学工程荣誉学士","Bachelor of Chemical Engineering with Honours","","","","8","22500.0","22500.0","USD","22500","151047.00","151047.00","6.71320000","2026-09-25","UNKNOWN","","","DRAFT"
"USM_BACHELOR_064","USM","ENGINEERING","BACHELOR","ON_CAMPUS","usm-bachelor-064","土木工程荣誉学士#","Bachelor of Civil Engineering with Honours","","","","8","18000.0","18000.0","USD","18000","120837.60","120837.60","6.71320000","2026-09-25","UNKNOWN","","","DRAFT"
"USM_BACHELOR_065","USM","ENGINEERING","BACHELOR","ON_CAMPUS","usm-bachelor-065","机械工程荣誉学士#","Bachelor of Mechanical Engineering with Honours","","","","8","18000.0","18000.0","USD","18000","120837.60","120837.60","6.71320000","2026-09-25","UNKNOWN","","","DRAFT"
"USM_BACHELOR_066","USM","ENGINEERING","BACHELOR","ON_CAMPUS","usm-bachelor-066","制造工程与管理荣誉学士学位#","Bachelor of Manufacturing Engineering With Management with Honours","","","","8","18000.0","18000.0","USD","18000","120837.60","120837.60","6.71320000","2026-09-25","UNKNOWN","","","DRAFT"
"USM_BACHELOR_067","USM","ENGINEERING","BACHELOR","ON_CAMPUS","usm-bachelor-067","矿产资源工程荣誉学士","Bachelor of Mineral Resources Engineering with Honours","","","","8","18000.0","18000.0","USD","18000","120837.60","120837.60","6.71320000","2026-09-25","UNKNOWN","","","DRAFT"
"USM_BACHELOR_068","USM","ENGINEERING","BACHELOR","ON_CAMPUS","usm-bachelor-068","材料工程荣誉学士","Bachelor of Materials Engineering with Honours","","","","8","18000.0","18000.0","USD","18000","120837.60","120837.60","6.71320000","2026-09-25","UNKNOWN","","","DRAFT"
"USM_BACHELOR_069","USM","ENGINEERING","BACHELOR","ON_CAMPUS","usm-bachelor-069","聚合物工程荣誉学士","Bachelor of Polymer Engineering with Honours","","","","8","18000.0","18000.0","USD","18000","120837.60","120837.60","6.71320000","2026-09-25","UNKNOWN","","","DRAFT"
"UUM_BACHELOR_001","UUM","MEDIA_COMMUNICATION","BACHELOR","ON_CAMPUS","uum-bachelor-001","传播学荣誉学士学位","Bachelor of Communication with Honours","","","","8","37600.0","37600.0","MYR","37600","61957.28","61957.28","1.64780000","2026-09-25","UNKNOWN","","","DRAFT"
"UUM_BACHELOR_002","UUM","MEDIA_COMMUNICATION","BACHELOR","ON_CAMPUS","uum-bachelor-002","媒体技术荣誉学士","Bachelor of Media Technology with Honours","","","","7","32900.0","32900.0","MYR","32900","54212.62","54212.62","1.64780000","2026-09-25","UNKNOWN","","","DRAFT"
"UUM_BACHELOR_003","UUM","MEDIA_COMMUNICATION","BACHELOR","ON_CAMPUS","uum-bachelor-003","理学荣誉学士（多媒体）","Bachelor of Science with Honours (Multimedia)","","","","7","32900.0","32900.0","MYR","32900","54212.62","54212.62","1.64780000","2026-09-25","UNKNOWN","","","DRAFT"
"UUM_BACHELOR_004","UUM","DESIGN_CREATIVE_ARTS","BACHELOR","ON_CAMPUS","uum-bachelor-004","创意产业管理学士（荣誉）#","Bachelor of Creative Industry Management (Honours)","","","","7","32900.0","32900.0","MYR","32900","54212.62","54212.62","1.64780000","2026-09-25","UNKNOWN","","","DRAFT"
"UUM_BACHELOR_005","UUM","COMPUTING_IT","BACHELOR","ON_CAMPUS","uum-bachelor-005","理学荣誉学士（信息技术）","Bachelor of Science with Honours (Information Technology)","","","","7","32900.0","32900.0","MYR","32900","54212.62","54212.62","1.64780000","2026-09-25","UNKNOWN","","","DRAFT"
"UUM_BACHELOR_006","UUM","COMPUTING_IT","BACHELOR","ON_CAMPUS","uum-bachelor-006","计算机科学荣誉学士","Bachelor of Computer Science with Honours","","","","8","37600.0","37600.0","MYR","37600","61957.28","61957.28","1.64780000","2026-09-25","UNKNOWN","","","DRAFT"
"UUM_BACHELOR_007","UUM","MATHEMATICS_STATISTICS","BACHELOR","ON_CAMPUS","uum-bachelor-007","理学荣誉学士（商业数学）","Bachelor of Science with Honours (Business Mathematics)","","","","8","33600.0","33600.0","MYR","33600","55366.08","55366.08","1.64780000","2026-09-25","UNKNOWN","","","DRAFT"
"UUM_BACHELOR_008","UUM","MATHEMATICS_STATISTICS","BACHELOR","ON_CAMPUS","uum-bachelor-008","理学荣誉学士（工业统计）","Bachelor of Science with Honours (Industrial Statistics)","","","","8","33600.0","33600.0","MYR","33600","55366.08","55366.08","1.64780000","2026-09-25","UNKNOWN","","","DRAFT"
"UUM_BACHELOR_009","UUM","NATURAL_SCIENCES","BACHELOR","ON_CAMPUS","uum-bachelor-009","理学荣誉学士（决策科学）","Bachelor of Science with Honours (Decision Science)","","","","8","33600.0","33600.0","MYR","33600","55366.08","55366.08","1.64780000","2026-09-25","UNKNOWN","","","DRAFT"
"UUM_BACHELOR_010","UUM","ACCOUNTING_FINANCE","BACHELOR","ON_CAMPUS","uum-bachelor-010","会计荣誉学士","Bachelor of Accounting with Honours","","","","8","40000.0","40000.0","MYR","40000","65912.00","65912.00","1.64780000","2026-09-25","UNKNOWN","","","DRAFT"
"UUM_BACHELOR_011","UUM","COMPUTING_IT","BACHELOR","ON_CAMPUS","uum-bachelor-011","会计学士（信息系统）荣誉学位","Bachelor of Accounting (Information System) with Honours","","","","8","40000.0","40000.0","MYR","40000","65912.00","65912.00","1.64780000","2026-09-25","UNKNOWN","","","DRAFT"
"UUM_BACHELOR_012","UUM","ECONOMICS","BACHELOR","ON_CAMPUS","uum-bachelor-012","经济学理学士（荣誉学位）","Bachelor of Science Economics with Honours","","","","8","33600.0","33600.0","MYR","33600","55366.08","55366.08","1.64780000","2026-09-25","UNKNOWN","","","DRAFT"
"UUM_BACHELOR_013","UUM","ACCOUNTING_FINANCE","BACHELOR","ON_CAMPUS","uum-bachelor-013","金融荣誉学士","Bachelor of Finance with Honours","","","","8","33600.0","33600.0","MYR","33600","55366.08","55366.08","1.64780000","2026-09-25","UNKNOWN","","","DRAFT"
"UUM_BACHELOR_014","UUM","AGRICULTURE_ENVIRONMENT","BACHELOR","ON_CAMPUS","uum-bachelor-014","农业综合企业管理理学学士（荣誉学位）","Bachelor of Sciences Agribusiness Management withHonours","","","","8","33600.0","33600.0","MYR","33600","55366.08","55366.08","1.64780000","2026-09-25","UNKNOWN","","","DRAFT"
"UUM_BACHELOR_015","UUM","ACCOUNTING_FINANCE","BACHELOR","ON_CAMPUS","uum-bachelor-015","银行荣誉学士学位","Bachelor of Banking with Honours","","","","8","33600.0","33600.0","MYR","33600","55366.08","55366.08","1.64780000","2026-09-25","UNKNOWN","","","DRAFT"
"UUM_BACHELOR_016","UUM","BUSINESS_MANAGEMENT","BACHELOR","ON_CAMPUS","uum-bachelor-016","风险管理与保险荣誉学士学位","Bachelor of Risk Management and Insurance with Honours","","","","8","33600.0","33600.0","MYR","33600","55366.08","55366.08","1.64780000","2026-09-25","UNKNOWN","","","DRAFT"
"UUM_BACHELOR_017","UUM","LAW","BACHELOR","ON_CAMPUS","uum-bachelor-017","法学荣誉学士","Bachelor of Law with Honours","","","","8","40000.0","40000.0","MYR","40000","65912.00","65912.00","1.64780000","2026-09-25","UNKNOWN","","","DRAFT"
"UUM_BACHELOR_018","UUM","ISLAMIC_STUDIES","BACHELOR","ON_CAMPUS","uum-bachelor-018","伊斯兰金融与银行荣誉学士学位","Bachelor of Islamic Finance and Banking with Honours","","","","8","33600.0","33600.0","MYR","33600","55366.08","55366.08","1.64780000","2026-09-25","UNKNOWN","","","DRAFT"
"UUM_BACHELOR_019","UUM","BUSINESS_MANAGEMENT","BACHELOR","ON_CAMPUS","uum-bachelor-019","工商管理荣誉学士学位","Bachelor of Business Administration with Honours","","","","8","33600.0","33600.0","MYR","33600","55366.08","55366.08","1.64780000","2026-09-25","UNKNOWN","","","DRAFT"
"UUM_BACHELOR_020","UUM","BUSINESS_MANAGEMENT","BACHELOR","ON_CAMPUS","uum-bachelor-020","人力资源管理荣誉学士","Bachelor of Human Resource Management with Honours","","","","8","33600.0","33600.0","MYR","33600","55366.08","55366.08","1.64780000","2026-09-25","UNKNOWN","","","DRAFT"
"UUM_BACHELOR_021","UUM","BUSINESS_MANAGEMENT","BACHELOR","ON_CAMPUS","uum-bachelor-021","市场营销荣誉学士学位","Bachelor of Marketing with Honours","","","","8","33600.0","33600.0","MYR","33600","55366.08","55366.08","1.64780000","2026-09-25","UNKNOWN","","","DRAFT"
"UUM_BACHELOR_022","UUM","BUSINESS_MANAGEMENT","BACHELOR","ON_CAMPUS","uum-bachelor-022","创业荣誉学士学位","Bachelor of Entrepreneurship with Honours","","","","8","33600.0","33600.0","MYR","33600","55366.08","55366.08","1.64780000","2026-09-25","UNKNOWN","","","DRAFT"
"UUM_BACHELOR_023","UUM","BUSINESS_MANAGEMENT","BACHELOR","ON_CAMPUS","uum-bachelor-023","技术管理荣誉学士","Bachelor of Technology Management with Honours","","","","8","33600.0","33600.0","MYR","33600","55366.08","55366.08","1.64780000","2026-09-25","UNKNOWN","","","DRAFT"
"UUM_BACHELOR_024","UUM","SPORTS","BACHELOR","ON_CAMPUS","uum-bachelor-024","工商管理学士（物流与运输）荣誉学位","Bachelor of Business Administration (Logistics &Transportation)with Honours","","","","8","33600.0","33600.0","MYR","33600","55366.08","55366.08","1.64780000","2026-09-25","UNKNOWN","","","DRAFT"
"UUM_BACHELOR_025","UUM","BUSINESS_MANAGEMENT","BACHELOR","ON_CAMPUS","uum-bachelor-025","运营管理荣誉学士学位","Bachelor of Operations Management with Honours","","","","8","33600.0","33600.0","MYR","33600","55366.08","55366.08","1.64780000","2026-09-25","UNKNOWN","","","DRAFT"
"UUM_BACHELOR_026","UUM","BUSINESS_MANAGEMENT","BACHELOR","ON_CAMPUS","uum-bachelor-026","公共管理荣誉学士","Bachelor of Public Management with Honours","","","","7","29400.0","29400.0","MYR","29400","48445.32","48445.32","1.64780000","2026-09-25","UNKNOWN","","","DRAFT"
"UUM_BACHELOR_027","UUM","BUSINESS_MANAGEMENT","BACHELOR","ON_CAMPUS","uum-bachelor-027","发展管理荣誉学士学位","Bachelor of Development Management with Honours","","","","7","29400.0","29400.0","MYR","29400","48445.32","48445.32","1.64780000","2026-09-25","UNKNOWN","","","DRAFT"
"UUM_BACHELOR_028","UUM","BUSINESS_MANAGEMENT","BACHELOR","ON_CAMPUS","uum-bachelor-028","国际商务管理荣誉学士学位","Bachelor of International Business Management with Honours","","","","8","33600.0","33600.0","MYR","33600","55366.08","55366.08","1.64780000","2026-09-25","UNKNOWN","","","DRAFT"
"UUM_BACHELOR_029","UUM","BUSINESS_MANAGEMENT","BACHELOR","ON_CAMPUS","uum-bachelor-029","国际事务管理荣誉学士","Bachelor of International Affairs Management with Honours","","","","7","29400.0","29400.0","MYR","29400","48445.32","48445.32","1.64780000","2026-09-25","UNKNOWN","","","DRAFT"
"UUM_BACHELOR_030","UUM","HOSPITALITY_TOURISM","BACHELOR","ON_CAMPUS","uum-bachelor-030","酒店管理荣誉学士","Bachelor of Hospitality Management with Honours","","","","8","33600.0","33600.0","MYR","33600","55366.08","55366.08","1.64780000","2026-09-25","UNKNOWN","","","DRAFT"
"UUM_BACHELOR_031","UUM","HOSPITALITY_TOURISM","BACHELOR","ON_CAMPUS","uum-bachelor-031","旅游管理荣誉学士","Bachelor of Tourism Management with Honours","","","","8","33600.0","33600.0","MYR","33600","55366.08","55366.08","1.64780000","2026-09-25","UNKNOWN","","","DRAFT"
"UUM_BACHELOR_032","UUM","BUSINESS_MANAGEMENT","BACHELOR","ON_CAMPUS","uum-bachelor-032","活动管理荣誉学士","Bachelor of Event Management with Honours","","","","8","33600.0","33600.0","MYR","33600","55366.08","55366.08","1.64780000","2026-09-25","UNKNOWN","","","DRAFT"
"UUM_BACHELOR_033","UUM","SOCIAL_SCIENCES","BACHELOR","ON_CAMPUS","uum-bachelor-033","荣誉咨询学士#","Bachelor of Counselling with Honours","","","","8","33600.0","33600.0","MYR","33600","55366.08","55366.08","1.64780000","2026-09-25","UNKNOWN","","","DRAFT"
"UUM_BACHELOR_034","UUM","BUSINESS_MANAGEMENT","BACHELOR","ON_CAMPUS","uum-bachelor-034","社会工作管理荣誉学士学位#","Bachelor of Social Work Management with Honours","","","","8","33600.0","33600.0","MYR","33600","55366.08","55366.08","1.64780000","2026-09-25","UNKNOWN","","","DRAFT"
"UUM_BACHELOR_035","UUM","LANGUAGES_LINGUISTICS","BACHELOR","ON_CAMPUS","uum-bachelor-035","应用语言学和工商管理学士（荣誉）","Bachelor of Applied Linguistics and Business Administration with Honours","","","","8","33600.0","33600.0","MYR","33600","55366.08","55366.08","1.64780000","2026-09-25","UNKNOWN","","","DRAFT"
"TAYLOR_BACHELOR_001","TAYLOR","ACCOUNTING_FINANCE","BACHELOR","ON_CAMPUS","taylor-bachelor-001","商业学士（荣誉） 专业：数字营销与分析\金融\数字业务与转型\管理\营销\全球业务和可持续性","Bachelor of Business (Hons) Specialisations: Digital Marketing and Analytics \Finance\Digital Business and Transformation\Management\Marketing\Global Business and Sustainability","","","","6","140862.0","140862.0","MYR","140862","232112.40","232112.40","1.64780000","2026-09-25","UNKNOWN","","","DRAFT"
"TAYLOR_BACHELOR_002","TAYLOR","BUSINESS_MANAGEMENT","BACHELOR","ON_CAMPUS","taylor-bachelor-002","国际商务与市场营销商学学士（荣誉学位）","Bachelor of Business (Hons)International Business & Marketing","","","","6","140862.0","140862.0","MYR","140862","232112.40","232112.40","1.64780000","2026-09-25","UNKNOWN","","","DRAFT"
"TAYLOR_BACHELOR_003","TAYLOR","BUSINESS_MANAGEMENT","BACHELOR","ON_CAMPUS","taylor-bachelor-003","创业学士（团队创业）（荣誉学位）","Bachelor in Entrepreneuship(Team Entrepreneuship)(Honours)","","","","6","121746.0","121746.0","MYR","121746","200613.06","200613.06","1.64780000","2026-09-25","UNKNOWN","","","DRAFT"
"TAYLOR_BACHELOR_004","TAYLOR","ACCOUNTING_FINANCE","BACHELOR","ON_CAMPUS","taylor-bachelor-004","会计与金融（荣誉）文学士","Bachelor of Arts (Hons) Accounting & Finance","","","","6","138094.0","138094.0","MYR","138094","227551.29","227551.29","1.64780000","2026-09-25","UNKNOWN","","","DRAFT"
"TAYLOR_BACHELOR_005","TAYLOR","ACCOUNTING_FINANCE","BACHELOR","ON_CAMPUS","taylor-bachelor-005","商学学士（荣誉学位）金融与经济学","Bachelor of Business (Hons) Finance and Economics","","","","6","138054.0","138054.0","MYR","138054","227485.38","227485.38","1.64780000","2026-09-25","UNKNOWN","","","DRAFT"
"TAYLOR_BACHELOR_006","TAYLOR","ACCOUNTING_FINANCE","BACHELOR","ON_CAMPUS","taylor-bachelor-006","银行与金融商业学士（荣誉学位）","Bachelor of Business (Hons)Banking & Finance","","","","6","138054.0","138054.0","MYR","138054","227485.38","227485.38","1.64780000","2026-09-25","UNKNOWN","","","DRAFT"
"TAYLOR_BACHELOR_007","TAYLOR","ACCOUNTING_FINANCE","BACHELOR","ON_CAMPUS","taylor-bachelor-007","会计学学士（金融科技）（荣誉）","Bachelor in Accounting (Fintech) (Hons)","","","","6","132062.0","132062.0","MYR","132062","217611.76","217611.76","1.64780000","2026-09-25","UNKNOWN","","","DRAFT"
"TAYLOR_BACHELOR_008","TAYLOR","MATHEMATICS_STATISTICS","BACHELOR","ON_CAMPUS","taylor-bachelor-008","理学学士（荣誉学位）精算研究","Bachclor of Science (Hons) Actuarial Studies","","","","6/8","125202.0","138314.0","MYR","125202 / 138314","206307.86","227913.81","1.64780000","2026-09-25","UNKNOWN","","","DRAFT"
"TAYLOR_BACHELOR_009","TAYLOR","COMPUTING_IT","BACHELOR","ON_CAMPUS","taylor-bachelor-009","软件工程学士（荣誉）","Bachelor of Software Engineering (Hons)","","","","6","132762.0","132762.0","MYR","132762","218765.22","218765.22","1.64780000","2026-09-25","UNKNOWN","","","DRAFT"
"TAYLOR_BACHELOR_010","TAYLOR","COMPUTING_IT","BACHELOR","ON_CAMPUS","taylor-bachelor-010","计算机科学学士（荣誉）","Bachelor of Computer Science (Hons) Specialisations:Data Science\Cyber Security\ Mobile Computing\ Artificial Intelligence","","","","6","132762.0","132762.0","MYR","132762","218765.22","218765.22","1.64780000","2026-09-25","UNKNOWN","","","DRAFT"
"TAYLOR_BACHELOR_011","TAYLOR","COMPUTING_IT","BACHELOR","ON_CAMPUS","taylor-bachelor-011","信息技术学士（荣誉）","Bachelor of Information Technology (Hons) Specialisations:Internet Technologies\Business Intelligence and Analytics\Game Design","","","","6","132762.0","132762.0","MYR","132762","218765.22","218765.22","1.64780000","2026-09-25","UNKNOWN","","","DRAFT"
"TAYLOR_BACHELOR_012","TAYLOR","MEDIA_COMMUNICATION","BACHELOR","ON_CAMPUS","taylor-bachelor-012","创意媒体设计（荣誉）学士学位","Bachelor of Design (Hons) in Creative Media Specialisation: Graphic Design\UI/UX\Digital Animation\Entertainment Design\Simulation Design\Immersive Design","","","","6","132762.0","132762.0","MYR","132762","218765.22","218765.22","1.64780000","2026-09-25","UNKNOWN","","","DRAFT"
"TAYLOR_BACHELOR_013","TAYLOR","DESIGN_CREATIVE_ARTS","BACHELOR","ON_CAMPUS","taylor-bachelor-013","时装设计技术（荣誉）学士学位","Bachelor of Fashion Design Technology (Hons)","","","","6","125744.0","125744.0","MYR","125744","207200.96","207200.96","1.64780000","2026-09-25","UNKNOWN","","","DRAFT"
"TAYLOR_BACHELOR_014","TAYLOR","DESIGN_CREATIVE_ARTS","BACHELOR","ON_CAMPUS","taylor-bachelor-014","互动空间设计（荣誉）学士学位","Bachelor of Interactive Spatial Design (Honours) Specialisation:Smart Homes Design/Smart Environment Design","","","","6","126822.0","126822.0","MYR","126822","208977.29","208977.29","1.64780000","2026-09-25","UNKNOWN","","","DRAFT"
"TAYLOR_BACHELOR_015","TAYLOR","HOSPITALITY_TOURISM","BACHELOR","ON_CAMPUS","taylor-bachelor-015","国际酒店管理（荣誉）学士学位","Bachelor of International Hospitality Management（Hons）","","","","6","135877.0","135877.0","MYR","135877","223898.12","223898.12","1.64780000","2026-09-25","UNKNOWN","","","DRAFT"
"TAYLOR_BACHELOR_016","TAYLOR","HOSPITALITY_TOURISM","BACHELOR","ON_CAMPUS","taylor-bachelor-016","烹饪管理（荣誉）学士学位","Bachelor of Culinary Management （Hons）","","","","6","136776.0","136776.0","MYR","136776","225379.49","225379.49","1.64780000","2026-09-25","UNKNOWN","","","DRAFT"
"TAYLOR_BACHELOR_017","TAYLOR","HOSPITALITY_TOURISM","BACHELOR","ON_CAMPUS","taylor-bachelor-017","国际旅游管理（荣誉）学士学位","Bachelor of International Tourism Management（Hons）","","","","6","135484.0","135484.0","MYR","135484","223250.54","223250.54","1.64780000","2026-09-25","UNKNOWN","","","DRAFT"
"TAYLOR_BACHELOR_018","TAYLOR","BUSINESS_MANAGEMENT","BACHELOR","ON_CAMPUS","taylor-bachelor-018","国际会展管理（荣誉）学士学位","Bachelor of International Events Management(Hons)","","","","6","135619.0","135619.0","MYR","135619","223472.99","223472.99","1.64780000","2026-09-25","UNKNOWN","","","DRAFT"
"TAYLOR_BACHELOR_019","TAYLOR","HOSPITALITY_TOURISM","BACHELOR","ON_CAMPUS","taylor-bachelor-019","烹饪学理学士（荣誉）","Bachelor of Science（Hons）in Culinology","","","","6","139910.0","139910.0","MYR","139910","230543.70","230543.70","1.64780000","2026-09-25","UNKNOWN","","","DRAFT"
"TAYLOR_BACHELOR_020","TAYLOR","ARTS_HUMANITIES","BACHELOR","ON_CAMPUS","taylor-bachelor-020","糕点艺术（荣誉）学士学位","Bachelor of Patisserie Arts (Hons)","","","","6","129540.0","129540.0","MYR","129540","213456.01","213456.01","1.64780000","2026-09-25","UNKNOWN","","","DRAFT"
"TAYLOR_BACHELOR_021","TAYLOR","ENGINEERING","BACHELOR","ON_CAMPUS","taylor-bachelor-021","电气与电子工程（荣誉）学士学位","Bachelor of Electrical & Electronic Engineering (Hons)","","","","8","178058.0","178058.0","MYR","178058","293403.97","293403.97","1.64780000","2026-09-25","UNKNOWN","","","DRAFT"
"TAYLOR_BACHELOR_022","TAYLOR","ENGINEERING","BACHELOR","ON_CAMPUS","taylor-bachelor-022","化学工程（荣誉）学士学位","Bachelor of Chemical Engineering(Hons)","","","","8","178058.0","178058.0","MYR","178058","293403.97","293403.97","1.64780000","2026-09-25","UNKNOWN","","","DRAFT"
"TAYLOR_BACHELOR_023","TAYLOR","ENGINEERING","BACHELOR","ON_CAMPUS","taylor-bachelor-023","机械学士","Bachelor of Mechanical 机械工程（荣誉）Engineering(Hons)","","","","8","178058.0","178058.0","MYR","178058","293403.97","293403.97","1.64780000","2026-09-25","UNKNOWN","","","DRAFT"
"TAYLOR_BACHELOR_024","TAYLOR","DESIGN_CREATIVE_ARTS","BACHELOR","ON_CAMPUS","taylor-bachelor-024","机器人设计与开发（荣誉）理学士学位","Bachelor of Science (Hons) in Robotic Design and Development","","","","6","143130.0","143130.0","MYR","143130","235849.61","235849.61","1.64780000","2026-09-25","UNKNOWN","","","DRAFT"
"TAYLOR_BACHELOR_025","TAYLOR","ARCHITECTURE_BUILT_ENVIRONMENT","BACHELOR","ON_CAMPUS","taylor-bachelor-025","可持续数字建筑（荣誉）理学士学位 管理学","Bachelor of Science(Hons)in Sustainable Digital Construction Management Specialisation:Green Construction / Smart Construction","","","","6","115374.0","115374.0","MYR","115374","190113.28","190113.28","1.64780000","2026-09-25","UNKNOWN","","","DRAFT"
"TAYLOR_BACHELOR_026","TAYLOR","ARCHITECTURE_BUILT_ENVIRONMENT","BACHELOR","ON_CAMPUS","taylor-bachelor-026","建筑学（荣誉）理学士","Bachelor of Science(Hons)in Architecture","","","","6","146802.0","146802.0","MYR","146802","241900.34","241900.34","1.64780000","2026-09-25","UNKNOWN","","","DRAFT"
"TAYLOR_BACHELOR_027","TAYLOR","ARCHITECTURE_BUILT_ENVIRONMENT","BACHELOR","ON_CAMPUS","taylor-bachelor-027","室内建筑（荣誉）文学士 专业：空间媒体/环境技术","Bachelor of Arts(Hons)Interior Architecture Specialisation:Spatial Media/ Environment Technology","","","","7","138047.0","138047.0","MYR","138047","227473.85","227473.85","1.64780000","2026-09-25","UNKNOWN","","","DRAFT"
"TAYLOR_BACHELOR_028","TAYLOR","ARCHITECTURE_BUILT_ENVIRONMENT","BACHELOR","ON_CAMPUS","taylor-bachelor-028","工料测量学士","Bachelor of Quantity Surveying","","","","7","112134.0","112134.0","MYR","112134","184774.41","184774.41","1.64780000","2026-09-25","UNKNOWN","","","DRAFT"
"TAYLOR_BACHELOR_029","TAYLOR","LAW","BACHELOR","ON_CAMPUS","taylor-bachelor-029","法学学士（荣誉）","Bachelor of Laws（Hons)","","","","6","143022.0","143022.0","MYR","143022","235671.65","235671.65","1.64780000","2026-09-25","UNKNOWN","","","DRAFT"
"TAYLOR_BACHELOR_030","TAYLOR","NATURAL_SCIENCES","BACHELOR","ON_CAMPUS","taylor-bachelor-030","食品科学学士（荣誉）","Bachelor of Food Science（Hons）","","","","6","132822.0","132822.0","MYR","132822","218864.09","218864.09","1.64780000","2026-09-25","UNKNOWN","","","DRAFT"
"TAYLOR_BACHELOR_031","TAYLOR","NATURAL_SCIENCES","BACHELOR","ON_CAMPUS","taylor-bachelor-031","生物技术学士（荣誉）","Bachelor of Biotechnology （Hons）","","","","6","132822.0","132822.0","MYR","132822","218864.09","218864.09","1.64780000","2026-09-25","UNKNOWN","","","DRAFT"
"TAYLOR_BACHELOR_032","TAYLOR","MEDICINE","BACHELOR","ON_CAMPUS","taylor-bachelor-032","生物医学科学学士（荣誉）","Bachelor of Biomedical Science（Hons）","","","","7","149474.0","149474.0","MYR","149474","246303.26","246303.26","1.64780000","2026-09-25","UNKNOWN","","","DRAFT"
"TAYLOR_BACHELOR_033","TAYLOR","MEDICINE","BACHELOR","ON_CAMPUS","taylor-bachelor-033","医学学士、外科学士（MBBS）","Bachelor of Medicine, Bachelor of Surgery (MBBS)","","","","10","453994.0","453994.0","MYR","453994","748091.31","748091.31","1.64780000","2026-09-25","UNKNOWN","","","DRAFT"
"TAYLOR_BACHELOR_034","TAYLOR","PHARMACY","BACHELOR","ON_CAMPUS","taylor-bachelor-034","药剂学学士（荣誉）","Bachelor of Pharmacy （Hons）","","","","8","210094.0","210094.0","MYR","210094","346192.89","346192.89","1.64780000","2026-09-25","UNKNOWN","","","DRAFT"
"TAYLOR_BACHELOR_035","TAYLOR","MEDIA_COMMUNICATION","BACHELOR","ON_CAMPUS","taylor-bachelor-035","广告与品牌管理大众传播学士（荣誉学位）","Bachelor of Mass Communication (Hons)in Advertising And Brand Management","","","","6","130710.0","130710.0","MYR","130710","215383.94","215383.94","1.64780000","2026-09-25","UNKNOWN","","","DRAFT"
"TAYLOR_BACHELOR_036","TAYLOR","MEDIA_COMMUNICATION","BACHELOR","ON_CAMPUS","taylor-bachelor-036","大众传播学士（荣誉） 专业：数字媒体制作\广告与品牌 管理\新闻与媒体实践\公共关系","Bachelor of Mass Communication(Hons) Specialisations: Digital Media Production\ Advertising & Brand Management \ Journalism & Media Practice \ Public Relations","","","","6","130710.0","130710.0","MYR","130710","215383.94","215383.94","1.64780000","2026-09-25","UNKNOWN","","","DRAFT"
"TAYLOR_BACHELOR_037","TAYLOR","MEDIA_COMMUNICATION","BACHELOR","ON_CAMPUS","taylor-bachelor-037","大众传播学士（荣誉学位）（数字媒体制作）","Bachelor of Mass Communication （Hons）（Digital Media Production）","","","","6","130710.0","130710.0","MYR","130710","215383.94","215383.94","1.64780000","2026-09-25","UNKNOWN","","","DRAFT"
"TAYLOR_BACHELOR_038","TAYLOR","MEDIA_COMMUNICATION","BACHELOR","ON_CAMPUS","taylor-bachelor-038","大众传播学士（荣誉学位）公共关系与市场营销","Bachelor of Mass Communication （Hons）Public Relations and Marketing","","","","6","130710.0","130710.0","MYR","130710","215383.94","215383.94","1.64780000","2026-09-25","UNKNOWN","","","DRAFT"
"TAYLOR_BACHELOR_039","TAYLOR","MEDIA_COMMUNICATION","BACHELOR","ON_CAMPUS","taylor-bachelor-039","大众传播学士（荣誉学位）公共关系与活动管理","Bachelor of Mass Communication（Hons）Public Relations and Event Management","","","","6","130710.0","130710.0","MYR","130710","215383.94","215383.94","1.64780000","2026-09-25","UNKNOWN","","","DRAFT"
"TAYLOR_BACHELOR_040","TAYLOR","EDUCATION","BACHELOR","ON_CAMPUS","taylor-bachelor-040","教育学学士（荣誉）","Bachelor of Education(Hons)","","","","6","122022.0","122022.0","MYR","122022","201067.85","201067.85","1.64780000","2026-09-25","UNKNOWN","","","DRAFT"
"TAYLOR_BACHELOR_041","TAYLOR","SOCIAL_SCIENCES","BACHELOR","ON_CAMPUS","taylor-bachelor-041","心理学学士（荣誉）","Bachelor of Psychology(Hons)","","","","6","121422.0","121422.0","MYR","121422","200079.17","200079.17","1.64780000","2026-09-25","UNKNOWN","","","DRAFT"
"TAYLOR_BACHELOR_042","TAYLOR","NATURAL_SCIENCES","BACHELOR","ON_CAMPUS","taylor-bachelor-042","社会科学荣誉学士（国际关系）","Bachelor of Social Science With Honours (International Relations)","","","","6","118722.0","118722.0","MYR","118722","195630.11","195630.11","1.64780000","2026-09-25","UNKNOWN","","","DRAFT"
"TAYLOR_BACHELOR_043","TAYLOR","DESIGN_CREATIVE_ARTS","BACHELOR","ON_CAMPUS","taylor-bachelor-043","表演艺术学士（荣誉学位） 专业：表演轨道/音乐/舞蹈","Bachelor of Performing Arts (Hons) Specialisations: Performance Track/ Music/ Dance","","","","6","119802.0","119802.0","MYR","119802","197409.74","197409.74","1.64780000","2026-09-25","UNKNOWN","","","DRAFT"
"TAYLOR_BACHELOR_045","TAYLOR","ISLAMIC_STUDIES","MASTER","ON_CAMPUS","taylor-bachelor-045","伊斯兰管理与金融硕士","Master of Islamic Management & Finance","","","","3 Semesters","33000.0","33000.0","MYR","33000","54377.40","54377.40","1.64780000","2026-09-25","UNKNOWN","","","DRAFT"
"TAYLOR_BACHELOR_047","TAYLOR","ARTS_HUMANITIES","DOCTOR","ON_CAMPUS","taylor-bachelor-047","哲学博士","Doctor of Philosophy","","","","6 Semesters","50700.0","50700.0","MYR","50700","83543.46","83543.46","1.64780000","2026-09-25","UNKNOWN","","","DRAFT"
"UCSI_BACHELOR_001","UCSI","ALLIED_HEALTH","BACHELOR","ON_CAMPUS","ucsi-bachelor-001","营养与保健荣誉理学士","BSc (Hons) Nutrition with Wellness","","","","3年","113270.0","113270.0","MYR","113270","186646.31","186646.31","1.64780000","2026-09-25","UNKNOWN","","","DRAFT"
"UCSI_BACHELOR_002","UCSI","ALLIED_HEALTH","BACHELOR","ON_CAMPUS","ucsi-bachelor-002","食品科学与营养学荣誉理学士","BSc (Hons) Food Science with Nutrition","","","","3年","113270.0","113270.0","MYR","113270","186646.31","186646.31","1.64780000","2026-09-25","UNKNOWN","","","DRAFT"
"UCSI_BACHELOR_003","UCSI","NATURAL_SCIENCES","BACHELOR","ON_CAMPUS","ucsi-bachelor-003","生物科技荣誉理学士","BSc (Hons) Biotechnology","","","","3年","114302.0","114302.0","MYR","114302","188346.84","188346.84","1.64780000","2026-09-25","UNKNOWN","","","DRAFT"
"UCSI_BACHELOR_004","UCSI","AGRICULTURE_ENVIRONMENT","BACHELOR","ON_CAMPUS","ucsi-bachelor-004","水产科学荣誉理学士","BSc (Hons) Aquatic Science","","","","3年","111273.0","111273.0","MYR","111273","183355.65","183355.65","1.64780000","2026-09-25","UNKNOWN","","","DRAFT"
"UCSI_BACHELOR_005","UCSI","NATURAL_SCIENCES","BACHELOR","ON_CAMPUS","ucsi-bachelor-005","应用微生物学荣誉理学士","BSc (Hons) Applied Microbiology","","","","3年","108700.0","108700.0","MYR","108700","179115.86","179115.86","1.64780000","2026-09-25","UNKNOWN","","","DRAFT"
"UCSI_BACHELOR_006","UCSI","ALLIED_HEALTH","BACHELOR","ON_CAMPUS","ucsi-bachelor-006","法医鉴证科学荣誉理学士","BSc (Hons) Forensic Science","","","","4年","137050.0","137050.0","MYR","137050","225830.99","225830.99","1.64780000","2026-09-25","UNKNOWN","","","DRAFT"
"UCSI_BACHELOR_007","UCSI","BUSINESS_MANAGEMENT","BACHELOR","ON_CAMPUS","ucsi-bachelor-007","商业与管理学院 (","Business)","","","","","","","","","","","","","UNKNOWN","","","DRAFT"
"UCSI_BACHELOR_008","UCSI","ACCOUNTING_FINANCE","BACHELOR","ON_CAMPUS","ucsi-bachelor-008","金融科技荣誉学士","Bachelor of Financial Technology (Hons)","","","","3年","91520.0","91520.0","MYR","91520","150806.66","150806.66","1.64780000","2026-09-25","UNKNOWN","","","DRAFT"
"UCSI_BACHELOR_009","UCSI","BUSINESS_MANAGEMENT","BACHELOR","ON_CAMPUS","ucsi-bachelor-009","国际及可持续商务荣誉学士","Bachelor of International and Sustainable Business(Hons)","","","","3年","92860.0","92860.0","MYR","92860","153014.71","153014.71","1.64780000","2026-09-25","UNKNOWN","","","DRAFT"
"UCSI_BACHELOR_010","UCSI","ACCOUNTING_FINANCE","BACHELOR","ON_CAMPUS","ucsi-bachelor-010","金融经济荣誉学士","Bachelor of Financial Economics (Hons)","","","","3年","89920.0","89920.0","MYR","89920","148170.18","148170.18","1.64780000","2026-09-25","UNKNOWN","","","DRAFT"
"UCSI_BACHELOR_011","UCSI","ACCOUNTING_FINANCE","BACHELOR","ON_CAMPUS","ucsi-bachelor-011","会计荣誉文学士","BA (Hons) Accounting","","","","3年","92920.0","92920.0","MYR","92920","153113.58","153113.58","1.64780000","2026-09-25","UNKNOWN","","","DRAFT"
"UCSI_BACHELOR_012","UCSI","ACCOUNTING_FINANCE","BACHELOR","ON_CAMPUS","ucsi-bachelor-012","会计与金融荣誉文学士","BA (Hons) Accounting & Finance","","","","3年","92920.0","92920.0","MYR","92920","153113.58","153113.58","1.64780000","2026-09-25","UNKNOWN","","","DRAFT"
"UCSI_BACHELOR_013","UCSI","ARTS_HUMANITIES","BACHELOR","ON_CAMPUS","ucsi-bachelor-013","品牌与广告荣誉文学士","BA (Hons) Branding and Advertising","","","","3年","90520.0","90520.0","MYR","90520","149158.86","149158.86","1.64780000","2026-09-25","UNKNOWN","","","DRAFT"
"UCSI_BACHELOR_014","UCSI","BUSINESS_MANAGEMENT","BACHELOR","ON_CAMPUS","ucsi-bachelor-014","工商管理荣誉文学士","BA (Hons) Business Administration","","","","3年","90400.0","90400.0","MYR","90400","148961.12","148961.12","1.64780000","2026-09-25","UNKNOWN","","","DRAFT"
"UCSI_BACHELOR_015","UCSI","BUSINESS_MANAGEMENT","BACHELOR","ON_CAMPUS","ucsi-bachelor-015","市场营销荣誉文学士","BA (Hons) in Marketing","","","","3年","90400.0","90400.0","MYR","90400","148961.12","148961.12","1.64780000","2026-09-25","UNKNOWN","","","DRAFT"
"UCSI_BACHELOR_016","UCSI","BUSINESS_MANAGEMENT","BACHELOR","ON_CAMPUS","ucsi-bachelor-016","物流管理荣誉文学士","BA (Hons) Logistics Management","","","","3年","90430.0","90430.0","MYR","90430","149010.55","149010.55","1.64780000","2026-09-25","UNKNOWN","","","DRAFT"
"UCSI_BACHELOR_017","UCSI","BUSINESS_MANAGEMENT","BACHELOR","ON_CAMPUS","ucsi-bachelor-017","供应链经营管理荣誉文学士","BA (Hons) Supply Chain Operations Management","","","","3年","90670.0","90670.0","MYR","90670","149406.03","149406.03","1.64780000","2026-09-25","UNKNOWN","","","DRAFT"
"UCSI_BACHELOR_018","UCSI","ACCOUNTING_FINANCE","BACHELOR","ON_CAMPUS","ucsi-bachelor-018","会计与金融荣誉商学士 - BComm (Hons)","Accounting and Finance","","","","3年","66340.0","66340.0","MYR","66340","109315.05","109315.05","1.64780000","2026-09-25","UNKNOWN","","","DRAFT"
"UCSI_BACHELOR_019","UCSI","BUSINESS_MANAGEMENT","BACHELOR","ON_CAMPUS","ucsi-bachelor-019","市场营销荣誉商学士 - BComm (Hons)","Marketing","","","","3年","67240.0","67240.0","MYR","67240","110798.07","110798.07","1.64780000","2026-09-25","UNKNOWN","","","DRAFT"
"UCSI_BACHELOR_020","UCSI","BUSINESS_MANAGEMENT","BACHELOR","ON_CAMPUS","ucsi-bachelor-020","商业贸易荣誉文学士","BA (Hons) in Commerce","","","","3年","92860.0","92860.0","MYR","92860","153014.71","153014.71","1.64780000","2026-09-25","UNKNOWN","","","DRAFT"
"UCSI_BACHELOR_021","UCSI","ACCOUNTING_FINANCE","BACHELOR","ON_CAMPUS","ucsi-bachelor-021","金融与投资荣誉理学士","BSc (Hons) Finance & Investment","","","","3年","90910.0","90910.0","MYR","90910","149801.50","149801.50","1.64780000","2026-09-25","UNKNOWN","","","DRAFT"
"UCSI_BACHELOR_022","UCSI","BUSINESS_MANAGEMENT","BACHELOR","ON_CAMPUS","ucsi-bachelor-022","创业学文学士","BA (Hons) Entrepreneurship","","","","3年","93430.0","93430.0","MYR","93430","153953.95","153953.95","1.64780000","2026-09-25","UNKNOWN","","","DRAFT"
"UCSI_BACHELOR_023","UCSI","BUSINESS_MANAGEMENT","BACHELOR","ON_CAMPUS","ucsi-bachelor-023","国际商务荣誉文学士","Bachelor of International Business (Honours)","","","","3年","67240.0","67240.0","MYR","67240","110798.07","110798.07","1.64780000","2026-09-25","UNKNOWN","","","DRAFT"
"UCSI_BACHELOR_024","UCSI","MATHEMATICS_STATISTICS","BACHELOR","ON_CAMPUS","ucsi-bachelor-024","精算学荣誉理学士","BSc of Science (Hons) Actuarial Science","","","","3年","95060.0","95060.0","MYR","95060","156639.87","156639.87","1.64780000","2026-09-25","UNKNOWN","","","DRAFT"
"UCSI_BACHELOR_025","UCSI","MATHEMATICS_STATISTICS","BACHELOR","ON_CAMPUS","ucsi-bachelor-025","精算学数据分析荣誉理学士","BSc of Science (Hons) Actuarial Science with data Analytics","","","","3年","102240.0","102240.0","MYR","102240","168471.07","168471.07","1.64780000","2026-09-25","UNKNOWN","","","DRAFT"
"UCSI_BACHELOR_026","UCSI","MATHEMATICS_STATISTICS","BACHELOR","ON_CAMPUS","ucsi-bachelor-026","精算学与金融荣誉理学士","BSc of Science (Hons) Actuarial Science and Finance","","","","3年","95790.0","95790.0","MYR","95790","157842.76","157842.76","1.64780000","2026-09-25","UNKNOWN","","","DRAFT"
"UCSI_BACHELOR_027","UCSI","COMPUTING_IT","BACHELOR","ON_CAMPUS","ucsi-bachelor-027","商业资讯系统荣誉理学士","BSc (Hons) Business Information Systems","","","","3年","93500.0","93500.0","MYR","93500","154069.30","154069.30","1.64780000","2026-09-25","UNKNOWN","","","DRAFT"
"UCSI_BACHELOR_028","UCSI","COMPUTING_IT","BACHELOR","ON_CAMPUS","ucsi-bachelor-028","计算机荣誉理学士","BSc (Hons) Computer Science","","","","3年","93330.0","93330.0","MYR","93330","153789.17","153789.17","1.64780000","2026-09-25","UNKNOWN","","","DRAFT"
"UCSI_BACHELOR_029","UCSI","COMPUTING_IT","BACHELOR","ON_CAMPUS","ucsi-bachelor-029","移动计算与网络荣誉电脑科学学士","Bachelor of Computer Science (Hons) Mobile Computing and Networking","","","","3年","92230.0","92230.0","MYR","92230","151976.59","151976.59","1.64780000","2026-09-25","UNKNOWN","","","DRAFT"
"UCSI_BACHELOR_030","UCSI","COMPUTING_IT","BACHELOR","ON_CAMPUS","ucsi-bachelor-030","数据科学荣誉电脑科学学士","Bachelor of Computer Science in Data Science with Honours","","","","3年","95310.0","95310.0","MYR","95310","157051.82","157051.82","1.64780000","2026-09-25","UNKNOWN","","","DRAFT"
"UCSI_BACHELOR_031","UCSI","ENGINEERING","BACHELOR","ON_CAMPUS","ucsi-bachelor-031","化学工程荣誉工程学士","BEng (Hons) Chemical Engineering","","","","4年","119610.0","119610.0","MYR","119610","197093.36","197093.36","1.64780000","2026-09-25","UNKNOWN","","","DRAFT"
"UCSI_BACHELOR_032","UCSI","ENGINEERING","BACHELOR","ON_CAMPUS","ucsi-bachelor-032","石油工程荣誉工程学士","BEng (Hons) Petroleum Engineering","","","","4年","121620.0","121620.0","MYR","121620","200405.44","200405.44","1.64780000","2026-09-25","UNKNOWN","","","DRAFT"
"UCSI_BACHELOR_033","UCSI","ENGINEERING","BACHELOR","ON_CAMPUS","ucsi-bachelor-033","机械工程荣誉工程学士","BEng (Hons) Mechanical Engineering","","","","4年","117715.0","117715.0","MYR","117715","193970.78","193970.78","1.64780000","2026-09-25","UNKNOWN","","","DRAFT"
"UCSI_BACHELOR_034","UCSI","ENGINEERING","BACHELOR","ON_CAMPUS","ucsi-bachelor-034","机械电子工程荣誉工程学士","BEng (Hons) in Mechatronic Engineering","","","","4年","118450.0","118450.0","MYR","118450","195181.91","195181.91","1.64780000","2026-09-25","UNKNOWN","","","DRAFT"
"UCSI_BACHELOR_035","UCSI","ENGINEERING","BACHELOR","ON_CAMPUS","ucsi-bachelor-035","土木工程荣誉工程学士","BEng (Hons) Civil Engineering","","","","4年","118700.0","118700.0","MYR","118700","195593.86","195593.86","1.64780000","2026-09-25","UNKNOWN","","","DRAFT"
"UCSI_BACHELOR_036","UCSI","ENGINEERING","BACHELOR","ON_CAMPUS","ucsi-bachelor-036","电气与电子工程荣誉工程学士","BEng (Hons) Electrical & Elec. Engineering","","","","4年","118615.0","118615.0","MYR","118615","195453.80","195453.80","1.64780000","2026-09-25","UNKNOWN","","","DRAFT"
"UCSI_BACHELOR_037","UCSI","COMPUTING_IT","BACHELOR","ON_CAMPUS","ucsi-bachelor-037","电脑工程（人工智能）荣誉工程学士","BEng（Hons)Computer Engineering （Artificial Intelligence)","","","","4年","126245.0","126245.0","MYR","126245","208026.51","208026.51","1.64780000","2026-09-25","UNKNOWN","","","DRAFT"
"UCSI_BACHELOR_038","UCSI","ENGINEERING","BACHELOR","ON_CAMPUS","ucsi-bachelor-038","能源工程荣誉学士","Bachelor of Energy Engineering with Honours","","","","4年","117890.0","117890.0","MYR","117890","194259.14","194259.14","1.64780000","2026-09-25","UNKNOWN","","","DRAFT"
"UCSI_BACHELOR_039","UCSI","ARCHITECTURE_BUILT_ENVIRONMENT","BACHELOR","ON_CAMPUS","ucsi-bachelor-039","室内建筑荣誉文学士","Bachelor of Arts (Hons) in Interior Architecture","","","","3.5年","103040.0","103040.0","MYR","103040","169789.31","169789.31","1.64780000","2026-09-25","UNKNOWN","","","DRAFT"
"UCSI_BACHELOR_040","UCSI","ARCHITECTURE_BUILT_ENVIRONMENT","BACHELOR","ON_CAMPUS","ucsi-bachelor-040","建筑学荣誉理学士","Bachelor of Science (Hons) in Architecture","","","","3.3年","122400.0","122400.0","MYR","122400","201690.72","201690.72","1.64780000","2026-09-25","UNKNOWN","","","DRAFT"
"UCSI_BACHELOR_041","UCSI","ARCHITECTURE_BUILT_ENVIRONMENT","BACHELOR","ON_CAMPUS","ucsi-bachelor-041","建筑工量检测荣誉学士","Bachelor of Quantity Surveying (hons)","","","","3.5年","103210.0","103210.0","MYR","103210","170069.44","170069.44","1.64780000","2026-09-25","UNKNOWN","","","DRAFT"
"UCSI_BACHELOR_042","UCSI","HOSPITALITY_TOURISM","BACHELOR","ON_CAMPUS","ucsi-bachelor-042","烹饪管理荣誉学士","Bachelor of Arts (Honours) in Culinary Management","","","","3年","81474.0","81474.0","MYR","81474","134252.86","134252.86","1.64780000","2026-09-25","UNKNOWN","","","DRAFT"
"UCSI_BACHELOR_043","UCSI","HOSPITALITY_TOURISM","BACHELOR","ON_CAMPUS","ucsi-bachelor-043","烹饪管理荣誉文学士","BA (Hons) Culinary Management","","","","3年","98850.0","98850.0","MYR","98850","162885.03","162885.03","1.64780000","2026-09-25","UNKNOWN","","","DRAFT"
"UCSI_BACHELOR_044","UCSI","HOSPITALITY_TOURISM","BACHELOR","ON_CAMPUS","ucsi-bachelor-044","酒店管理荣誉学士","Bachelor of Hospitality Administration","","","","3年","94950.0","94950.0","MYR","94950","156458.61","156458.61","1.64780000","2026-09-25","UNKNOWN","","","DRAFT"
"UCSI_BACHELOR_045","UCSI","HOSPITALITY_TOURISM","BACHELOR","ON_CAMPUS","ucsi-bachelor-045","活动策划与旅游管理荣誉文学士","BA (Hons) Event & Tourism Management","","","","3年","81474.0","81474.0","MYR","81474","134252.86","134252.86","1.64780000","2026-09-25","UNKNOWN","","","DRAFT"
"UCSI_BACHELOR_046","UCSI","HOSPITALITY_TOURISM","BACHELOR","ON_CAMPUS","ucsi-bachelor-046","酒店管理荣誉文学士","BA (Hons) Hospitality Management","","","","3年","84360.0","84360.0","MYR","84360","139008.41","139008.41","1.64780000","2026-09-25","UNKNOWN","","","DRAFT"
"UCSI_BACHELOR_047","UCSI","ALLIED_HEALTH","BACHELOR","ON_CAMPUS","ucsi-bachelor-047","医药与健康科学院 (Faculty of","Medicine & Health Sciences)","","","","","","","","","","","","","UNKNOWN","","","DRAFT"
"UCSI_BACHELOR_048","UCSI","MEDICINE","BACHELOR","ON_CAMPUS","ucsi-bachelor-048","医学学士","Doctor of Medicine (MD)","","","","5年","460860.0","460860.0","MYR","460860","759405.11","759405.11","1.64780000","2026-09-25","UNKNOWN","","","DRAFT"
"UCSI_BACHELOR_049","UCSI","NURSING","BACHELOR","ON_CAMPUS","ucsi-bachelor-049","护理学荣誉学士","Bachelor of Nursing (Hons)","","","","4年","106275.0","106275.0","MYR","106275","175119.95","175119.95","1.64780000","2026-09-25","UNKNOWN","","","DRAFT"
"UCSI_BACHELOR_050","UCSI","ALLIED_HEALTH","BACHELOR","ON_CAMPUS","ucsi-bachelor-050","眼科视光学荣誉学士","Bachelor of Optometry (Hons)","","","","4年","138860.0","138860.0","MYR","138860","228813.51","228813.51","1.64780000","2026-09-25","UNKNOWN","","","DRAFT"
"UCSI_BACHELOR_051","UCSI","PHARMACY","BACHELOR","ON_CAMPUS","ucsi-bachelor-051","药剂学荣誉学⼠","Bachelor of Pharmacy (Hons)","","","","4年","219912.0","219912.0","MYR","219912","362370.99","362370.99","1.64780000","2026-09-25","UNKNOWN","","","DRAFT"
"UCSI_BACHELOR_052","UCSI","NATURAL_SCIENCES","BACHELOR","ON_CAMPUS","ucsi-bachelor-052","配方学荣誉学士","Bachelor of Formulation Science (Honours)","","","","3年","113140.0","113140.0","MYR","113140","186432.09","186432.09","1.64780000","2026-09-25","UNKNOWN","","","DRAFT"
"UCSI_BACHELOR_053","UCSI","MEDIA_COMMUNICATION","BACHELOR","ON_CAMPUS","ucsi-bachelor-053","英语与传播荣誉文学士","BA (Hons) English Language & Communication","","","","3年","84230.0","84230.0","MYR","84230","138794.19","138794.19","1.64780000","2026-09-25","UNKNOWN","","","DRAFT"
"UCSI_BACHELOR_054","UCSI","MEDIA_COMMUNICATION","BACHELOR","ON_CAMPUS","ucsi-bachelor-054","大众传播荣誉文学士","BA (Hons) Mass Communication","","","","3年","91760.0","91760.0","MYR","91760","151202.13","151202.13","1.64780000","2026-09-25","UNKNOWN","","","DRAFT"
"UCSI_BACHELOR_055","UCSI","SOCIAL_SCIENCES","BACHELOR","ON_CAMPUS","ucsi-bachelor-055","心理学荣誉文学士","BA (Hons) Psychology","","","","3年","92190.0","92190.0","MYR","92190","151910.68","151910.68","1.64780000","2026-09-25","UNKNOWN","","","DRAFT"
"UCSI_BACHELOR_056","UCSI","EDUCATION","BACHELOR","ON_CAMPUS","ucsi-bachelor-056","幼儿教育荣誉学士","Bachelor of Early Childhood Education (Honours)","","","","3年","90530.0","90530.0","MYR","90530","149175.33","149175.33","1.64780000","2026-09-25","UNKNOWN","","","DRAFT"
"UCSI_BACHELOR_057","UCSI","DESIGN_CREATIVE_ARTS","BACHELOR","ON_CAMPUS","ucsi-bachelor-057","时装设计与市场营销荣誉文学士","BA (Hons) Fashion Design with Marketing","","","","3年","98510.0","98510.0","MYR","98510","162324.78","162324.78","1.64780000","2026-09-25","UNKNOWN","","","DRAFT"
"UCSI_BACHELOR_058","UCSI","DESIGN_CREATIVE_ARTS","BACHELOR","ON_CAMPUS","ucsi-bachelor-058","平面设计荣誉文学士","BA (Hons) Graphic Design","","","","3年","89395.0","89395.0","MYR","89395","147305.08","147305.08","1.64780000","2026-09-25","UNKNOWN","","","DRAFT"
"UCSI_BACHELOR_059","UCSI","MEDIA_COMMUNICATION","BACHELOR","ON_CAMPUS","ucsi-bachelor-059","多媒体设计荣誉文学士","BA (Hons) Multimedia Design","","","","3年","92910.0","92910.0","MYR","92910","153097.10","153097.10","1.64780000","2026-09-25","UNKNOWN","","","DRAFT"
"UCSI_BACHELOR_060","UCSI","DESIGN_CREATIVE_ARTS","BACHELOR","ON_CAMPUS","ucsi-bachelor-060","三维动画设计荣誉创意艺术学士","BCA (Hons) 3D Animation Design","","","","3年","94514.0","94514.0","MYR","94514","155740.17","155740.17","1.64780000","2026-09-25","UNKNOWN","","","DRAFT"
"UCSI_BACHELOR_061","UCSI","DESIGN_CREATIVE_ARTS","BACHELOR","ON_CAMPUS","ucsi-bachelor-061","游戏设计荣誉文学士","BA (Hons) Game Design","","","","3年","91716.0","91716.0","MYR","91716","151129.62","151129.62","1.64780000","2026-09-25","UNKNOWN","","","DRAFT"
"UCSI_BACHELOR_062","UCSI","DESIGN_CREATIVE_ARTS","BACHELOR","ON_CAMPUS","ucsi-bachelor-062","古典音乐荣誉学士","Bachelor of Classical Music (Hons)","","","","3年","123530.0","123530.0","MYR","123530","203552.73","203552.73","1.64780000","2026-09-25","UNKNOWN","","","DRAFT"
"UCSI_BACHELOR_063","UCSI","DESIGN_CREATIVE_ARTS","BACHELOR","ON_CAMPUS","ucsi-bachelor-063","现代音乐荣誉学士","Bachelor of Contemporary Music (Hons)","","","","3年","123530.0","123530.0","MYR","123530","203552.73","203552.73","1.64780000","2026-09-25","UNKNOWN","","","DRAFT"
"INTI_BACHELOR_001","INTI","BUSINESS_MANAGEMENT","BACHELOR","ON_CAMPUS","inti-bachelor-001","工商管理","Business Administration","","","","6","72250.0","72250.0","MYR","72250","119053.55","119053.55","1.64780000","2026-09-25","UNKNOWN","","","DRAFT"
"INTI_BACHELOR_002","INTI","BUSINESS_MANAGEMENT","BACHELOR","ON_CAMPUS","inti-bachelor-002","国际商务International","Business","","","","6","72250.0","72250.0","MYR","72250","119053.55","119053.55","1.64780000","2026-09-25","UNKNOWN","","","DRAFT"
"INTI_BACHELOR_003","INTI","BUSINESS_MANAGEMENT","BACHELOR","ON_CAMPUS","inti-bachelor-003","物流和供应链管理","Logistics and Supply Chain Management","","","","6","72250.0","72250.0","MYR","72250","119053.55","119053.55","1.64780000","2026-09-25","UNKNOWN","","","DRAFT"
"INTI_BACHELOR_004","INTI","BUSINESS_MANAGEMENT","BACHELOR","ON_CAMPUS","inti-bachelor-004","国际商务及物流供应链管理International","Business and Logistics Supply Chain Management","","","","6","72250.0","72250.0","MYR","72250","119053.55","119053.55","1.64780000","2026-09-25","UNKNOWN","","","DRAFT"
"INTI_BACHELOR_005","INTI","BUSINESS_MANAGEMENT","BACHELOR","ON_CAMPUS","inti-bachelor-005","人力资源","Human Resources","","","","6","72250.0","72250.0","MYR","72250","119053.55","119053.55","1.64780000","2026-09-25","UNKNOWN","","","DRAFT"
"INTI_BACHELOR_006","INTI","ACCOUNTING_FINANCE","BACHELOR","ON_CAMPUS","inti-bachelor-006","金融","Financing","","","","6","72250.0","72250.0","MYR","72250","119053.55","119053.55","1.64780000","2026-09-25","UNKNOWN","","","DRAFT"
"INTI_BACHELOR_007","INTI","ACCOUNTING_FINANCE","BACHELOR","ON_CAMPUS","inti-bachelor-007","会计","Accountants","","","","6","72250.0","72250.0","MYR","72250","119053.55","119053.55","1.64780000","2026-09-25","UNKNOWN","","","DRAFT"
"INTI_BACHELOR_008","INTI","BUSINESS_MANAGEMENT","BACHELOR","ON_CAMPUS","inti-bachelor-008","商业心理学","Business Psychology","","","","6","72250.0","72250.0","MYR","72250","119053.55","119053.55","1.64780000","2026-09-25","UNKNOWN","","","DRAFT"
"INTI_BACHELOR_009","INTI","BUSINESS_MANAGEMENT","BACHELOR","ON_CAMPUS","inti-bachelor-009","市场营销","Marketing","","","","6","72250.0","72250.0","MYR","72250","119053.55","119053.55","1.64780000","2026-09-25","UNKNOWN","","","DRAFT"
"INTI_BACHELOR_010","INTI","BUSINESS_MANAGEMENT","BACHELOR","ON_CAMPUS","inti-bachelor-010","数字化企业管理","Digital Enterprise Management","","","","6","72250.0","72250.0","MYR","72250","119053.55","119053.55","1.64780000","2026-09-25","UNKNOWN","","","DRAFT"
"INTI_BACHELOR_011","INTI","BUSINESS_MANAGEMENT","BACHELOR","ON_CAMPUS","inti-bachelor-011","创业学及市场营销Entrepreneurship and","Marketing","","","","6","72250.0","72250.0","MYR","72250","119053.55","119053.55","1.64780000","2026-09-25","UNKNOWN","","","DRAFT"
"INTI_BACHELOR_012","INTI","ACCOUNTING_FINANCE","BACHELOR","ON_CAMPUS","inti-bachelor-012","银行和金融","Banking and finance","","","","6","74194.0","74194.0","MYR","74194","122256.87","122256.87","1.64780000","2026-09-25","UNKNOWN","","","DRAFT"
"INTI_BACHELOR_013","INTI","ACCOUNTING_FINANCE","BACHELOR","ON_CAMPUS","inti-bachelor-013","会计和金融:ACCA/CPA减免","Accounting and Finance: ACCA/CPA Derogation","","","","6","76535.0","76535.0","MYR","76535","126114.37","126114.37","1.64780000","2026-09-25","UNKNOWN","","","DRAFT"
"INTI_BACHELOR_014","INTI","ACCOUNTING_FINANCE","BACHELOR","ON_CAMPUS","inti-bachelor-014","会计学：ACCA/CPA减免","Accounting: ACCA/CPA Reductions","","","","8","92716.0","92716.0","MYR","92716","152777.42","152777.42","1.64780000","2026-09-25","UNKNOWN","","","DRAFT"
"INTI_BACHELOR_015","INTI","COMPUTING_IT","BACHELOR","ON_CAMPUS","inti-bachelor-015","计算机科学：网络与移动计算机","Computer Science: Networking and Mobile Computing","","","","6","75040.0","75040.0","MYR","75040","123650.91","123650.91","1.64780000","2026-09-25","UNKNOWN","","","DRAFT"
"INTI_BACHELOR_016","INTI","COMPUTING_IT","BACHELOR","ON_CAMPUS","inti-bachelor-016","网络安全","Network Security","","","","6","75040.0","75040.0","MYR","75040","123650.91","123650.91","1.64780000","2026-09-25","UNKNOWN","","","DRAFT"
"INTI_BACHELOR_017","INTI","COMPUTING_IT","BACHELOR","ON_CAMPUS","inti-bachelor-017","软件工程","Software Engineering","","","","6","75040.0","75040.0","MYR","75040","123650.91","123650.91","1.64780000","2026-09-25","UNKNOWN","","","DRAFT"
"INTI_BACHELOR_018","INTI","BUSINESS_MANAGEMENT","BACHELOR","ON_CAMPUS","inti-bachelor-018","商业分析","Business Analysis","","","","6","75040.0","75040.0","MYR","75040","123650.91","123650.91","1.64780000","2026-09-25","UNKNOWN","","","DRAFT"
"INTI_BACHELOR_019","INTI","COMPUTING_IT","BACHELOR","ON_CAMPUS","inti-bachelor-019","云计算","Cloud Computing","","","","6","75040.0","75040.0","MYR","75040","123650.91","123650.91","1.64780000","2026-09-25","UNKNOWN","","","DRAFT"
"INTI_BACHELOR_020","INTI","COMPUTING_IT","BACHELOR","ON_CAMPUS","inti-bachelor-020","信息技术","Information Technology","","","","6","68768.0","68768.0","MYR","68768","113315.91","113315.91","1.64780000","2026-09-25","UNKNOWN","","","DRAFT"
"INTI_BACHELOR_021","INTI","NATURAL_SCIENCES","BACHELOR","ON_CAMPUS","inti-bachelor-021","生物科技","Biotechnology","","","","6","80118.0","80118.0","MYR","80118","132018.44","132018.44","1.64780000","2026-09-25","UNKNOWN","","","DRAFT"
"INTI_BACHELOR_022","INTI","ALLIED_HEALTH","BACHELOR","ON_CAMPUS","inti-bachelor-022","理疗学","Physiotherapy","","","","8","92689.0","92689.0","MYR","92689","152732.93","152732.93","1.64780000","2026-09-25","UNKNOWN","","","DRAFT"
"INTI_BACHELOR_023","INTI","ALLIED_HEALTH","BACHELOR","ON_CAMPUS","inti-bachelor-023","中医学Traditional Chinese","Medicine","","","","10","133814.0","133814.0","MYR","133814","220498.71","220498.71","1.64780000","2026-09-25","UNKNOWN","","","DRAFT"
"INTI_BACHELOR_024","INTI","ENGINEERING","BACHELOR","ON_CAMPUS","inti-bachelor-024","数字化建设","Digital Construction","","","","6","78030.0","78030.0","MYR","78030","128577.83","128577.83","1.64780000","2026-09-25","UNKNOWN","","","DRAFT"
"INTI_BACHELOR_025","INTI","ENGINEERING","BACHELOR","ON_CAMPUS","inti-bachelor-025","智能制造","Intelligent Manufacturing","","","","6","78047.0","78047.0","MYR","78047","128605.85","128605.85","1.64780000","2026-09-25","UNKNOWN","","","DRAFT"
"INTI_BACHELOR_026","INTI","DESIGN_CREATIVE_ARTS","BACHELOR","ON_CAMPUS","inti-bachelor-026","智能化工艺及产品设计","Intelligent Process and Product Design","","","","6","78047.0","78047.0","MYR","78047","128605.85","128605.85","1.64780000","2026-09-25","UNKNOWN","","","DRAFT"
"INTI_BACHELOR_027","INTI","ENGINEERING","BACHELOR","ON_CAMPUS","inti-bachelor-027","工程测量","Engineering Measurement","","","","7","74050.0","74050.0","MYR","74050","122019.59","122019.59","1.64780000","2026-09-25","UNKNOWN","","","DRAFT"
"INTI_BACHELOR_028","INTI","ENGINEERING","BACHELOR","ON_CAMPUS","inti-bachelor-028","机械工程","Mechanical Engineering","","","","8","84212.0","84212.0","MYR","84212","138764.53","138764.53","1.64780000","2026-09-25","UNKNOWN","","","DRAFT"
"INTI_BACHELOR_029","INTI","ENGINEERING","BACHELOR","ON_CAMPUS","inti-bachelor-029","土木工程","Civil Engineering","","","","8","84049.0","84049.0","MYR","84049","138495.94","138495.94","1.64780000","2026-09-25","UNKNOWN","","","DRAFT"
"INTI_BACHELOR_030","INTI","MEDIA_COMMUNICATION","BACHELOR","ON_CAMPUS","inti-bachelor-030","大众传媒：广告学、新闻、公共关系、广播等","Mass media: advertising, journalism, public relations, broadcasting, etc.","","","","6","68786.0","68786.0","MYR","68786","113345.57","113345.57","1.64780000","2026-09-25","UNKNOWN","","","DRAFT"
"INTI_BACHELOR_031","INTI","MEDIA_COMMUNICATION","BACHELOR","ON_CAMPUS","inti-bachelor-031","数字媒体","Digital Media","","","","6","75860.0","75860.0","MYR","75860","125002.11","125002.11","1.64780000","2026-09-25","UNKNOWN","","","DRAFT"
"INTI_BACHELOR_032","INTI","BUSINESS_MANAGEMENT","BACHELOR","ON_CAMPUS","inti-bachelor-032","工商管理","business administration","","","","6","81340.0","81340.0","MYR","81340","134032.05","134032.05","1.64780000","2026-09-25","UNKNOWN","","","DRAFT"
"INTI_BACHELOR_033","INTI","ACCOUNTING_FINANCE","BACHELOR","ON_CAMPUS","inti-bachelor-033","金融","financing","","","","6","81340.0","81340.0","MYR","81340","134032.05","134032.05","1.64780000","2026-09-25","UNKNOWN","","","DRAFT"
"INTI_BACHELOR_034","INTI","BUSINESS_MANAGEMENT","BACHELOR","ON_CAMPUS","inti-bachelor-034","市场营销","marketing","","","","6","81340.0","81340.0","MYR","81340","134032.05","134032.05","1.64780000","2026-09-25","UNKNOWN","","","DRAFT"
"INTI_BACHELOR_035","INTI","ACCOUNTING_FINANCE","BACHELOR","ON_CAMPUS","inti-bachelor-035","会计与金融","Accounting and Finance","","","","6","81370.0","81370.0","MYR","81370","134081.49","134081.49","1.64780000","2026-09-25","UNKNOWN","","","DRAFT"
"INTI_BACHELOR_036","INTI","MEDIA_COMMUNICATION","BACHELOR","ON_CAMPUS","inti-bachelor-036","大众传媒：影评、娱记 、电影电视娱乐等","Mass media: movie reviews, entertainment, film and television entertainment, etc.","","","","6","80450.0","80450.0","MYR","80450","132565.51","132565.51","1.64780000","2026-09-25","UNKNOWN","","","DRAFT"
"INTI_BACHELOR_037","INTI","DESIGN_CREATIVE_ARTS","BACHELOR","ON_CAMPUS","inti-bachelor-037","平面设计","graphic design","","","","6","83324.0","83324.0","MYR","83324","137301.29","137301.29","1.64780000","2026-09-25","UNKNOWN","","","DRAFT"
"INTI_BACHELOR_038","INTI","MEDIA_COMMUNICATION","BACHELOR","ON_CAMPUS","inti-bachelor-038","时尚管理与传播","Fashion Management and Communication","","","","6","83330.0","83330.0","MYR","83330","137311.17","137311.17","1.64780000","2026-09-25","UNKNOWN","","","DRAFT"
"INTI_BACHELOR_039","INTI","ARCHITECTURE_BUILT_ENVIRONMENT","BACHELOR","ON_CAMPUS","inti-bachelor-039","室内建筑设计","Interior Architectural Design","","","","6","88688.0","88688.0","MYR","88688","146140.09","146140.09","1.64780000","2026-09-25","UNKNOWN","","","DRAFT"
"INTI_BACHELOR_040","INTI","NATURAL_SCIENCES","BACHELOR","ON_CAMPUS","inti-bachelor-040","商学","Commercial Science","","","","6","86882.0","86882.0","MYR","86882","143164.16","143164.16","1.64780000","2026-09-25","UNKNOWN","","","DRAFT"
"INTI_BACHELOR_041","INTI","MEDIA_COMMUNICATION","BACHELOR","ON_CAMPUS","inti-bachelor-041","信息传播技术","Information and Communication Technology","","","","6","86900.0","86900.0","MYR","86900","143193.82","143193.82","1.64780000","2026-09-25","UNKNOWN","","","DRAFT"
"INTI_BACHELOR_042","INTI","MEDIA_COMMUNICATION","BACHELOR","ON_CAMPUS","inti-bachelor-042","媒体与传播学","Media and Communication","","","","6","86900.0","86900.0","MYR","86900","143193.82","143193.82","1.64780000","2026-09-25","UNKNOWN","","","DRAFT"
"INTI_BACHELOR_043","INTI","SOCIAL_SCIENCES","BACHELOR","ON_CAMPUS","inti-bachelor-043","心理学","Psychology","","","","6","90300.0","90300.0","MYR","90300","148796.34","148796.34","1.64780000","2026-09-25","UNKNOWN","","","DRAFT"
"INTI_BACHELOR_044","INTI","MEDIA_COMMUNICATION","BACHELOR","ON_CAMPUS","inti-bachelor-044","传播学","Communication Studies","","","","6","88260.0","88260.0","MYR","88260","145434.83","145434.83","1.64780000","2026-09-25","UNKNOWN","","","DRAFT"
"SUNWAY_BACHELOR_001","SUNWAY","MEDIA_COMMUNICATION","BACHELOR","ON_CAMPUS","sunway-bachelor-001","文学学士（荣誉学位）数字电影制作","Bachelor of Arts (Honours) Digital Film Production","","","","6","8322.0","8322.0","MYR","USD8,322","13712.99","13712.99","1.64780000","2026-09-25","UNKNOWN","","","DRAFT"
"SUNWAY_BACHELOR_002","SUNWAY","DESIGN_CREATIVE_ARTS","BACHELOR","ON_CAMPUS","sunway-bachelor-002","戏剧制作文学士（荣誉）","Bachelor of Arts (Honours) in Theatre Production","","","","6","7867.0","7867.0","MYR","USD7,867","12963.24","12963.24","1.64780000","2026-09-25","UNKNOWN","","","DRAFT"
"SUNWAY_BACHELOR_003","SUNWAY","ARTS_HUMANITIES","BACHELOR","ON_CAMPUS","sunway-bachelor-003","广告与品牌文学学士（荣誉）学位","Bachelor of Arts (Hons) in Advertising and Branding","","","","6","8322.0","8322.0","MYR","USD8,322","13712.99","13712.99","1.64780000","2026-09-25","UNKNOWN","","","DRAFT"
"SUNWAY_BACHELOR_004","SUNWAY","MEDIA_COMMUNICATION","BACHELOR","ON_CAMPUS","sunway-bachelor-004","设计传播文学士（荣誉学位）","Bachelor of Arts (Honours) Design Communication","","","","6","8257.0","8257.0","MYR","USD8,257","13605.88","13605.88","1.64780000","2026-09-25","UNKNOWN","","","DRAFT"
"SUNWAY_BACHELOR_005","SUNWAY","DESIGN_CREATIVE_ARTS","BACHELOR","ON_CAMPUS","sunway-bachelor-005","文学学士（荣誉学位）当代音乐（音频技术）","Bachelor of Arts (Honours) Contemporary Music (Audio Technology)","","","","6","8322.0","8322.0","MYR","USD8,322","13712.99","13712.99","1.64780000","2026-09-25","UNKNOWN","","","DRAFT"
"SUNWAY_BACHELOR_006","SUNWAY","DESIGN_CREATIVE_ARTS","BACHELOR","ON_CAMPUS","sunway-bachelor-006","文学学士（荣誉学位）音乐表演","Bachelor of Arts (Honours) Music Performance","","","","6","8322.0","8322.0","MYR","USD8,322","13712.99","13712.99","1.64780000","2026-09-25","UNKNOWN","","","DRAFT"
"SUNWAY_BACHELOR_007","SUNWAY","MEDIA_COMMUNICATION","BACHELOR","ON_CAMPUS","sunway-bachelor-007","设计传播学（荣誉）文学士","BA (Hons) Design Communication","","","","6","8257.0","8257.0","MYR","USD8,257","13605.88","13605.88","1.64780000","2026-09-25","UNKNOWN","","","DRAFT"
"SUNWAY_BACHELOR_008","SUNWAY","ARCHITECTURE_BUILT_ENVIRONMENT","BACHELOR","ON_CAMPUS","sunway-bachelor-008","室内建筑学士（荣誉）学位","BA (Hons) in Interior Architecture","","","","7","8517.0","8517.0","MYR","USD8,517","14034.31","14034.31","1.64780000","2026-09-25","UNKNOWN","","","DRAFT"
"SUNWAY_BACHELOR_009","SUNWAY","COMPUTING_IT","BACHELOR","ON_CAMPUS","sunway-bachelor-009","计算机科学理学士（荣誉）学位","BACHELOR OF SCIENCE (HONOURS) IN COMPUTER SCIENCE","","","","6","8257.0","8257.0","MYR","USD8,257","13605.88","13605.88","1.64780000","2026-09-25","UNKNOWN","","","DRAFT"
"SUNWAY_BACHELOR_010","SUNWAY","COMPUTING_IT","BACHELOR","ON_CAMPUS","sunway-bachelor-010","软件工程学士（荣誉）","Bachelor of Software Engineering (Hons)","","","","6","8496.0","8496.0","MYR","USD8,496","13999.71","13999.71","1.64780000","2026-09-25","UNKNOWN","","","DRAFT"
"SUNWAY_BACHELOR_011","SUNWAY","COMPUTING_IT","BACHELOR","ON_CAMPUS","sunway-bachelor-011","信息系统学士（荣誉）（数据分析）","Bachelor of Information Systems (Honours) (Data Analytics)","","","","6","8496.0","8496.0","MYR","USD8,496","13999.71","13999.71","1.64780000","2026-09-25","UNKNOWN","","","DRAFT"
"SUNWAY_BACHELOR_012","SUNWAY","COMPUTING_IT","BACHELOR","ON_CAMPUS","sunway-bachelor-012","信息技术理学学士（荣誉学位）（计算机网络和安全）","Bsc (Hons) Information Technology (Computer Networking and Security)","","","","6","8257.0","8257.0","MYR","USD8,257","13605.88","13605.88","1.64780000","2026-09-25","UNKNOWN","","","DRAFT"
"SUNWAY_BACHELOR_013","SUNWAY","COMPUTING_IT","BACHELOR","ON_CAMPUS","sunway-bachelor-013","信息技术理学士（荣誉）学位","Bachelor of Science (Honours) in Information Technology","","","","6","8257.0","8257.0","MYR","USD8,257","13605.88","13605.88","1.64780000","2026-09-25","UNKNOWN","","","DRAFT"
"SUNWAY_BACHELOR_014","SUNWAY","ENGINEERING","BACHELOR","ON_CAMPUS","sunway-bachelor-014","机械工程荣誉学士","Bachelor of Mechanical Engineering with Honours","","","","8","7996.0","7996.0","MYR","USD7,996","13175.81","13175.81","1.64780000","2026-09-25","UNKNOWN","","","DRAFT"
"SUNWAY_BACHELOR_015","SUNWAY","ENGINEERING","BACHELOR","ON_CAMPUS","sunway-bachelor-015","电子电气工程学士（荣誉）","Bachelor of Electronic and Electrical Engineering WITH HONOURS","","","","8","8039.0","8039.0","MYR","USD8,039","13246.66","13246.66","1.64780000","2026-09-25","UNKNOWN","","","DRAFT"
"SUNWAY_BACHELOR_017","SUNWAY","HOSPITALITY_TOURISM","BACHELOR","ON_CAMPUS","sunway-bachelor-017","国际酒店管理理学学士（荣誉）学位","Bachelor of Science (Hons) in International Hospitality Management","","","","4","7996.0","7996.0","MYR","USD7,996","13175.81","13175.81","1.64780000","2026-09-25","UNKNOWN","","","DRAFT"
"SUNWAY_BACHELOR_018","SUNWAY","HOSPITALITY_TOURISM","BACHELOR","ON_CAMPUS","sunway-bachelor-018","烹饪管理理学学士（荣誉）学位","Bachelor of Science (Hons) in Culinary Management","","","","6","8278.0","8278.0","MYR","USD8,278","13640.49","13640.49","1.64780000","2026-09-25","UNKNOWN","","","DRAFT"
"SUNWAY_BACHELOR_019","SUNWAY","BUSINESS_MANAGEMENT","BACHELOR","ON_CAMPUS","sunway-bachelor-019","会议与活动管理理学学士（荣誉）","Bachelor of Science (Honours) in Conventions and Events Management","","","","6","7930.0","7930.0","MYR","USD7,930","13067.05","13067.05","1.64780000","2026-09-25","UNKNOWN","","","DRAFT"
"SUNWAY_BACHELOR_020","SUNWAY","MATHEMATICS_STATISTICS","BACHELOR","ON_CAMPUS","sunway-bachelor-020","精算研究理学士（荣誉）学位","BSc (Hons) in Actuarial Studies","","","","6","7822.0","7822.0","MYR","USD7,822","12889.09","12889.09","1.64780000","2026-09-25","UNKNOWN","","","DRAFT"
"SUNWAY_BACHELOR_021","SUNWAY","MATHEMATICS_STATISTICS","BACHELOR","ON_CAMPUS","sunway-bachelor-021","统计数据建模理学士（荣誉）学位","BSc (Hons) in Statistical Data Modelling","","","","6","7822.0","7822.0","MYR","USD7,822","12889.09","12889.09","1.64780000","2026-09-25","UNKNOWN","","","DRAFT"
"SUNWAY_BACHELOR_022","SUNWAY","NATURAL_SCIENCES","BACHELOR","ON_CAMPUS","sunway-bachelor-022","生物学与心理学理学士（荣誉学位）","Bsc (Hons) Biology WITH Psychology","","","","6","8257.0","8257.0","MYR","USD8,257","13605.88","13605.88","1.64780000","2026-09-25","UNKNOWN","","","DRAFT"
"SUNWAY_BACHELOR_023","SUNWAY","NATURAL_SCIENCES","BACHELOR","ON_CAMPUS","sunway-bachelor-023","医学生物技术理学士（荣誉）","BSc (Hons) Medical Biotechnology","","","","6","8257.0","8257.0","MYR","USD8,257","13605.88","13605.88","1.64780000","2026-09-25","UNKNOWN","","","DRAFT"
"SUNWAY_BACHELOR_024","SUNWAY","NATURAL_SCIENCES","BACHELOR","ON_CAMPUS","sunway-bachelor-024","生物医学理学士（荣誉学位）","BSc (Hons) Biomedicine","","","","6","9083.0","9083.0","MYR","USD9,083","14966.97","14966.97","1.64780000","2026-09-25","UNKNOWN","","","DRAFT"
"SUNWAY_BACHELOR_025","SUNWAY","SOCIAL_SCIENCES","BACHELOR","ON_CAMPUS","sunway-bachelor-025","心理学理学学士（荣誉）","BSc (Hons) Psychology","","","","6","8257.0","8257.0","MYR","USD8,257","13605.88","13605.88","1.64780000","2026-09-25","UNKNOWN","","","DRAFT"
"SUNWAY_BACHELOR_026","SUNWAY","ACCOUNTING_FINANCE","BACHELOR","ON_CAMPUS","sunway-bachelor-026","会计与金融理学士（荣誉）学位","BSc (Hons) in Accounting & Finance","","","","6","8387.0","8387.0","MYR","USD8,387","13820.10","13820.10","1.64780000","2026-09-25","UNKNOWN","","","DRAFT"
"SUNWAY_BACHELOR_027","SUNWAY","ACCOUNTING_FINANCE","BACHELOR","ON_CAMPUS","sunway-bachelor-027","金融学学士（荣誉）学位","Bachelor (Hons) in Finance","","","","6","8257.0","8257.0","MYR","USD8,257","13605.88","13605.88","1.64780000","2026-09-25","UNKNOWN","","","DRAFT"
"SUNWAY_BACHELOR_028","SUNWAY","BUSINESS_MANAGEMENT","BACHELOR","ON_CAMPUS","sunway-bachelor-028","理学士（荣誉）财务分析","BSc (Hons) Financial Analysis","","","","6","8257.0","8257.0","MYR","USD8,257","13605.88","13605.88","1.64780000","2026-09-25","UNKNOWN","","","DRAFT"
"SUNWAY_BACHELOR_029","SUNWAY","ACCOUNTING_FINANCE","BACHELOR","ON_CAMPUS","sunway-bachelor-029","理学学士（荣誉）金融经济学","BSc (Hons) Financial Economics","","","","6","8257.0","8257.0","MYR","USD8,257","13605.88","13605.88","1.64780000","2026-09-25","UNKNOWN","","","DRAFT"
"SUNWAY_BACHELOR_030","SUNWAY","BUSINESS_MANAGEMENT","BACHELOR","ON_CAMPUS","sunway-bachelor-030","商业分析学士（荣誉）","Bachelor of Business Analytics (Hons)","","","","6","8257.0","8257.0","MYR","USD8,257","13605.88","13605.88","1.64780000","2026-09-25","UNKNOWN","","","DRAFT"
"SUNWAY_BACHELOR_031","SUNWAY","BUSINESS_MANAGEMENT","BACHELOR","ON_CAMPUS","sunway-bachelor-031","工商管理理学士（荣誉）","BSc (Hons) Business Management","","","","6","8257.0","8257.0","MYR","USD8,257","13605.88","13605.88","1.64780000","2026-09-25","UNKNOWN","","","DRAFT"
"SUNWAY_BACHELOR_032","SUNWAY","BUSINESS_MANAGEMENT","BACHELOR","ON_CAMPUS","sunway-bachelor-032","创业学（荣誉）文学士","BA (Hons) Entrepreneurship","","","","6","8257.0","8257.0","MYR","USD8,257","13605.88","13605.88","1.64780000","2026-09-25","UNKNOWN","","","DRAFT"
"SUNWAY_BACHELOR_033","SUNWAY","BUSINESS_MANAGEMENT","BACHELOR","ON_CAMPUS","sunway-bachelor-033","国际商务理学士（荣誉）学位","BSc (Hons) in International Business","","","","6","8257.0","8257.0","MYR","USD8,257","13605.88","13605.88","1.64780000","2026-09-25","UNKNOWN","","","DRAFT"
"SUNWAY_BACHELOR_034","SUNWAY","BUSINESS_MANAGEMENT","BACHELOR","ON_CAMPUS","sunway-bachelor-034","理学士（荣誉）全球供应链管理","BSc (Hons) Global Supply Chain Management","","","","6","8257.0","8257.0","MYR","USD8,257","13605.88","13605.88","1.64780000","2026-09-25","UNKNOWN","","","DRAFT"
"SUNWAY_BACHELOR_035","SUNWAY","BUSINESS_MANAGEMENT","BACHELOR","ON_CAMPUS","sunway-bachelor-035","理学士（荣誉）商业研究","BSc (Hons) Business Studies","","","","6","8257.0","8257.0","MYR","USD8,257","13605.88","13605.88","1.64780000","2026-09-25","UNKNOWN","","","DRAFT"
"SUNWAY_BACHELOR_036","SUNWAY","BUSINESS_MANAGEMENT","BACHELOR","ON_CAMPUS","sunway-bachelor-036","市场营销理学士（荣誉）","BSc (Hons) Marketing","","","","6","8257.0","8257.0","MYR","USD8,257","13605.88","13605.88","1.64780000","2026-09-25","UNKNOWN","","","DRAFT"
"MAHSA_BACHELOR_001","MAHSA","COMPUTING_IT","BACHELOR","ON_CAMPUS","mahsa-bachelor-001","信息技术学士","BACHELOR OF INFORMATION TECHNOLOGY","","","","8","73600.0","73600.0","MYR","73600","121278.08","121278.08","1.64780000","2026-09-25","UNKNOWN","","","DRAFT"
"MAHSA_BACHELOR_002","MAHSA","COMPUTING_IT","BACHELOR","ON_CAMPUS","mahsa-bachelor-002","计算机科学学士","BACHELOR OF COMPUTER SCIENCE","","","","8","73600.0","73600.0","MYR","73600","121278.08","121278.08","1.64780000","2026-09-25","UNKNOWN","","","DRAFT"
"MAHSA_BACHELOR_003","MAHSA","COMPUTING_IT","BACHELOR","ON_CAMPUS","mahsa-bachelor-003","软件工程学士（信息系统开发）","BACHELOR OF SOFTWARE ENGINEERING (INFORMATION SYSTEM DEVELOPMENT)","","","","8","73600.0","73600.0","MYR","73600","121278.08","121278.08","1.64780000","2026-09-25","UNKNOWN","","","DRAFT"
"MAHSA_BACHELOR_004","MAHSA","COMPUTING_IT","BACHELOR","ON_CAMPUS","mahsa-bachelor-004","软件工程学士（多媒体系统开发）","BACHELOR OF SOFTWARE ENGINEERING (MULTIMEDIA SYSTEM DEVELOPMENT)","","","","8","67500.0","67500.0","MYR","67500","111226.50","111226.50","1.64780000","2026-09-25","UNKNOWN","","","DRAFT"
"SEGI_BACHELOR_001","SEGI","BUSINESS_MANAGEMENT","BACHELOR","ON_CAMPUS","segi-bachelor-001","商务管理（荣誉）学士学位","","","","","6","54975.0","54975.0","MYR","RM 54,975","90587.81","90587.81","1.64780000","2026-09-25","UNKNOWN","","","DRAFT"
"CITY_BACHELOR_001","CITY","DESIGN_CREATIVE_ARTS","BACHELOR","ON_CAMPUS","city-bachelor-001","平面设计学士（荣誉）","Bachelor of Graphic Design (Hons)","","","","3Y/9S","52080.0","52080.0","MYR","RM52,080","85817.42","85817.42","1.64780000","2026-09-25","UNKNOWN","","","DRAFT"
"CITY_BACHELOR_002","CITY","DESIGN_CREATIVE_ARTS","BACHELOR","ON_CAMPUS","city-bachelor-002","时装设计学士（荣誉学位）（ModArt 双学位 - Fran","Bachelor of Fashion Design (Hons) (ModArt Dual Award - Fran","","","","3Y/9S","70200.0","70200.0","MYR","RM70,200","115675.56","115675.56","1.64780000","2026-09-25","UNKNOWN","","","DRAFT"
"CITY_BACHELOR_003","CITY","MEDIA_COMMUNICATION","BACHELOR","ON_CAMPUS","city-bachelor-003","多媒体荣誉学士","Bachelor of Multimedia (Hons)","","","","3Y/9S","52010.0","52010.0","MYR","RM52,010","85702.08","85702.08","1.64780000","2026-09-25","UNKNOWN","","","DRAFT"
"CITY_BACHELOR_004","CITY","MEDIA_COMMUNICATION","BACHELOR","ON_CAMPUS","city-bachelor-004","企业传播方向传播学荣誉学士","Bachelor of Communication (Hons) Corporate Communication","","","","3Y/9S","52095.0","52095.0","MYR","RM52,095","85842.14","85842.14","1.64780000","2026-09-25","UNKNOWN","","","DRAFT"
"CITY_BACHELOR_005","CITY","MEDIA_COMMUNICATION","BACHELOR","ON_CAMPUS","city-bachelor-005","大众传播方向传播学荣誉学士","Bachelor of Communication (Hons) Mass Communication","","","","3Y/9S","52000.0","52000.0","MYR","RM52,000","85685.60","85685.60","1.64780000","2026-09-25","UNKNOWN","","","DRAFT"
"CITY_BACHELOR_006","CITY","MEDIA_COMMUNICATION","BACHELOR","ON_CAMPUS","city-bachelor-006","新闻学方向传播学荣誉学士","Bachelor of Communication (Hons) Journalism","","","","3Y/9S","50100.0","50100.0","MYR","RM50,100","82554.78","82554.78","1.64780000","2026-09-25","UNKNOWN","","","DRAFT"
"CITY_BACHELOR_007","CITY","BUSINESS_MANAGEMENT","BACHELOR","ON_CAMPUS","city-bachelor-007","工商管理荣誉学士","Bachelor of Business Administration (Hons)","","","","3Y/9S","50080.0","50080.0","MYR","RM50,080","82521.82","82521.82","1.64780000","2026-09-25","UNKNOWN","","","DRAFT"
"CITY_BACHELOR_008","CITY","ENGINEERING","BACHELOR","ON_CAMPUS","city-bachelor-008","工程管理荣誉学士","Bachelor of Engineering Management (Hons)","","","","3Y/9S","50040.0","50040.0","MYR","RM50,040","82455.91","82455.91","1.64780000","2026-09-25","UNKNOWN","","","DRAFT"
"CITY_BACHELOR_009","CITY","ACCOUNTING_FINANCE","BACHELOR","ON_CAMPUS","city-bachelor-009","会计学荣誉学士","Bachelor of Accounting (Hons)","","","","3.6Y/10S","53800.0","53800.0","MYR","RM53,800","88651.64","88651.64","1.64780000","2026-09-25","UNKNOWN","","","DRAFT"
"CITY_BACHELOR_010","CITY","ACCOUNTING_FINANCE","BACHELOR","ON_CAMPUS","city-bachelor-010","会计与金融理学荣誉学士","Bachelor of Science (Hons) Accounting & Finance","","","","3Y/9S","50890.0","50890.0","MYR","RM50,890","83856.54","83856.54","1.64780000","2026-09-25","UNKNOWN","","","DRAFT"
"CITY_BACHELOR_011","CITY","COMPUTING_IT","BACHELOR","ON_CAMPUS","city-bachelor-011","信息技术荣誉学士","Bachelor of Information Technology (Hons)","","","","3Y/9S","50050.0","50050.0","MYR","RM50,050","82472.39","82472.39","1.64780000","2026-09-25","UNKNOWN","","","DRAFT"
"CITY_BACHELOR_012","CITY","COMPUTING_IT","BACHELOR","ON_CAMPUS","city-bachelor-012","软件工程方向计算机科学荣誉学士","Bachelor of Computer Science (Hons) Software Engineering","","","","3Y/9S","50050.0","50050.0","MYR","RM50,050","82472.39","82472.39","1.64780000","2026-09-25","UNKNOWN","","","DRAFT"
"CITY_BACHELOR_013","CITY","ALLIED_HEALTH","BACHELOR","ON_CAMPUS","city-bachelor-013","职业安全与健康荣誉学士","Bachelor of Occupational Safety & Health (Hons)","","","","4Y/11S","92500.0","92500.0","MYR","RM92,500","152421.50","152421.50","1.64780000","2026-09-25","UNKNOWN","","","DRAFT"
"CITY_BACHELOR_014","CITY","MEDICINE","BACHELOR","ON_CAMPUS","city-bachelor-014","生物医学科学荣誉学士","Bachelor of Biomedical Sciences (Hons)","","","","4Y/11S","92500.0","92500.0","MYR","RM92,500","152421.50","152421.50","1.64780000","2026-09-25","UNKNOWN","","","DRAFT"
"CITY_BACHELOR_015","CITY","AGRICULTURE_ENVIRONMENT","BACHELOR","ON_CAMPUS","city-bachelor-015","环境健康荣誉学士","Bachelor of Environmental Health (Hons)","","","","4Y/11S","63100.0","63100.0","MYR","RM63,100","103976.18","103976.18","1.64780000","2026-09-25","UNKNOWN","","","DRAFT"
"CITY_BACHELOR_016","CITY","NURSING","BACHELOR","ON_CAMPUS","city-bachelor-016","护理学学士","Bachelor of Nursing","","","","4Y/8S","53250.0","53250.0","MYR","RM53,250","87745.35","87745.35","1.64780000","2026-09-25","UNKNOWN","","","DRAFT"
"CITY_BACHELOR_017","CITY","HOSPITALITY_TOURISM","BACHELOR","ON_CAMPUS","city-bachelor-017","酒店管理荣誉学士（Vatel双学位）","Bachelor of Hospitality Management (Hons) (Vatel Dual Award","","","","3Y/9S","69840.0","69840.0","MYR","RM69,840","115082.35","115082.35","1.64780000","2026-09-25","UNKNOWN","","","DRAFT"
"CITY_BACHELOR_018","CITY","EDUCATION","BACHELOR","ON_CAMPUS","city-bachelor-018","英语作为第二语言教学荣誉教育学士","Bachelor of Education (Hons) in Teaching English As A Second","","","","3Y/9S","52020.0","52020.0","MYR","RM52,020","85718.56","85718.56","1.64780000","2026-09-25","UNKNOWN","","","DRAFT"
"CITY_BACHELOR_019","CITY","EDUCATION","BACHELOR","ON_CAMPUS","city-bachelor-019","幼儿教育荣誉教育学士","Bachelor of Education (Early Childhood Education) Honours","","","","3Y/9S","52000.0","52000.0","MYR","RM52,000","85685.60","85685.60","1.64780000","2026-09-25","UNKNOWN","","","DRAFT"
"CITY_BACHELOR_020","CITY","SOCIAL_SCIENCES","BACHELOR","ON_CAMPUS","city-bachelor-020","应用心理学荣誉学士","Bachelor of Applied Psychology (Hons)","","","","3Y/9S","52080.0","52080.0","MYR","RM52,080","85817.42","85817.42","1.64780000","2026-09-25","UNKNOWN","","","DRAFT"
"CITY_BACHELOR_021","CITY","ENGINEERING","BACHELOR","ON_CAMPUS","city-bachelor-021","土木工程荣誉学士","Bachelor of Civil Engineering with Honors","","","","4Y/8S","62160.0","62160.0","MYR","RM62,160","102427.25","102427.25","1.64780000","2026-09-25","UNKNOWN","","","DRAFT"
"CITY_BACHELOR_022","CITY","ENGINEERING","BACHELOR","ON_CAMPUS","city-bachelor-022","机械工程荣誉学士","Bachelor of Mechanical Engineering with Honors","","","","4Y/8S","62395.0","62395.0","MYR","RM62,395","102814.48","102814.48","1.64780000","2026-09-25","UNKNOWN","","","DRAFT"
"CITY_BACHELOR_023","CITY","ARCHITECTURE_BUILT_ENVIRONMENT","BACHELOR","ON_CAMPUS","city-bachelor-023","建筑设计理学荣誉学士","Bachelor of Science (Hons) Architectural Design","","","","3Y/9S","55350.0","55350.0","MYR","RM55,350","91205.73","91205.73","1.64780000","2026-09-25","UNKNOWN","","","DRAFT"
"CITY_BACHELOR_024","CITY","DESIGN_CREATIVE_ARTS","BACHELOR","ON_CAMPUS","city-bachelor-024","室内设计荣誉学士","Bachelor of Interior Design (Hons)","","","","3.1/2Y/11S","54450.0","54450.0","MYR","RM54,450","89722.71","89722.71","1.64780000","2026-09-25","UNKNOWN","","","DRAFT"
"UTAR_BACHELOR_001","UTAR","ACCOUNTING_FINANCE","BACHELOR","ON_CAMPUS","utar-bachelor-001","会计、商业与管理科学","Accounting, Business and Managerial Science","","","","","","","","","","","","","UNKNOWN","","","DRAFT"
"UTAR_BACHELOR_002","UTAR","BUSINESS_MANAGEMENT","BACHELOR","ON_CAMPUS","utar-bachelor-002","工商管理荣誉学士","Bachelor of Business Administration (Honours)","","","","6","64750.0","64750.0","MYR","64750","106695.05","106695.05","1.64780000","2026-09-25","UNKNOWN","","","DRAFT"
"UTAR_BACHELOR_003","UTAR","ACCOUNTING_FINANCE","BACHELOR","ON_CAMPUS","utar-bachelor-003","银行与金融方向工商管理荣誉学士","Bachelor of Business Administration (Honours) Banking And Finance","","","","6","64750.0","64750.0","MYR","64750","106695.05","106695.05","1.64780000","2026-09-25","UNKNOWN","","","DRAFT"
"UTAR_BACHELOR_004","UTAR","BUSINESS_MANAGEMENT","BACHELOR","ON_CAMPUS","utar-bachelor-004","创业方向工商管理荣誉学士","Bachelor of Business Administration (Honours) Entrepreneurship","","","","6","64650.0","64650.0","MYR","64650","106530.27","106530.27","1.64780000","2026-09-25","UNKNOWN","","","DRAFT"
"UTAR_BACHELOR_005","UTAR","BUSINESS_MANAGEMENT","BACHELOR","ON_CAMPUS","utar-bachelor-005","医疗保健管理方向工商管理荣誉学士","Bachelor of Business Administration (Honours) Healthcare Management","","","","6","67500.0","67500.0","MYR","67500","111226.50","111226.50","1.64780000","2026-09-25","UNKNOWN","","","DRAFT"
"UTAR_BACHELOR_006","UTAR","BUSINESS_MANAGEMENT","BACHELOR","ON_CAMPUS","utar-bachelor-006","物流与供应链管理方向工商管理荣誉学士","Bachelor of Business Administration (Honours) in Logistics and Supply Chain Management","","","","6","67500.0","67500.0","MYR","67500","111226.50","111226.50","1.64780000","2026-09-25","UNKNOWN","","","DRAFT"
"UTAR_BACHELOR_007","UTAR","BUSINESS_MANAGEMENT","BACHELOR","ON_CAMPUS","utar-bachelor-007","零售管理方向工商管理荣誉学士","Bachelor of Business Administration (Honours) Retail Management","","","","6","63950.0","63950.0","MYR","63950","105376.81","105376.81","1.64780000","2026-09-25","UNKNOWN","","","DRAFT"
"UTAR_BACHELOR_008","UTAR","BUSINESS_MANAGEMENT","BACHELOR","ON_CAMPUS","utar-bachelor-008","风险管理方向工商管理荣誉学士","Bachelor of Business Administration (Honours) Risk Management","","","","6","64900.0","64900.0","MYR","64900","106942.22","106942.22","1.64780000","2026-09-25","UNKNOWN","","","DRAFT"
"UTAR_BACHELOR_009","UTAR","HOSPITALITY_TOURISM","BACHELOR","ON_CAMPUS","utar-bachelor-009","旅游目的地营销方向工商管理荣誉学士","Bachelor of Business Administration (Honours) Tourism Destination Marketing","","","","6","64750.0","64750.0","MYR","64750","106695.05","106695.05","1.64780000","2026-09-25","UNKNOWN","","","DRAFT"
"UTAR_BACHELOR_010","UTAR","ACCOUNTING_FINANCE","BACHELOR","ON_CAMPUS","utar-bachelor-010","会计学商学荣誉学士","Bachelor of Commerce (Honours) Accounting","","","","6","67450.0","67450.0","MYR","67450","111144.11","111144.11","1.64780000","2026-09-25","UNKNOWN","","","DRAFT"
"UTAR_BACHELOR_011","UTAR","ECONOMICS","BACHELOR","ON_CAMPUS","utar-bachelor-011","金融经济学荣誉经济学学士","Bachelor of Economics (Honours) Financial Economics","","","","6","64650.0","64650.0","MYR","64650","106530.27","106530.27","1.64780000","2026-09-25","UNKNOWN","","","DRAFT"
"UTAR_BACHELOR_012","UTAR","ACCOUNTING_FINANCE","BACHELOR","ON_CAMPUS","utar-bachelor-012","金融学荣誉学士","Bachelor of Finance (Honours)","","","","6","64750.0","64750.0","MYR","64750","106695.05","106695.05","1.64780000","2026-09-25","UNKNOWN","","","DRAFT"
"UTAR_BACHELOR_013","UTAR","BUSINESS_MANAGEMENT","BACHELOR","ON_CAMPUS","utar-bachelor-013","市场营销荣誉学士","Bacholor of Marketing (Honours)","","","","6","64550.0","64550.0","MYR","64550","106365.49","106365.49","1.64780000","2026-09-25","UNKNOWN","","","DRAFT"
"UTAR_BACHELOR_014","UTAR","SOCIAL_SCIENCES","BACHELOR","ON_CAMPUS","utar-bachelor-014","公共管理荣誉学士","Bachelor of Public Administration (Honours)","","","","6","64100.0","64100.0","MYR","64100","105623.98","105623.98","1.64780000","2026-09-25","UNKNOWN","","","DRAFT"
"UTAR_BACHELOR_015","UTAR","BUSINESS_MANAGEMENT","BACHELOR","ON_CAMPUS","utar-bachelor-015","物流与国际航运理学荣誉学士","Bachelor of Science (Honours) Logistics and International Shipping","","","","6","66150.0","66150.0","MYR","66150","109001.97","109001.97","1.64780000","2026-09-25","UNKNOWN","","","DRAFT"
"UTAR_BACHELOR_016","UTAR","ECONOMICS","BACHELOR","ON_CAMPUS","utar-bachelor-016","全球经济学荣誉经济学学士","Bachelor of Economics (Honours) Global Economics","","","","6","65200.0","65200.0","MYR","65200","107436.56","107436.56","1.64780000","2026-09-25","UNKNOWN","","","DRAFT"
"UTAR_BACHELOR_017","UTAR","ACCOUNTING_FINANCE","BACHELOR","ON_CAMPUS","utar-bachelor-017","金融科技方向金融学荣誉学士","Bachelor of Finance (Financial Technology) with Honours","","","","6","67100.0","67100.0","MYR","67100","110567.38","110567.38","1.64780000","2026-09-25","UNKNOWN","","","DRAFT"
"UTAR_BACHELOR_018","UTAR","BUSINESS_MANAGEMENT","BACHELOR","ON_CAMPUS","utar-bachelor-018","国际商务荣誉学士","Bachelor of International Business (Honours)","","","","6","66600.0","66600.0","MYR","66600","109743.48","109743.48","1.64780000","2026-09-25","UNKNOWN","","","DRAFT"
"UTAR_BACHELOR_019","UTAR","ACCOUNTING_FINANCE","BACHELOR","ON_CAMPUS","utar-bachelor-019","会计学荣誉学士","Bachelor of Accounting (Honours)","","","","8","74700.0","74700.0","MYR","74700","123090.66","123090.66","1.64780000","2026-09-25","UNKNOWN","","","DRAFT"
"UTAR_BACHELOR_020","UTAR","ARTS_HUMANITIES","BACHELOR","ON_CAMPUS","utar-bachelor-020","中文研究文学荣誉学士","Bachelor of Arts (Honours) Chinese Studies","","","","6","63950.0","63950.0","MYR","63950","105376.81","105376.81","1.64780000","2026-09-25","UNKNOWN","","","DRAFT"
"UTAR_BACHELOR_021","UTAR","EDUCATION","BACHELOR","ON_CAMPUS","utar-bachelor-021","英语教育文学荣誉学士","Bachelor of Arts (Honours) English Education","","","","6","62850.0","66400.0","MYR","62,850- 66,400","103564.23","109413.92","1.64780000","2026-09-25","UNKNOWN","","","DRAFT"
"UTAR_BACHELOR_022","UTAR","LANGUAGES_LINGUISTICS","BACHELOR","ON_CAMPUS","utar-bachelor-022","英语语言文学荣誉学士","Bachelor of Arts (Honours) English Language","","","","6","62850.0","66400.0","MYR","62,850- 66,400","103564.23","109413.92","1.64780000","2026-09-25","UNKNOWN","","","DRAFT"
"UTAR_BACHELOR_023","UTAR","MEDIA_COMMUNICATION","BACHELOR","ON_CAMPUS","utar-bachelor-023","广告学传播荣誉学士","Bachelor of Communication (Honours) Advertising","","","","6","62850.0","66400.0","MYR","62,850- 66,400","103564.23","109413.92","1.64780000","2026-09-25","UNKNOWN","","","DRAFT"
"UTAR_BACHELOR_024","UTAR","MEDIA_COMMUNICATION","BACHELOR","ON_CAMPUS","utar-bachelor-024","新闻学传播荣誉学士","Bachelor of Communication (Honours) Journalism","","","","6","62850.0","66400.0","MYR","62,850- 66,400","103564.23","109413.92","1.64780000","2026-09-25","UNKNOWN","","","DRAFT"
"UTAR_BACHELOR_025","UTAR","MEDIA_COMMUNICATION","BACHELOR","ON_CAMPUS","utar-bachelor-025","公共关系传播荣誉学士","Bachelor of Communication (Honours) Public Relations","","","","6","62850.0","66400.0","MYR","62,850- 66,400","103564.23","109413.92","1.64780000","2026-09-25","UNKNOWN","","","DRAFT"
"UTAR_BACHELOR_026","UTAR","NATURAL_SCIENCES","BACHELOR","ON_CAMPUS","utar-bachelor-026","心理学社会科学荣誉学士","Bachelor of Social Science (Honours) Psychology","","","","6","62850.0","66400.0","MYR","62,850- 66,400","103564.23","109413.92","1.64780000","2026-09-25","UNKNOWN","","","DRAFT"
"UTAR_BACHELOR_027","UTAR","DESIGN_CREATIVE_ARTS","BACHELOR","ON_CAMPUS","utar-bachelor-027","指导与辅导社会科学荣誉学士","Bachelor of Social Science (Honours) Guidance and Counselling","","","","8","68050.0","68050.0","MYR","68050","112132.79","112132.79","1.64780000","2026-09-25","UNKNOWN","","","DRAFT"
"UTAR_BACHELOR_028","UTAR","MEDIA_COMMUNICATION","BACHELOR","ON_CAMPUS","utar-bachelor-028","中文媒体新闻学文学荣誉学士","Bachelor of Arts (Honours) Journalism in Chinese Media","","","","6","64850.0","66050.0","MYR","64,850- 66,050","106859.83","108837.19","1.64780000","2026-09-25","UNKNOWN","","","DRAFT"
"UTAR_BACHELOR_029","UTAR","ARTS_HUMANITIES","BACHELOR","ON_CAMPUS","utar-bachelor-029","数字动画文学荣誉学士","Bachelor of Arts (Honours) Digital Animation","","","","6","64850.0","66050.0","MYR","64,850- 66,050","106859.83","108837.19","1.64780000","2026-09-25","UNKNOWN","","","DRAFT"
"UTAR_BACHELOR_030","UTAR","DESIGN_CREATIVE_ARTS","BACHELOR","ON_CAMPUS","utar-bachelor-030","游戏设计文学荣誉学士","Bachelor of Arts (Honours) Game Design","","","","6","64850.0","66050.0","MYR","64,850- 66,050","106859.83","108837.19","1.64780000","2026-09-25","UNKNOWN","","","DRAFT"
"UTAR_BACHELOR_031","UTAR","MEDIA_COMMUNICATION","BACHELOR","ON_CAMPUS","utar-bachelor-031","平面设计与多媒体文学荣誉学士","Bachelor of Arts (Honours) Graphic Design and Multimedia","","","","6","64850.0","66050.0","MYR","64,850- 66,050","106859.83","108837.19","1.64780000","2026-09-25","UNKNOWN","","","DRAFT"
"UTAR_BACHELOR_032","UTAR","MEDIA_COMMUNICATION","BACHELOR","ON_CAMPUS","utar-bachelor-032","广播学传播荣誉学士","Bachelor of Communication (Honours) Broadcasting","","","","6","64850.0","66050.0","MYR","64,850- 66,050","106859.83","108837.19","1.64780000","2026-09-25","UNKNOWN","","","DRAFT"
"UTAR_BACHELOR_033","UTAR","MEDIA_COMMUNICATION","BACHELOR","ON_CAMPUS","utar-bachelor-033","企业传播荣誉学士","Bachelor of Corporate Communication (Honours)","","","","6","64850.0","66050.0","MYR","64,850- 66,050","106859.83","108837.19","1.64780000","2026-09-25","UNKNOWN","","","DRAFT"
"UTAR_BACHELOR_034","UTAR","EDUCATION","BACHELOR","ON_CAMPUS","utar-bachelor-034","幼儿教育荣誉学士","Bachelor of Early Childhood Education (Honours)","","","","6","64850.0","66050.0","MYR","64,850- 66,050","106859.83","108837.19","1.64780000","2026-09-25","UNKNOWN","","","DRAFT"
"UTAR_BACHELOR_035","UTAR","MEDIA_COMMUNICATION","BACHELOR","ON_CAMPUS","utar-bachelor-035","媒体与创意研究荣誉学士","Bachelor of Media and Creative Studies (Honours)","","","","6","64850.0","66050.0","MYR","64,850- 66,050","106859.83","108837.19","1.64780000","2026-09-25","UNKNOWN","","","DRAFT"
"UTAR_BACHELOR_036","UTAR","NATURAL_SCIENCES","BACHELOR","ON_CAMPUS","utar-bachelor-036","游戏开发理学荣誉学士","Bachelor of Science (Honours) Game Development","","","","6","64850.0","66050.0","MYR","64,850- 66,050","106859.83","108837.19","1.64780000","2026-09-25","UNKNOWN","","","DRAFT"
"UTAR_BACHELOR_037","UTAR","AGRICULTURE_ENVIRONMENT","BACHELOR","ON_CAMPUS","utar-bachelor-037","农业科学理学荣誉学士","Bachelor of Science (Honours) Agricultural Science","","","","6","71250.0","71450.0","MYR","71,250- 71,450","117405.75","117735.31","1.64780000","2026-09-25","UNKNOWN","","","DRAFT"
"UTAR_BACHELOR_038","UTAR","NATURAL_SCIENCES","BACHELOR","ON_CAMPUS","utar-bachelor-038","生物化学理学荣誉学士","Bachelor of Science (Honours) Biochemistry","","","","6","71250.0","71450.0","MYR","71,250- 71,450","117405.75","117735.31","1.64780000","2026-09-25","UNKNOWN","","","DRAFT"
"UTAR_BACHELOR_039","UTAR","NATURAL_SCIENCES","BACHELOR","ON_CAMPUS","utar-bachelor-039","生物技术理学荣誉学士","Bachelor of Science (Honours) Biotechnology","","","","6","71250.0","71450.0","MYR","71,250- 71,450","117405.75","117735.31","1.64780000","2026-09-25","UNKNOWN","","","DRAFT"
"UTAR_BACHELOR_040","UTAR","NATURAL_SCIENCES","BACHELOR","ON_CAMPUS","utar-bachelor-040","化学理学荣誉学士","Bachelor of Science (Honours) Chemistry","","","","6","71250.0","71450.0","MYR","71,250- 71,450","117405.75","117735.31","1.64780000","2026-09-25","UNKNOWN","","","DRAFT"
"UTAR_BACHELOR_041","UTAR","NATURAL_SCIENCES","BACHELOR","ON_CAMPUS","utar-bachelor-041","食品科学理学荣誉学士","Bachelor of Science (Honours) Food Science","","","","6","71250.0","71450.0","MYR","71,250- 71,450","117405.75","117735.31","1.64780000","2026-09-25","UNKNOWN","","","DRAFT"
"UTAR_BACHELOR_042","UTAR","NATURAL_SCIENCES","BACHELOR","ON_CAMPUS","utar-bachelor-042","微生物学理学荣誉学士","Bachelor of Science (Honours) Microbiology","","","","6","71250.0","71450.0","MYR","71,250- 71,450","117405.75","117735.31","1.64780000","2026-09-25","UNKNOWN","","","DRAFT"
"UTAR_BACHELOR_043","UTAR","MEDICINE","BACHELOR","ON_CAMPUS","utar-bachelor-043","生物医学科学理学荣誉学士","Bachelor of Science (Honours) Biomedical Science","","","","7","75700.0","81500.0","MYR","75,700- 81,500","124738.46","134295.70","1.64780000","2026-09-25","UNKNOWN","","","DRAFT"
"UTAR_BACHELOR_044","UTAR","ALLIED_HEALTH","BACHELOR","ON_CAMPUS","utar-bachelor-044","营养治疗学理学荣誉学士","Bachelor of Science (Honours) Dietetics","","","","8","75700.0","81500.0","MYR","75,700- 81,500","124738.46","134295.70","1.64780000","2026-09-25","UNKNOWN","","","DRAFT"
"UTAR_BACHELOR_045","UTAR","AGRICULTURE_ENVIRONMENT","BACHELOR","ON_CAMPUS","utar-bachelor-045","环境、职业安全与健康理学荣誉学士","Bachelor of Science (Honours) Environmental, Occupational Safety and Health","","","","8","75700.0","81500.0","MYR","75,700- 81,500","124738.46","134295.70","1.64780000","2026-09-25","UNKNOWN","","","DRAFT"
"UTAR_BACHELOR_046","UTAR","NURSING","BACHELOR","ON_CAMPUS","utar-bachelor-046","护理学荣誉学士","Bachelor of Nursing (Honours)","","","","8","92700.0","92700.0","MYR","92700","152751.06","152751.06","1.64780000","2026-09-25","UNKNOWN","","","DRAFT"
"UTAR_BACHELOR_047","UTAR","ALLIED_HEALTH","BACHELOR","ON_CAMPUS","utar-bachelor-047","物理治疗荣誉学士","Bachelor of Physiotherapy (Honours)","","","","8","97500.0","97500.0","MYR","97500","160660.50","160660.50","1.64780000","2026-09-25","UNKNOWN","","","DRAFT"
"UTAR_BACHELOR_048","UTAR","ALLIED_HEALTH","BACHELOR","ON_CAMPUS","utar-bachelor-048","中医学荣誉学士","Bachelor of Chinese Medicine (Honours)","","","","10","124400.0","124400.0","MYR","124400","204986.32","204986.32","1.64780000","2026-09-25","UNKNOWN","","","DRAFT"
"UTAR_BACHELOR_049","UTAR","COMPUTING_IT","BACHELOR","ON_CAMPUS","utar-bachelor-049","计算机科学荣誉学士","Bachelor of Computer Science (Honours)","","","","6","65950.0","66700.0","MYR","65,950- 66,700","108672.41","109908.26","1.64780000","2026-09-25","UNKNOWN","","","DRAFT"
"UTAR_BACHELOR_050","UTAR","COMPUTING_IT","BACHELOR","ON_CAMPUS","utar-bachelor-050","商业信息系统方向信息系统荣誉学士","Bachelor of Information Systems (Honours) Business Information Systems","","","","6","65950.0","66700.0","MYR","65,950- 66,700","108672.41","109908.26","1.64780000","2026-09-25","UNKNOWN","","","DRAFT"
"UTAR_BACHELOR_051","UTAR","COMPUTING_IT","BACHELOR","ON_CAMPUS","utar-bachelor-051","数字经济技术方向信息系统荣誉学士","Bachelor of Information Systems (Honours) Digital Economy Technology","","","","6","65950.0","66700.0","MYR","65,950- 66,700","108672.41","109908.26","1.64780000","2026-09-25","UNKNOWN","","","DRAFT"
"UTAR_BACHELOR_052","UTAR","COMPUTING_IT","BACHELOR","ON_CAMPUS","utar-bachelor-052","信息系统工程方向信息系统荣誉学士","Bachelor of Information Systems (Honours) Information Systems Engineering","","","","6","65950.0","66700.0","MYR","65,950- 66,700","108672.41","109908.26","1.64780000","2026-09-25","UNKNOWN","","","DRAFT"
"UTAR_BACHELOR_053","UTAR","COMPUTING_IT","BACHELOR","ON_CAMPUS","utar-bachelor-053","通信与网络方向信息技术荣誉学士","Bachelor of Information Technology (Honours) Communications and Networking","","","","6","65950.0","66700.0","MYR","65,950- 66,700","108672.41","109908.26","1.64780000","2026-09-25","UNKNOWN","","","DRAFT"
"UTAR_BACHELOR_054","UTAR","COMPUTING_IT","BACHELOR","ON_CAMPUS","utar-bachelor-054","计算机工程方向信息技术荣誉学士","Bachelor of Information Technology (Honours) Computer Engineering","","","","6","65950.0","66700.0","MYR","65,950- 66,700","108672.41","109908.26","1.64780000","2026-09-25","UNKNOWN","","","DRAFT"
"UTAR_BACHELOR_055","UTAR","COMPUTING_IT","BACHELOR","ON_CAMPUS","utar-bachelor-055","工业智能系统方向信息技术荣誉学士","Bachelor of Information Technology (Honours) Industrial Intelligent Systems","","","","6","65950.0","66700.0","MYR","65,950- 66,700","108672.41","109908.26","1.64780000","2026-09-25","UNKNOWN","","","DRAFT"
"UTAR_BACHELOR_056","UTAR","MATHEMATICS_STATISTICS","BACHELOR","ON_CAMPUS","utar-bachelor-056","统计计算与决策分析理学荣誉学士","Bachelor of Science (Honours) Statistical Computing and Decisions Analytics","","","","6","65950.0","66700.0","MYR","65,950- 66,700","108672.41","109908.26","1.64780000","2026-09-25","UNKNOWN","","","DRAFT"
"UTAR_BACHELOR_057","UTAR","MATHEMATICS_STATISTICS","BACHELOR","ON_CAMPUS","utar-bachelor-057","精算学理学荣誉学士","Bachelor of Science (Honours) Actuarial Science","","","","6","65950.0","66700.0","MYR","65,950- 66,700","108672.41","109908.26","1.64780000","2026-09-25","UNKNOWN","","","DRAFT"
"UTAR_BACHELOR_058","UTAR","MATHEMATICS_STATISTICS","BACHELOR","ON_CAMPUS","utar-bachelor-058","计算应用数学理学荣誉学士","Bachelor of Science (Honours) Applied Mathematics with Computing","","","","6","65950.0","66700.0","MYR","65,950- 66,700","108672.41","109908.26","1.64780000","2026-09-25","UNKNOWN","","","DRAFT"
"UTAR_BACHELOR_059","UTAR","MATHEMATICS_STATISTICS","BACHELOR","ON_CAMPUS","utar-bachelor-059","金融数学理学荣誉学士","Bachelor of Science (Honours) Financial Mathematics","","","","6","65950.0","66700.0","MYR","65,950- 66,700","108672.41","109908.26","1.64780000","2026-09-25","UNKNOWN","","","DRAFT"
"UTAR_BACHELOR_060","UTAR","COMPUTING_IT","BACHELOR","ON_CAMPUS","utar-bachelor-060","软件工程理学荣誉学士","Bachelor of Science (Honours) Software Engineering","","","","6","65950.0","66700.0","MYR","65,950- 66,700","108672.41","109908.26","1.64780000","2026-09-25","UNKNOWN","","","DRAFT"
"UTAR_BACHELOR_061","UTAR","BUSINESS_MANAGEMENT","BACHELOR","ON_CAMPUS","utar-bachelor-061","建筑管理理学荣誉学士","Bachelor of Science (Honours) Construction Management","","","","6","64700.0","71600.0","MYR","64,700- 71,600","106612.66","117982.48","1.64780000","2026-09-25","UNKNOWN","","","DRAFT"
"UTAR_BACHELOR_062","UTAR","ENGINEERING","BACHELOR","ON_CAMPUS","utar-bachelor-062","电子系统技术荣誉学士","Bachelor of Technology (Honours) in Electronic Systems","","","","6","64700.0","71600.0","MYR","64,700- 71,600","106612.66","117982.48","1.64780000","2026-09-25","UNKNOWN","","","DRAFT"
"UTAR_BACHELOR_063","UTAR","BUSINESS_MANAGEMENT","BACHELOR","ON_CAMPUS","utar-bachelor-063","工业管理技术荣誉学士","Bachelor of Technology (Honours) in Industrial Management","","","","6","64700.0","71600.0","MYR","64,700- 71,600","106612.66","117982.48","1.64780000","2026-09-25","UNKNOWN","","","DRAFT"
"UTAR_BACHELOR_064","UTAR","ENGINEERING","BACHELOR","ON_CAMPUS","utar-bachelor-064","化学工程（过程）荣誉学士","Bachelor of Chemical Engineering (Process) with Honours","","","","8","78700.0","79200.0","MYR","78,700- 79,200","129681.86","130505.76","1.64780000","2026-09-25","UNKNOWN","","","DRAFT"
"UTAR_BACHELOR_065","UTAR","ENGINEERING","BACHELOR","ON_CAMPUS","utar-bachelor-065","土木工程（环境）荣誉学士","Bachelor of Civil Engineering (Environmental) with Honours","","","","8","78700.0","79200.0","MYR","78,700- 79,200","129681.86","130505.76","1.64780000","2026-09-25","UNKNOWN","","","DRAFT"
"UTAR_BACHELOR_066","UTAR","ENGINEERING","BACHELOR","ON_CAMPUS","utar-bachelor-066","电子工程荣誉学士","Bachelor of Electronics Engineering with Honours","","","","8","78700.0","79200.0","MYR","78,700- 79,200","129681.86","130505.76","1.64780000","2026-09-25","UNKNOWN","","","DRAFT"
"UTAR_BACHELOR_067","UTAR","ENGINEERING","BACHELOR","ON_CAMPUS","utar-bachelor-067","工业工程荣誉工程学士","Bachelor of Engineering (Honours) Industrial Engineering","","","","8","78700.0","79200.0","MYR","78,700- 79,200","129681.86","130505.76","1.64780000","2026-09-25","UNKNOWN","","","DRAFT"
"UTAR_BACHELOR_068","UTAR","BUSINESS_MANAGEMENT","BACHELOR","ON_CAMPUS","utar-bachelor-068","建筑与物业管理荣誉学士","Bachelor of Building and Property Management (Honours)","","","","6","65550.0","71400.0","MYR","65,550- 71,400","108013.29","117652.92","1.64780000","2026-09-25","UNKNOWN","","","DRAFT"
"UTAR_BACHELOR_069","UTAR","ARCHITECTURE_BUILT_ENVIRONMENT","BACHELOR","ON_CAMPUS","utar-bachelor-069","建筑学理学荣誉学士","Bachelor of Science (Honours) Architecture","","","","6","65550.0","71400.0","MYR","65,550- 71,400","108013.29","117652.92","1.64780000","2026-09-25","UNKNOWN","","","DRAFT"
"UTAR_BACHELOR_070","UTAR","NATURAL_SCIENCES","BACHELOR","ON_CAMPUS","utar-bachelor-070","物理学理学荣誉学士","Bachelor of Science (Honours) Physics","","","","6","65550.0","71400.0","MYR","65,550- 71,400","108013.29","117652.92","1.64780000","2026-09-25","UNKNOWN","","","DRAFT"
"UTAR_BACHELOR_071","UTAR","ENGINEERING","BACHELOR","ON_CAMPUS","utar-bachelor-071","生物医学工程荣誉学士","Bachelor of Biomedical Engineering with Honours","","","","8","78700.0","78850.0","MYR","78,700- 78,850","129681.86","129929.03","1.64780000","2026-09-25","UNKNOWN","","","DRAFT"
"UTAR_BACHELOR_072","UTAR","ENGINEERING","BACHELOR","ON_CAMPUS","utar-bachelor-072","化学工程荣誉学士","Bachelor of Chemical Engineering with Honours","","","","8","78700.0","78850.0","MYR","78,700- 78,850","129681.86","129929.03","1.64780000","2026-09-25","UNKNOWN","","","DRAFT"
"UTAR_BACHELOR_073","UTAR","ENGINEERING","BACHELOR","ON_CAMPUS","utar-bachelor-073","土木工程荣誉学士","Bachelor of Civil Engineering with Honours","","","","8","78700.0","78850.0","MYR","78,700- 78,850","129681.86","129929.03","1.64780000","2026-09-25","UNKNOWN","","","DRAFT"
"UTAR_BACHELOR_074","UTAR","ENGINEERING","BACHELOR","ON_CAMPUS","utar-bachelor-074","电气与电子工程荣誉学士","Bachelor of Electrical and Electronic Engineering with Honours","","","","8","78700.0","78850.0","MYR","78,700- 78,850","129681.86","129929.03","1.64780000","2026-09-25","UNKNOWN","","","DRAFT"
"UTAR_BACHELOR_075","UTAR","ENGINEERING","BACHELOR","ON_CAMPUS","utar-bachelor-075","材料工程荣誉学士","Bachelor of Materials Engineering with Honours","","","","8","78700.0","78850.0","MYR","78,700- 78,850","129681.86","129929.03","1.64780000","2026-09-25","UNKNOWN","","","DRAFT"
"UTAR_BACHELOR_076","UTAR","ENGINEERING","BACHELOR","ON_CAMPUS","utar-bachelor-076","机械工程荣誉学士","Bachelor of Mechanical Engineering with Honours","","","","8","78700.0","78850.0","MYR","78,700- 78,850","129681.86","129929.03","1.64780000","2026-09-25","UNKNOWN","","","DRAFT"
"UTAR_BACHELOR_077","UTAR","ENGINEERING","BACHELOR","ON_CAMPUS","utar-bachelor-077","机电一体化工程荣誉学士","Bachelor of Mechatronics Engineering with Honours","","","","8","78700.0","78850.0","MYR","78,700- 78,850","129681.86","129929.03","1.64780000","2026-09-25","UNKNOWN","","","DRAFT"
"UTAR_BACHELOR_078","UTAR","ENGINEERING","BACHELOR","ON_CAMPUS","utar-bachelor-078","电信工程荣誉学士","Bachelor of Telecommunications Engineering with Honours","","","","8","78700.0","78850.0","MYR","78,700- 78,850","129681.86","129929.03","1.64780000","2026-09-25","UNKNOWN","","","DRAFT"
"UTAR_BACHELOR_079","UTAR","ARCHITECTURE_BUILT_ENVIRONMENT","BACHELOR","ON_CAMPUS","utar-bachelor-079","工料测量理学荣誉学士","Bachelor of Science (Honours) Quantity Surveying","","","","8","73200.0","73200.0","MYR","73200","120618.96","120618.96","1.64780000","2026-09-25","UNKNOWN","","","DRAFT"
"MONASH_BACHELOR_001","MONASH","NATURAL_SCIENCES","BACHELOR","ON_CAMPUS","monash-bachelor-001","文科与社会科学学士","Bachelor of Arts and Social Sciences","","","","6","46080.0","46080.0","MYR","46080/ year","75930.62","75930.62","1.64780000","2026-09-25","PER_YEAR","","","DRAFT"
"MONASH_BACHELOR_002","MONASH","MEDIA_COMMUNICATION","BACHELOR","ON_CAMPUS","monash-bachelor-002","数字媒体与传播学学士","Bachelor of Digital Media and Communication","","","","6","46080.0","46080.0","MYR","46080/year","75930.62","75930.62","1.64780000","2026-09-25","PER_YEAR","","","DRAFT"
"MONASH_BACHELOR_003","MONASH","ARTS_HUMANITIES","BACHELOR","ON_CAMPUS","monash-bachelor-003","文学学士（荣誉学位）","Bachelor of Arts (Honours)","","","","2","46080.0","46080.0","MYR","46080/year","75930.62","75930.62","1.64780000","2026-09-25","PER_YEAR","","","DRAFT"
"MONASH_BACHELOR_005","MONASH","BUSINESS_MANAGEMENT","BACHELOR","ON_CAMPUS","monash-bachelor-005","商业与商务学士","Bachelor of Business and Commerce","","","","6","48000.0","48000.0","MYR","48000 / year","79094.40","79094.40","1.64780000","2026-09-25","PER_YEAR","","","DRAFT"
"MONASH_BACHELOR_006","MONASH","COMPUTING_IT","BACHELOR","ON_CAMPUS","monash-bachelor-006","商业与商务学士及计算机科学学士","Bachelor of Business and Commerce and Bachelor of Computer Science","","","","8","50880.0","50880.0","MYR","50880/ year","83840.06","83840.06","1.64780000","2026-09-25","PER_YEAR","","","DRAFT"
"MONASH_BACHELOR_007","MONASH","MEDIA_COMMUNICATION","BACHELOR","ON_CAMPUS","monash-bachelor-007","商业与商务学士及数字媒体与传播学学士","Bachelor of Business and Commerce and Bachelor of Digital Media and Communication","","","","8","48000.0","48000.0","MYR","48000/ year","79094.40","79094.40","1.64780000","2026-09-25","PER_YEAR","","","DRAFT"
"MONASH_BACHELOR_008","MONASH","BUSINESS_MANAGEMENT","BACHELOR","ON_CAMPUS","monash-bachelor-008","商业与商务学士（荣誉学位）","Bachelor of Business and Commerce (Honours)","","","","2","48000.0","48000.0","MYR","48000/ year","79094.40","79094.40","1.64780000","2026-09-25","PER_YEAR","","","DRAFT"
"MONASH_BACHELOR_009","MONASH","BUSINESS_MANAGEMENT","BACHELOR","ON_CAMPUS","monash-bachelor-009","数字商务学士","BACHELOR OF DIGITAL BUSINESS","","","","","","","","","","","","","UNKNOWN","","","DRAFT"
"MONASH_BACHELOR_010","MONASH","ENGINEERING","BACHELOR","ON_CAMPUS","monash-bachelor-010","化学工程学士（荣誉学位）","Bachelor of Chemical Engineering (Honours)","","","","8","60000.0","60000.0","MYR","60000 / year","98868.00","98868.00","1.64780000","2026-09-25","PER_YEAR","","","DRAFT"
"MONASH_BACHELOR_011","MONASH","ENGINEERING","BACHELOR","ON_CAMPUS","monash-bachelor-011","土木工程学士（荣誉学位）","Bachelor of Civil Engineering (Honours)","","","","8","60000.0","60000.0","MYR","60000/ year","98868.00","98868.00","1.64780000","2026-09-25","PER_YEAR","","","DRAFT"
"MONASH_BACHELOR_012","MONASH","ENGINEERING","BACHELOR","ON_CAMPUS","monash-bachelor-012","材料工程学士（荣誉学位）","Bachelor of Materials Engineering (Honours)","","","","8","","","","","","","","","UNKNOWN","","","DRAFT"
"MONASH_BACHELOR_013","MONASH","COMPUTING_IT","BACHELOR","ON_CAMPUS","monash-bachelor-013","电气与计算机系统工程学士（荣誉学位）","Bachelor of Electrical and Computer Systems Engineering (Honours)","","","","8","60000.0","60000.0","MYR","60000/ year","98868.00","98868.00","1.64780000","2026-09-25","PER_YEAR","","","DRAFT"
"MONASH_BACHELOR_014","MONASH","ENGINEERING","BACHELOR","ON_CAMPUS","monash-bachelor-014","机械工程学士（荣誉学位）","Bachelor of Mechanical Engineering (Honours)","","","","8","60000.0","60000.0","MYR","60000/ year","98868.00","98868.00","1.64780000","2026-09-25","PER_YEAR","","","DRAFT"
"MONASH_BACHELOR_015","MONASH","ENGINEERING","BACHELOR","ON_CAMPUS","monash-bachelor-015","机器人与机电工程学士（荣誉学位）","Bachelor of Robotics and Mechatronics Engineering (Honours)","","","","8","60000.0","60000.0","MYR","60000 / year","98868.00","98868.00","1.64780000","2026-09-25","PER_YEAR","","","DRAFT"
"MONASH_BACHELOR_016","MONASH","COMPUTING_IT","BACHELOR","ON_CAMPUS","monash-bachelor-016","软件工程学士（荣誉学位）","Bachelor of Software Engineering (Honours)","","","","8","60000.0","60000.0","MYR","60000 / year","98868.00","98868.00","1.64780000","2026-09-25","PER_YEAR","","","DRAFT"
"MONASH_BACHELOR_017","MONASH","ENGINEERING","BACHELOR","ON_CAMPUS","monash-bachelor-017","工程学士（荣誉）","BACHELOR OF ENGINEERING (HONOURS)","","","","","","","","","","","","","UNKNOWN","","","DRAFT"
"MONASH_BACHELOR_018","MONASH","COMPUTING_IT","BACHELOR","ON_CAMPUS","monash-bachelor-018","计算机科学学士","Bachelor of Computer Science","","","","6","50880.0","50880.0","MYR","50880/ year","83840.06","83840.06","1.64780000","2026-09-25","PER_YEAR","","","DRAFT"
"MONASH_BACHELOR_019","MONASH","COMPUTING_IT","BACHELOR","ON_CAMPUS","monash-bachelor-019","数据科学计算机科学学士","Bachelor of Computer Science in Data Science","","","","6","50880.0","50880.0","MYR","50880 / year","83840.06","83840.06","1.64780000","2026-09-25","PER_YEAR","","","DRAFT"
"MONASH_BACHELOR_020","MONASH","COMPUTING_IT","BACHELOR","ON_CAMPUS","monash-bachelor-020","计算机科学学士（荣誉学位）","Bachelor of Computer Science (Honours)","","","","2","50400.0","50400.0","MYR","50400 / year","83049.12","83049.12","1.64780000","2026-09-25","PER_YEAR","","","DRAFT"
"MONASH_BACHELOR_022","MONASH","MEDICINE","BACHELOR","ON_CAMPUS","monash-bachelor-022","医学学士和医学医生","Bachelor of Medical Science and Doctor of Medicine","","","","10","128640.0","128640.0","MYR","128640/ year","211972.99","211972.99","1.64780000","2026-09-25","PER_YEAR","","","DRAFT"
"MONASH_BACHELOR_023","MONASH","MEDICINE","BACHELOR","ON_CAMPUS","monash-bachelor-023","医学科学学士（荣誉学位）","Bachelor of Medical Science (Honours)","","","","2","55200.0","55200.0","MYR","55200 / year","90958.56","90958.56","1.64780000","2026-09-25","PER_YEAR","","","DRAFT"
"MONASH_BACHELOR_024","MONASH","ALLIED_HEALTH","BACHELOR","ON_CAMPUS","monash-bachelor-024","人类营养学学士","Bachelor of Human Nutrition","","","","6","55680.0","55680.0","MYR","55680 / year","91749.50","91749.50","1.64780000","2026-09-25","PER_YEAR","","","DRAFT"
"MONASH_BACHELOR_025","MONASH","SOCIAL_SCIENCES","BACHELOR","ON_CAMPUS","monash-bachelor-025","心理学学士","Bachelor of Psychology","","","","6","46080.0","46080.0","MYR","46080 / year","75930.62","75930.62","1.64780000","2026-09-25","PER_YEAR","","","DRAFT"
"MONASH_BACHELOR_026","MONASH","BUSINESS_MANAGEMENT","BACHELOR","ON_CAMPUS","monash-bachelor-026","心理学与商业学士","Bachelor of Psychology and Business","","","","6","48000.0","48000.0","MYR","48000 / year","79094.40","79094.40","1.64780000","2026-09-25","PER_YEAR","","","DRAFT"
"MONASH_BACHELOR_027","MONASH","SOCIAL_SCIENCES","BACHELOR","ON_CAMPUS","monash-bachelor-027","心理学学士（荣誉学位）","Bachelor of Psychology (Honours)","","","","2","47520.0","47520.0","MYR","47520/ year","78303.46","78303.46","1.64780000","2026-09-25","PER_YEAR","","","DRAFT"
"MONASH_BACHELOR_028","MONASH","PHARMACY","BACHELOR","ON_CAMPUS","monash-bachelor-028","药剂学学士（荣誉学位）","Bachelor of Pharmacy (Honours)","","","","8","66760.0","66760.0","MYR","66760/ year","110007.13","110007.13","1.64780000","2026-09-25","PER_YEAR","","","DRAFT"
"MONASH_BACHELOR_029","MONASH","PHARMACY","BACHELOR","ON_CAMPUS","monash-bachelor-029","药学学士","Bachelor of Pharmaceutical Science","","","","6","55680.0","55680.0","MYR","55680 / year","91749.50","91749.50","1.64780000","2026-09-25","PER_YEAR","","","DRAFT"
"MONASH_BACHELOR_030","MONASH","PHARMACY","BACHELOR","ON_CAMPUS","monash-bachelor-030","药学学士（荣誉)","Bachelor of Pharmaceutical Science (Honours)","","","","2","55680.0","55680.0","MYR","55680 / year","91749.50","91749.50","1.64780000","2026-09-25","PER_YEAR","","","DRAFT"
"MONASH_BACHELOR_031","MONASH","AGRICULTURE_ENVIRONMENT","BACHELOR","ON_CAMPUS","monash-bachelor-031","理科学士","Bachelor of Science 主修：应用微生物学 • 生物技术 • 基因组学和生物信息学 • 药物化学 • 心理学 • 热带环境生物学","","","","6","55680.0","55680.0","MYR","55680/ year","91749.50","91749.50","1.64780000","2026-09-25","PER_YEAR","","","DRAFT"
"MONASH_BACHELOR_032","MONASH","COMPUTING_IT","BACHELOR","ON_CAMPUS","monash-bachelor-032","应用数据科学学士","Bachelor of Applied Data Science","","","","6","55680.0","55680.0","MYR","55680/ year","91749.50","91749.50","1.64780000","2026-09-25","PER_YEAR","","","DRAFT"
"MONASH_BACHELOR_033","MONASH","NATURAL_SCIENCES","BACHELOR","ON_CAMPUS","monash-bachelor-033","食品科学与科技学士","Bachelor of Food Science and Technology","","","","6","55680.0","55680.0","MYR","55680/ year","91749.50","91749.50","1.64780000","2026-09-25","PER_YEAR","","","DRAFT"
"MONASH_BACHELOR_034","MONASH","NATURAL_SCIENCES","BACHELOR","ON_CAMPUS","monash-bachelor-034","医药生物科学学士","Bachelor of Medical Bioscience","","","","6","55680.0","55680.0","MYR","55680/ year","91749.50","91749.50","1.64780000","2026-09-25","PER_YEAR","","","DRAFT"
"MONASH_BACHELOR_035","MONASH","NATURAL_SCIENCES","BACHELOR","ON_CAMPUS","monash-bachelor-035","理科学士（荣誉学位）","Bachelor of Science (Honours)","","","","2","55680.0","55680.0","MYR","55680/ year","91749.50","91749.50","1.64780000","2026-09-25","PER_YEAR","","","DRAFT"
"MONASH_BACHELOR_036","MONASH","ARTS_HUMANITIES","MASTER","ON_CAMPUS","monash-bachelor-036","哲学硕士","Master of Philosophy","","","","4","50880.0","50880.0","MYR","50,880/year","83840.06","83840.06","1.64780000","2026-09-25","PER_YEAR","","","DRAFT"
"NOTTINGHAM_BACHELOR_001","NOTTINGHAM","ACCOUNTING_FINANCE","BACHELOR","ON_CAMPUS","nottingham-bachelor-001","商业经济与金融理学荣誉学士（BSc Hons）","BSc (Hons) Business Economics and Finance","","","","6","48000.0","48000.0","MYR","RM48,000 per year","79094.40","79094.40","1.64780000","2026-09-25","PER_YEAR","","","DRAFT"
"NOTTINGHAM_BACHELOR_002","NOTTINGHAM","ECONOMICS","BACHELOR","ON_CAMPUS","nottingham-bachelor-002","商业经济与管理理学荣誉学士（BSc Hons）","BSc (Hons) Business Economics and Management","","","","6","48000.0","48000.0","MYR","RM48,000 per year","79094.40","79094.40","1.64780000","2026-09-25","PER_YEAR","","","DRAFT"
"NOTTINGHAM_BACHELOR_003","NOTTINGHAM","ACCOUNTING_FINANCE","BACHELOR","ON_CAMPUS","nottingham-bachelor-003","金融、会计与管理","Finance, Accounting and Management","","","","6","35500.0","35500.0","MYR","RM35,500 per year","58496.90","58496.90","1.64780000","2026-09-25","PER_YEAR","","","DRAFT"
"NOTTINGHAM_BACHELOR_004","NOTTINGHAM","BUSINESS_MANAGEMENT","BACHELOR","ON_CAMPUS","nottingham-bachelor-004","市场营销与管理","Marketing and Management","","","","6","49400.0","49400.0","MYR","RM49,400 per year","81401.32","81401.32","1.64780000","2026-09-25","PER_YEAR","","","DRAFT"
"NOTTINGHAM_BACHELOR_005","NOTTINGHAM","ACCOUNTING_FINANCE","BACHELOR","ON_CAMPUS","nottingham-bachelor-005","金融、管理与商业分析","Finance, Management and Business Analytics","","","","6","45500.0","45500.0","MYR","RM45,500 per year","74974.90","74974.90","1.64780000","2026-09-25","PER_YEAR","","","DRAFT"
"NOTTINGHAM_BACHELOR_006","NOTTINGHAM","BUSINESS_MANAGEMENT","BACHELOR","ON_CAMPUS","nottingham-bachelor-006","国际商务管理理学荣誉学士（BSc Hons）","BSc (Hons) International Business Management","","","","6","48000.0","48000.0","MYR","RM48,000 per year","79094.40","79094.40","1.64780000","2026-09-25","PER_YEAR","","","DRAFT"
"NOTTINGHAM_BACHELOR_007","NOTTINGHAM","LANGUAGES_LINGUISTICS","BACHELOR","ON_CAMPUS","nottingham-bachelor-007","英语语言与文学","English Language and Literature","","","","6","35500.0","35500.0","MYR","RM35,500 per year","58496.90","58496.90","1.64780000","2026-09-25","PER_YEAR","","","DRAFT"
"NOTTINGHAM_BACHELOR_008","NOTTINGHAM","DESIGN_CREATIVE_ARTS","BACHELOR","ON_CAMPUS","nottingham-bachelor-008","英语与创意写作","English with Creative Writing","","","","6","35500.0","35500.0","MYR","RM35,500 per year","58496.90","58496.90","1.64780000","2026-09-25","PER_YEAR","","","DRAFT"
"NOTTINGHAM_BACHELOR_009","NOTTINGHAM","MEDIA_COMMUNICATION","BACHELOR","ON_CAMPUS","nottingham-bachelor-009","国际传播研究","International Communication Studies","","","","6","44500.0","44500.0","MYR","RM44,500 per year","73327.10","73327.10","1.64780000","2026-09-25","PER_YEAR","","","DRAFT"
"NOTTINGHAM_BACHELOR_010","NOTTINGHAM","MEDIA_COMMUNICATION","BACHELOR","ON_CAMPUS","nottingham-bachelor-010","国际传播与影视研究","International Communications Studies with Film and Television Studies","","","","6","43200.0","43200.0","MYR","RM43,200 per year","71184.96","71184.96","1.64780000","2026-09-25","PER_YEAR","","","DRAFT"
"NOTTINGHAM_BACHELOR_011","NOTTINGHAM","MEDIA_COMMUNICATION","BACHELOR","ON_CAMPUS","nottingham-bachelor-011","国际传播与英语语言文学研究","International Communications Studies with English Language and Literature","","","","6","43200.0","43200.0","MYR","RM43,200 per year","71184.96","71184.96","1.64780000","2026-09-25","PER_YEAR","","","DRAFT"
"NOTTINGHAM_BACHELOR_012","NOTTINGHAM","MEDIA_COMMUNICATION","BACHELOR","ON_CAMPUS","nottingham-bachelor-012","国际传播与表演艺术研究","International Communications Studies with Performing Arts","","","","6","39000.0","39000.0","MYR","RM39,000 per year","64264.20","64264.20","1.64780000","2026-09-25","PER_YEAR","","","DRAFT"
"NOTTINGHAM_BACHELOR_013","NOTTINGHAM","SOCIAL_SCIENCES","BACHELOR","ON_CAMPUS","nottingham-bachelor-013","国际关系","International Relations","","","","6","43300.0","43300.0","MYR","RM43,300 per year","71349.74","71349.74","1.64780000","2026-09-25","PER_YEAR","","","DRAFT"
"NOTTINGHAM_BACHELOR_014","NOTTINGHAM","SOCIAL_SCIENCES","BACHELOR","ON_CAMPUS","nottingham-bachelor-014","国际关系与法语","International Relations with French","","","","6","43300.0","43300.0","MYR","RM43,300 per year","71349.74","71349.74","1.64780000","2026-09-25","PER_YEAR","","","DRAFT"
"NOTTINGHAM_BACHELOR_015","NOTTINGHAM","SOCIAL_SCIENCES","BACHELOR","ON_CAMPUS","nottingham-bachelor-015","国际关系与西班牙语","International Relations with Spanish","","","","6","43300.0","43300.0","MYR","RM43,300 per year","71349.74","71349.74","1.64780000","2026-09-25","PER_YEAR","","","DRAFT"
"NOTTINGHAM_BACHELOR_016","NOTTINGHAM","EDUCATION","BACHELOR","ON_CAMPUS","nottingham-bachelor-016","对外英语教学教育学（TESOL）","Education (TESOL)","","","","6","35600.0","35600.0","MYR","RM35,600 per year","58661.68","58661.68","1.64780000","2026-09-25","PER_YEAR","","","DRAFT"
"NOTTINGHAM_BACHELOR_017","NOTTINGHAM","EDUCATION","BACHELOR","ON_CAMPUS","nottingham-bachelor-017","对外英语教学（TESOL）","TESOL","","","","8","35600.0","35600.0","MYR","RM35,600 per year","58661.68","58661.68","1.64780000","2026-09-25","PER_YEAR","","","DRAFT"
"NOTTINGHAM_BACHELOR_018","NOTTINGHAM","BUSINESS_MANAGEMENT","BACHELOR","ON_CAMPUS","nottingham-bachelor-018","应用心理学与管理","Applied Psychology and Management","","","","6","44900.0","44900.0","MYR","RM44,900 per year","73986.22","73986.22","1.64780000","2026-09-25","PER_YEAR","","","DRAFT"
"NOTTINGHAM_BACHELOR_019","NOTTINGHAM","ECONOMICS","BACHELOR","ON_CAMPUS","nottingham-bachelor-019","经济学","Economics","","","","6","46800.0","46800.0","MYR","RM46,800 per year","77117.04","77117.04","1.64780000","2026-09-25","PER_YEAR","","","DRAFT"
"NOTTINGHAM_BACHELOR_020","NOTTINGHAM","ECONOMICS","BACHELOR","ON_CAMPUS","nottingham-bachelor-020","经济学与国际经济学","Economics and International Economics","","","","6","46800.0","46800.0","MYR","RM46,800 per year","77117.04","77117.04","1.64780000","2026-09-25","PER_YEAR","","","DRAFT"
"NOTTINGHAM_BACHELOR_021","NOTTINGHAM","ENGINEERING","BACHELOR","ON_CAMPUS","nottingham-bachelor-021","化学工程","Chemical Engineering","","","","8","57000.0","57000.0","MYR","RM57,000 per year","93924.60","93924.60","1.64780000","2026-09-25","PER_YEAR","","","DRAFT"
"NOTTINGHAM_BACHELOR_022","NOTTINGHAM","ENGINEERING","BACHELOR","ON_CAMPUS","nottingham-bachelor-022","化学工程与环境工程","Chemical Engineering with Environmental Engineering","","","","8","57000.0","57000.0","MYR","RM57,000 per year","93924.60","93924.60","1.64780000","2026-09-25","PER_YEAR","","","DRAFT"
"NOTTINGHAM_BACHELOR_023","NOTTINGHAM","ENGINEERING","BACHELOR","ON_CAMPUS","nottingham-bachelor-023","土木工程","Civil Engineering","","","","8","61100.0","61100.0","MYR","RM61,100 per year","100680.58","100680.58","1.64780000","2026-09-25","PER_YEAR","","","DRAFT"
"NOTTINGHAM_BACHELOR_024","NOTTINGHAM","ENGINEERING","BACHELOR","ON_CAMPUS","nottingham-bachelor-024","电气与电子工程","Electrical and Electronic Engineering","","","","8","61100.0","61100.0","MYR","RM61,100 per year","100680.58","100680.58","1.64780000","2026-09-25","PER_YEAR","","","DRAFT"
"NOTTINGHAM_BACHELOR_025","NOTTINGHAM","MATHEMATICS_STATISTICS","BACHELOR","ON_CAMPUS","nottingham-bachelor-025","数学与管理","Mathematics and Management","","","","6","48500.0","48500.0","MYR","RM48,500 per year","79918.30","79918.30","1.64780000","2026-09-25","PER_YEAR","","","DRAFT"
"NOTTINGHAM_BACHELOR_026","NOTTINGHAM","COMPUTING_IT","BACHELOR","ON_CAMPUS","nottingham-bachelor-026","数学与数据科学","Mathematics and Data Science","","","","6","49950.0","49950.0","MYR","RM49,950 per year","82307.61","82307.61","1.64780000","2026-09-25","PER_YEAR","","","DRAFT"
"NOTTINGHAM_BACHELOR_027","NOTTINGHAM","ENGINEERING","BACHELOR","ON_CAMPUS","nottingham-bachelor-027","机械工程","Mechanical Engineering","","","","8","57000.0","57000.0","MYR","RM57,000 per year","93924.60","93924.60","1.64780000","2026-09-25","PER_YEAR","","","DRAFT"
"NOTTINGHAM_BACHELOR_028","NOTTINGHAM","ENGINEERING","BACHELOR","ON_CAMPUS","nottingham-bachelor-028","机电一体化工程","Mechatronic Engineering","","","","8","57000.0","57000.0","MYR","RM57,000 per year","93924.60","93924.60","1.64780000","2026-09-25","PER_YEAR","","","DRAFT"
"NOTTINGHAM_BACHELOR_029","NOTTINGHAM","COMPUTING_IT","BACHELOR","ON_CAMPUS","nottingham-bachelor-029","计算机科学","Computer Science","","","","6","49000.0","49000.0","MYR","RM49,000 per year","80742.20","80742.20","1.64780000","2026-09-25","PER_YEAR","","","DRAFT"
"NOTTINGHAM_BACHELOR_030","NOTTINGHAM","COMPUTING_IT","BACHELOR","ON_CAMPUS","nottingham-bachelor-030","计算机科学与人工智能","Computer Science with Artificial Intelligence","","","","6","50000.0","50000.0","MYR","RM50,000 per year","82390.00","82390.00","1.64780000","2026-09-25","PER_YEAR","","","DRAFT"
"NOTTINGHAM_BACHELOR_031","NOTTINGHAM","COMPUTING_IT","BACHELOR","ON_CAMPUS","nottingham-bachelor-031","软件工程","Software Engineering","","","","6","49000.0","49000.0","MYR","RM49,000 per year","80742.20","80742.20","1.64780000","2026-09-25","PER_YEAR","","","DRAFT"
"NOTTINGHAM_BACHELOR_032","NOTTINGHAM","SOCIAL_SCIENCES","BACHELOR","ON_CAMPUS","nottingham-bachelor-032","心理学","Psychology","","","","6","48400.0","48400.0","MYR","RM48,400 per year","79753.52","79753.52","1.64780000","2026-09-25","PER_YEAR","","","DRAFT"
"NOTTINGHAM_BACHELOR_033","NOTTINGHAM","NATURAL_SCIENCES","BACHELOR","ON_CAMPUS","nottingham-bachelor-033","心理学与认知神经科学","Psychology and Cognitive Neuroscience","","","","6","48400.0","48400.0","MYR","RM48,400 per year","79753.52","79753.52","1.64780000","2026-09-25","PER_YEAR","","","DRAFT"
"NOTTINGHAM_BACHELOR_034","NOTTINGHAM","ALLIED_HEALTH","BACHELOR","ON_CAMPUS","nottingham-bachelor-034","营养学","Nutrition","","","","6","46000.0","46000.0","MYR","RM46,000 per year","75798.80","75798.80","1.64780000","2026-09-25","PER_YEAR","","","DRAFT"
"NOTTINGHAM_BACHELOR_035","NOTTINGHAM","NATURAL_SCIENCES","BACHELOR","ON_CAMPUS","nottingham-bachelor-035","生物技术","Biotechnology","","","","6","53800.0","53800.0","MYR","RM53,800 per year","88651.64","88651.64","1.64780000","2026-09-25","PER_YEAR","","","DRAFT"
"NOTTINGHAM_BACHELOR_036","NOTTINGHAM","AGRICULTURE_ENVIRONMENT","BACHELOR","ON_CAMPUS","nottingham-bachelor-036","环境科学","Environmental Science","","","","6","49500.0","49500.0","MYR","RM49,500 per year","81566.10","81566.10","1.64780000","2026-09-25","PER_YEAR","","","DRAFT"
"NOTTINGHAM_BACHELOR_037","NOTTINGHAM","MEDICINE","BACHELOR","ON_CAMPUS","nottingham-bachelor-037","生物医学科学","Biomedical Science","","","","6","53800.0","53800.0","MYR","RM53,800 per year","88651.64","88651.64","1.64780000","2026-09-25","PER_YEAR","","","DRAFT"
"NOTTINGHAM_BACHELOR_038","NOTTINGHAM","PHARMACY","BACHELOR","ON_CAMPUS","nottingham-bachelor-038","药学与健康科学","Pharmaceutical and Health Sciences","","","","6","55500.0","55500.0","MYR","RM55,500 per year","91452.90","91452.90","1.64780000","2026-09-25","PER_YEAR","","","DRAFT"
"NOTTINGHAM_BACHELOR_039","NOTTINGHAM","PHARMACY","BACHELOR","ON_CAMPUS","nottingham-bachelor-039","药学荣誉学士（BPharm Hons）","BPharm (Hons) Pharmacy","","","","8","60000.0","60000.0","MYR","RM60,000 per year","98868.00","98868.00","1.64780000","2026-09-25","PER_YEAR","","","DRAFT"
"UM_MASTER_001","UM","ACCOUNTING_FINANCE","MASTER","ON_CAMPUS","um-master-001","伊斯兰管理与金融硕士","Master of islamic Managemnt & Finance","","","","3","33000.0","33000.0","MYR","33000","54377.40","54377.40","1.64780000","2026-09-25","UNKNOWN","","","DRAFT"
"UM_MASTER_002","UM","ISLAMIC_STUDIES","MASTER","ON_CAMPUS","um-master-002","宣教发展硕士","Master of Da'wah Development","","","","3","29100.0","29100.0","MYR","29100","47950.98","47950.98","1.64780000","2026-09-25","UNKNOWN","","","DRAFT"
"UM_MASTER_003","UM","BUSINESS_MANAGEMENT","MASTER","ON_CAMPUS","um-master-003","清真管理硕士","Master of Halal Management","","","","3","50400.0","50400.0","MYR","50400","83049.12","83049.12","1.64780000","2026-09-25","UNKNOWN","","","DRAFT"
"UM_MASTER_004","UM","LAW","MASTER","ON_CAMPUS","um-master-004","伊斯兰教法硕士（当代研究）","Master of Shariah (Contemporary Studies)","","","","3","25900.0","25900.0","MYR","25900","42678.02","42678.02","1.64780000","2026-09-25","UNKNOWN","","","DRAFT"
"UM_MASTER_005","UM","ISLAMIC_STUDIES","MASTER","ON_CAMPUS","um-master-005","乌苏鲁丁大师（伊斯兰思想与文明）","Master of Usuluddin (Islamic Thought & Civilization)","","","","3","25900.0","25900.0","MYR","25900","42678.02","42678.02","1.64780000","2026-09-25","UNKNOWN","","","DRAFT"
"UM_MASTER_006","UM","ISLAMIC_STUDIES","MASTER","ON_CAMPUS","um-master-006","乌苏鲁丁大师（《古兰经》和《圣训》）","Master of Usuluddin (Al-Quran & Al-Hadith)","","","","3","25900.0","25900.0","MYR","25900","42678.02","42678.02","1.64780000","2026-09-25","UNKNOWN","","","DRAFT"
"UM_MASTER_007","UM","LAW","MASTER","ON_CAMPUS","um-master-007","伊斯兰教法大师","Master of Shariah","","","","4","29200.0","29200.0","MYR","29200","48115.76","48115.76","1.64780000","2026-09-25","UNKNOWN","","","DRAFT"
"UM_MASTER_008","UM","ISLAMIC_STUDIES","MASTER","ON_CAMPUS","um-master-008","乌苏鲁丁大师","Master of Usuluddin","","","","4","29200.0","29200.0","MYR","29200","48115.76","48115.76","1.64780000","2026-09-25","UNKNOWN","","","DRAFT"
"UM_MASTER_009","UM","ISLAMIC_STUDIES","MASTER","ON_CAMPUS","um-master-009","伊斯兰研究硕士","Master of Islamic Studies","","","","4","29200.0","29200.0","MYR","29200","48115.76","48115.76","1.64780000","2026-09-25","UNKNOWN","","","DRAFT"
"UM_MASTER_010","UM","LAW","MASTER","ON_CAMPUS","um-master-010","伊斯兰研究硕士（伊斯兰教法）","MASTER OF ISLAMIC STUDIES (SHARIAH LAW)","","","","","","","","","","","","","UNKNOWN","","","DRAFT"
"UM_MASTER_011","UM","ACCOUNTING_FINANCE","MASTER","ON_CAMPUS","um-master-011","伊斯兰研究硕士（伊斯兰金融）","MASTER OF ISLAMIC STUDIES (ISLAMIC FINANCE)","","","","","","","","","","","","","UNKNOWN","","","DRAFT"
"UM_MASTER_012","UM","DESIGN_CREATIVE_ARTS","MASTER","ON_CAMPUS","um-master-012","马来研究文学硕士","Master of Arts in Malay Studies","","","","2+1","27400.0","27400.0","MYR","27400","45149.72","45149.72","1.64780000","2026-09-25","UNKNOWN","","","DRAFT"
"UM_MASTER_013","UM","INTERDISCIPLINARY","MASTER","ON_CAMPUS","um-master-013","马来研究硕士","Master of Malay Studies","","","","4","29200.0","29200.0","MYR","29200","48115.76","48115.76","1.64780000","2026-09-25","UNKNOWN","","","DRAFT"
"UM_MASTER_014","UM","LANGUAGES_LINGUISTICS","MASTER","ON_CAMPUS","um-master-014","英语语言研究硕士","Master of English Language Studies","","","","3","58500.0","58500.0","MYR","58500","96396.30","96396.30","1.64780000","2026-09-25","UNKNOWN","","","DRAFT"
"UM_MASTER_015","UM","DESIGN_CREATIVE_ARTS","MASTER","ON_CAMPUS","um-master-015","文学硕士（语言学）","Master of Arts (Linguistics)","","","","3","33700.0","33700.0","MYR","33700","55530.86","55530.86","1.64780000","2026-09-25","UNKNOWN","","","DRAFT"
"UM_MASTER_016","UM","DESIGN_CREATIVE_ARTS","MASTER","ON_CAMPUS","um-master-016","舞蹈硕士","Master of Dance","","","","2+1","38000.0","38000.0","MYR","38000","62616.40","62616.40","1.64780000","2026-09-25","UNKNOWN","","","DRAFT"
"UM_MASTER_017","UM","DESIGN_CREATIVE_ARTS","MASTER","ON_CAMPUS","um-master-017","表演艺术硕士（音乐）","Master of Performing Arts (Music)","","","","3","32500.0","32500.0","MYR","32500","53553.50","53553.50","1.64780000","2026-09-25","UNKNOWN","","","DRAFT"
"UM_MASTER_018","UM","DESIGN_CREATIVE_ARTS","MASTER","ON_CAMPUS","um-master-018","表演艺术硕士（戏剧）","Master of Performing Arts (Drama)","","","","3","29400.0","29400.0","MYR","29400","48445.32","48445.32","1.64780000","2026-09-25","UNKNOWN","","","DRAFT"
"UM_MASTER_019","UM","DESIGN_CREATIVE_ARTS","MASTER","ON_CAMPUS","um-master-019","文学硕士（视觉艺术）","Master of Arts (Visual Arts)","","","","3","32500.0","32500.0","MYR","32500","53553.50","53553.50","1.64780000","2026-09-25","UNKNOWN","","","DRAFT"
"UM_MASTER_020","UM","DESIGN_CREATIVE_ARTS","MASTER","ON_CAMPUS","um-master-020","文学硕士","Master of Arts","","","","4","29200.0","29200.0","MYR","29200","48115.76","48115.76","1.64780000","2026-09-25","UNKNOWN","","","DRAFT"
"UM_MASTER_021","UM","COMPUTING_IT","MASTER","ON_CAMPUS","um-master-021","网络安全硕士","Master of Cyber Security","","","","2+1","46700.0","46700.0","MYR","46700","76952.26","76952.26","1.64780000","2026-09-25","UNKNOWN","","","DRAFT"
"UM_MASTER_022","UM","COMPUTING_IT","MASTER","ON_CAMPUS","um-master-022","数据科学硕士","Master of Data Science","","","","2+1","33500.0","33500.0","MYR","33500","55201.30","55201.30","1.64780000","2026-09-25","UNKNOWN","","","DRAFT"
"UM_MASTER_023","UM","COMPUTING_IT","MASTER","ON_CAMPUS","um-master-023","人工智能硕士","Master of Artificial Intelligence","","","","2+1","45900.0","45900.0","MYR","45900","75634.02","75634.02","1.64780000","2026-09-25","UNKNOWN","","","DRAFT"
"UM_MASTER_024","UM","COMPUTING_IT","MASTER","ON_CAMPUS","um-master-024","计算机科学硕士（应用计算）","Master of Computer Science (Applied Computing)","","","","3","33600.0","33600.0","MYR","33600","55366.08","55366.08","1.64780000","2026-09-25","UNKNOWN","","","DRAFT"
"UM_MASTER_025","UM","COMPUTING_IT","MASTER","ON_CAMPUS","um-master-025","软件工程硕士（软件技术）","Master of Software Engineering (Software Technology)","","","","3","33600.0","33600.0","MYR","33600","55366.08","55366.08","1.64780000","2026-09-25","UNKNOWN","","","DRAFT"
"UM_MASTER_026","UM","COMPUTING_IT","MASTER","ON_CAMPUS","um-master-026","计算机科学硕士","Master of Computer Science","","","","4","32700.0","32700.0","MYR","32700","53883.06","53883.06","1.64780000","2026-09-25","UNKNOWN","","","DRAFT"
"UM_MASTER_027","UM","BUSINESS_MANAGEMENT","MASTER","ON_CAMPUS","um-master-027","信息技术管理硕士","Master of Information Technology Management","","","","2+1","32900.0","32900.0","MYR","32900","54212.62","54212.62","1.64780000","2026-09-25","UNKNOWN","","","DRAFT"
"UM_MASTER_028","UM","ARCHITECTURE_BUILT_ENVIRONMENT","MASTER","ON_CAMPUS","um-master-028","建筑学硕士","Master of Architecture","","","","4+1","51900.0","51900.0","MYR","51900","85520.82","85520.82","1.64780000","2026-09-25","UNKNOWN","","","DRAFT"
"UM_MASTER_029","UM","ARCHITECTURE_BUILT_ENVIRONMENT","MASTER","ON_CAMPUS","um-master-029","房地产硕士","Master of Real Estate","","","","2+1","33300.0","33300.0","MYR","33300","54871.74","54871.74","1.64780000","2026-09-25","UNKNOWN","","","DRAFT"
"UM_MASTER_030","UM","BUSINESS_MANAGEMENT","MASTER","ON_CAMPUS","um-master-030","项目管理硕士","Master of Project Management","","","","3","38900.0","38900.0","MYR","38900","64099.42","64099.42","1.64780000","2026-09-25","UNKNOWN","","","DRAFT"
"UM_MASTER_031","UM","BUSINESS_MANAGEMENT","MASTER","ON_CAMPUS","um-master-031","设施与维护管理硕士","Master of Facilities & Maintenance Managemen","","","","2+1","33900.0","33900.0","MYR","33900","55860.42","55860.42","1.64780000","2026-09-25","UNKNOWN","","","DRAFT"
"UM_MASTER_032","UM","ARCHITECTURE_BUILT_ENVIRONMENT","MASTER","ON_CAMPUS","um-master-032","建筑环境硕士","Master of Built Environment","","","","4","32700.0","32700.0","MYR","32700","53883.06","53883.06","1.64780000","2026-09-25","UNKNOWN","","","DRAFT"
"UM_MASTER_033","UM","MEDICINE","MASTER","ON_CAMPUS","um-master-033","公共卫生硕士","Master of Public Health","","","","2+1","42300.0","42300.0","MYR","42300","69701.94","69701.94","1.64780000","2026-09-25","UNKNOWN","","","DRAFT"
"UM_MASTER_034","UM","MEDICINE","MASTER","ON_CAMPUS","um-master-034","医学物理学硕士","Master of Medical Physics","","","","2+1","24700.0","24700.0","MYR","24700","40700.66","40700.66","1.64780000","2026-09-25","UNKNOWN","","","DRAFT"
"UM_MASTER_035","UM","MEDICINE","MASTER","ON_CAMPUS","um-master-035","护理学硕士","Master of Nursing Science","","","","2+1","25100.0","25100.0","MYR","25100","41359.78","41359.78","1.64780000","2026-09-25","UNKNOWN","","","DRAFT"
"UM_MASTER_036","UM","MEDICINE","MASTER","ON_CAMPUS","um-master-036","医学教育硕士","Master of Medical Education","","","","2+1","28900.0","28900.0","MYR","28900","47621.42","47621.42","1.64780000","2026-09-25","UNKNOWN","","","DRAFT"
"UM_MASTER_037","UM","MEDICINE","MASTER","ON_CAMPUS","um-master-037","健康研究伦理学硕士","Master of Health Research Ethics","","","","2","60200.0","60200.0","MYR","60200","99197.56","99197.56","1.64780000","2026-09-25","UNKNOWN","","","DRAFT"
"UM_MASTER_038","UM","MEDICINE","MASTER","ON_CAMPUS","um-master-038","医学寄生虫学和昆虫学硕士","Master of Medical Parasitology & Entomology","","","","2","65400.0","65400.0","MYR","65400","107766.12","107766.12","1.64780000","2026-09-25","UNKNOWN","","","DRAFT"
"UM_MASTER_039","UM","MEDICINE","MASTER","ON_CAMPUS","um-master-039","流行病学硕士","Master of Epidemiology","","","","2","61700.0","61700.0","MYR","61700","101669.26","101669.26","1.64780000","2026-09-25","UNKNOWN","","","DRAFT"
"UM_MASTER_040","UM","MEDICINE","MASTER","ON_CAMPUS","um-master-040","医学硕士（再生医学）","Master of Medical Science (Regenerative Medicine)","","","","","69600.0","69600.0","MYR","69600","114686.88","114686.88","1.64780000","2026-09-25","UNKNOWN","","","DRAFT"
"UM_MASTER_041","UM","MEDICINE","MASTER","ON_CAMPUS","um-master-041","医学硕士","Master of Medical Science","","","","2+1","35800.0","35800.0","MYR","35800","58991.24","58991.24","1.64780000","2026-09-25","UNKNOWN","","","DRAFT"
"UM_MASTER_042","UM","MEDICINE","MASTER","ON_CAMPUS","um-master-042","外科硕士","MASTER OF SURGERY","","","","","","","","","","","","","UNKNOWN","","","DRAFT"
"UM_MASTER_043","UM","MEDICINE","MASTER","ON_CAMPUS","um-master-043","放射学硕士","MASTER OF RADIOLOGY","","","","","","","","","","","","","UNKNOWN","","","DRAFT"
"UM_MASTER_044","UM","MEDICINE","MASTER","ON_CAMPUS","um-master-044","心理医学硕士","MASTER PSYCHOLOGICAL MEDICINE","","","","","","","","","","","","","UNKNOWN","","","DRAFT"
"UM_MASTER_045","UM","MEDICINE","MASTER","ON_CAMPUS","um-master-045","病理学硕士（医学微生物学）","MASTER OF PATHOLOGY ( MEDICAL MICROBIOLOGY)","","","","","","","","","","","","","UNKNOWN","","","DRAFT"
"UM_MASTER_046","UM","MEDICINE","MASTER","ON_CAMPUS","um-master-046","病理学硕士（血液学）","MASTER OF PATHOLOGY ( HAEMATOLOGY)","","","","","","","","","","","","","UNKNOWN","","","DRAFT"
"UM_MASTER_047","UM","MEDICINE","MASTER","ON_CAMPUS","um-master-047","病理学硕士（法医病理学）","MASTER OF PATHOLOGY ( FORENSIC PATHOLOGY)","","","","","","","","","","","","","UNKNOWN","","","DRAFT"
"UM_MASTER_048","UM","MEDICINE","MASTER","ON_CAMPUS","um-master-048","病理学硕士（化学病理学）","MASTER OF PATHOLOGY ( CHEMICAL PATHOLOGY)","","","","","","","","","","","","","UNKNOWN","","","DRAFT"
"UM_MASTER_049","UM","MEDICINE","MASTER","ON_CAMPUS","um-master-049","病理学硕士（解剖病理学）","MASTER OF PATHOLOGY ( ANATOMIC PATHOLOGY)","","","","","","","","","","","","","UNKNOWN","","","DRAFT"
"UM_MASTER_050","UM","MEDICINE","MASTER","ON_CAMPUS","um-master-050","儿科硕士","MASTER OF PAEDIATRICS","","","","","","","","","","","","","UNKNOWN","","","DRAFT"
"UM_MASTER_051","UM","MEDICINE","MASTER","ON_CAMPUS","um-master-051","儿科外科硕士","Master of paediatric surgery","","","","","","","","","","","","","UNKNOWN","","","DRAFT"
"UM_MASTER_052","UM","MEDICINE","MASTER","ON_CAMPUS","um-master-052","耳鼻咽喉头颈外科硕士","Master of otorhinolaryngology- head & neck surger","","","","","","","","","","","","","UNKNOWN","","","DRAFT"
"UM_MASTER_053","UM","MEDICINE","MASTER","ON_CAMPUS","um-master-053","骨科手术硕士","Master of orthopaedic surgery","","","","","","","","","","","","","UNKNOWN","","","DRAFT"
"UM_MASTER_054","UM","MEDICINE","MASTER","ON_CAMPUS","um-master-054","眼科学硕士","Master of ophthalmology","","","","","","","","","","","","","UNKNOWN","","","DRAFT"
"UM_MASTER_055","UM","MEDICINE","MASTER","ON_CAMPUS","um-master-055","妇产科硕士","Master of obstetrics and gynaecology","","","","","","","","","","","","","UNKNOWN","","","DRAFT"
"UM_MASTER_056","UM","MEDICINE","MASTER","ON_CAMPUS","um-master-056","神经外科硕士","Master of neurosurgery","","","","","","","","","","","","","UNKNOWN","","","DRAFT"
"UM_MASTER_057","UM","MEDICINE","MASTER","ON_CAMPUS","um-master-057","医学硕士","Master of medical science","","","","","","","","","","","","","UNKNOWN","","","DRAFT"
"UM_MASTER_058","UM","MEDICINE","MASTER","ON_CAMPUS","um-master-058","内科硕士","Master of internal medicine","","","","","","","","","","","","","UNKNOWN","","","DRAFT"
"UM_MASTER_059","UM","MEDICINE","MASTER","ON_CAMPUS","um-master-059","家庭医学硕士","Master of family medicine","","","","","","","","","","","","","UNKNOWN","","","DRAFT"
"UM_MASTER_060","UM","MEDICINE","MASTER","ON_CAMPUS","um-master-060","急诊医学硕士","Master of emergency medicine","","","","","","","","","","","","","UNKNOWN","","","DRAFT"
"UM_MASTER_061","UM","MEDICINE","MASTER","ON_CAMPUS","um-master-061","临床肿瘤学硕士","Master of clinical oncology","","","","","","","","","","","","","UNKNOWN","","","DRAFT"
"UM_MASTER_062","UM","MEDICINE","MASTER","ON_CAMPUS","um-master-062","麻醉学硕士","Master of anaesthesiology","","","","","","","","","","","","","UNKNOWN","","","DRAFT"
"UM_MASTER_063","UM","BUSINESS_MANAGEMENT","MASTER","ON_CAMPUS","um-master-063","工商管理硕士","Master of Business Administration","","","","3","56800.0","56800.0","MYR","56800","93595.04","93595.04","1.64780000","2026-09-25","UNKNOWN","","","DRAFT"
"UM_MASTER_064","UM","BUSINESS_MANAGEMENT","MASTER","ON_CAMPUS","um-master-064","管理学硕士","Master of Management","","","","3","46800.0","46800.0","MYR","46800","77117.04","77117.04","1.64780000","2026-09-25","UNKNOWN","","","DRAFT"
"UM_MASTER_065","UM","ACCOUNTING_FINANCE","MASTER","ON_CAMPUS","um-master-065","会计硕士（报告和管理问责）","Master of Accounting (Reporting & Management Accountability)","","","","3","35000.0","35000.0","MYR","35000","57673.00","57673.00","1.64780000","2026-09-25","UNKNOWN","","","DRAFT"
"UM_MASTER_066","UM","BUSINESS_MANAGEMENT","MASTER","ON_CAMPUS","um-master-066","市场营销硕士","Master of Marketing","","","","2+1","44100.0","44100.0","MYR","44100","72667.98","72667.98","1.64780000","2026-09-25","UNKNOWN","","","DRAFT"
"UM_MASTER_067","UM","BUSINESS_MANAGEMENT","MASTER","ON_CAMPUS","um-master-067","经济学硕士","Master of Economics","","","","2+1","38100.0","38100.0","MYR","38100","62781.18","62781.18","1.64780000","2026-09-25","UNKNOWN","","","DRAFT"
"UM_MASTER_068","UM","BUSINESS_MANAGEMENT","MASTER","ON_CAMPUS","um-master-068","公共管理硕士","Master of Publict Administration","","","","2+1","37400.0","37400.0","MYR","37400","61627.72","61627.72","1.64780000","2026-09-25","UNKNOWN","","","DRAFT"
"UM_MASTER_069","UM","BUSINESS_MANAGEMENT","MASTER","ON_CAMPUS","um-master-069","发展研究硕士","Master of Development Studies","","","","2+1","37400.0","37400.0","MYR","37400","61627.72","61627.72","1.64780000","2026-09-25","UNKNOWN","","","DRAFT"
"UM_MASTER_070","UM","BUSINESS_MANAGEMENT","MASTER","ON_CAMPUS","um-master-070","应用统计学硕士","Master of Applied Statistics","","","","2+1","38100.0","38100.0","MYR","38100","62781.18","62781.18","1.64780000","2026-09-25","UNKNOWN","","","DRAFT"
"UM_MASTER_071","UM","BUSINESS_MANAGEMENT","MASTER","ON_CAMPUS","um-master-071","公共政策硕士","Master of Publict Policy","","","","3","59300.0","59300.0","MYR","59300","97714.54","97714.54","1.64780000","2026-09-25","UNKNOWN","","","DRAFT"
"UM_MASTER_072","UM","NATURAL_SCIENCES","MASTER","ON_CAMPUS","um-master-072","应用物理学理学硕士","Master ot Science in Applied Physics","","","","2+1","28300.0","28300.0","MYR","28300","46632.74","46632.74","1.64780000","2026-09-25","UNKNOWN","","","DRAFT"
"UM_MASTER_073","UM","NATURAL_SCIENCES","MASTER","ON_CAMPUS","um-master-073","统计学理学硕士","Master of Science in Statistics","","","","2","25400.0","25400.0","MYR","25400","41854.12","41854.12","1.64780000","2026-09-25","UNKNOWN","","","DRAFT"
"UM_MASTER_074","UM","NATURAL_SCIENCES","MASTER","ON_CAMPUS","um-master-074","仪器分析化学理学硕士","Master of Science in instrumental Anatytical Chemistry","","","","2","30500.0","30500.0","MYR","30500","50257.90","50257.90","1.64780000","2026-09-25","UNKNOWN","","","DRAFT"
"UM_MASTER_075","UM","NATURAL_SCIENCES","MASTER","ON_CAMPUS","um-master-075","可持续发展科学硕士","Master of Sustainability Science","","","","2+1","25800.0","25800.0","MYR","25800","42513.24","42513.24","1.64780000","2026-09-25","UNKNOWN","","","DRAFT"
"UM_MASTER_076","UM","BUSINESS_MANAGEMENT","MASTER","ON_CAMPUS","um-master-076","环境管理技术硕士","Master in Environmental Management Technology","","","","2+1","29300.0","29300.0","MYR","29300","48280.54","48280.54","1.64780000","2026-09-25","UNKNOWN","","","DRAFT"
"UM_MASTER_077","UM","NATURAL_SCIENCES","MASTER","ON_CAMPUS","um-master-077","生物技术理学硕士","Master of Science in Biotechnology","","","","2+1","29800.0","29800.0","MYR","29800","49104.44","49104.44","1.64780000","2026-09-25","UNKNOWN","","","DRAFT"
"UM_MASTER_078","UM","NATURAL_SCIENCES","MASTER","ON_CAMPUS","um-master-078","农作物保护科学硕士","Master of Scierx:e in Crop Protection","","","","2+1","27500.0","27500.0","MYR","27500","45314.50","45314.50","1.64780000","2026-09-25","UNKNOWN","","","DRAFT"
"UM_MASTER_079","UM","MEDIA_COMMUNICATION","MASTER","ON_CAMPUS","um-master-079","科学传播与公众参与硕士","Master of Science Communication & Public Engagement","","","","2+1","28100.0","28100.0","MYR","28100","46303.18","46303.18","1.64780000","2026-09-25","UNKNOWN","","","DRAFT"
"UM_MASTER_080","UM","NATURAL_SCIENCES","MASTER","ON_CAMPUS","um-master-080","石油地球科学硕士","Master of Petroleum Geoscience","","","","2+1","40400.0","40400.0","MYR","40400","66571.12","66571.12","1.64780000","2026-09-25","UNKNOWN","","","DRAFT"
"UM_MASTER_081","UM","NATURAL_SCIENCES","MASTER","ON_CAMPUS","um-master-081","生物信息学硕士","Master of Bioinformatics","","","","2+1","35400.0","35400.0","MYR","35400","58332.12","58332.12","1.64780000","2026-09-25","UNKNOWN","","","DRAFT"
"UM_MASTER_082","UM","NATURAL_SCIENCES","MASTER","ON_CAMPUS","um-master-082","理学硕士","Master of Science","","","","4","32700.0","32700.0","MYR","32700","53883.06","53883.06","1.64780000","2026-09-25","UNKNOWN","","","DRAFT"
"UM_MASTER_083","UM","NATURAL_SCIENCES","MASTER","ON_CAMPUS","um-master-083","专业领域 Area of Specialization :","","","","","","","","","","","","","","UNKNOWN","","","DRAFT"
"UM_MASTER_084","UM","NATURAL_SCIENCES","MASTER","ON_CAMPUS","um-master-084","数学Mathematics","","","","","","","","","","","","","","UNKNOWN","","","DRAFT"
"UM_MASTER_085","UM","NATURAL_SCIENCES","MASTER","ON_CAMPUS","um-master-085","科学与技术Science & Technology","","","","","","","","","","","","","","UNKNOWN","","","DRAFT"
"UM_MASTER_086","UM","NATURAL_SCIENCES","MASTER","ON_CAMPUS","um-master-086","物理/生物/化学/地质学Physics / Biology / Chemistry / Geology","","","","","","","","","","","","","","UNKNOWN","","","DRAFT"
"UM_MASTER_087","UM","MEDICINE","MASTER","ON_CAMPUS","um-master-087","医学硕士","Master of Medical Science","","","","4","35800.0","35800.0","MYR","35800","58991.24","58991.24","1.64780000","2026-09-25","UNKNOWN","","","DRAFT"
"UM_MASTER_088","UM","PHARMACY","MASTER","ON_CAMPUS","um-master-088","药物研发药学硕士","Master in Pharmaceutical Science in Drug Discovery and Development","","","","2+1","55400.0","55400.0","MYR","55400","91288.12","91288.12","1.64780000","2026-09-25","UNKNOWN","","","DRAFT"
"UM_MASTER_089","UM","PHARMACY","MASTER","ON_CAMPUS","um-master-089","药品立法和监管控制硕士","Master in Pharmacuetical Legislation and Regulatory Control","","","","2+1","54200.0","54200.0","MYR","54200","89310.76","89310.76","1.64780000","2026-09-25","UNKNOWN","","","DRAFT"
"UM_MASTER_090","UM","PHARMACY","MASTER","ON_CAMPUS","um-master-090","药学硕士Master of science in pharmacy","","","","","","","","","","","","","","UNKNOWN","","","DRAFT"
"UM_MASTER_091","UM","MEDIA_COMMUNICATION","MASTER","ON_CAMPUS","um-master-091","媒体研究硕士","Master of Media Studies","","","","2+1","37800.0","37800.0","MYR","37800","62286.84","62286.84","1.64780000","2026-09-25","UNKNOWN","","","DRAFT"
"UM_MASTER_092","UM","DESIGN_CREATIVE_ARTS","MASTER","ON_CAMPUS","um-master-092","中国研究硕士","Master of Chinese Studies","","","","2+1","38800.0","38800.0","MYR","38800","63934.64","63934.64","1.64780000","2026-09-25","UNKNOWN","","","DRAFT"
"UM_MASTER_093","UM","DESIGN_CREATIVE_ARTS","MASTER","ON_CAMPUS","um-master-093","图书馆与信息科学硕士","Master of Library & Information Science","","","","2+1","34500.0","34500.0","MYR","34500","56849.10","56849.10","1.64780000","2026-09-25","UNKNOWN","","","DRAFT"
"UM_MASTER_094","UM","DESIGN_CREATIVE_ARTS","MASTER","ON_CAMPUS","um-master-094","性别研究硕士","Master of Gender Studies","","","","2+1","36600.0","36600.0","MYR","36600","60309.48","60309.48","1.64780000","2026-09-25","UNKNOWN","","","DRAFT"
"UM_MASTER_095","UM","DESIGN_CREATIVE_ARTS","MASTER","ON_CAMPUS","um-master-095","文学硕士（英语文学）","Master of Arts (English Literature)","","","","3","26100.0","26100.0","MYR","26100","43007.58","43007.58","1.64780000","2026-09-25","UNKNOWN","","","DRAFT"
"UM_MASTER_096","UM","DESIGN_CREATIVE_ARTS","MASTER","ON_CAMPUS","um-master-096","文学硕士（马来西亚历史）","Master of Arts (Malaysian History)","","","","3","25100.0","25100.0","MYR","25100","41359.78","41359.78","1.64780000","2026-09-25","UNKNOWN","","","DRAFT"
"UM_MASTER_097","UM","DESIGN_CREATIVE_ARTS","MASTER","ON_CAMPUS","um-master-097","文学硕士（东南亚历史）","MASTER OF ARTS (SOUTHEAST ASIAN HISTORY)","","","","","","","","","","","","","UNKNOWN","","","DRAFT"
"UM_MASTER_098","UM","DESIGN_CREATIVE_ARTS","MASTER","ON_CAMPUS","um-master-098","文学硕士（东南亚研究）","Master of Arts (Southeast Asian Studies)","","","","3","27000.0","27000.0","MYR","27000","44490.60","44490.60","1.64780000","2026-09-25","UNKNOWN","","","DRAFT"
"UM_MASTER_099","UM","DESIGN_CREATIVE_ARTS","MASTER","ON_CAMPUS","um-master-099","文学硕士（出版研究）","Master of Arts (Publishing Studies)","","","","3","25000.0","25000.0","MYR","25000","41195.00","41195.00","1.64780000","2026-09-25","UNKNOWN","","","DRAFT"
"UM_MASTER_100","UM","DESIGN_CREATIVE_ARTS","MASTER","ON_CAMPUS","um-master-100","文学硕士（东南亚历史）","MASTER OF ARTS ( SOUTHEAST ASIAN HISTORY)","","","","","","","","","","","","","UNKNOWN","","","DRAFT"
"UM_MASTER_101","UM","DESIGN_CREATIVE_ARTS","MASTER","ON_CAMPUS","um-master-101","文学硕士（战略与国防研究）","Master of Arts (Strategic & Defence Studies)","","","","3","27600.0","27600.0","MYR","27600","45479.28","45479.28","1.64780000","2026-09-25","UNKNOWN","","","DRAFT"
"UM_MASTER_102","UM","DESIGN_CREATIVE_ARTS","MASTER","ON_CAMPUS","um-master-102","文学硕士","Master of Arts","","","","4","29200.0","29200.0","MYR","29200","48115.76","48115.76","1.64780000","2026-09-25","UNKNOWN","","","DRAFT"
"UM_MASTER_103","UM","DESIGN_CREATIVE_ARTS","MASTER","ON_CAMPUS","um-master-103","信息科学硕士","Master of Information Science","","","","4","32700.0","32700.0","MYR","32700","53883.06","53883.06","1.64780000","2026-09-25","UNKNOWN","","","DRAFT"
"UM_MASTER_104","UM","DENTISTRY","MASTER","ON_CAMPUS","um-master-104","牙科硕士","Master of Dental Science","","","","4","35800.0","35800.0","MYR","35800","58991.24","58991.24","1.64780000","2026-09-25","UNKNOWN","","","DRAFT"
"UM_MASTER_105","UM","DENTISTRY","MASTER","ON_CAMPUS","um-master-105","口腔健康社区硕士","Master of Oral Health Community","","","","2+1","112500.0","112500.0","MYR","112500","185377.50","185377.50","1.64780000","2026-09-25","UNKNOWN","","","DRAFT"
"UM_MASTER_106","UM","DENTISTRY","MASTER","ON_CAMPUS","um-master-106","口腔科学硕士（申请已关闭）","Master of Oral Science - Application Closed","","","","","","","","","","","","","UNKNOWN","","","DRAFT"
"UM_MASTER_107","UM","DENTISTRY","MASTER","ON_CAMPUS","um-master-107","亚欧研究所（AEI）","Asia-Europe Institute (AEI)","","","","","","","","","","","","","UNKNOWN","","","DRAFT"
"UM_MASTER_108","UM","DENTISTRY","MASTER","ON_CAMPUS","um-master-108","欧洲研究硕士","Master in European Studies","","","","3","33200.0","33200.0","MYR","33200","54706.96","54706.96","1.64780000","2026-09-25","UNKNOWN","","","DRAFT"
"UM_MASTER_109","UM","DENTISTRY","MASTER","ON_CAMPUS","um-master-109","东盟研究硕士","Master in ASEAN Studies","","","","3","33200.0","33200.0","MYR","33200","54706.96","54706.96","1.64780000","2026-09-25","UNKNOWN","","","DRAFT"
"UM_MASTER_110","UM","ENGINEERING","MASTER","ON_CAMPUS","um-master-110","生物医学工程硕士","MASTER OF BIOMEDICAL ENGINEERING","","","","","","","","","","","","","UNKNOWN","","","DRAFT"
"UM_MASTER_111","UM","ENGINEERING","MASTER","ON_CAMPUS","um-master-111","机械工程硕士","Master of Mechanical Engineering","","","","2+1","53600.0","53600.0","MYR","53600","88322.08","88322.08","1.64780000","2026-09-25","UNKNOWN","","","DRAFT"
"UM_MASTER_112","UM","ENGINEERING","MASTER","ON_CAMPUS","um-master-112","安全、健康与环境工程硕士","Master of Safety, Health & Environment Engineering","","","","2+1","54600.0","54600.0","MYR","54600","89969.88","89969.88","1.64780000","2026-09-25","UNKNOWN","","","DRAFT"
"UM_MASTER_113","UM","ENGINEERING","MASTER","ON_CAMPUS","um-master-113","系统工程硕士","Master of Systems Engineering","","","","2+1","53600.0","53600.0","MYR","53600","88322.08","88322.08","1.64780000","2026-09-25","UNKNOWN","","","DRAFT"
"UM_MASTER_114","UM","ENGINEERING","MASTER","ON_CAMPUS","um-master-114","道路安全工程硕士","Master of Road Safety Engineering","","","","2+1","53900.0","53900.0","MYR","53900","88816.42","88816.42","1.64780000","2026-09-25","UNKNOWN","","","DRAFT"
"UM_MASTER_115","UM","ENGINEERING","MASTER","ON_CAMPUS","um-master-115","工程科学硕士","Master of Engineering Science","","","","4","32700.0","32700.0","MYR","32700","53883.06","53883.06","1.64780000","2026-09-25","UNKNOWN","","","DRAFT"
"UM_MASTER_116","UM","ENGINEERING","MASTER","ON_CAMPUS","um-master-116","高等研究院","Institute for Advanced Studies","","","","","","","","","","","","","UNKNOWN","","","DRAFT"
"UM_MASTER_117","UM","ENGINEERING","MASTER","ON_CAMPUS","um-master-117","可再生能源硕士","Master of Renewable Energy","","","","2+1","37700.0","37700.0","MYR","37700","62122.06","62122.06","1.64780000","2026-09-25","UNKNOWN","","","DRAFT"
"UM_MASTER_118","UM","ENGINEERING","MASTER","ON_CAMPUS","um-master-118","应用科学硕士（纳米技术）","Master of Applied Sciences (Nanotechnology)","","","","3","43400.0","43400.0","MYR","43400","71514.52","71514.52","1.64780000","2026-09-25","UNKNOWN","","","DRAFT"
"UM_MASTER_119","UM","ENGINEERING","MASTER","ON_CAMPUS","um-master-119","农业生物安全硕士","Master of Agricultural Biosecurity","","","","2+1","43600.0","43600.0","MYR","43600","71844.08","71844.08","1.64780000","2026-09-25","UNKNOWN","","","DRAFT"
"UM_MASTER_120","UM","ENGINEERING","MASTER","ON_CAMPUS","um-master-120","高级研究硕士","Master of advanced studies","","","","","","","","","","","","","UNKNOWN","","","DRAFT"
"UM_MASTER_121","UM","ENGINEERING","MASTER","ON_CAMPUS","um-master-121","哲学硕士 Master of Philosophy","","","","","4","32700.0","32700.0","MYR","32700","53883.06","53883.06","1.64780000","2026-09-25","UNKNOWN","","","DRAFT"
"UM_MASTER_124","UM","NATURAL_SCIENCES","MASTER","ON_CAMPUS","um-master-124","Power Energy电力能源","","","","","","","","","","","","","","UNKNOWN","","","DRAFT"
"UM_MASTER_126","UM","EDUCATION","DIPLOMA","ON_CAMPUS","um-master-126","教育研究生文凭","Postgraduate Diploma in Education","","","","","","","","TBC","","","","","UNKNOWN","","","DRAFT"
"UM_MASTER_127","UM","EDUCATION","MASTER","ON_CAMPUS","um-master-127","专业咨询硕士","Master of Professional Counselling","","","","4","35900.0","35900.0","MYR","35900","59156.02","59156.02","1.64780000","2026-09-25","UNKNOWN","","","DRAFT"
"UM_MASTER_128","UM","BUSINESS_MANAGEMENT","MASTER","ON_CAMPUS","um-master-128","教育领导与管理硕士","Master of Educational Leadership and Management","","","","2+1","24500.0","24500.0","MYR","24500","40371.10","40371.10","1.64780000","2026-09-25","UNKNOWN","","","DRAFT"
"UM_MASTER_129","UM","EDUCATION","MASTER","ON_CAMPUS","um-master-129","英语作为第二语言教育硕士","Master of Education in English as a Second Language","","","","2+1","30600.0","30600.0","MYR","30600","50422.68","50422.68","1.64780000","2026-09-25","UNKNOWN","","","DRAFT"
"UM_MASTER_130","UM","EDUCATION","MASTER","ON_CAMPUS","um-master-130","阿拉伯语教育硕士","Master of Arabic Language Education","","","","2+1","26800.0","26800.0","MYR","26800","44161.04","44161.04","1.64780000","2026-09-25","UNKNOWN","","","DRAFT"
"UM_MASTER_131","UM","EDUCATION","MASTER","ON_CAMPUS","um-master-131","教育硕士","Master of Education","","","","4","29200.0","29200.0","MYR","29200","48115.76","48115.76","1.64780000","2026-09-25","UNKNOWN","","","DRAFT"
"UM_MASTER_132","UM","COMPUTING_IT","MASTER","ON_CAMPUS","um-master-132","信息技术理学教育硕士","Master of Science Education with Information Technology","","","","3","26900.0","26900.0","MYR","26900","44325.82","44325.82","1.64780000","2026-09-25","UNKNOWN","","","DRAFT"
"UM_MASTER_133","UM","EDUCATION","MASTER","ON_CAMPUS","um-master-133","数学教育与技术硕士","Master of Mathematics Education with Technology","","","","3","26900.0","26900.0","MYR","26900","44325.82","44325.82","1.64780000","2026-09-25","UNKNOWN","","","DRAFT"
"UM_MASTER_134","UM","EDUCATION","MASTER","ON_CAMPUS","um-master-134","马来语教育硕士","Master of Education in Malay Language","","","","3","26900.0","26900.0","MYR","26900","44325.82","44325.82","1.64780000","2026-09-25","UNKNOWN","","","DRAFT"
"UM_MASTER_135","UM","EDUCATION","MASTER","ON_CAMPUS","um-master-135","伊斯兰教育硕士","Master of lslamic Education","","","","3","24500.0","24500.0","MYR","24500","40371.10","40371.10","1.64780000","2026-09-25","UNKNOWN","","","DRAFT"
"UM_MASTER_136","UM","EDUCATION","MASTER","ON_CAMPUS","um-master-136","人文教育硕士","Master of Humanities Education","","","","3","24500.0","24500.0","MYR","24500","40371.10","40371.10","1.64780000","2026-09-25","UNKNOWN","","","DRAFT"
"UM_MASTER_137","UM","EDUCATION","MASTER","ON_CAMPUS","um-master-137","教育技术硕士","Master of Educational Technology","","","","3","23900.0","23900.0","MYR","23900","39382.42","39382.42","1.64780000","2026-09-25","UNKNOWN","","","DRAFT"
"UM_MASTER_138","UM","EDUCATION","MASTER","ON_CAMPUS","um-master-138","视觉艺术教育硕士","Master of Visual Art Education","","","","3","24500.0","24500.0","MYR","24500","40371.10","40371.10","1.64780000","2026-09-25","UNKNOWN","","","DRAFT"
"UM_MASTER_139","UM","BUSINESS_MANAGEMENT","MASTER","ON_CAMPUS","um-master-139","教育领导与管理硕士","Master of Educational Leadershíp & Management","","","","2+1","24500.0","24500.0","MYR","24500","40371.10","40371.10","1.64780000","2026-09-25","UNKNOWN","","","DRAFT"
"UM_MASTER_140","UM","ALLIED_HEALTH","MASTER","ON_CAMPUS","um-master-140","体育与健康教育硕士","Master of Physical & Heahh Education","","","","3","29300.0","29300.0","MYR","29300","48280.54","48280.54","1.64780000","2026-09-25","UNKNOWN","","","DRAFT"
"UM_MASTER_141","UM","EDUCATION","MASTER","ON_CAMPUS","um-master-141","幼儿教育硕士","Master of Early Childhood Education","","","","3","29900.0","29900.0","MYR","29900","49269.22","49269.22","1.64780000","2026-09-25","UNKNOWN","","","DRAFT"
"UM_MASTER_142","UM","EDUCATION","MASTER","ON_CAMPUS","um-master-142","特殊教育硕士","Master of Spacial Education","","","","3","29300.0","29300.0","MYR","29300","48280.54","48280.54","1.64780000","2026-09-25","UNKNOWN","","","DRAFT"
"UM_MASTER_143","UM","EDUCATION","MASTER","ON_CAMPUS","um-master-143","测量与评估硕士","Master of Measurement & Assessment","","","","3","24500.0","24500.0","MYR","24500","40371.10","40371.10","1.64780000","2026-09-25","UNKNOWN","","","DRAFT"
"UM_MASTER_144","UM","ALLIED_HEALTH","MASTER","ON_CAMPUS","um-master-144","教育心理学硕士","Master of Educational Pcychology","","","","3","29300.0","29300.0","MYR","29300","48280.54","48280.54","1.64780000","2026-09-25","UNKNOWN","","","DRAFT"
"UM_MASTER_145","UM","LAW","MASTER","ON_CAMPUS","um-master-145","法学硕士","Master of Laws","","","","2+1","31400.0","31400.0","MYR","31400","51740.92","51740.92","1.64780000","2026-09-25","UNKNOWN","","","DRAFT"
"UM_MASTER_146","UM","LAW","MASTER","ON_CAMPUS","um-master-146","商法硕士","Master of Commercial Law","","","","2+1","31400.0","31400.0","MYR","31400","51740.92","51740.92","1.64780000","2026-09-25","UNKNOWN","","","DRAFT"
"UM_MASTER_147","UM","LAW","MASTER","ON_CAMPUS","um-master-147","刑事司法硕士","Master of Criminal Justice","","","","2+1","32800.0","32800.0","MYR","32800","54047.84","54047.84","1.64780000","2026-09-25","UNKNOWN","","","DRAFT"
"UM_MASTER_148","UM","LAW","MASTER","ON_CAMPUS","um-master-148","法学硕士","Master of Legal Studies","","","","4","29200.0","29200.0","MYR","29200","48115.76","48115.76","1.64780000","2026-09-25","UNKNOWN","","","DRAFT"
"UM_MASTER_149","UM","NATURAL_SCIENCES","MASTER","ON_CAMPUS","um-master-149","力量与体能训练大师","Master of Strength & Conditioning","","","","2+1","32300.0","32300.0","MYR","32300","53223.94","53223.94","1.64780000","2026-09-25","UNKNOWN","","","DRAFT"
"UM_MASTER_150","UM","BUSINESS_MANAGEMENT","MASTER","ON_CAMPUS","um-master-150","体育管理与领导硕士","Master of Sports Administration & Leadership","","","","2+1","36700.0","36700.0","MYR","36700","60474.26","60474.26","1.64780000","2026-09-25","UNKNOWN","","","DRAFT"
"UM_MASTER_151","UM","NATURAL_SCIENCES","MASTER","ON_CAMPUS","um-master-151","体育科学硕士","Master of Sport Science","","","","4","32700.0","32700.0","MYR","32700","53883.06","53883.06","1.64780000","2026-09-25","UNKNOWN","","","DRAFT"
"UM_MASTER_152","UM","BUSINESS_MANAGEMENT","MASTER","ON_CAMPUS","um-master-152","国际公共政策与管理研究所","INTERNATIONAL INSTITUTE OF PUBLIC POLICY AND MANAGEMENT","","","","","","","","","","","","","UNKNOWN","","","DRAFT"
"UM_MASTER_153","UM","NATURAL_SCIENCES","MASTER","ON_CAMPUS","um-master-153","公共政策硕士","Master of public policy","","","","","","","","","","","","","UNKNOWN","","","DRAFT"
"UM_MASTER_154","UM","NATURAL_SCIENCES","MASTER","ON_CAMPUS","um-master-154","亚欧研究所","ASIA EUROPE INSTITUTE","","","","","","","","","","","","","UNKNOWN","","","ARCHIVED"
"UKM_MASTER_001","UKM","BUSINESS_MANAGEMENT","MASTER","ON_CAMPUS","ukm-master-001","经济学硕士（授课型）","MASTER (COURSEWORK) ECONOMICS","","","","3","32820.0","32820.0","MYR","32820","54080.80","54080.80","1.64780000","2026-09-25","UNKNOWN","","","DRAFT"
"UKM_MASTER_002","UKM","BUSINESS_MANAGEMENT","MASTER","ON_CAMPUS","ukm-master-002","硕士（授课型）伊斯兰经济","MASTER (COURSEWORK) ISLAMIC ECONOMY","","","","3","32820.0","32820.0","MYR","32820","54080.80","54080.80","1.64780000","2026-09-25","UNKNOWN","","","DRAFT"
"UKM_MASTER_003","UKM","BUSINESS_MANAGEMENT","MASTER","ON_CAMPUS","ukm-master-003","硕士（授课型）创业与创新","MASTER (COURSEWORK) ENTERPRENUERSHIP & INNOVATION","","","","3","32820.0","32820.0","MYR","32820","54080.80","54080.80","1.64780000","2026-09-25","UNKNOWN","","","DRAFT"
"UKM_MASTER_004","UKM","ACCOUNTING_FINANCE","MASTER","ON_CAMPUS","ukm-master-004","会计硕士（授课型）","MASTER (COURSEWORK) ACCOUNTING","","","","4","32820.0","32820.0","MYR","32820","54080.80","54080.80","1.64780000","2026-09-25","UNKNOWN","","","DRAFT"
"UKM_MASTER_005","UKM","BUSINESS_MANAGEMENT","MASTER","ON_CAMPUS","ukm-master-005","公共管理与领导硕士","MASTER OF PUBLIC ADMINISTRATION AND LEADERSHIP","","","","","","","","","","","","","UNKNOWN","","","DRAFT"
"UKM_MASTER_006","UKM","BUSINESS_MANAGEMENT","MASTER","ON_CAMPUS","ukm-master-006","伊斯兰经济学硕士","MASTER OF ISLAMIC ECONOMICS","","","","","","","","","","","","","UNKNOWN","","","DRAFT"
"UKM_MASTER_007","UKM","NATURAL_SCIENCES","MASTER","ON_CAMPUS","ukm-master-007","信息系统硕士","Master of Information System","","","","2","29710.0","29710.0","MYR","29710","48956.14","48956.14","1.64780000","2026-09-25","UNKNOWN","","","DRAFT"
"UKM_MASTER_008","UKM","COMPUTING_IT","MASTER","ON_CAMPUS","ukm-master-008","计算机科学硕士（软件工程）","Master of Computer Science (Software Engineering )","","","","2","35310.0","35310.0","MYR","35310","58183.82","58183.82","1.64780000","2026-09-25","UNKNOWN","","","DRAFT"
"UKM_MASTER_009","UKM","COMPUTING_IT","MASTER","ON_CAMPUS","ukm-master-009","计算机科学硕士（人工智能）","Master of Computer Science (Artificial intelligence)","","","","2","","","","","","","","","UNKNOWN","","","DRAFT"
"UKM_MASTER_010","UKM","COMPUTING_IT","MASTER","ON_CAMPUS","ukm-master-010","计算机科学硕士（网络技术）","Master of Computer Science (Networking Technologies)","","","","2","","","","","","","","","UNKNOWN","","","DRAFT"
"UKM_MASTER_011","UKM","COMPUTING_IT","MASTER","ON_CAMPUS","ukm-master-011","信息技术硕士","Master of Information Technology","","","","2","","","","","","","","","UNKNOWN","","","DRAFT"
"UKM_MASTER_012","UKM","COMPUTING_IT","MASTER","ON_CAMPUS","ukm-master-012","数据科学硕士","Master of Data Science","","","","2","","","","","","","","","UNKNOWN","","","DRAFT"
"UKM_MASTER_013","UKM","MEDIA_COMMUNICATION","MASTER","ON_CAMPUS","ukm-master-013","创意媒体技术硕士","Master of Creative Media Technologies","","","","2","","","","","","","","","UNKNOWN","","","DRAFT"
"UKM_MASTER_014","UKM","COMPUTING_IT","MASTER","ON_CAMPUS","ukm-master-014","网络安全硕士","Master of Science in Cybersecurity","","","","2","","","","","","","","","UNKNOWN","","","DRAFT"
"UKM_MASTER_015","UKM","COMPUTING_IT","MASTER","ON_CAMPUS","ukm-master-015","计算机科学硕士","MASTER OF COMPUTER SCIENCE","","","","","","","","","","","","","UNKNOWN","","","DRAFT"
"UKM_MASTER_016","UKM","COMPUTING_IT","MASTER","ON_CAMPUS","ukm-master-016","计算机硕士","MASTER OF COMPUTING","","","","","","","","","","","","","UNKNOWN","","","DRAFT"
"UKM_MASTER_017","UKM","ALLIED_HEALTH","MASTER","ON_CAMPUS","ukm-master-017","健康信息学硕士","MASTER OF HEALTH INFORMATICS","","","","","","","","","","","","","UNKNOWN","","","DRAFT"
"UKM_MASTER_018","UKM","NATURAL_SCIENCES","MASTER","ON_CAMPUS","ukm-master-018","信息科学硕士","MASTER OF INFORMATION SCIENCE","","","","","","","","","","","","","UNKNOWN","","","DRAFT"
"UKM_MASTER_019","UKM","ISLAMIC_STUDIES","MASTER","ON_CAMPUS","ukm-master-019","硕士 - 研究","MASTER - RESEARCH","","","","4","26610.0","26610.0","MYR","26610","43847.96","43847.96","1.64780000","2026-09-25","UNKNOWN","","","DRAFT"
"UKM_MASTER_020","UKM","ISLAMIC_STUDIES","MASTER","ON_CAMPUS","ukm-master-020","主控 - 混合模式","MASTER - MIXMODE","","","","2","33110.0","33110.0","MYR","33110","54558.66","54558.66","1.64780000","2026-09-25","UNKNOWN","","","DRAFT"
"UKM_MASTER_021","UKM","ISLAMIC_STUDIES","MASTER","ON_CAMPUS","ukm-master-021","伊斯兰研究硕士","MASTER OF ISLAMIC STUDIES","","","","","","","","","","","","","UNKNOWN","","","DRAFT"
"UKM_MASTER_022","UKM","ISLAMIC_STUDIES","MASTER","ON_CAMPUS","ukm-master-022","伊斯兰研究硕士（古兰经和圣训研究）","MASTER OF ISLAMIC STUDIES ( AL-QURAN AND AL-SUNNAH STUDIES)","","","","","","","","","","","","","UNKNOWN","","","DRAFT"
"UKM_MASTER_023","UKM","ISLAMIC_STUDIES","MASTER","ON_CAMPUS","ukm-master-023","Below This program is for Malay spoken country only: 以下程序仅适用于马来语国家：","","","","","","","","","","","","","","UNKNOWN","","","DRAFT"
"UKM_MASTER_024","UKM","ISLAMIC_STUDIES","MASTER","ON_CAMPUS","ukm-master-024","伊斯兰研究硕士（阿拉伯研究和伊斯兰文明）","Master of Islamic Studies(Arabic Studies and Islamic Civilization)","","","","","","","","","","","","","UNKNOWN","","","DRAFT"
"UKM_MASTER_025","UKM","ISLAMIC_STUDIES","MASTER","ON_CAMPUS","ukm-master-025","伊斯兰研究硕士（宣教与领导力研究）","Master of Islamic Studies(Dakwah and Leadership Studies)","","","","","","","","","","","","","UNKNOWN","","","DRAFT"
"UKM_MASTER_026","UKM","LAW","MASTER","ON_CAMPUS","ukm-master-026","伊斯兰研究硕士（伊斯兰教法）","Master of Islamic Studies (Shariah)","","","","","","","","","","","","","UNKNOWN","","","DRAFT"
"UKM_MASTER_027","UKM","ISLAMIC_STUDIES","MASTER","ON_CAMPUS","ukm-master-027","伊斯兰研究硕士（神学和哲学）","Master of Islamic Studies (Theology and Philosophy)","","","","","","","","","","","","","UNKNOWN","","","DRAFT"
"UKM_MASTER_028","UKM","NATURAL_SCIENCES","MASTER","ON_CAMPUS","ukm-master-028","硕士 - 研究型MASTER - RESEARCH","","","","","4","29310.0","29310.0","MYR","29310","48297.02","48297.02","1.64780000","2026-09-25","UNKNOWN","","","DRAFT"
"UKM_MASTER_029","UKM","ALLIED_HEALTH","MASTER","ON_CAMPUS","ukm-master-029","硕士（授课型）工业与组织心理学","MASTER (COURSEWORK) INDUSTRIAL & ORGANISATIONAL PSYCHOLOGY","","","","2","34660.0","34660.0","MYR","34660","57112.75","57112.75","1.64780000","2026-09-25","UNKNOWN","","","DRAFT"
"UKM_MASTER_030","UKM","LANGUAGES_LINGUISTICS","MASTER","ON_CAMPUS","ukm-master-030","马来语研究硕士（授课型）","MASTER (COURSEWORK) MALAY LANGUAGE STUDY","","","","2","34660.0","34660.0","MYR","34660","57112.75","57112.75","1.64780000","2026-09-25","UNKNOWN","","","DRAFT"
"UKM_MASTER_031","UKM","NATURAL_SCIENCES","MASTER","ON_CAMPUS","ukm-master-031","马来文学硕士（授课型）","MASTER (COURSEWORK) MALAY LITERATURE","","","","2","34660.0","34660.0","MYR","34660","57112.75","57112.75","1.64780000","2026-09-25","UNKNOWN","","","DRAFT"
"UKM_MASTER_032","UKM","NATURAL_SCIENCES","MASTER","ON_CAMPUS","ukm-master-032","马来西亚历史硕士（授课型）","MASTER (COURSEWORK) MALAYSIAN HISTORY","","","","2","34660.0","34660.0","MYR","34660","57112.75","57112.75","1.64780000","2026-09-25","UNKNOWN","","","DRAFT"
"UKM_MASTER_033","UKM","LANGUAGES_LINGUISTICS","MASTER","ON_CAMPUS","ukm-master-033","英语语言研究硕士（授课型）","MASTER (COURSEWORK) ENGLISH LANGUAGE STUDY","","","","2","34660.0","34660.0","MYR","34660","57112.75","57112.75","1.64780000","2026-09-25","UNKNOWN","","","DRAFT"
"UKM_MASTER_034","UKM","NATURAL_SCIENCES","MASTER","ON_CAMPUS","ukm-master-034","硕士（授课型）英语文学中的后殖民文学","MASTER (COURSEWORK) POSTCOLONIAL LITERATURES IN ENGLISH LITERATURE","","","","2","34660.0","34660.0","MYR","34660","57112.75","57112.75","1.64780000","2026-09-25","UNKNOWN","","","DRAFT"
"UKM_MASTER_035","UKM","BUSINESS_MANAGEMENT","MASTER","ON_CAMPUS","ukm-master-035","艺术表演管理硕士（授课型）","MASTER (COURSEWORK) ART PERFOMANCE MANAGEMENT","","","","2","34660.0","34660.0","MYR","34660","57112.75","57112.75","1.64780000","2026-09-25","UNKNOWN","","","DRAFT"
"UKM_MASTER_036","UKM","NATURAL_SCIENCES","MASTER","ON_CAMPUS","ukm-master-036","硕士（授课型）人类学与社会学","MASTER (COURSEWORK) ANTHROPOLOGY & SOCIOLOGY","","","","2","34660.0","34660.0","MYR","34660","57112.75","57112.75","1.64780000","2026-09-25","UNKNOWN","","","DRAFT"
"UKM_MASTER_037","UKM","NATURAL_SCIENCES","MASTER","ON_CAMPUS","ukm-master-037","硕士（授课型）地理","MASTER (COURSEWORK) GEOGRAPHY","","","","2","34660.0","34660.0","MYR","34660","57112.75","57112.75","1.64780000","2026-09-25","UNKNOWN","","","DRAFT"
"UKM_MASTER_038","UKM","NATURAL_SCIENCES","MASTER","ON_CAMPUS","ukm-master-038","发展科学硕士（授课型）","MASTER (COURSEWORK) DEVELOPMENT SCIENCE","","","","2","34660.0","34660.0","MYR","34660","57112.75","57112.75","1.64780000","2026-09-25","UNKNOWN","","","DRAFT"
"UKM_MASTER_039","UKM","NATURAL_SCIENCES","MASTER","ON_CAMPUS","ukm-master-039","硕士（授课型）东亚研究","MASTER (COURSEWORK) EAST ASIAN STUDIES","","","","2","34660.0","34660.0","MYR","34660","57112.75","57112.75","1.64780000","2026-09-25","UNKNOWN","","","DRAFT"
"UKM_MASTER_040","UKM","LANGUAGES_LINGUISTICS","MASTER","ON_CAMPUS","ukm-master-040","硕士（授课型）语言学","MASTER (COURSEWORK) LINGUISTICS","","","","2","34660.0","34660.0","MYR","34660","57112.75","57112.75","1.64780000","2026-09-25","UNKNOWN","","","DRAFT"
"UKM_MASTER_041","UKM","BUSINESS_MANAGEMENT","MASTER","ON_CAMPUS","ukm-master-041","硕士（授课型）传播管理","MASTER (COURSEWORK) COMMUNICATION MANAGEMENT","","","","2","34660.0","34660.0","MYR","34660","57112.75","57112.75","1.64780000","2026-09-25","UNKNOWN","","","DRAFT"
"UKM_MASTER_042","UKM","BUSINESS_MANAGEMENT","MASTER","ON_CAMPUS","ukm-master-042","环境管理硕士（授课型）","MASTER (COURSEWORK) ENVIROMENTAL MANAGEMENT","","","","2","34660.0","34660.0","MYR","34660","57112.75","57112.75","1.64780000","2026-09-25","UNKNOWN","","","DRAFT"
"UKM_MASTER_043","UKM","NATURAL_SCIENCES","MASTER","ON_CAMPUS","ukm-master-043","政治学硕士（授课型）","MASTER (COURSEWORK) POLITICAL SCIENC","","","","2","34660.0","34660.0","MYR","34660","57112.75","57112.75","1.64780000","2026-09-25","UNKNOWN","","","DRAFT"
"UKM_MASTER_044","UKM","NATURAL_SCIENCES","MASTER","ON_CAMPUS","ukm-master-044","硕士（授课型）战略与安全分析","MASTER (COURSEWORK) STRATEGY & SECURITY ANALYSIS","","","","2","34660.0","34660.0","MYR","34660","57112.75","57112.75","1.64780000","2026-09-25","UNKNOWN","","","DRAFT"
"UKM_MASTER_045","UKM","ALLIED_HEALTH","MASTER","ON_CAMPUS","ukm-master-045","硕士（授课型）心理咨询学","MASTER (COURSEWORK) COUNSELLING PSYCHOLOGY","","","","2","34660.0","34660.0","MYR","34660","57112.75","57112.75","1.64780000","2026-09-25","UNKNOWN","","","DRAFT"
"UKM_MASTER_046","UKM","ALLIED_HEALTH","MASTER","ON_CAMPUS","ukm-master-046","发展心理学硕士（授课型）","MASTER (COURSEWORK) DEVELOPMENTAL PSYCHOLOGY","","","","2","34660.0","34660.0","MYR","34660","57112.75","57112.75","1.64780000","2026-09-25","UNKNOWN","","","DRAFT"
"UKM_MASTER_047","UKM","NATURAL_SCIENCES","MASTER","ON_CAMPUS","ukm-master-047","硕士（授课型）战略与外交","MASTER (COURSEWORK) STRATEGY & DIPLOMATION","","","","2","34660.0","34660.0","MYR","34660","57112.75","57112.75","1.64780000","2026-09-25","UNKNOWN","","","DRAFT"
"UKM_MASTER_048","UKM","DESIGN_CREATIVE_ARTS","MASTER","ON_CAMPUS","ukm-master-048","文学硕士（英语语言研究）","Master Of Arts (English Language Studies)","","","","","","","","","","","","","UNKNOWN","","","DRAFT"
"UKM_MASTER_049","UKM","NATURAL_SCIENCES","MASTER","ON_CAMPUS","ukm-master-049","哲学硕士","Master of Philosophy","","","","","","","","","","","","","UNKNOWN","","","DRAFT"
"UKM_MASTER_050","UKM","ALLIED_HEALTH","MASTER","ON_CAMPUS","ukm-master-050","哲学硕士（心理学）","Master Of Philosophy (Psychology)","","","","","","","","","","","","","UNKNOWN","","","DRAFT"
"UKM_MASTER_051","UKM","ALLIED_HEALTH","MASTER","ON_CAMPUS","ukm-master-051","硕士（全面研究）","MASTER (FULL RESEARCH)","","","","4","46810.0","46810.0","MYR","46810","77133.52","77133.52","1.64780000","2026-09-25","UNKNOWN","","","DRAFT"
"UKM_MASTER_052","UKM","ALLIED_HEALTH","MASTER","ON_CAMPUS","ukm-master-052","健康教育硕士（授课型）","MASTER (COURSEWORK) HEALTH EDUCATION","","","","3","55410.0","55410.0","MYR","55410","91304.60","91304.60","1.64780000","2026-09-25","UNKNOWN","","","DRAFT"
"UKM_MASTER_053","UKM","MEDICINE","MASTER","ON_CAMPUS","ukm-master-053","硕士（授课型）生物医学科学","MASTER (COURSEWORK) BIOMEDICAL SCIENCES","","","","3","55410.0","55410.0","MYR","55410","91304.60","91304.60","1.64780000","2026-09-25","UNKNOWN","","","DRAFT"
"UKM_MASTER_054","UKM","MEDICINE","MASTER","ON_CAMPUS","ukm-master-054","硕士（授课型）临床营养学","MASTER (COURSEWORK) CLINICAL NUTRITION","","","","3","55410.0","55410.0","MYR","55410","91304.60","91304.60","1.64780000","2026-09-25","UNKNOWN","","","DRAFT"
"UKM_MASTER_055","UKM","MEDICINE","MASTER","ON_CAMPUS","ukm-master-055","硕士（授课型）临床心理学","MASTER (COURSEWORK) CLINICAL PSYCHOLOGY","","","","4","60210.0","60210.0","MYR","60210","99214.04","99214.04","1.64780000","2026-09-25","UNKNOWN","","","DRAFT"
"UKM_MASTER_056","UKM","MEDICINE","MASTER","ON_CAMPUS","ukm-master-056","硕士（授课型）临床验光","MASTER (COURSEWORK) CLINICAL OPTOMETRY","","","","3","55410.0","55410.0","MYR","55410","91304.60","91304.60","1.64780000","2026-09-25","UNKNOWN","","","DRAFT"
"UKM_MASTER_057","UKM","ALLIED_HEALTH","MASTER","ON_CAMPUS","ukm-master-057","硕士（授课型）公共卫生营养","MASTER (COURSEWORK) PUBLIC HEALTH NUTRITION","","","","3","55410.0","55410.0","MYR","55410","91304.60","91304.60","1.64780000","2026-09-25","UNKNOWN","","","DRAFT"
"UKM_MASTER_058","UKM","ALLIED_HEALTH","MASTER","ON_CAMPUS","ukm-master-058","健康科学硕士","MASTER OF HEALTH SCIENCE","","","","","","","","","","","","","UNKNOWN","","","DRAFT"
"UKM_MASTER_059","UKM","MEDICINE","MASTER","ON_CAMPUS","ukm-master-059","硕士（临床）","MASTER (CLINICAL)","","","","8","268810.0","268810.0","MYR","268810","442945.12","442945.12","1.64780000","2026-09-25","UNKNOWN","","","DRAFT"
"UKM_MASTER_060","UKM","MEDICINE","MASTER","ON_CAMPUS","ukm-master-060","硕士（非临床）","MASTER (NON CLINICAL)","","","","4","33570.0","33570.0","MYR","33570","55316.65","55316.65","1.64780000","2026-09-25","UNKNOWN","","","DRAFT"
"UKM_MASTER_061","UKM","ENGINEERING","MASTER","ON_CAMPUS","ukm-master-061","理学硕士（全面研究）","MASTER OF SCIENCE (FULL RESEARCH)","","","","4","34810.0","34810.0","MYR","34810","57359.92","57359.92","1.64780000","2026-09-25","UNKNOWN","","","DRAFT"
"UKM_MASTER_062","UKM","ENGINEERING","MASTER","ON_CAMPUS","ukm-master-062","建筑学硕士（授课型）","MASTER (COURSEWORK) ARCHITECTURE","","","","3","41010.0","41010.0","MYR","41010","67576.28","67576.28","1.64780000","2026-09-25","UNKNOWN","","","DRAFT"
"UKM_MASTER_063","UKM","ENGINEERING","MASTER","ON_CAMPUS","ukm-master-063","土木工程硕士","MASTER OF ENGINEERING IN CIVIL ENGINEERING","","","","","","","","","","","","","UNKNOWN","","","DRAFT"
"UKM_MASTER_064","UKM","ENGINEERING","MASTER","ON_CAMPUS","ukm-master-064","化学工程硕士","Master of Engineering in Chemical Engineering","","","","","","","","","","","","","UNKNOWN","","","DRAFT"
"UKM_MASTER_065","UKM","ENGINEERING","MASTER","ON_CAMPUS","ukm-master-065","环境工程硕士","Master of Engineering in Environmental Engineering","","","","","","","","","","","","","UNKNOWN","","","DRAFT"
"UKM_MASTER_066","UKM","ENGINEERING","MASTER","ON_CAMPUS","ukm-master-066","机械工程硕士","Master of Engineering in Mechanical Engineering","","","","","","","","","","","","","UNKNOWN","","","DRAFT"
"UKM_MASTER_067","UKM","ENGINEERING","MASTER","ON_CAMPUS","ukm-master-067","微电子工程硕士","MASTER OF MICROELECTRONIC ENGINEERING","","","","","","","","","","","","","UNKNOWN","","","DRAFT"
"UKM_MASTER_068","UKM","ENGINEERING","MASTER","ON_CAMPUS","ukm-master-068","工程教育理学硕士","Master of Science in Engineering Education","","","","","","","","","","","","","UNKNOWN","","","DRAFT"
"UKM_MASTER_069","UKM","EDUCATION","MASTER","ON_CAMPUS","ukm-master-069","硕士（全面研究）","MASTER (FULL RESEARCH)","","","","2","25910.0","25910.0","MYR","25910","42694.50","42694.50","1.64780000","2026-09-25","UNKNOWN","","","DRAFT"
"UKM_MASTER_070","UKM","EDUCATION","MASTER","ON_CAMPUS","ukm-master-070","硕士（混合模式）","MASTER (MIXED MODE)","","","","2","34610.0","34610.0","MYR","34610","57030.36","57030.36","1.64780000","2026-09-25","UNKNOWN","","","DRAFT"
"UKM_MASTER_071","UKM","EDUCATION","MASTER","ON_CAMPUS","ukm-master-071","课程与教学法教育硕士（CW）- 学校假期","MASTER OF EDUCATION IN CURRICULUM & PEDAGOGY (CW)- SCHOOL HOLIDAYS","","","","2","31910.0","31910.0","MYR","31910","52581.30","52581.30","1.64780000","2026-09-25","UNKNOWN","","","DRAFT"
"UKM_MASTER_072","UKM","EDUCATION","MASTER","ON_CAMPUS","ukm-master-072","马来语教育教育硕士","MASTER OF EDUCATION MALAY LANGUAGE EDUCATION","","","","2","31910.0","31910.0","MYR","31910","52581.30","52581.30","1.64780000","2026-09-25","UNKNOWN","","","DRAFT"
"UKM_MASTER_073","UKM","EDUCATION","MASTER","ON_CAMPUS","ukm-master-073","教育硕士 伊斯兰教育","MASTER OF EDUCATION ISLAMIC EDUCATION","","","","2","31910.0","31910.0","MYR","31910","52581.30","52581.30","1.64780000","2026-09-25","UNKNOWN","","","DRAFT"
"UKM_MASTER_074","UKM","EDUCATION","MASTER","ON_CAMPUS","ukm-master-074","教育硕士 数学教育","MASTER OF EDUCATION MATHEMATICS EDUCATION","","","","2","31910.0","31910.0","MYR","31910","52581.30","52581.30","1.64780000","2026-09-25","UNKNOWN","","","DRAFT"
"UKM_MASTER_075","UKM","EDUCATION","MASTER","ON_CAMPUS","ukm-master-075","教育科学教育硕士 - (CW) - 学校假期","MASTER OF EDUCATION SCIENCE EDUCATION - ( CW) - SCHOOL HOLIDAYS","","","","2","31910.0","31910.0","MYR","31910","52581.30","52581.30","1.64780000","2026-09-25","UNKNOWN","","","DRAFT"
"UKM_MASTER_076","UKM","EDUCATION","MASTER","ON_CAMPUS","ukm-master-076","教育测量与评估硕士","MASTER OF EDUCATION MEASUREMENT & EVALUATION","","","","2","31910.0","31910.0","MYR","31910","52581.30","52581.30","1.64780000","2026-09-25","UNKNOWN","","","DRAFT"
"UKM_MASTER_077","UKM","ALLIED_HEALTH","MASTER","ON_CAMPUS","ukm-master-077","教育心理学教育硕士","MASTER OF EDUCATION EDUCATIONAL PSYCHOLOGY","","","","2","31910.0","31910.0","MYR","31910","52581.30","52581.30","1.64780000","2026-09-25","UNKNOWN","","","DRAFT"
"UKM_MASTER_078","UKM","EDUCATION","MASTER","ON_CAMPUS","ukm-master-078","教育硕士 文学教育","MASTER OF EDUCATION LITERATURE EDUCATION","","","","2","31910.0","31910.0","MYR","31910","52581.30","52581.30","1.64780000","2026-09-25","UNKNOWN","","","DRAFT"
"UKM_MASTER_079","UKM","EDUCATION","MASTER","ON_CAMPUS","ukm-master-079","教育硕士 阿拉伯语教育","MASTER OF EDUCATION ARABIC LANGUAGE EDUCATION","","","","2","31910.0","31910.0","MYR","31910","52581.30","52581.30","1.64780000","2026-09-25","UNKNOWN","","","DRAFT"
"UKM_MASTER_080","UKM","COMPUTING_IT","MASTER","ON_CAMPUS","ukm-master-080","教育资源与信息技术硕士","MASTER OF EDUCATION RESOURCE & INFORMATION TECHNOLOGY","","","","2","31910.0","31910.0","MYR","31910","52581.30","52581.30","1.64780000","2026-09-25","UNKNOWN","","","DRAFT"
"UKM_MASTER_081","UKM","EDUCATION","MASTER","ON_CAMPUS","ukm-master-081","教育硕士 学前教育","MASTER OF EDUCATION PRESCHOOL EDUCATION","","","","2","31910.0","31910.0","MYR","31910","52581.30","52581.30","1.64780000","2026-09-25","UNKNOWN","","","DRAFT"
"UKM_MASTER_082","UKM","EDUCATION","MASTER","ON_CAMPUS","ukm-master-082","教育硕士 特殊教育","MASTER OF EDUCATION SPECIAL EDUCATION","","","","2","31910.0","31910.0","MYR","31910","52581.30","52581.30","1.64780000","2026-09-25","UNKNOWN","","","DRAFT"
"UKM_MASTER_083","UKM","EDUCATION","MASTER","ON_CAMPUS","ukm-master-083","TESOL 教育硕士","MASTER OF EDUCATION TESOL","","","","2","31910.0","31910.0","MYR","31910","52581.30","52581.30","1.64780000","2026-09-25","UNKNOWN","","","DRAFT"
"UKM_MASTER_084","UKM","COMPUTING_IT","MASTER","ON_CAMPUS","ukm-master-084","教育硕士 计算机教育","MASTER OF EDUCATION COMPUTER EDUCATION","","","","2","31910.0","31910.0","MYR","31910","52581.30","52581.30","1.64780000","2026-09-25","UNKNOWN","","","DRAFT"
"UKM_MASTER_085","UKM","BUSINESS_MANAGEMENT","MASTER","ON_CAMPUS","ukm-master-085","教育硕士 商业与创业教育","MASTER OF EDUCATION BUSINESS & ENTERPRENUERSHIP EDUCATION","","","","2","31910.0","31910.0","MYR","31910","52581.30","52581.30","1.64780000","2026-09-25","UNKNOWN","","","DRAFT"
"UKM_MASTER_086","UKM","BUSINESS_MANAGEMENT","MASTER","ON_CAMPUS","ukm-master-086","体育管理教育硕士","MASTER OF EDUCATION SPORTS MANAGEMENT","","","","2","31910.0","31910.0","MYR","31910","52581.30","52581.30","1.64780000","2026-09-25","UNKNOWN","","","DRAFT"
"UKM_MASTER_087","UKM","BUSINESS_MANAGEMENT","MASTER","ON_CAMPUS","ukm-master-087","教育硕士 教育管理","MASTER OF EDUCATION EDUCATIONAL ADMINISTRATION","","","","2","31910.0","31910.0","MYR","31910","52581.30","52581.30","1.64780000","2026-09-25","UNKNOWN","","","DRAFT"
"UKM_MASTER_088","UKM","EDUCATION","MASTER","ON_CAMPUS","ukm-master-088","教育社会学硕士 - (CW) - 学校假期","MASTER OF EDUCATION SOCIOLOGY - (CW) - SCHOOL HOLIDAYS","","","","2","31910.0","31910.0","MYR","31910","52581.30","52581.30","1.64780000","2026-09-25","UNKNOWN","","","DRAFT"
"UKM_MASTER_089","UKM","ECONOMICS","MASTER","ON_CAMPUS","ukm-master-089","教育硕士 经济 教育","MASTER OF EDUCATION ECONOMICS EDUCATION","","","","2","31910.0","31910.0","MYR","31910","52581.30","52581.30","1.64780000","2026-09-25","UNKNOWN","","","DRAFT"
"UKM_MASTER_090","UKM","EDUCATION","MASTER","ON_CAMPUS","ukm-master-090","教育硕士 历史教育","MASTER OF EDUCATION HISTORY EDUCATION","","","","2","31910.0","31910.0","MYR","31910","52581.30","52581.30","1.64780000","2026-09-25","UNKNOWN","","","DRAFT"
"UKM_MASTER_091","UKM","EDUCATION","MASTER","ON_CAMPUS","ukm-master-091","教育指导与咨询硕士","MASTER OF EDUCATION GUIDANCE & COUNSELLING","","","","2","31910.0","31910.0","MYR","31910","52581.30","52581.30","1.64780000","2026-09-25","UNKNOWN","","","DRAFT"
"UKM_MASTER_092","UKM","ECONOMICS","MASTER","ON_CAMPUS","ukm-master-092","教育硕士经济发展（CW）-学校假期","MASTER OF EDUCATION ECONOMIC DEVELOPMENT ( CW)- SCHOOL HOLIDAY","","","","","","","","","","","","","UNKNOWN","","","DRAFT"
"UKM_MASTER_093","UKM","BUSINESS_MANAGEMENT","MASTER","ON_CAMPUS","ukm-master-093","教育管理教育硕士 (CW) - 学校假期","MASTER OF EDUCATION IN EDUCATIONAL MANAGEMNT ( CW) - SCHOOL HOLIDAY","","","","","","","","","","","","","UNKNOWN","","","DRAFT"
"UKM_MASTER_094","UKM","MEDICINE","MASTER","ON_CAMPUS","ukm-master-094","临床硕士 - 专科医生","MASTER CLINICAL - SPECIALIST DOCTOR","","","","8","217890.0","217890.0","MYR","217890","359039.14","359039.14","1.64780000","2026-09-25","UNKNOWN","","","DRAFT"
"UKM_MASTER_095","UKM","MEDICINE","MASTER","ON_CAMPUS","ukm-master-095","医学硕士（全面研究）非临床","MASTER OF MEDICAL SCIENCE (FULL RESEARCH) NON-CLINICAL","","","","4","46810.0","46810.0","MYR","46810","77133.52","77133.52","1.64780000","2026-09-25","UNKNOWN","","","DRAFT"
"UKM_MASTER_096","UKM","MEDICINE","MASTER","ON_CAMPUS","ukm-master-096","医学硕士（混合模式）非临床","MASTER OF MEDICAL SCIENCE (MIXED MODE) NON-CLINICAL","","","","4","55910.0","55910.0","MYR","55910","92128.50","92128.50","1.64780000","2026-09-25","UNKNOWN","","","DRAFT"
"UKM_MASTER_097","UKM","MEDICINE","MASTER","ON_CAMPUS","ukm-master-097","医学教育硕士（课程作业）非临床","MASTER OF MEDICAL EDUCATION (COURSE WORK) NON-CLINICAL","","","","2","26260.0","26260.0","MYR","26260","43271.23","43271.23","1.64780000","2026-09-25","UNKNOWN","","","DRAFT"
"UKM_MASTER_098","UKM","MEDICINE","MASTER","ON_CAMPUS","ukm-master-098","护理硕士（授课型）非临床","MASTER OF NURSING (COURSEWORK) NON-CLINICAL","","","","4","41970.0","41970.0","MYR","41970","69158.17","69158.17","1.64780000","2026-09-25","UNKNOWN","","","DRAFT"
"UKM_MASTER_099","UKM","MEDICINE","MASTER","ON_CAMPUS","ukm-master-099","社区健康科学硕士（授课型）非临床","MASTER OF COMMUNITY HEALTH SCIENCE (COURSEWORK) NON-CLINICAL","","","","3","41970.0","41970.0","MYR","41970","69158.17","69158.17","1.64780000","2026-09-25","UNKNOWN","","","DRAFT"
"UKM_MASTER_100","UKM","NATURAL_SCIENCES","MASTER","ON_CAMPUS","ukm-master-100","硕士（全面研究）","MASTER (FULL RESEARCH)","","","","4","31810.0","31810.0","MYR","31810","52416.52","52416.52","1.64780000","2026-09-25","UNKNOWN","","","DRAFT"
"UKM_MASTER_101","UKM","NATURAL_SCIENCES","MASTER","ON_CAMPUS","ukm-master-101","硕士（授课型）统计学","MASTER (COURSEWORK) STATISTIC","","","","2","37610.0","37610.0","MYR","37610","61973.76","61973.76","1.64780000","2026-09-25","UNKNOWN","","","DRAFT"
"UKM_MASTER_102","UKM","NATURAL_SCIENCES","MASTER","ON_CAMPUS","ukm-master-102","硕士（授课型）质量与生产力改进","MASTER (COURSEWORK) QUALITY & PRODUCTIVITY IMPROVEMENT","","","","2","37610.0","37610.0","MYR","37610","61973.76","61973.76","1.64780000","2026-09-25","UNKNOWN","","","DRAFT"
"UKM_MASTER_103","UKM","NATURAL_SCIENCES","MASTER","ON_CAMPUS","ukm-master-103","理学硕士（授课型）保护生物学","MASTER OF SCIENCE (COURSEWORK) CONSERVATION BIOLOGY","","","","2","37610.0","37610.0","MYR","37610","61973.76","61973.76","1.64780000","2026-09-25","UNKNOWN","","","DRAFT"
"UKM_MASTER_104","UKM","NATURAL_SCIENCES","MASTER","ON_CAMPUS","ukm-master-104","食品科学硕士（授课型）","MASTER (COURSEWORK) FOOD SCIENCE","","","","2","37610.0","37610.0","MYR","37610","61973.76","61973.76","1.64780000","2026-09-25","UNKNOWN","","","DRAFT"
"UKM_MASTER_105","UKM","ALLIED_HEALTH","MASTER","ON_CAMPUS","ukm-master-105","营养学硕士（授课型）","MASTER (COURSEWORK) NUTRITION","","","","2","37610.0","37610.0","MYR","37610","61973.76","61973.76","1.64780000","2026-09-25","UNKNOWN","","","DRAFT"
"UKM_MASTER_106","UKM","ENGINEERING","MASTER","ON_CAMPUS","ukm-master-106","硕士（授课型）地质工程","MASTER (COURSEWORK) GEOGOLOGY ENGINEERING","","","","2","37610.0","37610.0","MYR","37610","61973.76","61973.76","1.64780000","2026-09-25","UNKNOWN","","","DRAFT"
"UKM_MASTER_107","UKM","NATURAL_SCIENCES","MASTER","ON_CAMPUS","ukm-master-107","硕士（授课型）工业矿物","MASTER (COURSEWORK) INDUSTRIAL MINERALS","","","","2","37610.0","37610.0","MYR","37610","61973.76","61973.76","1.64780000","2026-09-25","UNKNOWN","","","DRAFT"
"UKM_MASTER_108","UKM","BUSINESS_MANAGEMENT","MASTER","ON_CAMPUS","ukm-master-108","植物遗传资源管理硕士（授课型）","MASTER (COURSEWORK) MANAGEMENT OF PLANT GENETIC RESOURCES","","","","2","37610.0","37610.0","MYR","37610","61973.76","61973.76","1.64780000","2026-09-25","UNKNOWN","","","DRAFT"
"UKM_MASTER_109","UKM","NATURAL_SCIENCES","MASTER","ON_CAMPUS","ukm-master-109","硕士（授课型）海洋科学","MASTER (COURSEWORK) MARINE SCIENCES","","","","2","37610.0","37610.0","MYR","37610","61973.76","61973.76","1.64780000","2026-09-25","UNKNOWN","","","DRAFT"
"UKM_MASTER_110","UKM","NATURAL_SCIENCES","MASTER","ON_CAMPUS","ukm-master-110","应用物理学硕士（授课型）","MASTER (COURSEWORK) APPLIED PHYSICS","","","","2","37610.0","37610.0","MYR","37610","61973.76","61973.76","1.64780000","2026-09-25","UNKNOWN","","","DRAFT"
"UKM_MASTER_111","UKM","NATURAL_SCIENCES","MASTER","ON_CAMPUS","ukm-master-111","硕士（授课型）化学","MASTER (COURSEWORK) CHEMISTRY","","","","2","37610.0","37610.0","MYR","37610","61973.76","61973.76","1.64780000","2026-09-25","UNKNOWN","","","DRAFT"
"UKM_MASTER_112","UKM","NATURAL_SCIENCES","MASTER","ON_CAMPUS","ukm-master-112","硕士（授课型）昆虫学","MASTER (COURSEWORK) ENTOMOLOGY","","","","2","37610.0","37610.0","MYR","37610","61973.76","61973.76","1.64780000","2026-09-25","UNKNOWN","","","DRAFT"
"UKM_MASTER_113","UKM","ENGINEERING","MASTER","ON_CAMPUS","ukm-master-113","硕士（授课型）工程与环境地球物理学","MASTER (COURSEWORK) ENGINEERING & ENVIROMENTAL GEOGPHYSICS","","","","2","37610.0","37610.0","MYR","37610","61973.76","61973.76","1.64780000","2026-09-25","UNKNOWN","","","DRAFT"
"UKM_MASTER_114","UKM","AGRICULTURE_ENVIRONMENT","MASTER","ON_CAMPUS","ukm-master-114","硕士（授课型）环境评估与监测","MASTER (COURSEWORK) ENVIRONMENTAL ASSESSMENT & MONITORING","","","","2","37610.0","37610.0","MYR","37610","61973.76","61973.76","1.64780000","2026-09-25","UNKNOWN","","","DRAFT"
"UKM_MASTER_115","UKM","NATURAL_SCIENCES","MASTER","ON_CAMPUS","ukm-master-115","硕士（授课型）植物系统学","MASTER (COURSEWORK) PLANTS SYSTEMATICS","","","","2","37610.0","37610.0","MYR","37610","61973.76","61973.76","1.64780000","2026-09-25","UNKNOWN","","","DRAFT"
"UKM_MASTER_116","UKM","NATURAL_SCIENCES","MASTER","ON_CAMPUS","ukm-master-116","硕士（授课型）能源技术","MASTER (COURSEWORK) ENERGY TECHNOLOGY","","","","2","37610.0","37610.0","MYR","37610","61973.76","61973.76","1.64780000","2026-09-25","UNKNOWN","","","DRAFT"
"UKM_MASTER_117","UKM","COMPUTING_IT","MASTER","ON_CAMPUS","ukm-master-117","硕士（授课型）数据科学与分析","MASTER (COURSEWORK) DATA SCIENCE & ANALYSTICS","","","","2","37610.0","37610.0","MYR","37610","61973.76","61973.76","1.64780000","2026-09-25","UNKNOWN","","","DRAFT"
"UKM_MASTER_118","UKM","NATURAL_SCIENCES","MASTER","ON_CAMPUS","ukm-master-118","理学硕士（授课型）数学","MASTER OF SCIENCE (COURSEWORK) MATHEMATICS","","","","2","37610.0","37610.0","MYR","37610","61973.76","61973.76","1.64780000","2026-09-25","UNKNOWN","","","DRAFT"
"UKM_MASTER_119","UKM","NATURAL_SCIENCES","MASTER","ON_CAMPUS","ukm-master-119","硕士（授课型）辐射与核安全","MASTER (COURSEWORK) RADIATION & NUCLEAR SAFETY","","","","2","37610.0","37610.0","MYR","37610","61973.76","61973.76","1.64780000","2026-09-25","UNKNOWN","","","DRAFT"
"UKM_MASTER_120","UKM","NATURAL_SCIENCES","MASTER","ON_CAMPUS","ukm-master-120","理学硕士 SSN","MASTER OF SCIENCE SSN","","","","","","","","","","","","","UNKNOWN","","","DRAFT"
"UKM_MASTER_121","UKM","LAW","MASTER","ON_CAMPUS","ukm-master-121","硕士（全面研究）","MASTER (FULL RESEARCH)","","","","4","27810.0","27810.0","MYR","27810","45825.32","45825.32","1.64780000","2026-09-25","UNKNOWN","","","DRAFT"
"UKM_MASTER_122","UKM","LAW","MASTER","ON_CAMPUS","ukm-master-122","法学硕士","MASTER OF LAW","","","","2","33250.0","33250.0","MYR","33250","54789.35","54789.35","1.64780000","2026-09-25","UNKNOWN","","","DRAFT"
"UKM_MASTER_123","UKM","LAW","MASTER","ON_CAMPUS","ukm-master-123","法学硕士","MASTER OF LAW","","","","2","31700.0","31700.0","MYR","31700","52235.26","52235.26","1.64780000","2026-09-25","UNKNOWN","","","DRAFT"
"UKM_MASTER_124","UKM","PHARMACY","MASTER","ON_CAMPUS","ukm-master-124","硕士（研究）","MASTER (RESEARCH)","","","","4","29710.0","29710.0","MYR","29710","48956.14","48956.14","1.64780000","2026-09-25","UNKNOWN","","","DRAFT"
"UKM_MASTER_125","UKM","PHARMACY","MASTER","ON_CAMPUS","ukm-master-125","理学硕士药物分析课程","MASTER OF SCIENCE PHARMACEUTICAL ANALYSIS COURSEWORK","","","","2","35010.0","35010.0","MYR","35010","57689.48","57689.48","1.64780000","2026-09-25","UNKNOWN","","","DRAFT"
"UKM_MASTER_126","UKM","MEDICINE","MASTER","ON_CAMPUS","ukm-master-126","临床药学硕士课程","MASTER CLINICAL PHARMACY COURSEWORK","","","","2","35010.0","35010.0","MYR","35010","57689.48","57689.48","1.64780000","2026-09-25","UNKNOWN","","","DRAFT"
"UKM_MASTER_127","UKM","PHARMACY","MASTER","ON_CAMPUS","ukm-master-127","理学硕士 SSN(FFAR)","Master of Science SSN(FFAR)","","","","","","","","","","","","","UNKNOWN","","","DRAFT"
"UKM_MASTER_128","UKM","PHARMACY","MASTER","ON_CAMPUS","ukm-master-128","理学硕士（药物分析）SSN(AF)","Master of Science (Pharmaceutical Analysis) SSN(AF)","","","","","","","","","","","","","UNKNOWN","","","DRAFT"
"UKM_MASTER_129","UKM","BUSINESS_MANAGEMENT","MASTER","ON_CAMPUS","ukm-master-129","工商管理硕士 MBA","Master of Business Administration MBA","","","","","","","","","","","","","UNKNOWN","","","DRAFT"
"UKM_MASTER_130","UKM","BUSINESS_MANAGEMENT","MASTER","ON_CAMPUS","ukm-master-130","管理学硕士 MM","Master of Management MM","","","","","","","","","","","","","UNKNOWN","","","DRAFT"
"UKM_MASTER_131","UKM","ALLIED_HEALTH","MASTER","ON_CAMPUS","ukm-master-131","健康科学硕士 SSNKES","Master of Health Science SSNKES","","","","","","","","","","","","","UNKNOWN","","","DRAFT"
"UKM_MASTER_132","UKM","NATURAL_SCIENCES","MASTER","ON_CAMPUS","ukm-master-132","理学硕士","Master of Science","","","","","","","","","","","","","UNKNOWN","","","DRAFT"
"UKM_MASTER_133","UKM","NATURAL_SCIENCES","MASTER","ON_CAMPUS","ukm-master-133","低碳与氢能技术理学硕士","Master of Science in Low Carbon and Hydrogen Technology","","","","","","","","","","","","","UNKNOWN","","","DRAFT"
"UKM_MASTER_134","UKM","AGRICULTURE_ENVIRONMENT","MASTER","ON_CAMPUS","ukm-master-134","环境与发展研究所","INSTITUTE FOR ENVIRONMENT & DEVELOPMENT","","","","","","","","","","","","","UNKNOWN","","","DRAFT"
"UKM_MASTER_135","UKM","DESIGN_CREATIVE_ARTS","MASTER","ON_CAMPUS","ukm-master-135","文学硕士 SSA（LESTARI）","Master of Arts SSA(LESTARI)","","","","","","","","","","","","","UNKNOWN","","","DRAFT"
"UKM_MASTER_136","UKM","NATURAL_SCIENCES","MASTER","ON_CAMPUS","ukm-master-136","理学硕士 SSN(LESTARI)","Master of Science SSN(LESTARI)","","","","","","","","","","","","","UNKNOWN","","","DRAFT"
"UKM_MASTER_137","UKM","INTERDISCIPLINARY","MASTER","ON_CAMPUS","ukm-master-137","气候变化研究所","Institute of Climate Change","","","","","","","","","","","","","UNKNOWN","","","DRAFT"
"UKM_MASTER_138","UKM","INTERDISCIPLINARY","MASTER","ON_CAMPUS","ukm-master-138","气候变化硕士","Master in Climate Change","","","","","","","","","","","","","UNKNOWN","","","DRAFT"
"UKM_MASTER_139","UKM","NATURAL_SCIENCES","MASTER","ON_CAMPUS","ukm-master-139","理学硕士","Master of Science SSAINS","","","","","","","","","","","","","UNKNOWN","","","DRAFT"
"UKM_MASTER_140","UKM","NATURAL_SCIENCES","MASTER","ON_CAMPUS","ukm-master-140","理学硕士 SSN(IPI)","Master of Science SSN(IPI)","","","","","","","","","","","","","UNKNOWN","","","DRAFT"
"UKM_MASTER_141","UKM","INTERDISCIPLINARY","MASTER","ON_CAMPUS","ukm-master-141","民族研究所","Institute of Ethnic Studies","","","","","","","","","","","","","UNKNOWN","","","DRAFT"
"UKM_MASTER_142","UKM","INTERDISCIPLINARY","MASTER","ON_CAMPUS","ukm-master-142","民族研究硕士 SPE","Masters in Ethnic Studies SPE","","","","","","","","","","","","","UNKNOWN","","","DRAFT"
"UKM_MASTER_143","UKM","ISLAMIC_STUDIES","MASTER","ON_CAMPUS","ukm-master-143","伊斯兰哈达里学院","Institute of Islam Hadhari","","","","","","","","","","","","","UNKNOWN","","","DRAFT"
"UKM_MASTER_144","UKM","ISLAMIC_STUDIES","MASTER","ON_CAMPUS","ukm-master-144","伊斯兰文明硕士","Master of Islamic Civilization","","","","","","","","","","","","","UNKNOWN","","","DRAFT"
"UKM_MASTER_145","UKM","INTERDISCIPLINARY","MASTER","ON_CAMPUS","ukm-master-145","马来西亚及国际问题研究所","Institute of Malaysian & International Studies","","","","","","","","","","","","","UNKNOWN","","","DRAFT"
"UKM_MASTER_146","UKM","INTERDISCIPLINARY","MASTER","ON_CAMPUS","ukm-master-146","马来西亚和国际研究哲学硕士","Master of Philosophy in Malaysian and International Studies","","","","","","","","","","","","","UNKNOWN","","","DRAFT"
"UKM_MASTER_147","UKM","ENGINEERING","MASTER","ON_CAMPUS","ukm-master-147","微工程与纳电子研究所","Institute of Microengineering & Nanoelectronics","","","","","","","","","","","","","UNKNOWN","","","DRAFT"
"UKM_MASTER_148","UKM","ENGINEERING","MASTER","ON_CAMPUS","ukm-master-148","微工程与纳米电子学理学硕士","Master of Science in Microengineering and Nanoelectronics","","","","","","","","","","","","","UNKNOWN","","","DRAFT"
"UKM_MASTER_149","UKM","NATURAL_SCIENCES","MASTER","ON_CAMPUS","ukm-master-149","系统生物研究所","Institute of Systems Biology","","","","","","","","","","","","","UNKNOWN","","","DRAFT"
"UKM_MASTER_150","UKM","NATURAL_SCIENCES","MASTER","ON_CAMPUS","ukm-master-150","系统生物学理学硕士","Master of Science in Systems Biology","","","","","","","","","","","","","UNKNOWN","","","DRAFT"
"UKM_MASTER_151","UKM","INTERDISCIPLINARY","MASTER","ON_CAMPUS","ukm-master-151","马来世界与文明研究所","Institute of the Malay World & Civilisation","","","","","","","","","","","","","UNKNOWN","","","DRAFT"
"UKM_MASTER_152","UKM","INTERDISCIPLINARY","MASTER","ON_CAMPUS","ukm-master-152","文学硕士","Master of Letters","","","","","","","","","","","","","UNKNOWN","","","DRAFT"
"UKM_MASTER_153","UKM","INTERDISCIPLINARY","MASTER","ON_CAMPUS","ukm-master-153","视觉信息研究所","Institute of Visual Informatic","","","","","","","","","","","","","UNKNOWN","","","DRAFT"
"UKM_MASTER_154","UKM","NATURAL_SCIENCES","MASTER","ON_CAMPUS","ukm-master-154","理学硕士 SSNIV","Master of Science SSNIV","","","","","","","","","","","","","UNKNOWN","","","DRAFT"
"UKM_MASTER_155","UKM","MEDICINE","MASTER","ON_CAMPUS","ukm-master-155","医学分子生物学研究所","Medical Molecular Biology Institute","","","","","","","","","","","","","UNKNOWN","","","DRAFT"
"UKM_MASTER_156","UKM","NATURAL_SCIENCES","MASTER","ON_CAMPUS","ukm-master-156","理学硕士 SSN（UMBI）","MASTER OF SCIENCE SSN(UMBI)","","","","","","","","","","","","","UNKNOWN","","","DRAFT"
"UKM_MASTER_157","UKM","INTERDISCIPLINARY","MASTER","ON_CAMPUS","ukm-master-157","太阳能研究所","Solar Energy Research Institute","","","","","","","","","","","","","UNKNOWN","","","DRAFT"
"UKM_MASTER_158","UKM","NATURAL_SCIENCES","MASTER","ON_CAMPUS","ukm-master-158","理学硕士（可再生能源）","Master of Science (Renewable Energy)","","","","","","","","","","","","","UNKNOWN","","","DRAFT"
"UKM_MASTER_159","UKM","NATURAL_SCIENCES","MASTER","ON_CAMPUS","ukm-master-159","文科学院","MASTER OF SCIENCE IN LIBERAL STUDIES","","","","","","","","","","","","","UNKNOWN","","","DRAFT"
"USM_MASTER_001","USM","NATURAL_SCIENCES","MASTER","ON_CAMPUS","usm-master-001","固体物理学理学硕士 - 物理学院","MASTER OF SCIENCE IN SOLID STATE PHYSICS - SCHOOL OF PHYSICS","","","","2","9000.0","9000.0","USD","9000","60418.80","60418.80","6.71320000","2026-09-25","UNKNOWN","","","DRAFT"
"USM_MASTER_002","USM","EDUCATION","MASTER","ON_CAMPUS","usm-master-002","数学教学理学硕士 - 数学科学学院","MASTER OF SCIENCE IN TEACHING OF MATHEMATICS - SCHOOL OF MATHEMATICAL SCIENCES","","","","3","4300.0","4300.0","USD","4300","28866.76","28866.76","6.71320000","2026-09-25","UNKNOWN","","","DRAFT"
"USM_MASTER_003","USM","MEDICINE","MASTER","ON_CAMPUS","usm-master-003","医学物理学理学硕士 - 物理学院","MASTER OF SCIENCE IN MEDICAL PHYSICS - SCHOOL OF PHYSICS","","","","2","9000.0","9000.0","USD","9000","60418.80","60418.80","6.71320000","2026-09-25","UNKNOWN","","","DRAFT"
"USM_MASTER_004","USM","NATURAL_SCIENCES","MASTER","ON_CAMPUS","usm-master-004","化学仪器理学硕士 - 化学科学学院","MASTER OF SCIENCE IN CHEMICAL INSTRUMENTATION - SCHOOL OF CHEMICAL SCIENCES","","","","2-4S","7600.0","7600.0","USD","7600","51020.32","51020.32","6.71320000","2026-09-25","UNKNOWN","","","DRAFT"
"USM_MASTER_005","USM","NATURAL_SCIENCES","MASTER","ON_CAMPUS","usm-master-005","统计学理学硕士 - 数学科学学院","MASTER OF SCIENCE IN STATISTICS - SCHOOL OF MATHEMATICAL SCIENCES","","","","2-4S","4000.0","4000.0","USD","4000","26852.80","26852.80","6.71320000","2026-09-25","UNKNOWN","","","DRAFT"
"USM_MASTER_006","USM","NATURAL_SCIENCES","MASTER","ON_CAMPUS","usm-master-006","数学理学硕士 - 数学科学学院","MASTER OF SCIENCE IN MATHEMATICS - SCHOOL OF MATHEMATICAL SCIENCES","","","","2-4S","4000.0","4000.0","USD","4000","26852.80","26852.80","6.71320000","2026-09-25","UNKNOWN","","","DRAFT"
"USM_MASTER_007","USM","BUSINESS_MANAGEMENT","MASTER","ON_CAMPUS","usm-master-007","热带植物病害管理理学硕士 - 生物科学学院","MASTER OF SCIENCES IN TROPICAL PLANT DISEASE MANAGEMENT - SCHOOL OF BIOLOGICAL SCIENCES","","","","2-4S","8000.0","8000.0","USD","8,000","53705.60","53705.60","6.71320000","2026-09-25","UNKNOWN","","","DRAFT"
"USM_MASTER_008","USM","NATURAL_SCIENCES","MASTER","ON_CAMPUS","usm-master-008","辐射科学理学硕士 - 物理学院","MASTER OF SCIENCE IN RADIATION SCIENCE - SCHOOL OF PHYSICS","","","","2-4S","9000.0","9000.0","USD","9000","60418.80","60418.80","6.71320000","2026-09-25","UNKNOWN","","","DRAFT"
"USM_MASTER_009","USM","NATURAL_SCIENCES","MASTER","ON_CAMPUS","usm-master-009","应用地球物理学理学硕士 - 物理学院","MASTER OF SCIENCE IN APPLIED GEOPHYSICS - SCHOOL OF PHYSICS","","","","2-4S","9000.0","9000.0","USD","9000","60418.80","60418.80","6.71320000","2026-09-25","UNKNOWN","","","DRAFT"
"USM_MASTER_010","USM","EDUCATION","MASTER","ON_CAMPUS","usm-master-010","环境科学理学硕士 - 远程教育学院","MASTER OF SCIENCE IN ENVIRONMENTAL SCIENCE - SCHOOL OF DISTANCE EDUCATION","","","","2-6S","1113.0","1113.0","USD","1113/ S","7471.79","7471.79","6.71320000","2026-09-25","UNKNOWN","","","DRAFT"
"USM_MASTER_011","USM","NATURAL_SCIENCES","MASTER","ON_CAMPUS","usm-master-011","化学理学硕士 - 化学学院","MASTER OF SCIENCE IN CHEMISTRY - SCHOOL OF CHEMICAL SCIENCES","","","","2-6S","1113.0","1113.0","USD","1113/ S","7471.79","7471.79","6.71320000","2026-09-25","UNKNOWN","","","DRAFT"
"USM_MASTER_012","USM","EDUCATION","MASTER","ON_CAMPUS","usm-master-012","理学硕士（化学） - 远程教育学院","MSC (CHEMISTRY) - SCHOOL OF DISTANCE EDUCATION","","","","2-6S","1113.0","1113.0","USD","1113/ S","7471.79","7471.79","6.71320000","2026-09-25","UNKNOWN","","","DRAFT"
"USM_MASTER_013","USM","NATURAL_SCIENCES","MASTER","ON_CAMPUS","usm-master-013","理学硕士（植物学）-生物科学学院","MSC (BOTANY) - SCHOOL OF BIOLOGICAL SCIENCES","","","","2-6S","1113.0","1113.0","USD","1113/ S","7471.79","7471.79","6.71320000","2026-09-25","UNKNOWN","","","DRAFT"
"USM_MASTER_014","USM","NATURAL_SCIENCES","MASTER","ON_CAMPUS","usm-master-014","理学硕士（生物技术）-化学生物学中心","MSC (BIOTECHNOLOGY) - CENTRE FOR CHEMICAL BIOLOGY","","","","2-6S","1113.0","1113.0","USD","1113/ S","7471.79","7471.79","6.71320000","2026-09-25","UNKNOWN","","","DRAFT"
"USM_MASTER_015","USM","AGRICULTURE_ENVIRONMENT","MASTER","ON_CAMPUS","usm-master-015","理学硕士（环境生物学）-生物科学学院","MSC (ENVIRONMENTAL BIOLOGY) - SCHOOL OF BIOLOGICAL SCIENCES","","","","2-6S","1113.0","1113.0","USD","1113/ S","7471.79","7471.79","6.71320000","2026-09-25","UNKNOWN","","","DRAFT"
"USM_MASTER_016","USM","NATURAL_SCIENCES","MASTER","ON_CAMPUS","usm-master-016","理学硕士（应用昆虫学）-生物科学学院","MSC (APPLIED ENTOMOLOGY) - SCHOOL OF BIOLOGICAL SCIENCES","","","","2-6S","1113.0","1113.0","USD","1113/ S","7471.79","7471.79","6.71320000","2026-09-25","UNKNOWN","","","DRAFT"
"USM_MASTER_017","USM","NATURAL_SCIENCES","MASTER","ON_CAMPUS","usm-master-017","理学硕士（海洋科学） - 海洋与海岸研究中心","MSC (MARINE SCIENCES) - CENTRE FOR MARINE AND COASTAL STUDIES","","","","2-6S","1113.0","1113.0","USD","1113/ S","7471.79","7471.79","6.71320000","2026-09-25","UNKNOWN","","","DRAFT"
"USM_MASTER_018","USM","EDUCATION","MASTER","ON_CAMPUS","usm-master-018","理学硕士（物理学） - 远程教育学院","MSC (PHYSICS) - SCHOOL OF DISTANCE EDUCATION","","","","2-6S","1113.0","1113.0","USD","1113/ S","7471.79","7471.79","6.71320000","2026-09-25","UNKNOWN","","","DRAFT"
"USM_MASTER_019","USM","NATURAL_SCIENCES","MASTER","ON_CAMPUS","usm-master-019","理学硕士（统计学）-数学科学学院","MSC (STATISTICS) - SCHOOL OF MATHEMATICAL SCIENCES","","","","2-6S","1113.0","1113.0","USD","1113/ S","7471.79","7471.79","6.71320000","2026-09-25","UNKNOWN","","","DRAFT"
"USM_MASTER_020","USM","NATURAL_SCIENCES","MASTER","ON_CAMPUS","usm-master-020","理学硕士（数学） - 数学科学学院","MSC (MATHEMATICS) - SCHOOL OF MATHEMATICAL SCIENCES","","","","2-6S","1113.0","1113.0","USD","1113/ S","7471.79","7471.79","6.71320000","2026-09-25","UNKNOWN","","","DRAFT"
"USM_MASTER_021","USM","EDUCATION","MASTER","ON_CAMPUS","usm-master-021","理学硕士（数学） - 远程教育学院","MSC (MATHEMATICS) - SCHOOL OF DISTANCE EDUCATION","","","","2-6S","1113.0","1113.0","USD","1113/ S","7471.79","7471.79","6.71320000","2026-09-25","UNKNOWN","","","DRAFT"
"USM_MASTER_022","USM","NATURAL_SCIENCES","MASTER","ON_CAMPUS","usm-master-022","理学硕士（应用寄生虫学）-生物科学学院","MSC (APPLIED PARASITOLOGY) - SCHOOL OF BIOLOGICAL SCIENCES","","","","2-6S","1113.0","1113.0","USD","1113/ S","7471.79","7471.79","6.71320000","2026-09-25","UNKNOWN","","","DRAFT"
"USM_MASTER_023","USM","NATURAL_SCIENCES","MASTER","ON_CAMPUS","usm-master-023","理学硕士（生物技术）——生物科学学院","MSC (BIOTECHNOLOGY) – SCHOOL OF BIOLOGICAL SCIENCES","","","","2-6S","1113.0","1113.0","USD","1113/ S","7471.79","7471.79","6.71320000","2026-09-25","UNKNOWN","","","DRAFT"
"USM_MASTER_024","USM","NATURAL_SCIENCES","MASTER","ON_CAMPUS","usm-master-024","理学硕士（水生生物学）-生物科学学院","MSC (AQUATIC BIOLOGY) - SCHOOL OF BIOLOGICAL SCIENCES","","","","2-6S","1113.0","1113.0","USD","1113/ S","7471.79","7471.79","6.71320000","2026-09-25","UNKNOWN","","","DRAFT"
"USM_MASTER_025","USM","EDUCATION","MASTER","ON_CAMPUS","usm-master-025","理学硕士（动物学） - 远程教育学院","MSC (ZOOLOGY) - SCHOOL OF DISTANCE EDUCATION","","","","2-6S","1113.0","1113.0","USD","1113/ S","7471.79","7471.79","6.71320000","2026-09-25","UNKNOWN","","","DRAFT"
"USM_MASTER_026","USM","NATURAL_SCIENCES","MASTER","ON_CAMPUS","usm-master-026","MSC（分子生物学）-化学生物学中心","MSC (MOLECULAR BIOLOGY) - CENTRE FOR CHEMICAL BIOLOGY","","","","2-6S","1113.0","1113.0","USD","1113/ S","7471.79","7471.79","6.71320000","2026-09-25","UNKNOWN","","","DRAFT"
"USM_MASTER_027","USM","NATURAL_SCIENCES","MASTER","ON_CAMPUS","usm-master-027","理学硕士（海洋科学）-生物科学学院","MSC (MARINE SCIENCES) - SCHOOL OF BIOLOGICAL SCIENCES","","","","2-6S","1113.0","1113.0","USD","1113/ S","7471.79","7471.79","6.71320000","2026-09-25","UNKNOWN","","","DRAFT"
"USM_MASTER_028","USM","NATURAL_SCIENCES","MASTER","ON_CAMPUS","usm-master-028","理学硕士（微生物学）-生物科学学院","MSC (MICROBIOLOGY) - SCHOOL OF BIOLOGICAL SCIENCES","","","","2-6S","1113.0","1113.0","USD","1113/ S","7471.79","7471.79","6.71320000","2026-09-25","UNKNOWN","","","DRAFT"
"USM_MASTER_029","USM","NATURAL_SCIENCES","MASTER","ON_CAMPUS","usm-master-029","理学硕士（动物学）-生物科学学院","MSC (ZOOLOGY) - SCHOOL OF BIOLOGICAL SCIENCES","","","","2-6S","1113.0","1113.0","USD","1113/ S","7471.79","7471.79","6.71320000","2026-09-25","UNKNOWN","","","DRAFT"
"USM_MASTER_030","USM","NATURAL_SCIENCES","MASTER","ON_CAMPUS","usm-master-030","理学硕士（微生物学）-化学生物学中心","MSC (MICROBIOLOGY) - CENTRE FOR CHEMICAL BIOLOGY","","","","2-6S","1113.0","1113.0","USD","1113/ S","7471.79","7471.79","6.71320000","2026-09-25","UNKNOWN","","","DRAFT"
"USM_MASTER_031","USM","EDUCATION","MASTER","ON_CAMPUS","usm-master-031","理学硕士（环境生物学） - 远程教育学院","MSC (ENVIRONMENTAL BIOLOGY) - SCHOOL OF DISTANCE EDUCATION","","","","2-6S","1113.0","1113.0","USD","1113/ S","7471.79","7471.79","6.71320000","2026-09-25","UNKNOWN","","","DRAFT"
"USM_MASTER_032","USM","NATURAL_SCIENCES","MASTER","ON_CAMPUS","usm-master-032","理学硕士（海洋科学） - 政策研究和国际研究中心","MSC (MARINE SCIENCES) - CENTRE FOR POLICY RESEARCH AND INTERNATIONAL STUDIES","","","","2-6S","","","","963/ S","","","","","UNKNOWN","","","DRAFT"
"USM_MASTER_033","USM","EDUCATION","MASTER","ON_CAMPUS","usm-master-033","理学硕士（统计学） - 远程教育学院","MSC (STATISTIC) - SCHOOL OF DISTANCE EDUCATION","","","","2-6S","1113.0","1113.0","USD","1113/ S","7471.79","7471.79","6.71320000","2026-09-25","UNKNOWN","","","DRAFT"
"USM_MASTER_034","USM","EDUCATION","MASTER","ON_CAMPUS","usm-master-034","理学硕士（水生生物学） - 远程教育学院","MSC (AQUATIC BIOLOGY) - SCHOOL OF DISTANCE EDUCATION","","","","2-6S","1113.0","1113.0","USD","1113/ S","7471.79","7471.79","6.71320000","2026-09-25","UNKNOWN","","","DRAFT"
"USM_MASTER_035","USM","EDUCATION","MASTER","ON_CAMPUS","usm-master-035","理学硕士（分子生物学） - 远程教育学院","MSC (MOLECULAR BIOLOGY) - SCHOOL OF DISTANCE EDUCATION","","","","2-6S","1113.0","1113.0","USD","1113/ S","7471.79","7471.79","6.71320000","2026-09-25","UNKNOWN","","","DRAFT"
"USM_MASTER_036","USM","NATURAL_SCIENCES","MASTER","ON_CAMPUS","usm-master-036","理学硕士（物理学）-物理学院","MSC (PHYSICS) - SCHOOL OF PHYSICS","","","","2-4S","1113.0","1113.0","USD","1113/ S","7471.79","7471.79","6.71320000","2026-09-25","UNKNOWN","","","DRAFT"
"USM_MASTER_037","USM","COMPUTING_IT","MASTER","ON_CAMPUS","usm-master-037","数字化转型硕士 - 计算机科学学院","MASTER OF DIGITAL TRANSFORMATION - SCHOOL OF COMPUTER SCIENCES","","","","3","6380.0","6380.0","USD","6380","42830.22","42830.22","6.71320000","2026-09-25","UNKNOWN","","","DRAFT"
"USM_MASTER_038","USM","COMPUTING_IT","MASTER","ON_CAMPUS","usm-master-038","数据科学硕士 - 计算机科学学院","MASTER OF DATA SCIENCE - SCHOOL OF COMPUTER SCIENCES","","","","3","4455.0","4455.0","USD","4455","29907.31","29907.31","6.71320000","2026-09-25","UNKNOWN","","","DRAFT"
"USM_MASTER_039","USM","COMPUTING_IT","MASTER","ON_CAMPUS","usm-master-039","理学硕士（计算机科学） - 计算机科学学院","MSC (COMPUTER SCIENCE) - SCHOOL OF COMPUTER SCIENCES","","","","2-6S","1400.0","1400.0","USD","1400 / S","9398.48","9398.48","6.71320000","2026-09-25","UNKNOWN","","","DRAFT"
"USM_MASTER_040","USM","COMPUTING_IT","MASTER","ON_CAMPUS","usm-master-040","计算机科学硕士 - 计算机科学学院","MASTER OF COMPUTER SCIENCE - SCHOOL OF COMPUTER SCIENCES","","","","2-4 S","4000.0","4000.0","USD","4000","26852.80","26852.80","6.71320000","2026-09-25","UNKNOWN","","","DRAFT"
"USM_MASTER_041","USM","MEDICINE","MASTER","ON_CAMPUS","usm-master-041","临床药学硕士 - 药剂学院","MASTER OF PHARMACY IN CLINICAL PHARMACY - SCHOOL OF PHARMACEUTICAL SCIENCES","","","","2","5450.0","5450.0","USD","5450","36586.94","36586.94","6.71320000","2026-09-25","UNKNOWN","","","DRAFT"
"USM_MASTER_042","USM","NATURAL_SCIENCES","MASTER","ON_CAMPUS","usm-master-042","灾害风险减灾测绘科学硕士 (MSC GEODRR) - 人文学院","MASTER OF SCIENCE IN GEOMATIC FOR DISASTER RISK REDUCTION (MSC GEODRR) - SCHOOL OF HUMANITIES","","","","3","9450.0","9450.0","USD","9450","63439.74","63439.74","6.71320000","2026-09-25","UNKNOWN","","","DRAFT"
"USM_MASTER_043","USM","AGRICULTURE_ENVIRONMENT","MASTER","ON_CAMPUS","usm-master-043","环境科学硕士 - 工业技术学院","MASTER OF ENVIRONMENTAL SCIENCE - SCHOOL OF INDUSTRIAL TECHNOLOGY","","","","2","6400.0","6400.0","USD","6400","42964.48","42964.48","6.71320000","2026-09-25","UNKNOWN","","","DRAFT"
"USM_MASTER_044","USM","ARCHITECTURE_BUILT_ENVIRONMENT","MASTER","ON_CAMPUS","usm-master-044","建筑技术理学硕士 - 住房、建筑和规划学院","MASTER OF SCIENCE IN BUILDING TECHNOLOGY - SCHOOL OF HOUSING, BUILDING AND PLANNING","","","","2","3630.0","3630.0","USD","3630","24368.92","24368.92","6.71320000","2026-09-25","UNKNOWN","","","DRAFT"
"USM_MASTER_045","USM","BUSINESS_MANAGEMENT","MASTER","ON_CAMPUS","usm-master-045","项目管理理学硕士 - 建筑、住房和规划学院","MASTER OF SCIENCE IN PROJECT MANAGEMENT - SCHOOL OF BUILDING, HOUSING AND PLANNING","","","","2","3630.0","3630.0","USD","3630","24368.92","24368.92","6.71320000","2026-09-25","UNKNOWN","","","DRAFT"
"USM_MASTER_046","USM","ARCHITECTURE_BUILT_ENVIRONMENT","MASTER","ON_CAMPUS","usm-master-046","景观建筑硕士 - 住房、建筑和规划学院","MASTER OF LANDSCAPE ARCHITECTURE - SCHOOL OF HOUSING, BUILDING AND PLANNING","","","","4","3465.0","3465.0","USD","3465","23261.24","23261.24","6.71320000","2026-09-25","UNKNOWN","","","DRAFT"
"USM_MASTER_047","USM","ARCHITECTURE_BUILT_ENVIRONMENT","MASTER","ON_CAMPUS","usm-master-047","建筑学硕士 - 住房、建筑和规划学院","MASTER OF ARCHITECTURE - SCHOOL OF HOUSING, BUILDING AND PLANNING","","","","4","4950.0","4950.0","USD","4950","33230.34","33230.34","6.71320000","2026-09-25","UNKNOWN","","","DRAFT"
"USM_MASTER_048","USM","ARCHITECTURE_BUILT_ENVIRONMENT","MASTER","ON_CAMPUS","usm-master-048","旅游发展理学硕士 - 住房、建筑和规划学院","MASTER OF SCIENCE IN TOURISM DEVELOPMENT - SCHOOL OF HOUSING, BUILDING AND PLANNING","","","","2-4 S","4290.0","4290.0","USD","4290","28799.63","28799.63","6.71320000","2026-09-25","UNKNOWN","","","DRAFT"
"USM_MASTER_049","USM","ARCHITECTURE_BUILT_ENVIRONMENT","MASTER","ON_CAMPUS","usm-master-049","建筑技术理学硕士 - 住房、建筑和规划学院","MASTER OF SCIENCE IN BUILDING TECHNOLOGY - SCHOOL OF HOUSING, BUILDING AND PLANNING","","","","2-4 S","4000.0","4000.0","USD","4000","26852.80","26852.80","6.71320000","2026-09-25","UNKNOWN","","","DRAFT"
"USM_MASTER_050","USM","NATURAL_SCIENCES","MASTER","ON_CAMPUS","usm-master-050","纳米光电子学理学硕士 - 纳米光电子研究与技术研究所","MASTER OF SCIENCE IN NANO-OPTOELECTRONICS - INSTITUTE OF NANO OPTOELECTRONICS RESEARCH & TECHNOLOGY","","","","2-4 S","4480.0","4480.0","USD","4480","30075.14","30075.14","6.71320000","2026-09-25","UNKNOWN","","","DRAFT"
"USM_MASTER_051","USM","PHARMACY","MASTER","ON_CAMPUS","usm-master-051","理学硕士（药理学）- 药剂学院","MSC (PHARMACOLOGY) - SCHOOL OF PHARMACEUTICAL SCIENCES","","","","2-6S","1400.0","1400.0","USD","1400 / S","9398.48","9398.48","6.71320000","2026-09-25","UNKNOWN","","","DRAFT"
"USM_MASTER_052","USM","MEDICINE","MASTER","ON_CAMPUS","usm-master-052","理学硕士（临床药学） - 药剂学院","MSC (CLINICAL PHARMACY) - SCHOOL OF PHARMACEUTICAL SCIENCES","","","","2-6S","1400.0","1400.0","USD","1400 / S","9398.48","9398.48","6.71320000","2026-09-25","UNKNOWN","","","DRAFT"
"USM_MASTER_053","USM","PHARMACY","MASTER","ON_CAMPUS","usm-master-053","理学硕士（制药技术） - 制药学院","MSC (PHARMACEUTICAL TECHNOLOGY) - SCHOOL OF PHARMACEUTICAL SCIENCES","","","","2-6S","1400.0","1400.0","USD","1400 / S","9398.48","9398.48","6.71320000","2026-09-25","UNKNOWN","","","DRAFT"
"USM_MASTER_054","USM","PHARMACY","MASTER","ON_CAMPUS","usm-master-054","理学硕士（药物化学）- 药剂学院","MSC (PHARMACEUTICAL CHEMISTRY) - SCHOOL OF PHARMACEUTICAL SCIENCES","","","","2-6S","1400.0","1400.0","USD","1400 / S","9398.48","9398.48","6.71320000","2026-09-25","UNKNOWN","","","DRAFT"
"USM_MASTER_055","USM","PHARMACY","MASTER","ON_CAMPUS","usm-master-055","理学硕士（社会与行政药学）- 药学院","MSC (SOCIAL AND ADMINISTRATIVE PHARMACY) - SCHOOL OF PHARMACEUTICAL SCIENCES","","","","2-6S","1400.0","1400.0","USD","1400 / S","9398.48","9398.48","6.71320000","2026-09-25","UNKNOWN","","","DRAFT"
"USM_MASTER_056","USM","PHARMACY","MASTER","ON_CAMPUS","usm-master-056","理学硕士（生理学）- 药学院","MSC (PHYSIOLOGY) - SCHOOL OF PHARMACEUTICAL SCIENCES","","","","2-6S","1400.0","1400.0","USD","1400 / S","9398.48","9398.48","6.71320000","2026-09-25","UNKNOWN","","","DRAFT"
"USM_MASTER_057","USM","PHARMACY","MASTER","ON_CAMPUS","usm-master-057","硕士（药剂学） - 药剂学院","MSC (PHARMACEUTICAL SCIENCES) - SCHOOL OF PHARMACEUTICAL SCIENCES","","","","2-6S","1400.0","1400.0","USD","1400 / S","9398.48","9398.48","6.71320000","2026-09-25","UNKNOWN","","","DRAFT"
"USM_MASTER_058","USM","NATURAL_SCIENCES","MASTER","ON_CAMPUS","usm-master-058","光电子学理学硕士 - 纳米光电子研究与技术研究所","MASTER OF SCIENCE IN OPTOELECTRONICS - INSTITUTE OF NANO-OPTOELECTRONICS RESEARCH AND TECHNOLOGY","","","","2-6S","1400.0","1400.0","USD","1400 / S","9398.48","9398.48","6.71320000","2026-09-25","UNKNOWN","","","DRAFT"
"USM_MASTER_059","USM","BUSINESS_MANAGEMENT","MASTER","ON_CAMPUS","usm-master-059","理学硕士（项目管理）- 住房、建筑和规划学院","MSC (PROJECT MANAGEMENT) - SCHOOL OF HOUSING, BUILDING AND PLANNING","","","","2-6S","1188.0","1188.0","USD","1188 / S","7975.28","7975.28","6.71320000","2026-09-25","UNKNOWN","","","DRAFT"
"USM_MASTER_060","USM","ARCHITECTURE_BUILT_ENVIRONMENT","MASTER","ON_CAMPUS","usm-master-060","建筑技术理学硕士 - 住房、建筑和规划学院","MSC (BUILDING TECHNOLOGY) - SCHOOL OF HOUSING, BUILDING AND PLANNING","","","","2-6S","1188.0","1188.0","USD","1188 / S","7975.28","7975.28","6.71320000","2026-09-25","UNKNOWN","","","DRAFT"
"USM_MASTER_061","USM","NATURAL_SCIENCES","MASTER","ON_CAMPUS","usm-master-061","理学硕士（食品技术）-工业技术学院","MSC (FOOD TECHNOLOGY) - SCHOOL OF INDUSTRIAL TECHNOLOGY","","","","2-6S","1188.0","1188.0","USD","1188 / S","7975.28","7975.28","6.71320000","2026-09-25","UNKNOWN","","","DRAFT"
"USM_MASTER_062","USM","ARCHITECTURE_BUILT_ENVIRONMENT","MASTER","ON_CAMPUS","usm-master-062","住房、建筑和规划学院 - 理学硕士（工料测量）","MSC (QUANTITY SURVEYING) - SCHOOL OF HOUSING, BUILDING AND PLANNING","","","","2-6S","1188.0","1188.0","USD","1188 / S","7975.28","7975.28","6.71320000","2026-09-25","UNKNOWN","","","DRAFT"
"USM_MASTER_063","USM","ARCHITECTURE_BUILT_ENVIRONMENT","MASTER","ON_CAMPUS","usm-master-063","MSC（住房）- 住房、建筑和规划学院","MSC (HOUSING) - SCHOOL OF HOUSING, BUILDING AND PLANNING","","","","2-6S","1188.0","1188.0","USD","1188 / S","7975.28","7975.28","6.71320000","2026-09-25","UNKNOWN","","","DRAFT"
"USM_MASTER_064","USM","ARCHITECTURE_BUILT_ENVIRONMENT","MASTER","ON_CAMPUS","usm-master-064","理学硕士（室内设计）-住房、建筑和规划学院","MSC (INTERIOR DESIGN) - SCHOOL OF HOUSING, BUILDING AND PLANNING","","","","2-6S","1188.0","1188.0","USD","1188 / S","7975.28","7975.28","6.71320000","2026-09-25","UNKNOWN","","","DRAFT"
"USM_MASTER_065","USM","COMPUTING_IT","MASTER","ON_CAMPUS","usm-master-065","MSC（高级计算机网络）-国家高级 IPV6 中心","MSC (ADVANCED COMPUTER NETWORKS) - NATIONAL ADVANCED IPV6 CENTRE","","","","2-6S","1400.0","1400.0","USD","1400 / S","9398.48","9398.48","6.71320000","2026-09-25","UNKNOWN","","","DRAFT"
"USM_MASTER_066","USM","PHARMACY","MASTER","ON_CAMPUS","usm-master-066","MSC（药房）-国家毒物中心","MSC (PHARMACY) - NATIONAL POISON CENTRE","","","","2-6S","1400.0","1400.0","USD","1400 / S","9398.48","9398.48","6.71320000","2026-09-25","UNKNOWN","","","DRAFT"
"USM_MASTER_067","USM","ARCHITECTURE_BUILT_ENVIRONMENT","MASTER","ON_CAMPUS","usm-master-067","规划研究理学硕士 - 住房、建筑和规划学院","MSC (PLANNING STUDIES) - SCHOOL OF HOUSING, BUILDING AND PLANNING","","","","2-6S","1188.0","1188.0","USD","1188 / S","7975.28","7975.28","6.71320000","2026-09-25","UNKNOWN","","","DRAFT"
"USM_MASTER_068","USM","AGRICULTURE_ENVIRONMENT","MASTER","ON_CAMPUS","usm-master-068","理学硕士（环境技术）-工业技术学院","MSC (ENVIRONMENTAL TECHNOLOGY) - SCHOOL OF INDUSTRIAL TECHNOLOGY","","","","2-6S","1188.0","1188.0","USD","1188 / S","7975.28","7975.28","6.71320000","2026-09-25","UNKNOWN","","","DRAFT"
"USM_MASTER_069","USM","ARCHITECTURE_BUILT_ENVIRONMENT","MASTER","ON_CAMPUS","usm-master-069","理学硕士（建筑学）- 住房、建筑和规划学院","MSC (ARCHITECTURE) - SCHOOL OF HOUSING, BUILDING AND PLANNING","","","","2-6S","1188.0","1188.0","USD","1188 / S","7975.28","7975.28","6.71320000","2026-09-25","UNKNOWN","","","DRAFT"
"USM_MASTER_070","USM","PHARMACY","MASTER","ON_CAMPUS","usm-master-070","理学硕士（药剂学） - 药物研究中心","MSC (PHARMACY) - CENTRE FOR DRUG RESEARCH","","","","2-6S","","","","963 / S","","","","","UNKNOWN","","","DRAFT"
"USM_MASTER_071","USM","NATURAL_SCIENCES","MASTER","ON_CAMPUS","usm-master-071","MSC（分析生物化学） - 分析生物化学研究中心","MSC (ANALYTICAL BIOCHEMISTRY) - ANALYTICAL BIOCHEMISTRY RESEARCH CENTRE","","","","2-6S","1400.0","1400.0","USD","1400 / S","9398.48","9398.48","6.71320000","2026-09-25","UNKNOWN","","","DRAFT"
"USM_MASTER_072","USM","NATURAL_SCIENCES","MASTER","ON_CAMPUS","usm-master-072","MSC（可持续性） - 全球可持续性研究中心","MSC (SUSTAINABILITY) - CENTRE FOR GLOBAL SUSTAINABILITY STUDIES","","","","2-6S","1188.0","1188.0","USD","1188 / S","7975.28","7975.28","6.71320000","2026-09-25","UNKNOWN","","","DRAFT"
"USM_MASTER_073","USM","ARCHITECTURE_BUILT_ENVIRONMENT","MASTER","ON_CAMPUS","usm-master-073","住房、建筑和规划学院 - 建筑测量理学硕士","MSC (BUILDING SURVEYING) - SCHOOL OF HOUSING, BUILDING AND PLANNING","","","","2-6S","1188.0","1188.0","USD","1188 / S","7975.28","7975.28","6.71320000","2026-09-25","UNKNOWN","","","DRAFT"
"USM_MASTER_074","USM","PHARMACY","MASTER","ON_CAMPUS","usm-master-074","MSC（医疗生物技术） - 马来西亚制药和营养品研究所","MSC (HEALTHCARE BIOTECHNOLOGY) - MALAYSIAN INSTITUTE OF PHARMACEUTICALS AND NUTRACEUTICALS","","","","2-6S","1400.0","1400.0","USD","1400 / S","9398.48","9398.48","6.71320000","2026-09-25","UNKNOWN","","","DRAFT"
"USM_MASTER_075","USM","NATURAL_SCIENCES","MASTER","ON_CAMPUS","usm-master-075","理学硕士（生物资源、造纸和涂料技术） - 工业技术学院","MSC (BIORESOURCE, PAPER AND COATINGS TECHNOLOGY) - SCHOOL OF INDUSTRIAL TECHNOLOGY","","","","2-6S","1188.0","1188.0","USD","1188 / S","7975.28","7975.28","6.71320000","2026-09-25","UNKNOWN","","","DRAFT"
"USM_MASTER_076","USM","NATURAL_SCIENCES","MASTER","ON_CAMPUS","usm-master-076","理学硕士（生物过程技术）——工业技术学院","MSC (BIOPROCESS TECHNOLOGY) – SCHOOL OF INDUSTRIAL TECHNOLOGY","","","","2-6S","1188.0","1188.0","USD","1188 / S","7975.28","7975.28","6.71320000","2026-09-25","UNKNOWN","","","DRAFT"
"USM_MASTER_077","USM","DESIGN_CREATIVE_ARTS","MASTER","ON_CAMPUS","usm-master-077","PURE ARTS纯文科","","","","","","","","","","","","","","UNKNOWN","","","DRAFT"
"USM_MASTER_078","USM","BUSINESS_MANAGEMENT","MASTER","ON_CAMPUS","usm-master-078","公共管理硕士 - 社会科学学院","MASTER OF PUBLIC ADMINISTRATION - SCHOOL OF SOCIAL SCIENCES","","","","3","3630.0","3630.0","USD","3630","24368.92","24368.92","6.71320000","2026-09-25","UNKNOWN","","","DRAFT"
"USM_MASTER_079","USM","BUSINESS_MANAGEMENT","MASTER","ON_CAMPUS","usm-master-079","经济管理硕士 - 社会科学学院","MASTER OF ECONOMIC MANAGEMENT - SCHOOL OF SOCIAL SCIENCES","","","","2","3630.0","3630.0","USD","3630","24368.92","24368.92","6.71320000","2026-09-25","UNKNOWN","","","DRAFT"
"USM_MASTER_080","USM","DESIGN_CREATIVE_ARTS","MASTER","ON_CAMPUS","usm-master-080","专业翻译文学硕士 - 语言、文学和翻译学院","MASTER OF ARTS IN TRANSLATION FOR PROFESSIONALS - SCHOOL OF LANGUAGES, LITERACIES AND TRANSLATION","","","","2","4650.0","4650.0","USD","4650","31216.38","31216.38","6.71320000","2026-09-25","UNKNOWN","","","DRAFT"
"USM_MASTER_081","USM","DESIGN_CREATIVE_ARTS","MASTER","ON_CAMPUS","usm-master-081","马来语言学文学硕士 - 人文学院","MASTER OF ARTS IN MALAY LINGUISTICS - SCHOOL OF HUMANITIES","","","","2-4S","27200.0","27200.0","USD","27200","182599.04","182599.04","6.71320000","2026-09-25","UNKNOWN","","","DRAFT"
"USM_MASTER_082","USM","DESIGN_CREATIVE_ARTS","MASTER","ON_CAMPUS","usm-master-082","语言学和英语语言研究文学硕士 - 人文学院","MASTER OF ARTS IN LINGUISTICS AND ENGLISH LANGUAGE STUDIES - SCHOOL OF HUMANITIES","","","","2-4S","3900.0","3900.0","USD","3900","26181.48","26181.48","6.71320000","2026-09-25","UNKNOWN","","","DRAFT"
"USM_MASTER_083","USM","DESIGN_CREATIVE_ARTS","MASTER","ON_CAMPUS","usm-master-083","东南亚历史文学硕士 - 人文学院","MASTER OF ARTS IN SOUTHEAST ASIAN HISTORY - SCHOOL OF HUMANITIES","","","","2-4S","3900.0","3900.0","USD","3900","26181.48","26181.48","6.71320000","2026-09-25","UNKNOWN","","","DRAFT"
"USM_MASTER_084","USM","DESIGN_CREATIVE_ARTS","MASTER","ON_CAMPUS","usm-master-084","圣训文学硕士 - 人文学院","MASTER OF ARTS IN HADITH - SCHOOL OF HUMANITIES","","","","2-4S","4235.0","4235.0","USD","4235","28430.40","28430.40","6.71320000","2026-09-25","UNKNOWN","","","DRAFT"
"USM_MASTER_085","USM","DESIGN_CREATIVE_ARTS","MASTER","ON_CAMPUS","usm-master-085","文学硕士 - 人文学院","MASTER OF ARTS IN LITERATURE - SCHOOL OF HUMANITIES","","","","2-6S","3900.0","3900.0","USD","3900","26181.48","26181.48","6.71320000","2026-09-25","UNKNOWN","","","DRAFT"
"USM_MASTER_086","USM","BUSINESS_MANAGEMENT","MASTER","ON_CAMPUS","usm-master-086","伊斯兰发展管理硕士 - 伊斯兰发展管理研究中心","MASTER OF ISLAMIC-BASED DEVELOPMENT MANAGEMENT - CENTRE FOR ISLAMIC DEVELOPMENT MANAGEMENT STUDIES","","","","3-6S","3900.0","3900.0","USD","3900","26181.48","26181.48","6.71320000","2026-09-25","UNKNOWN","","","DRAFT"
"USM_MASTER_087","USM","NATURAL_SCIENCES","MASTER","ON_CAMPUS","usm-master-087","社会工作硕士 - 社会科学学院","ASTER OF SOCIAL WORK - SCHOOL OF SOCIAL SCIENCES","","","","3-6S","4235.0","4235.0","USD","4235","28430.40","28430.40","6.71320000","2026-09-25","UNKNOWN","","","DRAFT"
"USM_MASTER_088","USM","LANGUAGES_LINGUISTICS","MASTER","ON_CAMPUS","usm-master-088","文学硕士（语言研究）- 语言、文学和翻译学院","MA (LANGUAGE STUDIES) - SCHOOL OF LANGUAGES, LITERACIES & TRANSLATION","","","","2-6 S","","","","963 / S","","","","","UNKNOWN","","","DRAFT"
"USM_MASTER_089","USM","LANGUAGES_LINGUISTICS","MASTER","ON_CAMPUS","usm-master-089","文学硕士（翻译）- 语言、文学与翻译学院","MA (TRANSLATION) - SCHOOL OF LANGUAGES, LITERACIES & TRANSLATION","","","","2-6 S","","","","963 / S","","","","","UNKNOWN","","","DRAFT"
"USM_MASTER_090","USM","LANGUAGES_LINGUISTICS","MASTER","ON_CAMPUS","usm-master-090","文学硕士（口译）- 语言、文学和翻译学院","MA (INTERPRETATION) - SCHOOL OF LANGUAGES, LITERACIES & TRANSLATION","","","","2-6 S","","","","963 / S","","","","","UNKNOWN","","","DRAFT"
"USM_MASTER_091","USM","DESIGN_CREATIVE_ARTS","MASTER","ON_CAMPUS","usm-master-091","文学硕士（马来语研究）- 人文学院","MASTER OF ARTS (MALAY LANGUAGE STUDIES) - SCHOOL OF HUMANITIES","","","","2-6 S","","","","963 / S","","","","","UNKNOWN","","","DRAFT"
"USM_MASTER_092","USM","NATURAL_SCIENCES","MASTER","ON_CAMPUS","usm-master-092","社会科学硕士（社会工作） - 政策研究中心","MASTER OF SOCIAL SCIENCE (SOCIAL WORK) - CENTRE FOR POLICY RESEARCH","","","","2-6 S","","","","963 / S","","","","","UNKNOWN","","","DRAFT"
"USM_MASTER_093","USM","NATURAL_SCIENCES","MASTER","ON_CAMPUS","usm-master-093","社会科学硕士（人类学/社会学） - 政策研究中心","MASTER OF SOCIAL SCIENCE (ANTHROPOLOGY/SOCIOLOGY) - CENTRE FOR POLICY RESEARCH","","","","2-6 S","","","","963 / S","","","","","UNKNOWN","","","DRAFT"
"USM_MASTER_094","USM","ECONOMICS","MASTER","ON_CAMPUS","usm-master-094","社会科学硕士（经济学） - 政策研究中心","MASTER OF SOCIAL SCIENCE (ECONOMICS) - CENTRE FOR POLICY RESEARCH","","","","2-6 S","","","","963 / S","","","","","UNKNOWN","","","DRAFT"
"USM_MASTER_095","USM","ALLIED_HEALTH","MASTER","ON_CAMPUS","usm-master-095","社会科学硕士（心理学） - 政策研究中心","MASTER OF SOCIAL SCIENCE (PSYCHOLOGY) - CENTRE FOR POLICY RESEARCH","","","","2-6 S","","","","963 / S","","","","","UNKNOWN","","","DRAFT"
"USM_MASTER_096","USM","NATURAL_SCIENCES","MASTER","ON_CAMPUS","usm-master-096","社会科学硕士（政治学） - 政策研究中心","MASTER OF SOCIAL SCIENCE (POLITICAL SCIENCE) - CENTRE FOR POLICY RESEARCH","","","","2-6 S","","","","963 / S","","","","","UNKNOWN","","","DRAFT"
"USM_MASTER_097","USM","BUSINESS_MANAGEMENT","MASTER","ON_CAMPUS","usm-master-097","社会科学硕士（发展规划与管理） - 政策研究中心","MASTER OF SOCIAL SCIENCE (DEVELOPMENT PLANNING & MANAGEMENT) - CENTRE FOR POLICY RESEARCH","","","","2-6 S","","","","963 / S","","","","","UNKNOWN","","","DRAFT"
"USM_MASTER_098","USM","LANGUAGES_LINGUISTICS","MASTER","ON_CAMPUS","usm-master-098","文学硕士（语言学）- 人文学院","MA (LINGUISTICS) - SCHOOL OF HUMANITIES","","","","2-6 S","","","","963 / S","","","","","UNKNOWN","","","DRAFT"
"USM_MASTER_099","USM","NATURAL_SCIENCES","MASTER","ON_CAMPUS","usm-master-099","文学硕士（英语文学）- 人文学院","MA (ENGLISH LITERATURE) - SCHOOL OF HUMANITIES","","","","2-6 S","","","","963 / S","","","","","UNKNOWN","","","DRAFT"
"USM_MASTER_100","USM","NATURAL_SCIENCES","MASTER","ON_CAMPUS","usm-master-100","文学硕士（文明研究）- 人文学院","MA (CIVILIZATION STUDIES) - SCHOOL OF HUMANITIES","","","","2-6 S","","","","963 / S","","","","","UNKNOWN","","","DRAFT"
"USM_MASTER_101","USM","ISLAMIC_STUDIES","MASTER","ON_CAMPUS","usm-master-101","文学硕士（伊斯兰研究）- 人文学院","MA (ISLAMIC STUDIES) - SCHOOL OF HUMANITIES","","","","2-6 S","","","","963 / S","","","","","UNKNOWN","","","DRAFT"
"USM_MASTER_102","USM","NATURAL_SCIENCES","MASTER","ON_CAMPUS","usm-master-102","文学硕士（历史）- 人文学院","MA (HISTORY) - SCHOOL OF HUMANITIES","","","","2-6 S","","","","963 / S","","","","","UNKNOWN","","","DRAFT"
"USM_MASTER_103","USM","NATURAL_SCIENCES","MASTER","ON_CAMPUS","usm-master-103","文学硕士 - 人文学院","MA (LITERATURE) - SCHOOL OF HUMANITIES","","","","2-6 S","","","","963 / S","","","","","UNKNOWN","","","DRAFT"
"USM_MASTER_104","USM","LANGUAGES_LINGUISTICS","MASTER","ON_CAMPUS","usm-master-104","文学硕士（英语语言与文学研究）- 人文学院","MA (ENGLISH LANGUAGE & LITERATURE STUDIES) - SCHOOL OF HUMANITIES","","","","2-6 S","","","","963 / S","","","","","UNKNOWN","","","DRAFT"
"USM_MASTER_105","USM","NATURAL_SCIENCES","MASTER","ON_CAMPUS","usm-master-105","文学硕士（地理学）- 人文学院","MA (GEOGRAPHY) - SCHOOL OF HUMANITIES","","","","2-6 S","","","","963 / S","","","","","UNKNOWN","","","DRAFT"
"USM_MASTER_106","USM","NATURAL_SCIENCES","MASTER","ON_CAMPUS","usm-master-106","文学硕士（哲学）- 人文学院","MA (PHILOSOPHY) - SCHOOL OF HUMANITIES","","","","2-6 S","","","","963 / S","","","","","UNKNOWN","","","DRAFT"
"USM_MASTER_107","USM","EDUCATION","MASTER","ON_CAMPUS","usm-master-107","社会科学硕士（政治学） - 远程教育学院","MASTER OF SOCIAL SCIENCE (POLITICAL SCIENCE) - SCHOOL OF DISTANCE EDUCATION","","","","2-6 S","","","","963 / S","","","","","UNKNOWN","","","DRAFT"
"USM_MASTER_108","USM","ECONOMICS","MASTER","ON_CAMPUS","usm-master-108","社会科学硕士（经济学） - 远程教育学院","MASTER OF SOCIAL SCIENCE (ECONOMICS) - SCHOOL OF DISTANCE EDUCATION","","","","2-6 S","","","","963 / S","","","","","UNKNOWN","","","DRAFT"
"USM_MASTER_109","USM","EDUCATION","MASTER","ON_CAMPUS","usm-master-109","社会科学硕士（人类学/社会学） - 远程教育学院","MASTER OF SOCIAL SCIENCE (ANTHROPOLOGY/SOCIOLOGY) - SCHOOL OF DISTANCE EDUCATION","","","","2-6 S","","","","963 / S","","","","","UNKNOWN","","","DRAFT"
"USM_MASTER_110","USM","EDUCATION","MASTER","ON_CAMPUS","usm-master-110","文学硕士（历史）-远程教育学院","MA (HISTORY) - SCHOOL OF DISTANCE EDUCATION","","","","2-6 S","","","","963 / S","","","","","UNKNOWN","","","DRAFT"
"USM_MASTER_111","USM","EDUCATION","MASTER","ON_CAMPUS","usm-master-111","文学硕士（教育）-远程教育学院MA (EDUCATION) - SCHOOL OF DISTANCE EDUCATION","","","","","2-6 S","","","","963 / S","","","","","UNKNOWN","","","DRAFT"
"USM_MASTER_112","USM","EDUCATION","MASTER","ON_CAMPUS","usm-master-112","硕士（教育技术）--远程教育学院MA (EDUCATIONAL TECHNOLOGY) - SCHOOL OF DISTANCE EDUCATION","","","","","2-6 S","","","","963 / S","","","","","UNKNOWN","","","DRAFT"
"USM_MASTER_113","USM","EDUCATION","MASTER","ON_CAMPUS","usm-master-113","硕士（文明研究）--远程教育学院MA (CIVILISATION STUDIES) - SCHOOL OF DISTANCE EDUCATION","","","","","2-6 S","","","","963 / S","","","","","UNKNOWN","","","DRAFT"
"USM_MASTER_114","USM","EDUCATION","MASTER","ON_CAMPUS","usm-master-114","硕士（地理）--远程教育学院 MA (GEOGRAPHY) - SCHOOL OF DISTANCE EDUCATION","","","","","2-6 S","","","","963 / S","","","","","UNKNOWN","","","DRAFT"
"USM_MASTER_115","USM","EDUCATION","MASTER","ON_CAMPUS","usm-master-115","文学硕士 - 远程教育学院MA (LITERATURE) - SCHOOL OF DISTANCE EDUCATION","","","","","2-6 S","","","","963 / S","","","","","UNKNOWN","","","DRAFT"
"USM_MASTER_116","USM","EDUCATION","MASTER","ON_CAMPUS","usm-master-116","硕士（高等教育）--国家高等教育研究所MA (HIGHER EDUCATION) - NATIONAL HIGHER EDUCATION RESEARCH INSTITUTE","","","","","2-6 S","","","","963 / S","","","","","UNKNOWN","","","DRAFT"
"USM_MASTER_117","USM","BUSINESS_MANAGEMENT","MASTER","ON_CAMPUS","usm-master-117","伊斯兰发展管理硕士--伊斯兰发展管理研究中心MASTER OF ISLAMIC DEVELOPMENT MANAGEMENT- CENTRE FOR ISLAMIC DEVELOPMENT MANAGEMENT STUDIES","","","","","2-6 S","","","","963 / S","","","","","UNKNOWN","","","DRAFT"
"USM_MASTER_118","USM","NATURAL_SCIENCES","MASTER","ON_CAMPUS","usm-master-118","MA（考古学）--全球考古研究中心MA (ARCHAEOLOGY) – CENTRE FOR GLOBAL ARCHAEOLOGICAL RESEARCH","","","","","2-6 S","","","","963 / S","","","","","UNKNOWN","","","DRAFT"
"USM_MASTER_119","USM","NATURAL_SCIENCES","MASTER","ON_CAMPUS","usm-master-119","社会科学硕士（人类学/社会学）--社会科学学院MASTER OF SOCIAL SCIENCE (ANTHROPOLOGY/SOCIOLOGY) - SCHOOL OF SOCIAL SCIENCES","","","","","2-6 S","","","","963 / S","","","","","UNKNOWN","","","DRAFT"
"USM_MASTER_120","USM","ECONOMICS","MASTER","ON_CAMPUS","usm-master-120","社会科学硕士（社会工作）--社会科学学院MASTER OF SOCIAL SCIENCE (ECONOMICS) - SCHOOL OF SOCIAL SCIENCES","","","","","2-6 S","","","","963 / S","","","","","UNKNOWN","","","DRAFT"
"USM_MASTER_121","USM","NATURAL_SCIENCES","MASTER","ON_CAMPUS","usm-master-121","社会科学硕士（社会工作）--社会科学学院MASTER OF SOCIAL SCIENCE (SOCIAL WORK) - SCHOOL OF SOCIAL SCIENCES","","","","","2-6 S","","","","963 / S","","","","","UNKNOWN","","","DRAFT"
"USM_MASTER_122","USM","BUSINESS_MANAGEMENT","MASTER","ON_CAMPUS","usm-master-122","社会科学硕士（发展规划与管理）--社会科学学院MASTER OF SOCIAL SCIENCE (DEVELOPMENT PLANNING & MANAGEMENT) - SCHOOL OF SOCIAL SCIENCES","","","","","2-6 S","","","","963 / S","","","","","UNKNOWN","","","DRAFT"
"USM_MASTER_123","USM","NATURAL_SCIENCES","MASTER","ON_CAMPUS","usm-master-123","社会科学硕士（政治学）--社会科学学院MASTER OF SOCIAL SCIENCE (POLITICAL SCIENCE) - SCHOOL OF SOCIAL SCIENCES","","","","","2-6 S","","","","963 / S","","","","","UNKNOWN","","","DRAFT"
"USM_MASTER_124","USM","ALLIED_HEALTH","MASTER","ON_CAMPUS","usm-master-124","社会科学硕士（心理学）--社会科学学院MASTER OF SOCIAL SCIENCE (PSYCHOLOGY) - SCHOOL OF SOCIAL SCIENCES","","","","","2-6 S","","","","963 / S","","","","","UNKNOWN","","","DRAFT"
"USM_MASTER_125","USM","DESIGN_CREATIVE_ARTS","MASTER","ON_CAMPUS","usm-master-125","APPLIED ARTS应用艺术","","","","","","","","","","","","","","UNKNOWN","","","DRAFT"
"USM_MASTER_126","USM","EDUCATION","DOCTOR","ON_CAMPUS","usm-master-126","教育技术与多媒体博士 - 教育研究学院","ED.D (EDUCATIONAL TECHNOLOGY & MULTIMEDIA) - SCHOOL OF EDUCATIONAL STUDIES","","","","6-10S","17662.0","17662.0","USD","17662.5","118568.54","118568.54","6.71320000","2026-09-25","UNKNOWN","","","DRAFT"
"USM_MASTER_127","USM","EDUCATION","DOCTOR","ON_CAMPUS","usm-master-127","教育学博士（TESOL）--教育研究学院 ED.D (TESOL) - SCHOOL OF EDUCATIONAL STUDIES","","","","","6-10S","17662.0","17662.0","USD","17662.5","118568.54","118568.54","6.71320000","2026-09-25","UNKNOWN","","","DRAFT"
"USM_MASTER_128","USM","EDUCATION","DOCTOR","ON_CAMPUS","usm-master-128","教育学博士（课程与教育）--教育研究学院 ED.D (CURRICULUM AND EDUCATION) - SCHOOL OF EDUCATIONAL STUDIES","","","","","6-10S","17662.0","17662.0","USD","17662.5","118568.54","118568.54","6.71320000","2026-09-25","UNKNOWN","","","DRAFT"
"USM_MASTER_129","USM","EDUCATION","DOCTOR","ON_CAMPUS","usm-master-129","教育学博士（科学教育）--教育研究学院 ED.D (SCIENCE EDUCATION) - SCHOOL OF EDUCATIONAL STUDIES","","","","","6-10S","17662.0","17662.0","USD","17662.5","118568.54","118568.54","6.71320000","2026-09-25","UNKNOWN","","","DRAFT"
"USM_MASTER_130","USM","EDUCATION","MASTER","ON_CAMPUS","usm-master-130","咨询硕士--教育研究学院 MASTER IN COUNSELLING - SCHOOL OF EDUCATIONAL STUDIES","","","","","3-6S","4372.0","4372.0","USD","4372.5","29350.11","29350.11","6.71320000","2026-09-25","UNKNOWN","","","DRAFT"
"USM_MASTER_131","USM","BUSINESS_MANAGEMENT","MASTER","ON_CAMPUS","usm-master-131","工商管理硕士（MBA）--商学院研究生院MASTER OF BUSINESS ADMINISTRATION (MBA) - GRADUATE SCHOOL OF BUSINESS","","","","","4-10S","9600.0","9600.0","USD","9600","64446.72","64446.72","6.71320000","2026-09-25","UNKNOWN","","","DRAFT"
"USM_MASTER_132","USM","BUSINESS_MANAGEMENT","MASTER","ON_CAMPUS","usm-master-132","工商管理硕士（在线）--商学院MASTER OF BUSINESS ADMINISTRATION (ONLINE) - GRADUATE SCHOOL OF BUSINESS","","","","","4-10S","11940.0","11940.0","USD","11940","80155.61","80155.61","6.71320000","2026-09-25","UNKNOWN","","","DRAFT"
"USM_MASTER_133","USM","BUSINESS_MANAGEMENT","MASTER","ON_CAMPUS","usm-master-133","商业分析硕士（在线）--管理学院 *MASTER OF BUSINESS ANALYTICS (ONLINE) - SCHOOL OF MANAGEMENT","","","","","2-4S","6300.0","6300.0","USD","6300","42293.16","42293.16","6.71320000","2026-09-25","UNKNOWN","","","DRAFT"
"USM_MASTER_134","USM","BUSINESS_MANAGEMENT","MASTER","ON_CAMPUS","usm-master-134","专业管理硕士（在线）--管理学院*MASTER OF PROFESSIONAL MANAGEMENT (ONLINE)- SCHOOL OF MANAGEMENT","","","","","2-4S","6300.0","6300.0","USD","6300","42293.16","42293.16","6.71320000","2026-09-25","UNKNOWN","","","DRAFT"
"USM_MASTER_135","USM","EDUCATION","MASTER","ON_CAMPUS","usm-master-135","教学多媒体硕士 - 教学技术与多媒体中心","MASTER OF INSTRUCTIONAL MULTIMEDIA - CENTRE FOR INSTRUCTIONAL TECHNOLOGY AND MULTIMEDIA","","","","2-4S","9450.0","9450.0","USD","9450","63439.74","63439.74","6.71320000","2026-09-25","UNKNOWN","","","DRAFT"
"USM_MASTER_136","USM","DESIGN_CREATIVE_ARTS","MASTER","ON_CAMPUS","usm-master-136","创意产业设计硕士 - 艺术学院*MASTER OF DESIGN IN CREATIVE INDUSTRY - SCHOOL OF ARTS","","","","","2-4S","6400.0","6400.0","USD","6400","42964.48","42964.48","6.71320000","2026-09-25","UNKNOWN","","","DRAFT"
"USM_MASTER_137","USM","BUSINESS_MANAGEMENT","MASTER","ON_CAMPUS","usm-master-137","商业分析硕士--管理学院MASTER OF BUSINESS ANALYTICS -SCHOOL OF MANAGEMENT","","","","","2-4S","6300.0","6300.0","USD","6300","42293.16","42293.16","6.71320000","2026-09-25","UNKNOWN","","","DRAFT"
"USM_MASTER_138","USM","BUSINESS_MANAGEMENT","MASTER","ON_CAMPUS","usm-master-138","MC（整合营销传播）- 传播学院MC (INTEGRATED MARKETING COMMUNICATION) - SCHOOL OF COMMUNICATION","","","","","2-4S","6720.0","6720.0","USD","6720","45112.70","45112.70","6.71320000","2026-09-25","UNKNOWN","","","DRAFT"
"USM_MASTER_139","USM","NATURAL_SCIENCES","MASTER","ON_CAMPUS","usm-master-139","可持续发展实践硕士--全球可持续发展研究中心 MASTERS IN SUSTAINABLE DEVELOPMENT PRACTICE - CENTRE FOR GLOBAL SUSTAINABILITY STUDIES","","","","","4-8S","9625.0","9625.0","USD","9625","64614.55","64614.55","6.71320000","2026-09-25","UNKNOWN","","","DRAFT"
"USM_MASTER_140","USM","BUSINESS_MANAGEMENT","MASTER","ON_CAMPUS","usm-master-140","工商管理硕士（在线）--双学位 MASTER OF BUSINESS ADMINISTRATION (ONLINE) - DUAL DEGREE","","","","","2-10S","11411.0","11411.0","USD","11411.25","76604.33","76604.33","6.71320000","2026-09-25","UNKNOWN","","","DRAFT"
"USM_MASTER_141","USM","ACCOUNTING_FINANCE","MASTER","ON_CAMPUS","usm-master-141","全球伊斯兰金融硕士--管理学院MASTER IN GLOBAL ISLAMIC FINANCE - SCHOOL OF MANAGEMENT","","","","","2-4S","6000.0","6000.0","USD","6000","40279.20","40279.20","6.71320000","2026-09-25","UNKNOWN","","","DRAFT"
"USM_MASTER_142","USM","BUSINESS_MANAGEMENT","MASTER","ON_CAMPUS","usm-master-142","专业管理硕士--管理学院 MASTER OF PROFESSIONAL MANAGEMENT - SCHOOL OF MANAGEMENT","","","","","2-4S","6300.0","6300.0","USD","6300","42293.16","42293.16","6.71320000","2026-09-25","UNKNOWN","","","DRAFT"
"USM_MASTER_143","USM","EDUCATION","MASTER","ON_CAMPUS","usm-master-143","硕士（教育）--教育研究学院 MA (EDUCATION) - SCHOOL OF EDUCATIONAL STUDIES","","","","","2-4S","3900.0","3900.0","USD","3900","26181.48","26181.48","6.71320000","2026-09-25","UNKNOWN","","","DRAFT"
"USM_MASTER_144","USM","MEDIA_COMMUNICATION","MASTER","ON_CAMPUS","usm-master-144","传播学硕士 - 传播学院MASTER OF COMMUNICATION - SCHOOL OF COMMUNICATION","","","","","3-6S","8600.0","8600.0","USD","8600","57733.52","57733.52","6.71320000","2026-09-25","UNKNOWN","","","DRAFT"
"USM_MASTER_145","USM","ACCOUNTING_FINANCE","MASTER","ON_CAMPUS","usm-master-145","全球伊斯兰金融管理硕士--管理学院MASTER OF MANAGEMENT IN GLOBAL ISLAMIC FINANCE - SCHOOL OF MANAGEMENT","","","","","2-4S","6000.0","6000.0","USD","6000","40279.20","40279.20","6.71320000","2026-09-25","UNKNOWN","","","DRAFT"
"USM_MASTER_146","USM","EDUCATION","MASTER","ON_CAMPUS","usm-master-146","硕士（教育）--教育研究学院 MA (EDUCATION) - SCHOOL OF EDUCATIONAL STUDIES","","","","","2-6S","1025.0","1025.0","USD","1025 / SEM","6881.03","6881.03","6.71320000","2026-09-25","PER_SEMESTER","","","DRAFT"
"USM_MASTER_147","USM","EDUCATION","MASTER","ON_CAMPUS","usm-master-147","文学硕士（教育技术）-教学技术与多媒体中心","MA (EDUCATIONAL TECHNOLOGY) - CENTRE FOR INSTRUCTIONAL TECHNOLOGY AND MULTIMEDIA","","","","2-6S","1025.0","1025.0","USD","1025 / SEM","6881.03","6881.03","6.71320000","2026-09-25","PER_SEMESTER","","","DRAFT"
"USM_MASTER_148","USM","DESIGN_CREATIVE_ARTS","MASTER","ON_CAMPUS","usm-master-148","硕士（戏剧与舞台、表演与导演）--艺术学院 MA (DRAMA & THEATRE, ACTING & DIRECTING) - SCHOOL OF ARTS","","","","","2-6S","1025.0","1025.0","USD","1025 / SEM","6881.03","6881.03","6.71320000","2026-09-25","PER_SEMESTER","","","DRAFT"
"USM_MASTER_149","USM","BUSINESS_MANAGEMENT","MASTER","ON_CAMPUS","usm-master-149","管理学硕士 MA (MANAGEMENT) - SCHOOL OF MANAGEMENT","","","","","2-6S","1150.0","1150.0","USD","1150 / SEM","7720.18","7720.18","6.71320000","2026-09-25","PER_SEMESTER","","","DRAFT"
"USM_MASTER_150","USM","ACCOUNTING_FINANCE","MASTER","ON_CAMPUS","usm-master-150","管理学院金融学硕士 MA (FINANCE) - SCHOOL OF MANAGEMENT","","","","","2-6S","1150.0","1150.0","USD","1150 / SEM","7720.18","7720.18","6.71320000","2026-09-25","PER_SEMESTER","","","DRAFT"
"USM_MASTER_151","USM","BUSINESS_MANAGEMENT","MASTER","ON_CAMPUS","usm-master-151","硕士（管理）--远程教育学院 MA (MANAGEMENT) – SCHOOL OF DISTANCE EDUCATION","","","","","2-6S","","","","963 / SEM","","","","","PER_SEMESTER","","","DRAFT"
"USM_MASTER_152","USM","ACCOUNTING_FINANCE","MASTER","ON_CAMPUS","usm-master-152","硕士（会计）--管理学院 MA (ACCOUNTING) - SCHOOL OF MANAGEMENT","","","","","2-6S","1150.0","1150.0","USD","1150 / SEM","7720.18","7720.18","6.71320000","2026-09-25","PER_SEMESTER","","","DRAFT"
"USM_MASTER_153","USM","DESIGN_CREATIVE_ARTS","MASTER","ON_CAMPUS","usm-master-153","硕士（美术）--艺术学院 MA (FINE ARTS) - SCHOOL OF ARTS","","","","","2-6S","1025.0","1025.0","USD","1025 / SEM","6881.03","6881.03","6.71320000","2026-09-25","PER_SEMESTER","","","DRAFT"
"USM_MASTER_154","USM","DESIGN_CREATIVE_ARTS","MASTER","ON_CAMPUS","usm-master-154","硕士（音乐）--艺术学院 MA (MUSIC) - SCHOOL OF ARTS","","","","","2-6S","1025.0","1025.0","USD","1025 / SEM","6881.03","6881.03","6.71320000","2026-09-25","PER_SEMESTER","","","DRAFT"
"USM_MASTER_155","USM","NATURAL_SCIENCES","MASTER","ON_CAMPUS","usm-master-155","硕士（可持续发展）--全球可持续发展研究中心 MA (SUSTAINABILITY) - CENTRE FOR GLOBAL SUSTAINABILITY STUDIES","","","","","2-6S","1025.0","1025.0","USD","1025 / SEM","6881.03","6881.03","6.71320000","2026-09-25","PER_SEMESTER","","","DRAFT"
"USM_MASTER_156","USM","MEDIA_COMMUNICATION","MASTER","ON_CAMPUS","usm-master-156","艺术硕士（传播）--传播学院 MASTER OF ARTS (COMMUNICATION) - SCHOOL OF COMMUNICATION","","","","","2-6S","1025.0","1025.0","USD","1025 / SEM","6881.03","6881.03","6.71320000","2026-09-25","PER_SEMESTER","","","DRAFT"
"USM_MASTER_157","USM","ENGINEERING","MASTER","ON_CAMPUS","usm-master-157","ENGINEERING工程学","","","","","","","","","","","","","","UNKNOWN","","","DRAFT"
"USM_MASTER_158","USM","ENGINEERING","MASTER","ON_CAMPUS","usm-master-158","材料工程理学硕士--材料与矿物资源工程学院 MASTER OF SCIENCE IN MATERIALS ENGINEERING - SCHOOL OF MATERIALS AND MINERAL RESOURCE ENGINEERING","","","","","2-6S","4000.0","4000.0","USD","4000","26852.80","26852.80","6.71320000","2026-09-25","UNKNOWN","","","DRAFT"
"USM_MASTER_159","USM","ENGINEERING","MASTER","ON_CAMPUS","usm-master-159","微电子工程硕士--微电子设计合作卓越中心MSC MICROELECTRONIC ENGINEERING - COLLABORATIVE MICROELECTRONIC DESIGN EXCELLENCE CENTRE","","","","","2-4S","6500.0","6500.0","USD","6500","43635.80","43635.80","6.71320000","2026-09-25","UNKNOWN","","","DRAFT"
"USM_MASTER_160","USM","ENGINEERING","MASTER","ON_CAMPUS","usm-master-160","电子系统设计工程硕士学位 - 电气与电子工程学院 MSC ELECTRONIC SYSTEMS DESIGN ENGINEERING - SCHOOL OF ELECTRICAL AND ELECTRONIC ENGINEERING","","","","","2-4S","6500.0","6500.0","USD","6500","43635.80","43635.80","6.71320000","2026-09-25","UNKNOWN","","","DRAFT"
"USM_MASTER_161","USM","ENGINEERING","MASTER","ON_CAMPUS","usm-master-161","硕士（消防安全工程）--土木工程学院MSC (FIRE SAFETY ENGINEERING) - SCHOOL OF CIVIL ENGINEERING","","","","","2-4S","6400.0","6400.0","USD","6400","42964.48","42964.48","6.71320000","2026-09-25","UNKNOWN","","","DRAFT"
"USM_MASTER_162","USM","ENGINEERING","MASTER","ON_CAMPUS","usm-master-162","理学硕士（土木工程）--土木工程学院 MSC (CIVIL ENGINEERING) - SCHOOL OF CIVIL ENGINEERING","","","","","2-6S","1238.0","1238.0","USD","1238 / S","8310.94","8310.94","6.71320000","2026-09-25","UNKNOWN","","","DRAFT"
"USM_MASTER_163","USM","ENGINEERING","MASTER","ON_CAMPUS","usm-master-163","理学硕士（化学工程）--化学工程学院 MSC (CHEMICAL ENGINEERING) - SCHOOL OF CHEMICAL ENGINEERING","","","","","2-6S","1238.0","1238.0","USD","1238 / S","8310.94","8310.94","6.71320000","2026-09-25","UNKNOWN","","","DRAFT"
"USM_MASTER_164","USM","ENGINEERING","MASTER","ON_CAMPUS","usm-master-164","硕士（微电子系统工程）--合作式微电子设计卓越中心 MSC (MICROELECTRONIC SYSTEMS ENGINEERING) - COLLABORATIVE MICROELECTRONIC DESIGN EXCELLENCE CENTRE","","","","","2-6S","1238.0","1238.0","USD","1238 / S","8310.94","8310.94","6.71320000","2026-09-25","UNKNOWN","","","DRAFT"
"USM_MASTER_165","USM","ENGINEERING","MASTER","ON_CAMPUS","usm-master-165","理科硕士（矿物资源工程）--材料与矿物资源工程学院 MSC (MINERAL RESOURCES ENGINEERING) - SCHOOL OF MATERIALS AND MINERAL RESOURCES ENGINEERING","","","","","2-6S","1238.0","1238.0","USD","1238 / S","8310.94","8310.94","6.71320000","2026-09-25","UNKNOWN","","","DRAFT"
"USM_MASTER_166","USM","ENGINEERING","MASTER","ON_CAMPUS","usm-master-166","理科硕士（聚合物工程）--材料与矿物资源工程学院 MSC (POLYMER ENGINEERING) - SCHOOL OF MATERIALS AND MINERAL RESOURCES ENGINEERING","","","","","2-6S","1238.0","1238.0","USD","1238 / S","8310.94","8310.94","6.71320000","2026-09-25","UNKNOWN","","","DRAFT"
"USM_MASTER_167","USM","ENGINEERING","MASTER","ON_CAMPUS","usm-master-167","理科硕士（材料工程）--材料与矿产资源工程学院 MSC (MATERIALS ENGINEERING) - SCHOOL OF MATERIALS AND MINERAL RESOURCES ENGINEERING","","","","","2-6S","1238.0","1238.0","USD","1238 / S","8310.94","8310.94","6.71320000","2026-09-25","UNKNOWN","","","DRAFT"
"USM_MASTER_168","USM","ENGINEERING","MASTER","ON_CAMPUS","usm-master-168","理科硕士（机械工程）--机械工程学院 MSC (MECHANICAL ENGINEERING) - SCHOOL OF MECHANICAL ENGINEERING","","","","","2-6S","1238.0","1238.0","USD","1238 / S","8310.94","8310.94","6.71320000","2026-09-25","UNKNOWN","","","DRAFT"
"USM_MASTER_169","USM","ENGINEERING","MASTER","ON_CAMPUS","usm-master-169","硕士（航空航天工程）--航空航天工程学院 MSC (AEROSPACE ENGINEERING) - SCHOOL OF AEROSPACE ENGINEERING","","","","","2-6S","1238.0","1238.0","USD","1238 / S","8310.94","8310.94","6.71320000","2026-09-25","UNKNOWN","","","DRAFT"
"USM_MASTER_170","USM","ENGINEERING","MASTER","ON_CAMPUS","usm-master-170","理科硕士（河流与城市排水工程）--河流工程与城市排水研究中心 MSC (RIVER & URBAN DRAINAGE ENGINEERING) - RIVER ENGINEERING AND URBAN DRAINAGE RESEARCH CENTRE","","","","","2-6S","1238.0","1238.0","USD","1238 / S","8310.94","8310.94","6.71320000","2026-09-25","UNKNOWN","","","DRAFT"
"USM_MASTER_171","USM","ENGINEERING","MASTER","ON_CAMPUS","usm-master-171","理科硕士（电气与电子工程）--电气与电子工程学院 MSC (ELECTRICAL AND ELECTRONIC ENGINEERING) - SCHOOL OF ELECTRICAL AND ELECTRONIC ENGINEERING","","","","","2-6S","1238.0","1238.0","USD","1238 / S","8310.94","8310.94","6.71320000","2026-09-25","UNKNOWN","","","DRAFT"
"USM_MASTER_172","USM","MEDICINE","MASTER","ON_CAMPUS","usm-master-172","MEDICAL, DENTAL & HEALTH医疗、牙科和保健","","","","","","","","","","","","","","UNKNOWN","","","DRAFT"
"USM_MASTER_173","USM","MEDICINE","MASTER","ON_CAMPUS","usm-master-173","医学硕士（家庭医学）--医学院 MASTER OF MEDICINE (FAMILY MEDICINE) - SCHOOL OF MEDICAL SCIENCES","","","","","8 - 14S","45000.0","45000.0","USD","45000","302094.00","302094.00","6.71320000","2026-09-25","UNKNOWN","","","DRAFT"
"USM_MASTER_174","USM","MEDICINE","MASTER","ON_CAMPUS","usm-master-174","医学硕士（外科）--医学院 MASTER OF MEDICINE (SURGERY) - SCHOOL OF MEDICAL SCIENCES","","","","","8 - 14S","45000.0","45000.0","USD","45000","302094.00","302094.00","6.71320000","2026-09-25","UNKNOWN","","","DRAFT"
"USM_MASTER_175","USM","MEDICINE","MASTER","ON_CAMPUS","usm-master-175","核医学医学硕士 - 高级医学与牙科学院 MASTER OF MEDICINE IN NUCLEAR MEDICINE - ADVANCED MEDICAL & DENTAL INSTITUTE","","","","","8 - 14S","45000.0","45000.0","USD","45000","302094.00","302094.00","6.71320000","2026-09-25","UNKNOWN","","","DRAFT"
"USM_MASTER_176","USM","MEDICINE","MASTER","ON_CAMPUS","usm-master-176","输血医学医学硕士--高级医学与牙科学院 MASTER OF MEDICINE IN TRANSFUSION MEDICINE - ADVANCED MEDICAL & DENTAL INSTITUTE","","","","","8 - 14S","45000.0","45000.0","USD","45000","302094.00","302094.00","6.71320000","2026-09-25","UNKNOWN","","","DRAFT"
"USM_MASTER_177","USM","MEDICINE","MASTER","ON_CAMPUS","usm-master-177","临床运动科学理学硕士--高级医学与牙科学院 MASTER OF SCIENCE IN CLINICAL EXERCISE SCIENCE - ADVANCED MEDICAL & DENTAL INSTITUTE","","","","","2 S","7000.0","7000.0","USD","7000","46992.40","46992.40","6.71320000","2026-09-25","UNKNOWN","","","DRAFT"
"USM_MASTER_178","USM","MEDICINE","MASTER","ON_CAMPUS","usm-master-178","医学硕士（耳鼻咽喉头颈外科）--医学科学院 MASTER OF MEDICINE (OTORHINOLARYNGOLOGY, HEAD AND NECK SURGERY) - SCHOOL OF MEDICAL SCIENCES","","","","","8 - 14S","45000.0","45000.0","USD","45000","302094.00","302094.00","6.71320000","2026-09-25","UNKNOWN","","","DRAFT"
"USM_MASTER_179","USM","MEDICINE","MASTER","ON_CAMPUS","usm-master-179","病理学硕士（解剖病理学）--医学科学院 MASTER OF PATHOLOGY (ANATOMIC PATHOLOGY) - SCHOOL OF MEDICAL SCIENCES","","","","","8 - 14S","45000.0","45000.0","USD","45000","302094.00","302094.00","6.71320000","2026-09-25","UNKNOWN","","","DRAFT"
"USM_MASTER_180","USM","MEDICINE","MASTER","ON_CAMPUS","usm-master-180","病理学硕士（血液学）--医学院 MASTER OF PATHOLOGY (HAEMATOLOGY) - SCHOOL OF MEDICAL SCIENCES","","","","","8 - 14S","45000.0","45000.0","USD","45000","302094.00","302094.00","6.71320000","2026-09-25","UNKNOWN","","","DRAFT"
"USM_MASTER_181","USM","MEDICINE","MASTER","ON_CAMPUS","usm-master-181","病理学硕士（临床免疫学）--医学科学院 MASTER OF PATHOLOGY (CLINICAL IMMUNOLOGY) - SCHOOL OF MEDICAL SCIENCES","","","","","8 - 14S","45000.0","45000.0","USD","45000","302094.00","302094.00","6.71320000","2026-09-25","UNKNOWN","","","DRAFT"
"USM_MASTER_182","USM","MEDICINE","MASTER","ON_CAMPUS","usm-master-182","病理学硕士（医学微生物学）--医学科学院 MASTER OF PATHOLOGY (MEDICAL MICROBIOLOGY) - SCHOOL OF MEDICAL SCIENCES","","","","","8 - 14S","45000.0","45000.0","USD","45000","302094.00","302094.00","6.71320000","2026-09-25","UNKNOWN","","","DRAFT"
"USM_MASTER_183","USM","MEDICINE","MASTER","ON_CAMPUS","usm-master-183","医学硕士（整形外科）--医学院 MASTER OF MEDICINE (ORTHOPEADICS) - SCHOOL OF MEDICAL SCIENCES","","","","","8 - 14S","45000.0","45000.0","USD","45000","302094.00","302094.00","6.71320000","2026-09-25","UNKNOWN","","","DRAFT"
"USM_MASTER_184","USM","MEDICINE","MASTER","ON_CAMPUS","usm-master-184","医学硕士（眼科学）--医学院 MASTER OF MEDICINE (OPHTHALMOLOGY) - SCHOOL OF MEDICAL SCIENCES","","","","","8 - 14S","45000.0","45000.0","USD","45000","302094.00","302094.00","6.71320000","2026-09-25","UNKNOWN","","","DRAFT"
"USM_MASTER_185","USM","MEDICINE","MASTER","ON_CAMPUS","usm-master-185","医学硕士（放射学）--医学院 MASTER OF MEDICINE (RADIOLOGY) - SCHOOL OF MEDICAL SCIENCES","","","","","8 - 14S","45000.0","45000.0","USD","45000","302094.00","302094.00","6.71320000","2026-09-25","UNKNOWN","","","DRAFT"
"USM_MASTER_186","USM","MEDICINE","MASTER","ON_CAMPUS","usm-master-186","医学硕士（精神病学）--医学院 MASTER OF MEDICINE (PSYCHIATRICS) - SCHOOL OF MEDICAL SCIENCES","","","","","8 - 14S","45000.0","45000.0","USD","45000","302094.00","302094.00","6.71320000","2026-09-25","UNKNOWN","","","DRAFT"
"USM_MASTER_187","USM","MEDICINE","MASTER","ON_CAMPUS","usm-master-187","医学硕士（内科）--医学院 MASTER OF MEDICINE (INTERNAL MEDICINE) - SCHOOL OF MEDICAL SCIENCES","","","","","8 - 14S","45000.0","45000.0","USD","45000","302094.00","302094.00","6.71320000","2026-09-25","UNKNOWN","","","DRAFT"
"USM_MASTER_188","USM","MEDICINE","MASTER","ON_CAMPUS","usm-master-188","医学硕士（儿科）--医学院 MASTER OF MEDICINE (PAEDIATRICS) - SCHOOL OF MEDICAL SCIENCES","","","","","8 - 14S","45000.0","45000.0","USD","45000","302094.00","302094.00","6.71320000","2026-09-25","UNKNOWN","","","DRAFT"
"USM_MASTER_189","USM","MEDICINE","MASTER","ON_CAMPUS","usm-master-189","公共卫生硕士--医学院 MASTER OF PUBLIC HEALTH - SCHOOL OF MEDICAL SCIENCES","","","","","2 S","4000.0","4000.0","USD","4000","26852.80","26852.80","6.71320000","2026-09-25","UNKNOWN","","","DRAFT"
"USM_MASTER_190","USM","MEDICINE","MASTER","ON_CAMPUS","usm-master-190","医学硕士（妇产科）--医学院 MASTER OF MEDICINE (OBSTETRICS AND GYNAECOLOGY) - SCHOOL OF MEDICAL SCIENCES","","","","","4-7 YEAR","20400.0","20400.0","USD","20400","136949.28","136949.28","6.71320000","2026-09-25","UNKNOWN","","","DRAFT"
"USM_MASTER_191","USM","MEDICINE","MASTER","ON_CAMPUS","usm-master-191","医学硕士（麻醉学和重症监护）--医学院 MASTER OF MEDICINE (ANAESTHESIOLOGY AND CRITICAL CARE) - SCHOOL OF MEDICAL SCIENCES","","","","","2-6 SEM","20400.0","20400.0","USD","20400","136949.28","136949.28","6.71320000","2026-09-25","UNKNOWN","","","DRAFT"
"USM_MASTER_192","USM","DENTISTRY","MASTER","ON_CAMPUS","usm-master-192","牙科公共卫生硕士--牙科学院 MASTER OF DENTAL PUBLIC HEALTH - SCHOOL OF DENTAL SCIENCES","","","","","2-6 SEM","3300.0","3300.0","USD","3300","22153.56","22153.56","6.71320000","2026-09-25","UNKNOWN","","","DRAFT"
"USM_MASTER_193","USM","MEDICINE","MASTER","ON_CAMPUS","usm-master-193","病理学硕士（化学病理学）--医学科学院 MASTER OF PATHOLOGY (CHEMICAL PATHOLOGY) - SCHOOL OF MEDICAL SCIENCES","","","","","4-7 YEAR","45000.0","45000.0","USD","45000","302094.00","302094.00","6.71320000","2026-09-25","UNKNOWN","","","DRAFT"
"USM_MASTER_194","USM","MEDICINE","MASTER","ON_CAMPUS","usm-master-194","病理学硕士（医学遗传学）--医学科学院 MASTER OF PATHOLOGY (MEDICAL GENETICS) - SCHOOL OF MEDICAL SCIENCES","","","","","4-7 YEAR","45000.0","45000.0","USD","45000","302094.00","302094.00","6.71320000","2026-09-25","UNKNOWN","","","DRAFT"
"USM_MASTER_195","USM","MEDICINE","MASTER","ON_CAMPUS","usm-master-195","医学硕士（急诊医学）--医学院 MASTER OF MEDICINE (EMERGENCY MEDICINE) - SCHOOL OF MEDICAL SCIENCES","","","","","4-7 YEAR","45000.0","45000.0","USD","45000","302094.00","302094.00","6.71320000","2026-09-25","UNKNOWN","","","DRAFT"
"USM_MASTER_196","USM","MEDICINE","MASTER","ON_CAMPUS","usm-master-196","外科硕士（神经外科）--医学院 MASTER OF SURGERY (NEUROSURGERY) - SCHOOL OF MEDICAL SCIENCES","","","","","4-7 YEAR","45000.0","45000.0","USD","45000","302094.00","302094.00","6.71320000","2026-09-25","UNKNOWN","","","DRAFT"
"USM_MASTER_197","USM","MEDICINE","MASTER","ON_CAMPUS","usm-master-197","外科硕士（整形外科）--医学院 MASTER OF SURGERY (PLASTIC SURGERY) - SCHOOL OF MEDICAL SCIENCES","","","","","4-7 YEAR","45000.0","45000.0","USD","45000","302094.00","302094.00","6.71320000","2026-09-25","UNKNOWN","","","DRAFT"
"USM_MASTER_198","USM","MEDICINE","MASTER","ON_CAMPUS","usm-master-198","心理学硕士（临床）--Sains@KL MASTER OF PSYCHOLOGY (CLINICAL) - SAINS@KL","","","","","4-8SEM","38500.0","38500.0","USD","38500","258458.20","258458.20","6.71320000","2026-09-25","UNKNOWN","","","DRAFT"
"USM_MASTER_199","USM","NATURAL_SCIENCES","MASTER","ON_CAMPUS","usm-master-199","认知神经科学硕士 - USM@KL MASTER OF COGNITIVE NEUROSCIENCES - USM@KL","","","","","4-8SEM","12650.0","12650.0","USD","12650","84921.98","84921.98","6.71320000","2026-09-25","UNKNOWN","","","DRAFT"
"USM_MASTER_200","USM","MEDICINE","MASTER","ON_CAMPUS","usm-master-200","分子医学理学硕士 - 分子医学研究所MASTER OF SCIENCE IN MOLECULAR MEDICINE - INSTITUTE FOR RESEARCH IN MOLECULAR MEDICINE","","","","","3-6SEM","7755.0","7755.0","USD","7,755","52060.87","52060.87","6.71320000","2026-09-25","UNKNOWN","","","DRAFT"
"USM_MASTER_201","USM","MEDICINE","MASTER","ON_CAMPUS","usm-master-201","理学硕士（法医学）--健康科学学院 MSC (FORENSIC SCIENCE) - SCHOOL OF HEALTH SCIENCES","","","","","2 SEM","4000.0","4000.0","USD","4000","26852.80","26852.80","6.71320000","2026-09-25","UNKNOWN","","","DRAFT"
"USM_MASTER_202","USM","MEDICINE","MASTER","ON_CAMPUS","usm-master-202","理科硕士（生物医学）--健康科学学院 MSC (BIOMEDICINE) - SCHOOL OF HEALTH SCIENCES","","","","","2 SEM","4000.0","4000.0","USD","4000","26852.80","26852.80","6.71320000","2026-09-25","UNKNOWN","","","DRAFT"
"USM_MASTER_204","USM","BUSINESS_MANAGEMENT","DOCTOR","ON_CAMPUS","usm-master-204","卫生系统管理博士--医学院 DRPH IN HEALTH SYSTEM MANAGEMENT - SCHOOL OF MEDICAL SCIENCES","","","","","6-10 SEM","17662.0","17662.0","USD","17662.5","118568.54","118568.54","6.71320000","2026-09-25","UNKNOWN","","","DRAFT"
"USM_MASTER_205","USM","MEDICINE","MASTER","ON_CAMPUS","usm-master-205","神经科学硕士--医学院 *MASTER OF NEUROSCIENCE - SCHOOL OF MEDICAL SCIENCES","","","","","2-6SEM","5456.0","5456.0","USD","5456","36627.22","36627.22","6.71320000","2026-09-25","UNKNOWN","","","DRAFT"
"USM_MASTER_206","USM","DENTISTRY","DOCTOR","ON_CAMPUS","usm-master-206","牙科学博士--牙科学院 DRDPH - SCHOOL OF DENTAL SCIENCES","","","","","6-10 SEM","16877.0","16877.0","USD","16877.5","113298.68","113298.68","6.71320000","2026-09-25","UNKNOWN","","","DRAFT"
"USM_MASTER_207","USM","MEDICINE","MASTER","ON_CAMPUS","usm-master-207","医学教育硕士 - 医学科学院 MSC (MEDICAL EDUCATION) - SCHOOL OF MEDICAL SCIENCES","","","","","4-6 SEM","4000.0","4000.0","USD","4000","26852.80","26852.80","6.71320000","2026-09-25","UNKNOWN","","","DRAFT"
"USM_MASTER_208","USM","MEDICINE","MASTER","ON_CAMPUS","usm-master-208","医学科学硕士（医学统计）--医学科学院 MSC (MEDICAL STATISTIC) - SCHOOL OF MEDICAL SCIENCES","","","","","4-6 SEM","4000.0","4000.0","USD","4000","26852.80","26852.80","6.71320000","2026-09-25","UNKNOWN","","","DRAFT"
"USM_MASTER_209","USM","MEDICINE","MASTER","ON_CAMPUS","usm-master-209","理科硕士（临床解剖学）--医学科学院 MSC (CLINICAL ANATOMY) - SCHOOL OF MEDICAL SCIENCES","","","","","4-6 SEM","6150.0","6150.0","USD","6150","41286.18","41286.18","6.71320000","2026-09-25","UNKNOWN","","","DRAFT"
"USM_MASTER_210","USM","MEDICINE","DOCTOR","ON_CAMPUS","usm-master-210","博士（家庭保健）--医学科学院 DRPH (FAMILY HEALTH) - SCHOOL OF MEDICAL SCIENCES","","","","","6-10 SEM","17662.0","17662.0","USD","17662.5","118568.54","118568.54","6.71320000","2026-09-25","UNKNOWN","","","DRAFT"
"USM_MASTER_211","USM","MEDICINE","DOCTOR","ON_CAMPUS","usm-master-211","博士（环境健康与职业）--医学科学院 DRPH (ENVIRONMENTAL HEALTH AND OCCUPATIONAL) - SCHOOL OF MEDICAL SCIENCES","","","","","6-10 SEM","17662.0","17662.0","USD","17662.5","118568.54","118568.54","6.71320000","2026-09-25","UNKNOWN","","","DRAFT"
"USM_MASTER_212","USM","MEDICINE","DOCTOR","ON_CAMPUS","usm-master-212","医学博士（流行病学）--医学院 DRPH (EPIDEMIOLOGY) - SCHOOL OF MEDICAL SCIENCES","","","","","6-10 SEM","17662.0","17662.0","USD","17662.5","118568.54","118568.54","6.71320000","2026-09-25","UNKNOWN","","","DRAFT"
"USM_MASTER_213","USM","MEDICINE","MASTER","ON_CAMPUS","usm-master-213","理科硕士（核医学）--高级医学和牙科学院MSC (NUCLEAR MEDICINE) - ADVANCED MEDICAL AND DENTAL INSTITUTE","","","","","2-6 SEM","1575.0","1575.0","USD","1575 / SEM","10573.29","10573.29","6.71320000","2026-09-25","PER_SEMESTER","","","DRAFT"
"USM_MASTER_214","USM","DENTISTRY","MASTER","ON_CAMPUS","usm-master-214","理科硕士（牙科）--牙科学院 MSC (DENTISTRY) - SCHOOL OF DENTAL SCIENCES","","","","","","1575.0","1575.0","USD","1575 / SEM","10573.29","10573.29","6.71320000","2026-09-25","PER_SEMESTER","","","DRAFT"
"USM_MASTER_215","USM","MEDICINE","MASTER","ON_CAMPUS","usm-master-215","医学科学硕士（医学微生物学）--医学院 MSC (MEDICAL MICROBIOLOGY) - SCHOOL OF MEDICAL SCIENCES","","","","","","1575.0","1575.0","USD","1575 / SEM","10573.29","10573.29","6.71320000","2026-09-25","PER_SEMESTER","","","DRAFT"
"USM_MASTER_216","USM","MEDICINE","MASTER","ON_CAMPUS","usm-master-216","医学科学硕士（医学免疫学）--医学院 MSC (MEDICAL IMMUNOLOGY) - SCHOOL OF MEDICAL SCIENCES","","","","","","1575.0","1575.0","USD","1575 / SEM","10573.29","10573.29","6.71320000","2026-09-25","PER_SEMESTER","","","DRAFT"
"USM_MASTER_217","USM","MEDICINE","MASTER","ON_CAMPUS","usm-master-217","医学科学硕士（人类遗传学）--医学科学院 MSC (HUMAN GENETICS) - SCHOOL OF MEDICAL SCIENCES","","","","","","1575.0","1575.0","USD","1575 / SEM","10573.29","10573.29","6.71320000","2026-09-25","PER_SEMESTER","","","DRAFT"
"USM_MASTER_218","USM","MEDICINE","MASTER","ON_CAMPUS","usm-master-218","医学科学理科硕士（医学生理学）--医学科学院 MSC (MEDICAL PHYSIOLOGY) - SCHOOL OF MEDICAL SCIENCES","","","","","","1575.0","1575.0","USD","1575 / SEM","10573.29","10573.29","6.71320000","2026-09-25","PER_SEMESTER","","","DRAFT"
"USM_MASTER_219","USM","MEDICINE","MASTER","ON_CAMPUS","usm-master-219","医学科学理科硕士（药理学）--医学科学院 MSC (PHARMACOLOGY) - SCHOOL OF MEDICAL SCIENCES","","","","","","1575.0","1575.0","USD","1575 / SEM","10573.29","10573.29","6.71320000","2026-09-25","PER_SEMESTER","","","DRAFT"
"USM_MASTER_220","USM","MEDICINE","MASTER","ON_CAMPUS","usm-master-220","医学科学理科硕士（医学心理学）--医学科学院 MSC (MEDICAL PSYCHOLOGY) - SCHOOL OF MEDICAL SCIENCES","","","","","","1575.0","1575.0","USD","1575 / SEM","10573.29","10573.29","6.71320000","2026-09-25","PER_SEMESTER","","","DRAFT"
"USM_MASTER_221","USM","MEDICINE","MASTER","ON_CAMPUS","usm-master-221","医学科学理科硕士（医学影像）--医学科学院 MSC (MEDICAL IMAGING) - SCHOOL OF MEDICAL SCIENCES","","","","","","1575.0","1575.0","USD","1575 / SEM","10573.29","10573.29","6.71320000","2026-09-25","PER_SEMESTER","","","DRAFT"
"USM_MASTER_222","USM","MEDICINE","MASTER","ON_CAMPUS","usm-master-222","理科硕士（临床科学）--医学科学院 MSC (CLINICAL SCIENCES) - SCHOOL OF MEDICAL SCIENCES","","","","","","1575.0","1575.0","USD","1575 / SEM","10573.29","10573.29","6.71320000","2026-09-25","PER_SEMESTER","","","DRAFT"
"USM_MASTER_223","USM","MEDICINE","MASTER","ON_CAMPUS","usm-master-223","理科硕士（法医学）--健康科学学院MSC (FORENSIC SCIENCE) - SCHOOL OF HEALTH SCIENCES","","","","","","1400.0","1400.0","USD","1400 / SEM","9398.48","9398.48","6.71320000","2026-09-25","PER_SEMESTER","","","DRAFT"
"USM_MASTER_224","USM","MEDICINE","MASTER","ON_CAMPUS","usm-master-224","理科硕士（病理学）--高级医学和牙科学院 MSC (PATHOLOGY) - ADVANCED MEDICAL AND DENTAL INSTITUTE","","","","","","","","","","","","","","UNKNOWN","","","DRAFT"
"USM_MASTER_225","USM","MEDICINE","MASTER","ON_CAMPUS","usm-master-225","医学科学硕士（医学微生物学）- 高级医学和牙科学院 MSC (MEDICAL MICROBIOLOGY) - ADVANCED MEDICAL AND DENTAL INSTITUTE","","","","","","","","","","","","","","UNKNOWN","","","DRAFT"
"USM_MASTER_226","USM","MEDICINE","MASTER","ON_CAMPUS","usm-master-226","理科硕士（医学免疫学）--高级医学和牙科学院 MSC (MEDICAL IMMUNOLOGY) - ADVANCED MEDICAL AND DENTAL INSTITUTE","","","","","","","","","","","","","","UNKNOWN","","","DRAFT"
"USM_MASTER_227","USM","MEDICINE","MASTER","ON_CAMPUS","usm-master-227","理科硕士（体育科学）--高级医学和牙科学院 MSC (SPORTS SCIENCE) - ADVANCED MEDICAL AND DENTAL INSTITUTE","","","","","","","","","","","","","","UNKNOWN","","","DRAFT"
"USM_MASTER_228","USM","MEDICINE","MASTER","ON_CAMPUS","usm-master-228","理科硕士（人类遗传学）--高级医学和牙科学院 MSC (HUMAN GENETICS) - ADVANCED MEDICAL AND DENTAL INSTITUTE","","","","","","","","","","","","","","UNKNOWN","","","DRAFT"
"USM_MASTER_229","USM","MEDICINE","MASTER","ON_CAMPUS","usm-master-229","理科硕士（药理学）- 高级医学和牙科学院 MSC (PHARMACOLOGY) - ADVANCED MEDICAL AND DENTAL INSTITUTE","","","","","","","","","","","","","","UNKNOWN","","","DRAFT"
"USM_MASTER_230","USM","MEDICINE","MASTER","ON_CAMPUS","usm-master-230","理科硕士（分子生物学）- 高级医学和牙科学院 MSC (MOLECULAR BIOLOGY) - ADVANCED MEDICAL AND DENTAL INSTITUTE","","","","","","","","","","","","","","UNKNOWN","","","DRAFT"
"USM_MASTER_231","USM","MEDICINE","MASTER","ON_CAMPUS","usm-master-231","医学硕士（牙科） - 高级医学和牙科学院 MSC (DENTISTRY) - ADVANCED MEDICAL AND DENTAL INSTITUTE","","","","","","","","","","","","","","UNKNOWN","","","DRAFT"
"USM_MASTER_232","USM","MEDICINE","MASTER","ON_CAMPUS","usm-master-232","理科硕士（营养学）--高级医学和牙科学院MSC (NUTRITION) - ADVANCED MEDICAL AND DENTAL INSTITUTE","","","","","","","","","","","","","","UNKNOWN","","","DRAFT"
"USM_MASTER_233","USM","MEDICINE","MASTER","ON_CAMPUS","usm-master-233","理科硕士（化学）--高级医学和牙科学院 MSC (CHEMISTRY) - ADVANCED MEDICAL AND DENTAL INSTITUTE","","","","","","","","","","","","","","UNKNOWN","","","DRAFT"
"USM_MASTER_234","USM","MEDICINE","MASTER","ON_CAMPUS","usm-master-234","高级医学和牙科学院理科硕士（生物医学 MSC (BIOMEDICINE) - ADVANCED MEDICAL AND DENTAL INSTITUTE","","","","","","","","","","","","","","UNKNOWN","","","DRAFT"
"USM_MASTER_235","USM","MEDICINE","MASTER","ON_CAMPUS","usm-master-235","高级医学和牙科学院理科硕士（药剂学 MSC (PHARMACY) - ADVANCED MEDICAL AND DENTAL INSTITUTE","","","","","","","","","","","","","","UNKNOWN","","","DRAFT"
"USM_MASTER_236","USM","MEDICINE","MASTER","ON_CAMPUS","usm-master-236","高级医学和牙科学院理科硕士（药物化学 MSC (PHARMACEUTICAL CHEMISTRY) - ADVANCED MEDICAL AND DENTAL INSTITUTE","","","","","","","","","","","","","","UNKNOWN","","","DRAFT"
"USM_MASTER_237","USM","MEDICINE","MASTER","ON_CAMPUS","usm-master-237","高级医学和牙科学院理科硕士（制药技术 MSC (PHARMACEUTICAL TECHNOLOGY) - ADVANCED MEDICAL AND DENTAL INSTITUTE","","","","","","","","","","","","","","UNKNOWN","","","DRAFT"
"USM_MASTER_238","USM","MEDICINE","MASTER","ON_CAMPUS","usm-master-238","理科硕士（分子医学）--分子医学研究所 MSC (MOLECULAR MEDICINE) - INSTITUTE FOR RESEARCH IN MOLECULAR MEDICINE","","","","","","","","","","","","","","UNKNOWN","","","DRAFT"
"USM_MASTER_239","USM","MEDICINE","MASTER","ON_CAMPUS","usm-master-239","理科硕士（神经科学）--高级医学和牙科学院 MSC (NEUROSCIENCES) - ADVANCED MEDICAL AND DENTAL INSTITUTE","","","","","","","","","","","","","","UNKNOWN","","","DRAFT"
"USM_MASTER_240","USM","MEDICINE","MASTER","ON_CAMPUS","usm-master-240","理科硕士（社区医学）--高级医学和牙科研究所 MSC (COMMUNITY MEDICINE) - ADVANCED MEDICAL AND DENTAL INSTITUTE","","","","","","","","","","","","","","UNKNOWN","","","DRAFT"
"USM_MASTER_241","USM","MEDICINE","MASTER","ON_CAMPUS","usm-master-241","理科硕士（医学物理）--高级医学和牙科学院 MSC (MEDICAL PHYSICS) - ADVANCED MEDICAL AND DENTAL INSTITUTE","","","","","","","","","","","","","","UNKNOWN","","","DRAFT"
"USM_MASTER_242","USM","MEDICINE","MASTER","ON_CAMPUS","usm-master-242","理科硕士（临床科学）--高级医学和牙科学院 MSC (CLINICAL SCIENCES) - ADVANCED MEDICAL AND DENTAL INSTITUTE","","","","","","","","","","","","","","UNKNOWN","","","DRAFT"
"USM_MASTER_243","USM","MEDICINE","MASTER","ON_CAMPUS","usm-master-243","理科硕士（心理学）--高级医学和牙科学院 MSC (PSYCHOLOGY) - ADVANCED MEDICAL AND DENTAL INSTITUTE","","","","","","","","","","","","","","UNKNOWN","","","DRAFT"
"UPM_MASTER_001","UPM","BUSINESS_MANAGEMENT","MASTER","ON_CAMPUS","upm-master-001","经济学硕士MASTER OF ECONOMICS","","","","","2","31700.0","31700.0","MYR","31700","52235.26","52235.26","1.64780000","2026-09-25","UNKNOWN","","","DRAFT"
"UPM_MASTER_002","UPM","BUSINESS_MANAGEMENT","MASTER","ON_CAMPUS","upm-master-002","创业硕士MASTER OF ENTREPRENEURSHIP","","","","","2","33725.0","33725.0","MYR","33725","55572.06","55572.06","1.64780000","2026-09-25","UNKNOWN","","","DRAFT"
"UPM_MASTER_003","UPM","ACCOUNTING_FINANCE","MASTER","ON_CAMPUS","upm-master-003","金融硕士MASTER OF FINANCE","","","","","2","31700.0","31700.0","MYR","31700","52235.26","52235.26","1.64780000","2026-09-25","UNKNOWN","","","DRAFT"
"UPM_MASTER_004","UPM","BUSINESS_MANAGEMENT","MASTER","ON_CAMPUS","upm-master-004","工商管理硕士MASTER OF BUSINESS ADMINISTRATION","","","","","2","36200.0","36200.0","MYR","36200","59650.36","59650.36","1.64780000","2026-09-25","UNKNOWN","","","DRAFT"
"UPM_MASTER_005","UPM","BUSINESS_MANAGEMENT","MASTER","ON_CAMPUS","upm-master-005","生物技术与生物创业理学硕士MASTER OF SCIENCE IN BIOTECHNOLOGY WITH BIOENTREPRENEURSHIP","","","","","2","31700.0","31700.0","MYR","31700","52235.26","52235.26","1.64780000","2026-09-25","UNKNOWN","","","DRAFT"
"UPM_MASTER_006","UPM","BUSINESS_MANAGEMENT","MASTER","ON_CAMPUS","upm-master-006","土地追索权管理硕士MASTER OF LAND RECOURSE MANAGEMENT","","","","","4","37150.0","37150.0","MYR","37150","61215.77","61215.77","1.64780000","2026-09-25","UNKNOWN","","","DRAFT"
"UPM_MASTER_007","UPM","BUSINESS_MANAGEMENT","MASTER","ON_CAMPUS","upm-master-007","种植园管理硕士MASTER OF PLANTATION MANAGEMENT","","","","","4","37150.0","37150.0","MYR","37150","61215.77","61215.77","1.64780000","2026-09-25","UNKNOWN","","","DRAFT"
"UPM_MASTER_008","UPM","AGRICULTURE_ENVIRONMENT","MASTER","ON_CAMPUS","upm-master-008","热带土壤科学硕士MASTER IN TROPICAL SOIL SCIENCE","","","","","4","38550.0","38550.0","MYR","38550","63522.69","63522.69","1.64780000","2026-09-25","UNKNOWN","","","DRAFT"
"UPM_MASTER_009","UPM","COMPUTING_IT","MASTER","ON_CAMPUS","upm-master-009","计算机科学硕士MASTER OF COMPUTER SCIENCE","","","","","4","25150.0","25150.0","MYR","25150","41442.17","41442.17","1.64780000","2026-09-25","UNKNOWN","","","DRAFT"
"UPM_MASTER_010","UPM","COMPUTING_IT","MASTER","ON_CAMPUS","upm-master-010","计算机网络硕士MASTER OF COMPUTER NETWORK","","","","","4","27150.0","27150.0","MYR","27150","44737.77","44737.77","1.64780000","2026-09-25","UNKNOWN","","","DRAFT"
"UPM_MASTER_011","UPM","COMPUTING_IT","MASTER","ON_CAMPUS","upm-master-011","信息安全硕士MASTER OF INFORMATION SECURITY","","","","","4","25150.0","25150.0","MYR","25150","41442.17","41442.17","1.64780000","2026-09-25","UNKNOWN","","","DRAFT"
"UPM_MASTER_012","UPM","COMPUTING_IT","MASTER","ON_CAMPUS","upm-master-012","软件工程硕士MASTER OF SOFTWARE ENGINEERING","","","","","4","25150.0","25150.0","MYR","25150","41442.17","41442.17","1.64780000","2026-09-25","UNKNOWN","","","DRAFT"
"UPM_MASTER_013","UPM","ARCHITECTURE_BUILT_ENVIRONMENT","MASTER","ON_CAMPUS","upm-master-013","建筑学硕士MASTER OF ARCHITECTURE","","","","","4","31950.0","31950.0","MYR","31950","52647.21","52647.21","1.64780000","2026-09-25","UNKNOWN","","","DRAFT"
"UPM_MASTER_014","UPM","ARCHITECTURE_BUILT_ENVIRONMENT","MASTER","ON_CAMPUS","upm-master-014","工业设计创新硕士MASTER IN INDUSTRIAL DESIGN INNOVATION","","","","","4","35150.0","35150.0","MYR","35150","57920.17","57920.17","1.64780000","2026-09-25","UNKNOWN","","","DRAFT"
"UPM_MASTER_015","UPM","BUSINESS_MANAGEMENT","MASTER","ON_CAMPUS","upm-master-015","可持续景观管理硕士MASTER IN SUSTAINABLE LANDSCAPE MANAGEMENT","","","","","4","35150.0","35150.0","MYR","35150","57920.17","57920.17","1.64780000","2026-09-25","UNKNOWN","","","DRAFT"
"UPM_MASTER_016","UPM","ARCHITECTURE_BUILT_ENVIRONMENT","MASTER","ON_CAMPUS","upm-master-016","热带城市设计硕士MASTER OF TROPICAL URBAN DESIGN","","","","","4","23850.0","23850.0","MYR","23850","39300.03","39300.03","1.64780000","2026-09-25","UNKNOWN","","","DRAFT"
"UPM_MASTER_017","UPM","ARCHITECTURE_BUILT_ENVIRONMENT","MASTER","ON_CAMPUS","upm-master-017","景观设计硕士MASTER OF LANDSCAPE ARCHITECTURE","","","","","4","30850.0","30850.0","MYR","30850","50834.63","50834.63","1.64780000","2026-09-25","UNKNOWN","","","DRAFT"
"UPM_MASTER_018","UPM","EDUCATION","MASTER","ON_CAMPUS","upm-master-018","课程与教学教育硕士MASTER OF EDUCATION IN CURRICULUM AND INSTRUCTION","","","","","4","29150.0","29150.0","MYR","29150","48033.37","48033.37","1.64780000","2026-09-25","UNKNOWN","","","DRAFT"
"UPM_MASTER_019","UPM","BUSINESS_MANAGEMENT","MASTER","ON_CAMPUS","upm-master-019","教育管理学教育硕士MASTER OF EDUCATION IN EDUCATIONAL ADMINISTRATION","","","","","4","29150.0","29150.0","MYR","29150","48033.37","48033.37","1.64780000","2026-09-25","UNKNOWN","","","DRAFT"
"UPM_MASTER_020","UPM","ALLIED_HEALTH","MASTER","ON_CAMPUS","upm-master-020","教育心理学教育硕士MASTER OF EDUCATION IN EDUCATIONAL PSYCHOLOGY","","","","","4","29150.0","29150.0","MYR","29150","48033.37","48033.37","1.64780000","2026-09-25","UNKNOWN","","","DRAFT"
"UPM_MASTER_021","UPM","EDUCATION","MASTER","ON_CAMPUS","upm-master-021","指导与咨询教育硕士MASTER OF EDUCATION IN GUIDANCE AND COUNSELLING","","","","","4","34650.0","34650.0","MYR","34650","57096.27","57096.27","1.64780000","2026-09-25","UNKNOWN","","","DRAFT"
"UPM_MASTER_022","UPM","BUSINESS_MANAGEMENT","MASTER","ON_CAMPUS","upm-master-022","人力资源开发硕士MASTER OF HUMAN RESOURCE DEVELOPMENT","","","","","4","29150.0","29150.0","MYR","29150","48033.37","48033.37","1.64780000","2026-09-25","UNKNOWN","","","DRAFT"
"UPM_MASTER_023","UPM","EDUCATION","MASTER","ON_CAMPUS","upm-master-023","教学技术与创新教育硕士MASTER OF EDUCATION IN INSTRUCTIONAL TECHNOLOGY AND INNOVATION","","","","","4","29150.0","29150.0","MYR","29150","48033.37","48033.37","1.64780000","2026-09-25","UNKNOWN","","","DRAFT"
"UPM_MASTER_024","UPM","EDUCATION","MASTER","ON_CAMPUS","upm-master-024","马来语教育硕士MASTER OF EDUCATION IN MALAY LANGUAGE","","","","","4","29150.0","29150.0","MYR","29150","48033.37","48033.37","1.64780000","2026-09-25","UNKNOWN","","","DRAFT"
"UPM_MASTER_025","UPM","EDUCATION","MASTER","ON_CAMPUS","upm-master-025","体育教育硕士MASTER OF EDUCATION IN PHYSICAL EDUCATION","","","","","4","29150.0","29150.0","MYR","29150","48033.37","48033.37","1.64780000","2026-09-25","UNKNOWN","","","DRAFT"
"UPM_MASTER_026","UPM","EDUCATION","MASTER","ON_CAMPUS","upm-master-026","体育科学教育硕士MASTER OF EDUCATION IN SPORT SCIENCE","","","","","4","29150.0","29150.0","MYR","29150","48033.37","48033.37","1.64780000","2026-09-25","UNKNOWN","","","DRAFT"
"UPM_MASTER_027","UPM","EDUCATION","MASTER","ON_CAMPUS","upm-master-027","英语作为第二语言教学教育硕士MASTER OF EDUCATION IN TEACHING OF ENGLISH AS A SECOND LANGUAGE","","","","","4","29150.0","29150.0","MYR","29150","48033.37","48033.37","1.64780000","2026-09-25","UNKNOWN","","","DRAFT"
"UPM_MASTER_028","UPM","EDUCATION","MASTER","ON_CAMPUS","upm-master-028","技术与职业教育教育硕士MASTER OF EDUCATION IN TECHNICAL AND VOCATIONAL EDUCATION","","","","","4","29150.0","29150.0","MYR","29150","48033.37","48033.37","1.64780000","2026-09-25","UNKNOWN","","","DRAFT"
"UPM_MASTER_029","UPM","EDUCATION","MASTER","ON_CAMPUS","upm-master-029","课程与教学教育硕士MASTER OF EDUCATION IN CURRICULUM AND INSTRUCTION","","","","","","","","","","","","","","UNKNOWN","","","DRAFT"
"UPM_MASTER_030","UPM","BUSINESS_MANAGEMENT","MASTER","ON_CAMPUS","upm-master-030","教育管理学教育硕士MASTER OF EDUCATION IN EDUCATIONAL ADMINISTRATION","","","","","","","","","","","","","","UNKNOWN","","","DRAFT"
"UPM_MASTER_031","UPM","ALLIED_HEALTH","MASTER","ON_CAMPUS","upm-master-031","教育心理学教育硕士MASTER OF EDUCATION IN EDUCATIONAL PSYCHOLOGY","","","","","","","","","","","","","","UNKNOWN","","","DRAFT"
"UPM_MASTER_032","UPM","EDUCATION","MASTER","ON_CAMPUS","upm-master-032","指导与咨询教育硕士MASTER OF EDUCATION IN GUIDANCE AND COUNSELLING","","","","","","","","","","","","","","UNKNOWN","","","DRAFT"
"UPM_MASTER_033","UPM","BUSINESS_MANAGEMENT","MASTER","ON_CAMPUS","upm-master-033","人力资源开发硕士MASTER OF HUMAN RESOURCE DEVELOPMENT","","","","","","","","","","","","","","UNKNOWN","","","DRAFT"
"UPM_MASTER_034","UPM","EDUCATION","MASTER","ON_CAMPUS","upm-master-034","教学技术与创新教育硕士MASTER OF EDUCATION IN INSTRUCTIONAL TECHNOLOGY AND INNOVATION","","","","","","","","","","","","","","UNKNOWN","","","DRAFT"
"UPM_MASTER_035","UPM","EDUCATION","MASTER","ON_CAMPUS","upm-master-035","马来语教育硕士MASTER OF EDUCATION IN MALAY LANGUAGE","","","","","","","","","","","","","","UNKNOWN","","","DRAFT"
"UPM_MASTER_036","UPM","EDUCATION","MASTER","ON_CAMPUS","upm-master-036","体育教育硕士MASTER OF EDUCATION IN PHYSICAL EDUCATION","","","","","","","","","","","","","","UNKNOWN","","","DRAFT"
"UPM_MASTER_037","UPM","EDUCATION","MASTER","ON_CAMPUS","upm-master-037","体育科学教育硕士MASTER OF EDUCATION IN SPORT SCIENCE","","","","","","","","","","","","","","UNKNOWN","","","DRAFT"
"UPM_MASTER_038","UPM","ENGINEERING","MASTER","ON_CAMPUS","upm-master-038","航空航天系统设计工程硕士MASTER OF AEROSPACE SYSTEM DESIGN ENGINEERING","","","","","4","27150.0","27150.0","MYR","27150","44737.77","44737.77","1.64780000","2026-09-25","UNKNOWN","","","DRAFT"
"UPM_MASTER_039","UPM","ENGINEERING","MASTER","ON_CAMPUS","upm-master-039","通信工程硕士MASTER OF COMMUNICATION ENGINEERING","","","","","4","25150.0","25150.0","MYR","25150","41442.17","41442.17","1.64780000","2026-09-25","UNKNOWN","","","DRAFT"
"UPM_MASTER_040","UPM","ENGINEERING","MASTER","ON_CAMPUS","upm-master-040","电力工程硕士MASTER OF ELECTRICAL POWER ENGINEERING","","","","","4","27150.0","27150.0","MYR","27150","44737.77","44737.77","1.64780000","2026-09-25","UNKNOWN","","","DRAFT"
"UPM_MASTER_041","UPM","ENGINEERING","MASTER","ON_CAMPUS","upm-master-041","应急与规划硕士MASTER OF EMERGENCY RESPONSE AND PLANNING","","","","","4","25150.0","25150.0","MYR","25150","41442.17","41442.17","1.64780000","2026-09-25","UNKNOWN","","","DRAFT"
"UPM_MASTER_042","UPM","BUSINESS_MANAGEMENT","MASTER","ON_CAMPUS","upm-master-042","工程管理硕士MASTER OF ENGINEERING MANAGEMENT","","","","","4","25150.0","25150.0","MYR","25150","41442.17","41442.17","1.64780000","2026-09-25","UNKNOWN","","","DRAFT"
"UPM_MASTER_043","UPM","ENGINEERING","MASTER","ON_CAMPUS","upm-master-043","环境工程硕士MASTER OF ENVIRONMENTAL ENGINEERING","","","","","4","25550.0","25550.0","MYR","25550","42101.29","42101.29","1.64780000","2026-09-25","UNKNOWN","","","DRAFT"
"UPM_MASTER_044","UPM","ENGINEERING","MASTER","ON_CAMPUS","upm-master-044","食品加工与包装工程硕士MASTER IN FOOD PROCESS AND PACKAGING ENGINEERING","","","","","4","27150.0","27150.0","MYR","27150","44737.77","44737.77","1.64780000","2026-09-25","UNKNOWN","","","DRAFT"
"UPM_MASTER_045","UPM","ENGINEERING","MASTER","ON_CAMPUS","upm-master-045","公路与运输工程硕士MASTER OF HIGHWAY AND TRANSPORTATION ENGINEERING","","","","","4","25150.0","25150.0","MYR","25150","41442.17","41442.17","1.64780000","2026-09-25","UNKNOWN","","","DRAFT"
"UPM_MASTER_046","UPM","ENGINEERING","MASTER","ON_CAMPUS","upm-master-046","创新与工程设计硕士MASTER OF INNOVATION AND ENGINEERING DESIGN","","","","","4","25150.0","25150.0","MYR","25150","41442.17","41442.17","1.64780000","2026-09-25","UNKNOWN","","","DRAFT"
"UPM_MASTER_047","UPM","ENGINEERING","MASTER","ON_CAMPUS","upm-master-047","制造系统工程硕士MASTER OF MANUFACTURING SYSTEMS ENGINEERING","","","","","4","25150.0","25150.0","MYR","25150","41442.17","41442.17","1.64780000","2026-09-25","UNKNOWN","","","DRAFT"
"UPM_MASTER_048","UPM","ENGINEERING","MASTER","ON_CAMPUS","upm-master-048","微电子系统工程硕士MASTER OF MICROELECTRONIC SYSTEM ENGINEERING","","","","","4","27150.0","27150.0","MYR","27150","44737.77","44737.77","1.64780000","2026-09-25","UNKNOWN","","","DRAFT"
"UPM_MASTER_049","UPM","ENGINEERING","MASTER","ON_CAMPUS","upm-master-049","工艺安全与损失预防硕士MASTER IN PROCESS SAFETY AND LOSS PREVENTION","","","","","4","","","","28.05","","","","","UNKNOWN","","","DRAFT"
"UPM_MASTER_050","UPM","ENGINEERING","MASTER","ON_CAMPUS","upm-master-050","遥感与地理信息系统硕士MASTER OF REMOTE SENSING AND GIS","","","","","4","25150.0","25150.0","MYR","25150","41442.17","41442.17","1.64780000","2026-09-25","UNKNOWN","","","DRAFT"
"UPM_MASTER_051","UPM","ENGINEERING","MASTER","ON_CAMPUS","upm-master-051","结构工程与收缩硕士MASTER STRUCTURAL ENGINEERING AND CONTRACTIONS","","","","","4","25150.0","25150.0","MYR","25150","41442.17","41442.17","1.64780000","2026-09-25","UNKNOWN","","","DRAFT"
"UPM_MASTER_052","UPM","ENGINEERING","MASTER","ON_CAMPUS","upm-master-052","水利工程硕士MASTER OF WATER ENGINEERING","","","","","4","25150.0","25150.0","MYR","25150","41442.17","41442.17","1.64780000","2026-09-25","UNKNOWN","","","DRAFT"
"UPM_MASTER_053","UPM","BUSINESS_MANAGEMENT","MASTER","ON_CAMPUS","upm-master-053","环境技术管理硕士MASTER OF ENVIRONMENT TECHNOLOGY MANAGEMENT","","","","","4","25150.0","25150.0","MYR","25150","41442.17","41442.17","1.64780000","2026-09-25","UNKNOWN","","","DRAFT"
"UPM_MASTER_054","UPM","NATURAL_SCIENCES","MASTER","ON_CAMPUS","upm-master-054","食品安全与质量保证硕士MASTER OF FOOD SAFETY AND QUALITY ASSURANCE","","","","","4","30150.0","30150.0","MYR","30150","49681.17","49681.17","1.64780000","2026-09-25","UNKNOWN","","","DRAFT"
"UPM_MASTER_055","UPM","NATURAL_SCIENCES","MASTER","ON_CAMPUS","upm-master-055","食品技术硕士MASTER OF FOOD TECHNOLOGY","","","","","4","","","","","","","","","UNKNOWN","","","DRAFT"
"UPM_MASTER_056","UPM","DESIGN_CREATIVE_ARTS","MASTER","ON_CAMPUS","upm-master-056","功能性食品设计硕士MASTER IN FUNCTIONAL FOOD DESIGN","","","","","4","","","","","","","","","UNKNOWN","","","DRAFT"
"UPM_MASTER_057","UPM","AGRICULTURE_ENVIRONMENT","MASTER","ON_CAMPUS","upm-master-057","环境硕士MASTER OF ENVIRONMENT","","","","","4","25600.0","25600.0","MYR","25600","42183.68","42183.68","1.64780000","2026-09-25","UNKNOWN","","","DRAFT"
"UPM_MASTER_058","UPM","MEDICINE","MASTER","ON_CAMPUS","upm-master-058","环境与职业健康硕士MASTER OF ENVIRONMENTAL AND OCCUPATIONAL HEALTH","","","","","4","32800.0","32800.0","MYR","32800","54047.84","54047.84","1.64780000","2026-09-25","UNKNOWN","","","DRAFT"
"UPM_MASTER_059","UPM","MEDICINE","MASTER","ON_CAMPUS","upm-master-059","营养科学硕士MASTER IN NUTRITIONAL SCIENCES","","","","","4","31150.0","31150.0","MYR","31150","51328.97","51328.97","1.64780000","2026-09-25","UNKNOWN","","","DRAFT"
"UPM_MASTER_060","UPM","MEDICINE","MASTER","ON_CAMPUS","upm-master-060","公共卫生硕士MASTER OF PUBLIC HEALTH","","","","","4","29550.0","29550.0","MYR","29550","48692.49","48692.49","1.64780000","2026-09-25","UNKNOWN","","","DRAFT"
"UPM_MASTER_061","UPM","MEDIA_COMMUNICATION","MASTER","ON_CAMPUS","upm-master-061","应用语言学硕士MASTER OF APPLIED LINGUISTICS","","","","","4","31150.0","31150.0","MYR","31150","51328.97","51328.97","1.64780000","2026-09-25","UNKNOWN","","","DRAFT"
"UPM_MASTER_062","UPM","MEDIA_COMMUNICATION","MASTER","ON_CAMPUS","upm-master-062","企业传播硕士MASTER OF CORPORATE COMMUNICATION","","","","","4","","","","","","","","","UNKNOWN","","","DRAFT"
"UPM_MASTER_063","UPM","MEDIA_COMMUNICATION","MASTER","ON_CAMPUS","upm-master-063","马来语硕士MASTER OF MALAY LANGUAGE","","","","","4","","","","","","","","","UNKNOWN","","","DRAFT"
"UPM_MASTER_064","UPM","MEDIA_COMMUNICATION","MASTER","ON_CAMPUS","upm-master-064","世界文学硕士MASTER OF WORLD LITERATURE","","","","","4","","","","","","","","","UNKNOWN","","","DRAFT"
"UPM_MASTER_065","UPM","NATURAL_SCIENCES","MASTER","ON_CAMPUS","upm-master-065","应用统计硕士MASTER OF APPLIED STATISTICS","","","","","4","25150.0","25150.0","MYR","25150","41442.17","41442.17","1.64780000","2026-09-25","UNKNOWN","","","DRAFT"
"UPM_MASTER_066","UPM","NATURAL_SCIENCES","MASTER","ON_CAMPUS","upm-master-066","分析化学硕士MASTER IN ANALYTICAL CHEMISTRY","","","","","4","29310.0","29310.0","MYR","29310","48297.02","48297.02","1.64780000","2026-09-25","UNKNOWN","","","DRAFT"
"UPM_MASTER_067","UPM","NATURAL_SCIENCES","MASTER","ON_CAMPUS","upm-master-067","材料物理学硕士MASTER IN MATERIALS PHYSICS","","","","","4","29150.0","29150.0","MYR","29150","48033.37","48033.37","1.64780000","2026-09-25","UNKNOWN","","","DRAFT"
"UPM_MASTER_068","UPM","NATURAL_SCIENCES","MASTER","ON_CAMPUS","upm-master-068","数学科学硕士MASTER IN MATHEMATICAL SCIENCES","","","","","4","29150.0","29150.0","MYR","29150","48033.37","48033.37","1.64780000","2026-09-25","UNKNOWN","","","DRAFT"
"UPM_MASTER_069","UPM","NATURAL_SCIENCES","MASTER","ON_CAMPUS","upm-master-069","热带生物学硕士MASTER OF TROPICAL BIOLOGY","","","","","4","25150.0","25150.0","MYR","25150","41442.17","41442.17","1.64780000","2026-09-25","UNKNOWN","","","DRAFT"
"UPM_MASTER_070","UPM","INTERDISCIPLINARY","MASTER","ON_CAMPUS","upm-master-070","社区发展硕士MASTER IN COMMUNITY DEVELOPMENT","","","","","","","","","","","","","","UNKNOWN","","","DRAFT"
"UPM_MASTER_071","UPM","INTERDISCIPLINARY","MASTER","ON_CAMPUS","upm-master-071","个人理财规划硕士MASTER IN PERSONAL FINANCIAL PLANNING","","","","","","","","","","","","","","UNKNOWN","","","DRAFT"
"UPM_MASTER_072","UPM","SOCIAL_SCIENCES","MASTER","ON_CAMPUS","upm-master-072","政治与政府硕士MASTER IN POLITICS AND GOVERNMENT","","","","","","","","","","","","","","UNKNOWN","","","DRAFT"
"UPM_MASTER_073","UPM","MEDICINE","MASTER","ON_CAMPUS","upm-master-073","兽医学硕士MASTER OF VETERINARY MEDICINE","","","","","","","","","","","","","","UNKNOWN","","","DRAFT"
"UTM_MASTER_001","UTM","ENGINEERING","MASTER","ON_CAMPUS","utm-master-001","工程硕士（土木工程）Master of Engineering (Civil)","","","","","3","31000.0","31000.0","MYR","31000","51081.80","51081.80","1.64780000","2026-09-25","UNKNOWN","","","DRAFT"
"UTM_MASTER_002","UTM","BUSINESS_MANAGEMENT","MASTER","ON_CAMPUS","utm-master-002","工程硕士（建筑管理）Master Of Engineering (Construction Management)","","","","","","","","","","","","","","UNKNOWN","","","DRAFT"
"UTM_MASTER_003","UTM","BUSINESS_MANAGEMENT","MASTER","ON_CAMPUS","utm-master-003","工程硕士（环境管理）Master Of Engineering (Environmental Management)","","","","","","","","","","","","","","UNKNOWN","","","DRAFT"
"UTM_MASTER_004","UTM","ENGINEERING","MASTER","ON_CAMPUS","utm-master-004","岩土工程硕士Master In Geotechnical Engineering","","","","","","","","","","","","","","UNKNOWN","","","DRAFT"
"UTM_MASTER_005","UTM","ENGINEERING","MASTER","ON_CAMPUS","utm-master-005","工程硕士（水力学与水文学）Master Of Engineering (Hydraulics And Hydrology)","","","","","","","","","","","","","","UNKNOWN","","","DRAFT"
"UTM_MASTER_006","UTM","ENGINEERING","MASTER","ON_CAMPUS","utm-master-006","工程硕士（结构）Master Of Engineering (Structure)","","","","","","","","","","","","","","UNKNOWN","","","DRAFT"
"UTM_MASTER_007","UTM","ENGINEERING","MASTER","ON_CAMPUS","utm-master-007","工程硕士（交通运输）Master Of Engineering (Transportation)","","","","","","","","","","","","","","UNKNOWN","","","DRAFT"
"UTM_MASTER_008","UTM","ENGINEERING","MASTER","ON_CAMPUS","utm-master-008","法证工程硕士Master Of Forensic Engineering","","","","","","","","","","","","","","UNKNOWN","","","DRAFT"
"UTM_MASTER_009","UTM","BUSINESS_MANAGEMENT","MASTER","ON_CAMPUS","utm-master-009","项目管理硕士Master Of Project Management","","","","","","","","","","","","","","UNKNOWN","","","DRAFT"
"UTM_MASTER_011","UTM","ENGINEERING","MASTER","ON_CAMPUS","utm-master-011","哲学硕士Master of Philosophy","","","","","","28400.0","28400.0","MYR","28400","46797.52","46797.52","1.64780000","2026-09-25","UNKNOWN","","","DRAFT"
"UTM_MASTER_012","UTM","ENGINEERING","MASTER","ON_CAMPUS","utm-master-012","岩土工程硕士Master in Geotechnical Engineering","","","","","","","","","","","","","","UNKNOWN","","","DRAFT"
"UTM_MASTER_013","UTM","BUSINESS_MANAGEMENT","MASTER","ON_CAMPUS","utm-master-013","天然气工程与管理硕士Master of Gas Engineering and Management","","","","","3","31000.0","31000.0","MYR","31000","51081.80","51081.80","1.64780000","2026-09-25","UNKNOWN","","","DRAFT"
"UTM_MASTER_014","UTM","ENGINEERING","MASTER","ON_CAMPUS","utm-master-014","石油工程学硕士Master of Petroleum Engineering","","","","","","","","","","","","","","UNKNOWN","","","DRAFT"
"UTM_MASTER_015","UTM","BUSINESS_MANAGEMENT","MASTER","ON_CAMPUS","utm-master-015","理学硕士（能源管理）Master of Science (Energy Management)","","","","","","","","","","","","","","UNKNOWN","","","DRAFT"
"UTM_MASTER_016","UTM","ENGINEERING","MASTER","ON_CAMPUS","utm-master-016","理学硕士（草药技术）Master of Science (Herbal Technology)","","","","","","","","","","","","","","UNKNOWN","","","DRAFT"
"UTM_MASTER_017","UTM","BUSINESS_MANAGEMENT","MASTER","ON_CAMPUS","utm-master-017","理学硕士（加工厂管理）Master of Science (Process Plant Management)","","","","","","","","","","","","","","UNKNOWN","","","DRAFT"
"UTM_MASTER_018","UTM","ENGINEERING","MASTER","ON_CAMPUS","utm-master-018","理学硕士（安全、健康与环境）Master of Science (Safety, Health and Environment)","","","","","","","","","","","","","","UNKNOWN","","","DRAFT"
"UTM_MASTER_019","UTM","ENGINEERING","MASTER","ON_CAMPUS","utm-master-019","工程专业硕士：化学 生物工艺工程学Master Of Engineering Specialization: Bioprocess ENGINEERING","","","","","","","","","","","","","","UNKNOWN","","","DRAFT"
"UTM_MASTER_020","UTM","ENGINEERING","MASTER","ON_CAMPUS","utm-master-020","工程专业硕士：化学 化学Master Of Engineering Specialization: Chemistry","","","","","","","","","","","","","","UNKNOWN","","","DRAFT"
"UTM_MASTER_021","UTM","ENGINEERING","MASTER","ON_CAMPUS","utm-master-021","环境工程硕士Master Of Environmental Engineering","","","","","","","","","","","","","","UNKNOWN","","","DRAFT"
"UTM_MASTER_022","UTM","ENGINEERING","MASTER","ON_CAMPUS","utm-master-022","理学硕士专业：聚合物技术 聚合物技术Master Of Science Specialization: Polymer Technology","","","","","","","","","","","","","","UNKNOWN","","","DRAFT"
"UTM_MASTER_023","UTM","ENGINEERING","MASTER","ON_CAMPUS","utm-master-023","气体工程哲学硕士Master of Philosophy Gas Engineering","","","","","","28400.0","28400.0","MYR","28400","46797.52","46797.52","1.64780000","2026-09-25","UNKNOWN","","","DRAFT"
"UTM_MASTER_024","UTM","ENGINEERING","MASTER","ON_CAMPUS","utm-master-024","聚合物工程学硕士Master of Polymer Engineering","","","","","","","","","","","","","","UNKNOWN","","","DRAFT"
"UTM_MASTER_025","UTM","ENGINEERING","MASTER","ON_CAMPUS","utm-master-025","环境工程哲学硕士Master of Philosophy Environmental Engineering","","","","","","","","","","","","","","UNKNOWN","","","DRAFT"
"UTM_MASTER_026","UTM","ENGINEERING","MASTER","ON_CAMPUS","utm-master-026","石油工程学硕士Master of Petroleum Engineering","","","","","","","","","","","","","","UNKNOWN","","","DRAFT"
"UTM_MASTER_027","UTM","ENGINEERING","MASTER","ON_CAMPUS","utm-master-027","化学工程硕士Master of Chemical Enginering","","","","","","","","","","","","","","UNKNOWN","","","DRAFT"
"UTM_MASTER_028","UTM","ENGINEERING","MASTER","ON_CAMPUS","utm-master-028","生物工艺工程哲学硕士Master of Philosophy Bioprocess Engineering","","","","","","","","","","","","","","UNKNOWN","","","DRAFT"
"UTM_MASTER_029","UTM","COMPUTING_IT","MASTER","ON_CAMPUS","utm-master-029","数据科学硕士Master in Data Science","","","","","3","26500.0","26500.0","MYR","26500","43666.70","43666.70","1.64780000","2026-09-25","UNKNOWN","","","DRAFT"
"UTM_MASTER_030","UTM","COMPUTING_IT","MASTER","ON_CAMPUS","utm-master-030","创新计算硕士Master In Innovative Computing","","","","","","","","","","","","","","UNKNOWN","","","DRAFT"
"UTM_MASTER_031","UTM","COMPUTING_IT","MASTER","ON_CAMPUS","utm-master-031","网络安全硕士Master Of Cyber Security","","","","","","","","","","","","","","UNKNOWN","","","DRAFT"
"UTM_MASTER_032","UTM","COMPUTING_IT","MASTER","ON_CAMPUS","utm-master-032","计算机科学硕士Master Of Computer Science","","","","","","","","","","","","","","UNKNOWN","","","DRAFT"
"UTM_MASTER_033","UTM","COMPUTING_IT","MASTER","ON_CAMPUS","utm-master-033","软件工程哲学硕士Master of Philosophy Software Engineering","","","","","","25400.0","25400.0","MYR","25400","41854.12","41854.12","1.64780000","2026-09-25","UNKNOWN","","","DRAFT"
"UTM_MASTER_034","UTM","COMPUTING_IT","MASTER","ON_CAMPUS","utm-master-034","计算机科学哲学硕士Master of Philosophy Computer Science","","","","","","","","","","","","","","UNKNOWN","","","DRAFT"
"UTM_MASTER_035","UTM","ENGINEERING","MASTER","ON_CAMPUS","utm-master-035","理学硕士（生物医学工程）Master Of Science (Biomedical Engineering)","","","","","3","31000.0","31000.0","MYR","31000","51081.80","51081.80","1.64780000","2026-09-25","UNKNOWN","","","DRAFT"
"UTM_MASTER_036","UTM","ENGINEERING","MASTER","ON_CAMPUS","utm-master-036","工程硕士（无线通信与网络）Master Of Engineering (Wireless Communication And Network)","","","","","","","","","","","","","","UNKNOWN","","","DRAFT"
"UTM_MASTER_037","UTM","COMPUTING_IT","MASTER","ON_CAMPUS","utm-master-037","工程硕士（计算机与微电子系统）Master Of Engineering (Computer And Microelectronic Systems)","","","","","","","","","","","","","","UNKNOWN","","","DRAFT"
"UTM_MASTER_038","UTM","ENGINEERING","MASTER","ON_CAMPUS","utm-master-038","工程硕士（电力）Master Of Engineering (Electrical Power)","","","","","","","","","","","","","","UNKNOWN","","","DRAFT"
"UTM_MASTER_039","UTM","ENGINEERING","MASTER","ON_CAMPUS","utm-master-039","工程硕士（机电一体化与自动控制）Master Of Engineering (Mechatronics And Automatic Control)","","","","","","","","","","","","","","UNKNOWN","","","DRAFT"
"UTM_MASTER_040","UTM","ENGINEERING","MASTER","ON_CAMPUS","utm-master-040","哲学硕士，研究领域：康复技术 生物医学工程Master Of Philosophy Field Of Research: Biomedical Engineering","","","","","","28400.0","28400.0","MYR","28400","46797.52","46797.52","1.64780000","2026-09-25","UNKNOWN","","","DRAFT"
"UTM_MASTER_041","UTM","ENGINEERING","MASTER","ON_CAMPUS","utm-master-041","哲学硕士，研究领域：康复技术 康复技术Master Of Philosophy Filed Of Research: Rehabilitation Technology","","","","","","","","","","","","","","UNKNOWN","","","DRAFT"
"UTM_MASTER_042","UTM","ENGINEERING","MASTER","ON_CAMPUS","utm-master-042","哲学硕士，研究领域：康复技术 电气工程Master Of Philosophy Field Of Research: Electrical Engineering","","","","","","","","","","","","","","UNKNOWN","","","DRAFT"
"UTM_MASTER_043","UTM","ENGINEERING","MASTER","ON_CAMPUS","utm-master-043","理学硕士（工业工程）Master Of Science (Industrial Engineering)","","","","","3","31000.0","31000.0","MYR","31000","51081.80","51081.80","1.64780000","2026-09-25","UNKNOWN","","","DRAFT"
"UTM_MASTER_044","UTM","ENGINEERING","MASTER","ON_CAMPUS","utm-master-044","理学硕士（机械工程）Master Of Science (Mechanical Engineering)","","","","","","","","","","","","","","UNKNOWN","","","DRAFT"
"UTM_MASTER_045","UTM","ENGINEERING","MASTER","ON_CAMPUS","utm-master-045","机械工程哲学硕士Master Of Philosophy Mechanical Engineering","","","","","","28400.0","28400.0","MYR","28400","46797.52","46797.52","1.64780000","2026-09-25","UNKNOWN","","","DRAFT"
"UTM_MASTER_046","UTM","EDUCATION","MASTER","ON_CAMPUS","utm-master-046","教育硕士（化学教育）Master of Education (Chemistry Education)","","","","","3","26500.0","26500.0","MYR","26500","43666.70","43666.70","1.64780000","2026-09-25","UNKNOWN","","","DRAFT"
"UTM_MASTER_047","UTM","EDUCATION","MASTER","ON_CAMPUS","utm-master-047","教育硕士（课程与教学）Master of Education (Curriculum and Instruction)","","","","","","","","","","","","","","UNKNOWN","","","DRAFT"
"UTM_MASTER_048","UTM","EDUCATION","MASTER","ON_CAMPUS","utm-master-048","教育硕士（教育与发展）Master of Education (Education and Development)","","","","","","","","","","","","","","UNKNOWN","","","DRAFT"
"UTM_MASTER_049","UTM","ALLIED_HEALTH","MASTER","ON_CAMPUS","utm-master-049","教育硕士（教育心理学）Master of Education (Education Psychology)","","","","","","","","","","","","","","UNKNOWN","","","DRAFT"
"UTM_MASTER_050","UTM","EDUCATION","MASTER","ON_CAMPUS","utm-master-050","教育硕士（教育技术）Master of Education (Education Technology)","","","","","","","","","","","","","","UNKNOWN","","","DRAFT"
"UTM_MASTER_051","UTM","EDUCATION","MASTER","ON_CAMPUS","utm-master-051","教育硕士（指导与咨询）Master of Education (Guidance and Counselling)","","","","","","","","","","","","","","UNKNOWN","","","DRAFT"
"UTM_MASTER_052","UTM","BUSINESS_MANAGEMENT","MASTER","ON_CAMPUS","utm-master-052","教育硕士（管理与行政）Master of Education (Management and Administration)","","","","","","","","","","","","","","UNKNOWN","","","DRAFT"
"UTM_MASTER_053","UTM","EDUCATION","MASTER","ON_CAMPUS","utm-master-053","教育硕士（数学教育）Master of Education (Mathematics Education)","","","","","","","","","","","","","","UNKNOWN","","","DRAFT"
"UTM_MASTER_054","UTM","EDUCATION","MASTER","ON_CAMPUS","utm-master-054","教育硕士（测量与评估）Master of Education (Measurement and Evaluation)","","","","","","","","","","","","","","UNKNOWN","","","DRAFT"
"UTM_MASTER_055","UTM","EDUCATION","MASTER","ON_CAMPUS","utm-master-055","教育硕士（物理教育）Master of Education (Physics Education)","","","","","","","","","","","","","","UNKNOWN","","","DRAFT"
"UTM_MASTER_056","UTM","EDUCATION","MASTER","ON_CAMPUS","utm-master-056","教育硕士（英语作为第二语言教学（TESL）Master of Education Teaching English as a Second Language (TESL)","","","","","","","","","","","","","","UNKNOWN","","","DRAFT"
"UTM_MASTER_057","UTM","EDUCATION","MASTER","ON_CAMPUS","utm-master-057","教育硕士（技术与职业教育）Master of Education (Technical and Vocational Education)","","","","","","","","","","","","","","UNKNOWN","","","DRAFT"
"UTM_MASTER_058","UTM","EDUCATION","MASTER","ON_CAMPUS","utm-master-058","教育专业硕士Master of Education Specialization","","","","","","","","","","","","","","UNKNOWN","","","DRAFT"
"UTM_MASTER_059","UTM","EDUCATION","MASTER","ON_CAMPUS","utm-master-059","化学教育哲学硕士Master of Philosophy Chemistry Education","","","","","","","","","","","","","","UNKNOWN","","","DRAFT"
"UTM_MASTER_060","UTM","EDUCATION","MASTER","ON_CAMPUS","utm-master-060","课程与教学哲学硕士Master of Philosophy Curriculum and Instruction","","","","","","","","","","","","","","UNKNOWN","","","DRAFT"
"UTM_MASTER_061","UTM","EDUCATION","MASTER","ON_CAMPUS","utm-master-061","教育与发展哲学硕士Master of Philosophy Education and Development","","","","","","","","","","","","","","UNKNOWN","","","DRAFT"
"UTM_MASTER_062","UTM","ALLIED_HEALTH","MASTER","ON_CAMPUS","utm-master-062","教育心理学哲学硕士Master of Philosophy Education Psychology","","","","","","","","","","","","","","UNKNOWN","","","DRAFT"
"UTM_MASTER_063","UTM","EDUCATION","MASTER","ON_CAMPUS","utm-master-063","教育技术哲学硕士Master of Philosophy Education Technology","","","","","","","","","","","","","","UNKNOWN","","","DRAFT"
"UTM_MASTER_064","UTM","EDUCATION","MASTER","ON_CAMPUS","utm-master-064","教育指导与咨询哲学硕士Master of Philosophy Guidance and Counselling in Education","","","","","","","","","","","","","","UNKNOWN","","","DRAFT"
"UTM_MASTER_065","UTM","BUSINESS_MANAGEMENT","MASTER","ON_CAMPUS","utm-master-065","教育管理与行政哲学硕士Master of Philosophy Management and Administration in Education","","","","","","","","","","","","","","UNKNOWN","","","DRAFT"
"UTM_MASTER_066","UTM","EDUCATION","MASTER","ON_CAMPUS","utm-master-066","数学教育哲学硕士Master of Philosophy Mathematics Education","","","","","","","","","","","","","","UNKNOWN","","","DRAFT"
"UTM_MASTER_067","UTM","EDUCATION","MASTER","ON_CAMPUS","utm-master-067","教育测量与评估哲学硕士Master of Philosophy Measurement and Evaluation in Education","","","","","","","","","","","","","","UNKNOWN","","","DRAFT"
"UTM_MASTER_068","UTM","EDUCATION","MASTER","ON_CAMPUS","utm-master-068","多媒体教育哲学硕士Master of Philosophy Multimedia in Education","","","","","","","","","","","","","","UNKNOWN","","","DRAFT"
"UTM_MASTER_069","UTM","EDUCATION","MASTER","ON_CAMPUS","utm-master-069","物理教育哲学硕士Master of Philosophy Physics Education","","","","","","","","","","","","","","UNKNOWN","","","DRAFT"
"UTM_MASTER_070","UTM","EDUCATION","MASTER","ON_CAMPUS","utm-master-070","英语作为第二语言教学（TESL）哲学硕士Master of Philosophy Teaching English as a Second Language (TESL)","","","","","","","","","","","","","","UNKNOWN","","","DRAFT"
"UTM_MASTER_071","UTM","EDUCATION","MASTER","ON_CAMPUS","utm-master-071","技术与职业教育哲学硕士Master of Philosophy Technical and Vocational Education","","","","","","","","","","","","","","UNKNOWN","","","DRAFT"
"UTM_MASTER_072","UTM","EDUCATION","MASTER","ON_CAMPUS","utm-master-072","在线学习哲学硕士Master Of Philosophy Online Learning","","","","","","","","","","","","","","UNKNOWN","","","DRAFT"
"UTM_MASTER_073","UTM","EDUCATION","MASTER","ON_CAMPUS","utm-master-073","教育硕士（体育与运动科学）Master in Education (Physical Education and Sports Science)","","","","","","","","","","","","","","UNKNOWN","","","DRAFT"
"UTM_MASTER_074","UTM","EDUCATION","MASTER","ON_CAMPUS","utm-master-074","教育硕士（伊斯兰研究）Master in Education (Islamic Studies)","","","","","","","","","","","","","","UNKNOWN","","","DRAFT"
"UTM_MASTER_075","UTM","EDUCATION","MASTER","ON_CAMPUS","utm-master-075","教育硕士（科学教育）Master in Education (Science Education)","","","","","","","","","","","","","","UNKNOWN","","","DRAFT"
"UTM_MASTER_076","UTM","EDUCATION","MASTER","ON_CAMPUS","utm-master-076","教育硕士（幼儿教育）Master in Education (Early Childhood Education)","","","","","","","","","","","","","","UNKNOWN","","","DRAFT"
"UTM_MASTER_077","UTM","BUSINESS_MANAGEMENT","MASTER","ON_CAMPUS","utm-master-077","人力资源开发硕士Master of Human Resource Development","","","","","3","26500.0","26500.0","MYR","26500","43666.70","43666.70","1.64780000","2026-09-25","UNKNOWN","","","DRAFT"
"UTM_MASTER_078","UTM","BUSINESS_MANAGEMENT","MASTER","ON_CAMPUS","utm-master-078","人力资源开发哲学硕士Master of Philosophy Human Resource Development","","","","","","25400.0","25400.0","MYR","25400","41854.12","41854.12","1.64780000","2026-09-25","UNKNOWN","","","DRAFT"
"UTM_MASTER_079","UTM","BUSINESS_MANAGEMENT","MASTER","ON_CAMPUS","utm-master-079","哲学硕士（普通类）Master of Philosophy (GENERAL )","","","","","","","","","","","","","","UNKNOWN","","","DRAFT"
"UTM_MASTER_080","UTM","ISLAMIC_STUDIES","MASTER","ON_CAMPUS","utm-master-080","伊斯兰研究硕士Master in Islamic Studies","","","","","3","26500.0","26500.0","MYR","26500","43666.70","43666.70","1.64780000","2026-09-25","UNKNOWN","","","DRAFT"
"UTM_MASTER_081","UTM","ISLAMIC_STUDIES","MASTER","ON_CAMPUS","utm-master-081","清真科学哲学硕士Master of Philosophy Halal Science","","","","","","25400.0","25400.0","MYR","25400","41854.12","41854.12","1.64780000","2026-09-25","UNKNOWN","","","DRAFT"
"UTM_MASTER_082","UTM","ISLAMIC_STUDIES","MASTER","ON_CAMPUS","utm-master-082","哲学硕士（普通类）Master of Philosophy ( GENERAL)","","","","","","","","","","","","","","UNKNOWN","","","DRAFT"
"UTM_MASTER_083","UTM","ISLAMIC_STUDIES","MASTER","ON_CAMPUS","utm-master-083","伊斯兰研究硕士Master in Islamic Studies","","","","","","","","","","","","","","UNKNOWN","","","DRAFT"
"UTM_MASTER_084","UTM","MEDIA_COMMUNICATION","MASTER","ON_CAMPUS","utm-master-084","传播与数字文化语言学硕士Master Of Language In Communication And Digital Culture","","","","","3","26500.0","26500.0","MYR","26500","43666.70","43666.70","1.64780000","2026-09-25","UNKNOWN","","","DRAFT"
"UTM_MASTER_085","UTM","LANGUAGES_LINGUISTICS","MASTER","ON_CAMPUS","utm-master-085","哲学硕士（普通类）Master of Philosophy ( GENERAL)","","","","","","","","","","","","","","UNKNOWN","","","DRAFT"
"UTM_MASTER_086","UTM","ARCHITECTURE_BUILT_ENVIRONMENT","MASTER","ON_CAMPUS","utm-master-086","建筑学硕士Master Of Architecture","","","","","3","29500.0","29500.0","MYR","29500","48610.10","48610.10","1.64780000","2026-09-25","UNKNOWN","","","DRAFT"
"UTM_MASTER_087","UTM","BUSINESS_MANAGEMENT","MASTER","ON_CAMPUS","utm-master-087","资产与设施管理硕士Master Of Asset And Facilities Management","","","","","","","","","","","","","","UNKNOWN","","","DRAFT"
"UTM_MASTER_088","UTM","BUSINESS_MANAGEMENT","MASTER","ON_CAMPUS","utm-master-088","理学硕士（施工合同管理）Master Of Science (Construction Contract Management)","","","","","","","","","","","","","","UNKNOWN","","","DRAFT"
"UTM_MASTER_089","UTM","ARCHITECTURE_BUILT_ENVIRONMENT","MASTER","ON_CAMPUS","utm-master-089","理学硕士（地理信息学）Master Of Science (Geoinformatics)","","","","","","","","","","","","","","UNKNOWN","","","DRAFT"
"UTM_MASTER_090","UTM","ENGINEERING","MASTER","ON_CAMPUS","utm-master-090","理学硕士（地理信息工程）Master Of Science (Geomatics Engineering)","","","","","","","","","","","","","","UNKNOWN","","","DRAFT"
"UTM_MASTER_091","UTM","BUSINESS_MANAGEMENT","MASTER","ON_CAMPUS","utm-master-091","土地管理与开发硕士Master in Land Administration And Development","","","","","","","","","","","","","","UNKNOWN","","","DRAFT"
"UTM_MASTER_092","UTM","ARCHITECTURE_BUILT_ENVIRONMENT","MASTER","ON_CAMPUS","utm-master-092","理学硕士（房地产）Master Of Science (Real Estate)","","","","","","","","","","","","","","UNKNOWN","","","DRAFT"
"UTM_MASTER_093","UTM","ARCHITECTURE_BUILT_ENVIRONMENT","MASTER","ON_CAMPUS","utm-master-093","理学硕士（遥感）Master Of Science (Remote Sensing)","","","","","","","","","","","","","","UNKNOWN","","","DRAFT"
"UTM_MASTER_094","UTM","ARCHITECTURE_BUILT_ENVIRONMENT","MASTER","ON_CAMPUS","utm-master-094","理学硕士（旅游规划）Master Of Science (Tourism Planning)","","","","","","","","","","","","","","UNKNOWN","","","DRAFT"
"UTM_MASTER_095","UTM","ARCHITECTURE_BUILT_ENVIRONMENT","MASTER","ON_CAMPUS","utm-master-095","理学硕士（交通规划）Master Of Science (Transportation Planning)","","","","","","","","","","","","","","UNKNOWN","","","DRAFT"
"UTM_MASTER_096","UTM","ARCHITECTURE_BUILT_ENVIRONMENT","MASTER","ON_CAMPUS","utm-master-096","理学硕士（城市与区域规划）Master Of Science (Urban And Regional Planning)","","","","","","","","","","","","","","UNKNOWN","","","DRAFT"
"UTM_MASTER_097","UTM","ARCHITECTURE_BUILT_ENVIRONMENT","MASTER","ON_CAMPUS","utm-master-097","哲学硕士Master of Philosophy","","","","","","25400.0","25400.0","MYR","25400","41854.12","41854.12","1.64780000","2026-09-25","UNKNOWN","","","DRAFT"
"UTM_MASTER_098","UTM","BUSINESS_MANAGEMENT","MASTER","ON_CAMPUS","utm-master-098","信息技术创业硕士Master In Information Technology Entrepreneurship","","","","","3","32147.0","32147.0","MYR","32147","52971.83","52971.83","1.64780000","2026-09-25","UNKNOWN","","","DRAFT"
"UTM_MASTER_099","UTM","BUSINESS_MANAGEMENT","MASTER","ON_CAMPUS","utm-master-099","信息硕士：信息技术管理Master of Information : Information Technology management","","","","","","26500.0","26500.0","MYR","26500","43666.70","43666.70","1.64780000","2026-09-25","UNKNOWN","","","DRAFT"
"UTM_MASTER_100","UTM","BUSINESS_MANAGEMENT","MASTER","ON_CAMPUS","utm-master-100","哲学硕士（管理学）Master of Philosophy (Management)","","","","","","25400.0","25400.0","MYR","25400","41854.12","41854.12","1.64780000","2026-09-25","UNKNOWN","","","DRAFT"
"UTM_MASTER_101","UTM","BUSINESS_MANAGEMENT","MASTER","ON_CAMPUS","utm-master-101","管理学硕士（技术管理）Master of Management ( Technology Management)","","","","","","","","","","","","","","UNKNOWN","","","DRAFT"
"UTM_MASTER_102","UTM","MEDICINE","MASTER","ON_CAMPUS","utm-master-102","法医学硕士Master Of Forensic Science","","","","","3","28500.0","28500.0","MYR","28500","46962.30","46962.30","1.64780000","2026-09-25","UNKNOWN","","","DRAFT"
"UTM_MASTER_103","UTM","NATURAL_SCIENCES","MASTER","ON_CAMPUS","utm-master-103","化学理学硕士Master of Science Chemistry","","","","","","","","","","","","","","UNKNOWN","","","DRAFT"
"UTM_MASTER_104","UTM","NATURAL_SCIENCES","MASTER","ON_CAMPUS","utm-master-104","理学硕士（生物技术）Master of Science (Biotechnology)","","","","","","","","","","","","","","UNKNOWN","","","DRAFT"
"UTM_MASTER_105","UTM","NATURAL_SCIENCES","MASTER","ON_CAMPUS","utm-master-105","数学理学硕士Master of Science Mathematics","","","","","","","","","","","","","","UNKNOWN","","","DRAFT"
"UTM_MASTER_106","UTM","ENGINEERING","MASTER","ON_CAMPUS","utm-master-106","工程数学理学硕士Master of Science Engineering Mathematics","","","","","","","","","","","","","","UNKNOWN","","","DRAFT"
"UTM_MASTER_107","UTM","NATURAL_SCIENCES","MASTER","ON_CAMPUS","utm-master-107","物理学理学硕士Master of Science Physics","","","","","","","","","","","","","","UNKNOWN","","","DRAFT"
"UTM_MASTER_108","UTM","MEDICINE","MASTER","ON_CAMPUS","utm-master-108","理学硕士（法医学）Master of Science (Forensic Science)","","","","","","","","","","","","","","UNKNOWN","","","DRAFT"
"UTM_MASTER_109","UTM","NATURAL_SCIENCES","MASTER","ON_CAMPUS","utm-master-109","哲学硕士（化学Master of Philosophy Chemistry","","","","","","28400.0","28400.0","MYR","28400","46797.52","46797.52","1.64780000","2026-09-25","UNKNOWN","","","DRAFT"
"UTM_MASTER_110","UTM","NATURAL_SCIENCES","MASTER","ON_CAMPUS","utm-master-110","物理学哲学硕士Master of Philosophy Physics","","","","","","","","","","","","","","UNKNOWN","","","DRAFT"
"UTM_MASTER_111","UTM","NATURAL_SCIENCES","MASTER","ON_CAMPUS","utm-master-111","数学哲学硕士Master of Philosophy Mathematics","","","","","","","","","","","","","","UNKNOWN","","","DRAFT"
"UTM_MASTER_112","UTM","NATURAL_SCIENCES","MASTER","ON_CAMPUS","utm-master-112","生物科学哲学硕士Master of Philosophy Bioscience","","","","","","","","","","","","","","UNKNOWN","","","DRAFT"
"UTM_MASTER_113","UTM","BUSINESS_MANAGEMENT","MASTER","ON_CAMPUS","utm-master-113","工商管理硕士Master of Business Administration","","","","","3","32154.0","32154.0","MYR","32154","52983.36","52983.36","1.64780000","2026-09-25","UNKNOWN","","","DRAFT"
"UTM_MASTER_114","UTM","BUSINESS_MANAGEMENT","MASTER","ON_CAMPUS","utm-master-114","食品加工创新理学硕士Master of Science Food in Processing Innovation","","","","","","","","","","","","","","UNKNOWN","","","DRAFT"
"UTM_MASTER_115","UTM","BUSINESS_MANAGEMENT","MASTER","ON_CAMPUS","utm-master-115","职业安全与健康管理执行硕士Executive Master Occupational Safety and Health Management","","","","","3","37204.0","37204.0","MYR","37204","61304.75","61304.75","1.64780000","2026-09-25","UNKNOWN","","","DRAFT"
"UTM_MASTER_116","UTM","COMPUTING_IT","MASTER","ON_CAMPUS","utm-master-116","计算机系统工程理学硕士Master of Science in Computer Systems Engineering","","","","","","26204.0","26204.0","MYR","26204","43178.95","43178.95","1.64780000","2026-09-25","UNKNOWN","","","DRAFT"
"UTM_MASTER_117","UTM","NATURAL_SCIENCES","MASTER","ON_CAMPUS","utm-master-117","理学硕士（信息学）Master of Science (Informatics)","","","","","","26204.0","26204.0","MYR","26204","43178.95","43178.95","1.64780000","2026-09-25","UNKNOWN","","","DRAFT"
"UTM_MASTER_118","UTM","BUSINESS_MANAGEMENT","MASTER","ON_CAMPUS","utm-master-118","理学硕士（商业智能与分析）Master of Science (Business Intelligence and Analytics)","","","","","","26204.0","26204.0","MYR","26204","43178.95","43178.95","1.64780000","2026-09-25","UNKNOWN","","","DRAFT"
"UTM_MASTER_119","UTM","NATURAL_SCIENCES","MASTER","ON_CAMPUS","utm-master-119","理学硕士（信息保障）Master of Science (Information Assurance)","","","","","","26204.0","26204.0","MYR","26204","43178.95","43178.95","1.64780000","2026-09-25","UNKNOWN","","","DRAFT"
"UTM_MASTER_120","UTM","NATURAL_SCIENCES","MASTER","ON_CAMPUS","utm-master-120","理学硕士（技术与创新政策）Master of Science (Technology and Innovation Policy)","","","","","","","","","","","","","","UNKNOWN","","","DRAFT"
"UTM_MASTER_121","UTM","BUSINESS_MANAGEMENT","MASTER","ON_CAMPUS","utm-master-121","理学硕士（工程业务管理）Master of Science (Engineering Business Management)","","","","","","33504.0","33504.0","MYR","33504","55207.89","55207.89","1.64780000","2026-09-25","UNKNOWN","","","DRAFT"
"UTM_MASTER_122","UTM","ENGINEERING","MASTER","ON_CAMPUS","utm-master-122","理学硕士（工程教育）Master of Science (Engineering Education)","","","","","","31554.0","31554.0","MYR","31554","51994.68","51994.68","1.64780000","2026-09-25","UNKNOWN","","","DRAFT"
"UTM_MASTER_123","UTM","ENGINEERING","MASTER","ON_CAMPUS","utm-master-123","理学硕士（工程设计）Master of Science (Engineering Design)","","","","","","33554.0","33554.0","MYR","33554","55290.28","55290.28","1.64780000","2026-09-25","UNKNOWN","","","DRAFT"
"UTM_MASTER_124","UTM","DESIGN_CREATIVE_ARTS","MASTER","ON_CAMPUS","utm-master-124","理学硕士（可持续城市设计）Master of Science (Sustainable Urban Design)","","","","","","26769.0","26769.0","MYR","26769","44109.96","44109.96","1.64780000","2026-09-25","UNKNOWN","","","DRAFT"
"UTM_MASTER_125","UTM","NATURAL_SCIENCES","MASTER","ON_CAMPUS","utm-master-125","专业科学硕士Master of Professional Science","","","","","","29554.0","29554.0","MYR","29554","48699.08","48699.08","1.64780000","2026-09-25","UNKNOWN","","","DRAFT"
"UTM_MASTER_126","UTM","COMPUTING_IT","MASTER","ON_CAMPUS","utm-master-126","软件工程硕士Master of Software Engineering","","","","","","26204.0","26204.0","MYR","26204","43178.95","43178.95","1.64780000","2026-09-25","UNKNOWN","","","DRAFT"
"UTM_MASTER_127","UTM","NATURAL_SCIENCES","MASTER","ON_CAMPUS","utm-master-127","理学硕士（可持续基础设施）Master of Science (Sustainable Infrastructure)","","","","","","33554.0","33554.0","MYR","33554","55290.28","55290.28","1.64780000","2026-09-25","UNKNOWN","","","DRAFT"
"UTM_MASTER_128","UTM","DESIGN_CREATIVE_ARTS","MASTER","ON_CAMPUS","utm-master-128","哲学硕士（工业设计）Master of Philosophy (Industrial Design)","","","","","","","","","","","","","","UNKNOWN","","","DRAFT"
"UTM_MASTER_129","UTM","INTERDISCIPLINARY","MASTER","ON_CAMPUS","utm-master-129","哲学硕士（综合）Master of Philosophy ( GENERAL)","","","","","","","","","","","","","","UNKNOWN","","","DRAFT"
"UTM_MASTER_130","UTM","BUSINESS_MANAGEMENT","MASTER","ON_CAMPUS","utm-master-130","食品加工创新理学硕士Master of Science in Food Processing Innovation","","","","","","","","","","","","","","UNKNOWN","","","DRAFT"
"UTM_MASTER_131","UTM","BUSINESS_MANAGEMENT","MASTER","ON_CAMPUS","utm-master-131","Malaysian – Japan International Institute of Technology马来西亚 - 日本国际技术研究所","","","","","","","","","","","","","","UNKNOWN","","","DRAFT"
"UTM_MASTER_132","UTM","BUSINESS_MANAGEMENT","MASTER","ON_CAMPUS","utm-master-132","灾害风险管理硕士Master of Disaster Risk Management","","","","","3","36004.0","36004.0","MYR","36004","59327.39","59327.39","1.64780000","2026-09-25","UNKNOWN","","","DRAFT"
"UTM_MASTER_133","UTM","BUSINESS_MANAGEMENT","MASTER","ON_CAMPUS","utm-master-133","可持续发展与环境科学硕士Master of Sustainability and Environment Science","","","","","","","","","","","","","","UNKNOWN","","","DRAFT"
"UTM_MASTER_134","UTM","BUSINESS_MANAGEMENT","MASTER","ON_CAMPUS","utm-master-134","可持续系统硕士Master of Sustainable Systems","","","","","","28500.0","28500.0","MYR","28500","46962.30","46962.30","1.64780000","2026-09-25","UNKNOWN","","","DRAFT"
"UTM_MASTER_135","UTM","BUSINESS_MANAGEMENT","MASTER","ON_CAMPUS","utm-master-135","技术与创新管理硕士Master of Technology and Innovation Management","","","","","","28500.0","28500.0","MYR","28500","46962.30","46962.30","1.64780000","2026-09-25","UNKNOWN","","","DRAFT"
"UTM_MASTER_136","UTM","BUSINESS_MANAGEMENT","MASTER","ON_CAMPUS","utm-master-136","电子系统工程工程硕士Master of Engineering Electronic Systems Engineering","","","","","","","","","","","","","","UNKNOWN","","","DRAFT"
"UTM_MASTER_137","UTM","BUSINESS_MANAGEMENT","MASTER","ON_CAMPUS","utm-master-137","理学硕士（可持续城市设计）Master of Science (Sustainable Urban Design)","","","","","","","","","","","","","","UNKNOWN","","","DRAFT"
"UTM_MASTER_138","UTM","BUSINESS_MANAGEMENT","MASTER","ON_CAMPUS","utm-master-138","理学硕士（工程教育）Master of Science (Engineering Education)","","","","","","","","","","","","","","UNKNOWN","","","DRAFT"
"UTM_MASTER_139","UTM","BUSINESS_MANAGEMENT","MASTER","ON_CAMPUS","utm-master-139","哲学硕士（综合）Master of Philosophy ( GENERAL)","","","","","","","","","","","","","","UNKNOWN","","","DRAFT"
"UTM_MASTER_140","UTM","NATURAL_SCIENCES","MASTER","ON_CAMPUS","utm-master-140","科技与创新政策硕士Master in Science, Technology and Innovation Policy","","","","","","","","","","","","","","UNKNOWN","","","DRAFT"
"UTM_MASTER_141","UTM","NATURAL_SCIENCES","MASTER","ON_CAMPUS","utm-master-141","哲学硕士Master of Philosophy","","","","","","","","","","","","","","UNKNOWN","","","DRAFT"
"UTM_MASTER_142","UTM","NATURAL_SCIENCES","MASTER","ON_CAMPUS","utm-master-142","哲学硕士（政策研究）Master of Philosophy (Policy Studies)","","","","","","","","","","","","","","UNKNOWN","","","DRAFT"
"UTM_MASTER_143","UTM","ENGINEERING","DOCTOR","ON_CAMPUS","utm-master-143","Doctor of Philosophy哲学博士","","","","","6","51600.0","51600.0","MYR","51600","85026.48","85026.48","1.64780000","2026-09-25","UNKNOWN","","","DRAFT"
"UTM_MASTER_144","UTM","BUSINESS_MANAGEMENT","DOCTOR","ON_CAMPUS","utm-master-144","Engineering Doctorate (Construction Technology and Management)工程学博士（建筑技术与管理）","","","","","","57600.0","57600.0","MYR","57600","94913.28","94913.28","1.64780000","2026-09-25","UNKNOWN","","","DRAFT"
"UTM_MASTER_145","UTM","ENGINEERING","DOCTOR","ON_CAMPUS","utm-master-145","气体工程哲学博士 Doctor of Philosophy Gas Engineering","","","","","6","51600.0","51600.0","MYR","51600","85026.48","85026.48","1.64780000","2026-09-25","UNKNOWN","","","DRAFT"
"UTM_MASTER_146","UTM","ENGINEERING","DOCTOR","ON_CAMPUS","utm-master-146","聚合物工程哲学博士Doctor of Philosophy Polymer Engineering","","","","","","","","","","","","","","UNKNOWN","","","DRAFT"
"UTM_MASTER_147","UTM","ENGINEERING","DOCTOR","ON_CAMPUS","utm-master-147","环境工程哲学博士 Doctor of Philosophy Environmental Engineering","","","","","","","","","","","","","","UNKNOWN","","","DRAFT"
"UTM_MASTER_148","UTM","ENGINEERING","DOCTOR","ON_CAMPUS","utm-master-148","石油工程哲学博士Doctor of Philosophy Petroleum Engineering","","","","","","","","","","","","","","UNKNOWN","","","DRAFT"
"UTM_MASTER_149","UTM","ENGINEERING","DOCTOR","ON_CAMPUS","utm-master-149","化学工程哲学博士Doctor of Philosophy Chemical Enginering","","","","","","","","","","","","","","UNKNOWN","","","DRAFT"
"UTM_MASTER_150","UTM","ENGINEERING","DOCTOR","ON_CAMPUS","utm-master-150","生物过程工程哲学博士Doctor of Philosophy Bioprocess Engineering","","","","","","","","","","","","","","UNKNOWN","","","DRAFT"
"UTM_MASTER_151","UTM","BUSINESS_MANAGEMENT","DOCTOR","ON_CAMPUS","utm-master-151","工程专业博士： 工艺设备管理Doctor Of Engineering Specialization: Process Plant Management","","","","","","57600.0","57600.0","MYR","57600","94913.28","94913.28","1.64780000","2026-09-25","UNKNOWN","","","DRAFT"
"UTM_MASTER_152","UTM","COMPUTING_IT","DOCTOR","ON_CAMPUS","utm-master-152","计算机科学哲学博士Doctor of Philosophy Computer Science","","","","","6","48600.0","48600.0","MYR","48600","80083.08","80083.08","1.64780000","2026-09-25","UNKNOWN","","","DRAFT"
"UTM_MASTER_153","UTM","COMPUTING_IT","DOCTOR","ON_CAMPUS","utm-master-153","软件工程哲学博士Doctor of Philosophy Software Engineering","","","","","","","","","","","","","","UNKNOWN","","","DRAFT"
"UTM_MASTER_154","UTM","COMPUTING_IT","DOCTOR","ON_CAMPUS","utm-master-154","信息工程哲学博士Doctor of Philosophy Informatic Engineering","","","","","","","","","","","","","","UNKNOWN","","","DRAFT"
"UTM_MASTER_155","UTM","ENGINEERING","DOCTOR","ON_CAMPUS","utm-master-155","哲学博士 电气工程Doctor Of Philosophy Field Of Research: Electrical Engineering","","","","","6","51600.0","51600.0","MYR","51600","85026.48","85026.48","1.64780000","2026-09-25","UNKNOWN","","","DRAFT"
"UTM_MASTER_156","UTM","ENGINEERING","DOCTOR","ON_CAMPUS","utm-master-156","哲学博士 健康科学Doctor Of Philosophy Field Of Research: Health Science","","","","","","","","","","","","","","UNKNOWN","","","DRAFT"
"UTM_MASTER_157","UTM","ENGINEERING","DOCTOR","ON_CAMPUS","utm-master-157","哲学博士 生物医学工程Doctor Of Philosophy Field Of Research: Biomedical Engineering","","","","","","","","","","","","","","UNKNOWN","","","DRAFT"
"UTM_MASTER_158","UTM","ENGINEERING","DOCTOR","ON_CAMPUS","utm-master-158","机械工程哲学博士Doctor Of Philosophy Mechanical Engineering","","","","","6","51600.0","51600.0","MYR","51600","85026.48","85026.48","1.64780000","2026-09-25","UNKNOWN","","","DRAFT"
"UTM_MASTER_159","UTM","EDUCATION","DOCTOR","ON_CAMPUS","utm-master-159","化学教育哲学博士Doctor of Philosophy Chemistry Education","","","","","6","48600.0","48600.0","MYR","48600","80083.08","80083.08","1.64780000","2026-09-25","UNKNOWN","","","DRAFT"
"UTM_MASTER_160","UTM","EDUCATION","DOCTOR","ON_CAMPUS","utm-master-160","课程与教学哲学博士Doctor of Philosophy Curriculum and Instruction","","","","","","","","","","","","","","UNKNOWN","","","DRAFT"
"UTM_MASTER_161","UTM","EDUCATION","DOCTOR","ON_CAMPUS","utm-master-161","教育与发展哲学博士Doctor of Philosophy Education and Development","","","","","","","","","","","","","","UNKNOWN","","","DRAFT"
"UTM_MASTER_162","UTM","ALLIED_HEALTH","DOCTOR","ON_CAMPUS","utm-master-162","教育心理学哲学博士Doctor of Philosophy Education Psychology","","","","","","","","","","","","","","UNKNOWN","","","DRAFT"
"UTM_MASTER_163","UTM","EDUCATION","DOCTOR","ON_CAMPUS","utm-master-163","教育技术哲学博士Doctor of Philosophy Education Technology","","","","","","","","","","","","","","UNKNOWN","","","DRAFT"
"UTM_MASTER_164","UTM","EDUCATION","DOCTOR","ON_CAMPUS","utm-master-164","教育指导与咨询哲学博士Doctor of Philosophy Guidance and Counselling in Education","","","","","","","","","","","","","","UNKNOWN","","","DRAFT"
"UTM_MASTER_165","UTM","BUSINESS_MANAGEMENT","DOCTOR","ON_CAMPUS","utm-master-165","教育管理与行政哲学博士Doctor of Philosophy Management and Administration in Education","","","","","","","","","","","","","","UNKNOWN","","","DRAFT"
"UTM_MASTER_166","UTM","EDUCATION","DOCTOR","ON_CAMPUS","utm-master-166","数学教育哲学博士Doctor of Philosophy Mathematics Education","","","","","","","","","","","","","","UNKNOWN","","","DRAFT"
"UTM_MASTER_167","UTM","EDUCATION","DOCTOR","ON_CAMPUS","utm-master-167","教育测量与评价哲学博士Doctor of Philosophy Measurement and Evaluation in Education","","","","","","","","","","","","","","UNKNOWN","","","DRAFT"
"UTM_MASTER_168","UTM","EDUCATION","DOCTOR","ON_CAMPUS","utm-master-168","多媒体教育哲学博士Doctor of Philosophy Multimedia in Education","","","","","","","","","","","","","","UNKNOWN","","","DRAFT"
"UTM_MASTER_169","UTM","EDUCATION","DOCTOR","ON_CAMPUS","utm-master-169","物理教育哲学博士Doctor of Philosophy Physics Education","","","","","","","","","","","","","","UNKNOWN","","","DRAFT"
"UTM_MASTER_170","UTM","EDUCATION","DOCTOR","ON_CAMPUS","utm-master-170","英语作为第二语言教学（TESL）哲学博士Doctor of Philosophy Teaching English as a Second Language (TESL)","","","","","","","","","","","","","","UNKNOWN","","","DRAFT"
"UTM_MASTER_171","UTM","EDUCATION","DOCTOR","ON_CAMPUS","utm-master-171","技术与职业教育哲学博士Doctor of Philosophy Technical and Vocational Education","","","","","","","","","","","","","","UNKNOWN","","","DRAFT"
"UTM_MASTER_172","UTM","EDUCATION","DOCTOR","ON_CAMPUS","utm-master-172","幼儿教育哲学博士Doctor Of Philosophy Early Chilhood Education","","","","","","","","","","","","","","UNKNOWN","","","DRAFT"
"UTM_MASTER_173","UTM","EDUCATION","DOCTOR","ON_CAMPUS","utm-master-173","在线学习哲学博士Doctor Of Philosophy Online Learning","","","","","","","","","","","","","","UNKNOWN","","","DRAFT"
"UTM_MASTER_174","UTM","ISLAMIC_STUDIES","DOCTOR","ON_CAMPUS","utm-master-174","伊斯兰教律科学与技术哲学博士Doctor of Philosophy Fiqh Science And Technology","","","","","6","48600.0","48600.0","MYR","48600","80083.08","80083.08","1.64780000","2026-09-25","UNKNOWN","","","DRAFT"
"UTM_MASTER_175","UTM","ARCHITECTURE_BUILT_ENVIRONMENT","DOCTOR","ON_CAMPUS","utm-master-175","哲学博士Doctor of Philosophy","","","","","6","48600.0","48600.0","MYR","48600","80083.08","80083.08","1.64780000","2026-09-25","UNKNOWN","","","DRAFT"
"UTM_MASTER_176","UTM","BUSINESS_MANAGEMENT","DOCTOR","ON_CAMPUS","utm-master-176","哲学博士（管理学）Doctor of Philosophy (Management)","","","","","6","48600.0","48600.0","MYR","48600","80083.08","80083.08","1.64780000","2026-09-25","UNKNOWN","","","DRAFT"
"UTM_MASTER_177","UTM","BUSINESS_MANAGEMENT","DOCTOR","ON_CAMPUS","utm-master-177","哲学博士（信息系统）Doctor of Philosophy (Information System)","","","","","","","","","","","","","","UNKNOWN","","","DRAFT"
"UTM_MASTER_178","UTM","NATURAL_SCIENCES","DOCTOR","ON_CAMPUS","utm-master-178","化学哲学博士Doctor of Philosophy Chemistry","","","","","6","48600.0","48600.0","MYR","48600","80083.08","80083.08","1.64780000","2026-09-25","UNKNOWN","","","DRAFT"
"UTM_MASTER_179","UTM","NATURAL_SCIENCES","DOCTOR","ON_CAMPUS","utm-master-179","物理学博士Doctor of Philosophy Physics","","","","","","","","","","","","","","UNKNOWN","","","DRAFT"
"UTM_MASTER_180","UTM","NATURAL_SCIENCES","DOCTOR","ON_CAMPUS","utm-master-180","数学哲学博士Doctor of Philosophy Mathematics","","","","","","","","","","","","","","UNKNOWN","","","DRAFT"
"UTM_MASTER_181","UTM","NATURAL_SCIENCES","DOCTOR","ON_CAMPUS","utm-master-181","生物科学哲学博士 Doctor of Philosophy Bioscience","","","","","","","","","","","","","","UNKNOWN","","","DRAFT"
"UTM_MASTER_182","UTM","BUSINESS_MANAGEMENT","DOCTOR","ON_CAMPUS","utm-master-182","工商管理博士Doctor of Business Administration","","","","","6","60154.0","60154.0","MYR","60,154","99121.76","99121.76","1.64780000","2026-09-25","UNKNOWN","","","DRAFT"
"UTM_MASTER_183","UTM","COMPUTING_IT","DOCTOR","ON_CAMPUS","utm-master-183","软件工程博士Doctor of Software Engineering","","","","","6","46014.0","46014.0","MYR","46014","75821.87","75821.87","1.64780000","2026-09-25","UNKNOWN","","","DRAFT"
"UTM_MASTER_184","UTM","BUSINESS_MANAGEMENT","DOCTOR","ON_CAMPUS","utm-master-184","工程博士（工程业务管理）Engineering Doctorate (Engineering Business Management)","","","","","","56204.0","56204.0","MYR","56204","92612.95","92612.95","1.64780000","2026-09-25","UNKNOWN","","","DRAFT"
"MONASH_MASTER_002","MONASH","MEDIA_COMMUNICATION","MASTER","ON_CAMPUS","monash-master-002","传播与媒体研究硕士","Master of Communications and Media Studies","","","","3","61200.0","61200.0","MYR","61200/year","100845.36","100845.36","1.64780000","2026-09-25","PER_YEAR","","","DRAFT"
"MONASH_MASTER_004","MONASH","BUSINESS_MANAGEMENT","DIPLOMA","ON_CAMPUS","monash-master-004","商业与商务深造文凭","Postgraduate Diploma in Business and Commerce","","","","2","44160.0","44160.0","MYR","44160/ year","72766.85","72766.85","1.64780000","2026-09-25","PER_YEAR","","","DRAFT"
"MONASH_MASTER_005","MONASH","BUSINESS_MANAGEMENT","MASTER","ON_CAMPUS","monash-master-005","数字化商务硕士","Master of Digital Business","","","","3","68400.0","68400.0","MYR","68400/ year","112709.52","112709.52","1.64780000","2026-09-25","PER_YEAR","","","DRAFT"
"MONASH_MASTER_006","MONASH","BUSINESS_MANAGEMENT","MASTER","ON_CAMPUS","monash-master-006","国际商务硕士","Master of International Business","","","","3","68400.0","68400.0","MYR","68400/ year","112709.52","112709.52","1.64780000","2026-09-25","PER_YEAR","","","DRAFT"
"MONASH_MASTER_007","MONASH","ENGINEERING","MASTER","ON_CAMPUS","monash-master-007","应用工程硕士","Master of Applied Engineering","","","","2","60480.0","60480.0","MYR","60480/ year","99658.94","99658.94","1.64780000","2026-09-25","PER_YEAR","","","DRAFT"
"MONASH_MASTER_008","MONASH","ENGINEERING","MASTER","ON_CAMPUS","monash-master-008","工程学硕士（研究型）","Master of Engineering Science (Research)","","","","4","50880.0","50880.0","MYR","50880/ year","83840.06","83840.06","1.64780000","2026-09-25","PER_YEAR","","","DRAFT"
"MONASH_MASTER_010","MONASH","COMPUTING_IT","MASTER","ON_CAMPUS","monash-master-010","人工智能硕士","Master of Artificial Intelligence","","","","3","68160.0","68160.0","MYR","68160","112314.05","112314.05","1.64780000","2026-09-25","UNKNOWN","","","DRAFT"
"MONASH_MASTER_011","MONASH","BUSINESS_MANAGEMENT","MASTER","ON_CAMPUS","monash-master-011","商业信息系统硕士","Master of Business Information Systems","","","","3","68160.0","68160.0","MYR","68160/ year","112314.05","112314.05","1.64780000","2026-09-25","PER_YEAR","","","DRAFT"
"MONASH_MASTER_012","MONASH","COMPUTING_IT","MASTER","ON_CAMPUS","monash-master-012","数据科学硕士","Master of Data Science","","","","3","68160.0","68160.0","MYR","68160/ year","112314.05","112314.05","1.64780000","2026-09-25","PER_YEAR","","","DRAFT"
"MONASH_MASTER_014","MONASH","ENGINEERING","MASTER","ON_CAMPUS","monash-master-014","专业心理咨询硕士","Master of Professional Counselling","","","","4","80640.0","80640.0","MYR","80640/ year","132878.59","132878.59","1.64780000","2026-09-25","PER_YEAR","","","DRAFT"
"MONASH_MASTER_015","MONASH","ENGINEERING","MASTER","ON_CAMPUS","monash-master-015","生物医学硕士","Master of Biomedical Science","","","","4","50880.0","50880.0","MYR","50880/ year","83840.06","83840.06","1.64780000","2026-09-25","PER_YEAR","","","DRAFT"
"MONASH_MASTER_016","MONASH","ENGINEERING","MASTER","ON_CAMPUS","monash-master-016","临床心理学硕士","MASTER OF CLINICAL PSYCHOLOGY","","","","","","","","","","","","","UNKNOWN","","","DRAFT"
"MONASH_MASTER_017","MONASH","ENGINEERING","MASTER","ON_CAMPUS","monash-master-017","生物技术硕士","MASTER OF BIOTECHNOLOGY","","","","","","","","","","","","","UNKNOWN","","","DRAFT"
"MONASH_MASTER_018","MONASH","ENGINEERING","MASTER","ON_CAMPUS","monash-master-018","药剂学","Pharmacy","","","","","","","","","","","","","UNKNOWN","","","DRAFT"
"MONASH_MASTER_019","MONASH","ENGINEERING","MASTER","ON_CAMPUS","monash-master-019","药学硕士","Master of Pharmaceutical Science","","","","4","50880.0","50880.0","MYR","50,880/year","83840.06","83840.06","1.64780000","2026-09-25","PER_YEAR","","","DRAFT"
"MONASH_MASTER_020","MONASH","NATURAL_SCIENCES","MASTER","ON_CAMPUS","monash-master-020","理科硕士（研究型）","Master of Science (Research)","","","","4","50880.0","50880.0","MYR","50,880/year","83840.06","83840.06","1.64780000","2026-09-25","PER_YEAR","","","DRAFT"
"MONASH_MASTER_021","MONASH","NATURAL_SCIENCES","MASTER","ON_CAMPUS","monash-master-021","哲学硕士","Master of Philosophy","","","","","","","","","","","","","UNKNOWN","","","DRAFT"
"MONASH_MASTER_022","MONASH","NATURAL_SCIENCES","MASTER","ON_CAMPUS","monash-master-022","所有学院ALL Faculty","","","","","4","50880.0","50880.0","MYR","50,880/year","83840.06","83840.06","1.64780000","2026-09-25","PER_YEAR","","","DRAFT"
"MONASH_MASTER_023","MONASH","NATURAL_SCIENCES","MASTER","ON_CAMPUS","monash-master-023","60%=CGPA2.5，monash的CGPA requirement 是按照总分的百分比计算的。","","","","","","","","","","","","","","UNKNOWN","","","DRAFT"
"NOTTINGHAM_MASTER_001","NOTTINGHAM","BUSINESS_MANAGEMENT","MASTER","ON_CAMPUS","nottingham-master-001","管理心理学硕士MSc -Management Psychology","","","","","2","57000.0","57000.0","MYR","RM57,000","93924.60","93924.60","1.64780000","2026-09-25","UNKNOWN","","","DRAFT"
"NOTTINGHAM_MASTER_002","NOTTINGHAM","ALLIED_HEALTH","MASTER","ON_CAMPUS","nottingham-master-002","应用心理学硕士MPhil - Applied Psychology","","","","","2","45900.0","45900.0","MYR","RM45,900 / Y","75634.02","75634.02","1.64780000","2026-09-25","PER_YEAR","","","DRAFT"
"NOTTINGHAM_MASTER_003","NOTTINGHAM","BUSINESS_MANAGEMENT","MASTER","ON_CAMPUS","nottingham-master-003","工商管理硕士（MBA）Master of Business Administration - MBA","","","","","2","68365.0","68365.0","MYR","RM68,365","112651.85","112651.85","1.64780000","2026-09-25","UNKNOWN","","","DRAFT"
"NOTTINGHAM_MASTER_004","NOTTINGHAM","BUSINESS_MANAGEMENT","MASTER","ON_CAMPUS","nottingham-master-004","理学硕士 - 商务（国际管理）MSc - Business (International Management)","","","","","2","63000.0","63000.0","MYR","RM63,000","103811.40","103811.40","1.64780000","2026-09-25","UNKNOWN","","","DRAFT"
"NOTTINGHAM_MASTER_005","NOTTINGHAM","ACCOUNTING_FINANCE","MASTER","ON_CAMPUS","nottingham-master-005","理学硕士 - 金融与投资MSc - Finance and Investment","","","","","2","58700.0","58700.0","MYR","RM58,700","96725.86","96725.86","1.64780000","2026-09-25","UNKNOWN","","","DRAFT"
"NOTTINGHAM_MASTER_006","NOTTINGHAM","BUSINESS_MANAGEMENT","MASTER","ON_CAMPUS","nottingham-master-006","哲学硕士 - 商业与管理MPhil - Business and Management","","","","","2","45900.0","45900.0","MYR","RM45,900 / Y","75634.02","75634.02","1.64780000","2026-09-25","PER_YEAR","","","DRAFT"
"NOTTINGHAM_MASTER_007","NOTTINGHAM","EDUCATION","MASTER","ON_CAMPUS","nottingham-master-007","教育学硕士MA - Education","","","","","2","58700.0","58700.0","MYR","RM58,700","96725.86","96725.86","1.64780000","2026-09-25","UNKNOWN","","","DRAFT"
"NOTTINGHAM_MASTER_008","NOTTINGHAM","EDUCATION","MASTER","ON_CAMPUS","nottingham-master-008","教育学 PGDipPGDip - Education","","","","","2","39100.0","39100.0","MYR","RM39,100","64428.98","64428.98","1.64780000","2026-09-25","UNKNOWN","","","DRAFT"
"NOTTINGHAM_MASTER_009","NOTTINGHAM","EDUCATION","MASTER","ON_CAMPUS","nottingham-master-009","教育学 PGCertPGCert - Education","","","","","1 - 2 S","19500.0","19500.0","MYR","RM19,500","32132.10","32132.10","1.64780000","2026-09-25","UNKNOWN","","","DRAFT"
"NOTTINGHAM_MASTER_010","NOTTINGHAM","EDUCATION","MASTER","ON_CAMPUS","nottingham-master-010","硕士--特殊与全纳教育MA - Special and Inclusive Education","","","","","2","58700.0","58700.0","MYR","RM58,700","96725.86","96725.86","1.64780000","2026-09-25","UNKNOWN","","","DRAFT"
"NOTTINGHAM_MASTER_011","NOTTINGHAM","EDUCATION","MASTER","ON_CAMPUS","nottingham-master-011","硕士 - 对外英语教学（TESOL）MA - Teaching English to Speakers of Other Languages (TESOL)","","","","","2","58700.0","58700.0","MYR","RM58,700","96725.86","96725.86","1.64780000","2026-09-25","UNKNOWN","","","DRAFT"
"NOTTINGHAM_MASTER_012","NOTTINGHAM","EDUCATION","MASTER","ON_CAMPUS","nottingham-master-012","教育学硕士MPhil- Education","","","","","2","45900.0","45900.0","MYR","RM45,900 / Y","75634.02","75634.02","1.64780000","2026-09-25","PER_YEAR","","","DRAFT"
"NOTTINGHAM_MASTER_013","NOTTINGHAM","LANGUAGES_LINGUISTICS","MASTER","ON_CAMPUS","nottingham-master-013","英语语言文学硕士MA - English Language and Literature","","","","","2","46900.0","46900.0","MYR","RM46,900","77281.82","77281.82","1.64780000","2026-09-25","UNKNOWN","","","DRAFT"
"NOTTINGHAM_MASTER_014","NOTTINGHAM","DESIGN_CREATIVE_ARTS","MASTER","ON_CAMPUS","nottingham-master-014","硕士--英语与创意写作MA - English with Creative Writing","","","","","2","46900.0","46900.0","MYR","RM46,900","77281.82","77281.82","1.64780000","2026-09-25","UNKNOWN","","","DRAFT"
"NOTTINGHAM_MASTER_015","NOTTINGHAM","INTERDISCIPLINARY","MASTER","ON_CAMPUS","nottingham-master-015","英语硕士MPhil - English","","","","","2","45900.0","45900.0","MYR","RM45,900 / Y","75634.02","75634.02","1.64780000","2026-09-25","PER_YEAR","","","DRAFT"
"NOTTINGHAM_MASTER_016","NOTTINGHAM","MEDIA_COMMUNICATION","MASTER","ON_CAMPUS","nottingham-master-016","硕士--媒体、传播与文化MA - Media, Communications and Culture","","","","","2","58900.0","58900.0","MYR","RM58,900","97055.42","97055.42","1.64780000","2026-09-25","UNKNOWN","","","DRAFT"
"NOTTINGHAM_MASTER_017","NOTTINGHAM","MEDIA_COMMUNICATION","MASTER","ON_CAMPUS","nottingham-master-017","媒体、语言和文化硕士学位MPhil - Media, Languages and Cultures","","","","","2","45900.0","45900.0","MYR","RM45,900 / Y","75634.02","75634.02","1.64780000","2026-09-25","PER_YEAR","","","DRAFT"
"NOTTINGHAM_MASTER_018","NOTTINGHAM","MEDIA_COMMUNICATION","MASTER","ON_CAMPUS","nottingham-master-018","媒体、语言和文化硕士课程MRes- Media, Languages and Cultures","","","","","2","45900.0","45900.0","MYR","RM45,900 / Y","75634.02","75634.02","1.64780000","2026-09-25","PER_YEAR","","","DRAFT"
"NOTTINGHAM_MASTER_019","NOTTINGHAM","BUSINESS_MANAGEMENT","MASTER","ON_CAMPUS","nottingham-master-019","理学硕士--国际发展管理MSc - International Development Management","","","","","2","58200.0","58200.0","MYR","RM58,200","95901.96","95901.96","1.64780000","2026-09-25","UNKNOWN","","","DRAFT"
"NOTTINGHAM_MASTER_020","NOTTINGHAM","SOCIAL_SCIENCES","MASTER","ON_CAMPUS","nottingham-master-020","国际关系硕士MA - International Relations","","","","","2","58200.0","58200.0","MYR","RM58,200","95901.96","95901.96","1.64780000","2026-09-25","UNKNOWN","","","DRAFT"
"NOTTINGHAM_MASTER_021","NOTTINGHAM","ENGINEERING","MASTER","ON_CAMPUS","nottingham-master-021","理学硕士--环境工程MSc - Environmental Engineering","","","","","2","61700.0","61700.0","MYR","RM61,700","101669.26","101669.26","1.64780000","2026-09-25","UNKNOWN","","","DRAFT"
"NOTTINGHAM_MASTER_022","NOTTINGHAM","NATURAL_SCIENCES","MASTER","ON_CAMPUS","nottingham-master-022","理学硕士--生物技术Msc - Biotechnology","","","","","2","53130.0","53130.0","MYR","RM53,130","87547.61","87547.61","1.64780000","2026-09-25","UNKNOWN","","","DRAFT"
"NOTTINGHAM_MASTER_023","NOTTINGHAM","NATURAL_SCIENCES","MASTER","ON_CAMPUS","nottingham-master-023","生物科学硕士MRes - Biosciences","","","","","2","58630.0","60000.0","MYR","MRes: Molecular (per year): RM60,000, Non-molecular (pear year): RM58,630","96610.51","98868.00","1.64780000","2026-09-25","PER_YEAR","","","DRAFT"
"NOTTINGHAM_MASTER_024","NOTTINGHAM","NATURAL_SCIENCES","MASTER","ON_CAMPUS","nottingham-master-024","生物科学硕士MPhil- Biosciences","","","","","2","58630.0","74415.0","MYR","Molecular (per year): RM74,415, Non-molecular (per year): RM58,630","96610.51","122621.04","1.64780000","2026-09-25","PER_YEAR","","","DRAFT"
"NOTTINGHAM_MASTER_025","NOTTINGHAM","ALLIED_HEALTH","MASTER","ON_CAMPUS","nottingham-master-025","理科硕士 - 发育障碍Msc - Developmental Disorders","","","","","2","56900.0","56900.0","MYR","RM56,900","93759.82","93759.82","1.64780000","2026-09-25","UNKNOWN","","","DRAFT"
"NOTTINGHAM_MASTER_026","NOTTINGHAM","PHARMACY","MASTER","ON_CAMPUS","nottingham-master-026","药学硕士MPhil - Pharmacy","","","","","2","58630.0","58630.0","MYR","RM58,630 / Y","96610.51","96610.51","1.64780000","2026-09-25","PER_YEAR","","","DRAFT"
"NOTTINGHAM_MASTER_027","NOTTINGHAM","ALLIED_HEALTH","MASTER","ON_CAMPUS","nottingham-master-027","心理学硕士MPhil - Psychology","","","","","2","51865.0","51865.0","MYR","RM51,865 / Y","85463.15","85463.15","1.64780000","2026-09-25","PER_YEAR","","","DRAFT"
"NOTTINGHAM_MASTER_028","NOTTINGHAM","ALLIED_HEALTH","MASTER","ON_CAMPUS","nottingham-master-028","心理学硕士MRes- Psychology","","","","","2","51865.0","51865.0","MYR","RM51,865 / Y","85463.15","85463.15","1.64780000","2026-09-25","PER_YEAR","","","DRAFT"
"NOTTINGHAM_MASTER_029","NOTTINGHAM","MEDICINE","MASTER","ON_CAMPUS","nottingham-master-029","生物医学硕士MPhil- Biomedical Science","","","","","2","58630.0","74415.0","MYR","Molecular (per year): RM74,415 / Non-molecular (per year): RM58,630","96610.51","122621.04","1.64780000","2026-09-25","PER_YEAR","","","DRAFT"
"NOTTINGHAM_MASTER_030","NOTTINGHAM","COMPUTING_IT","MASTER","ON_CAMPUS","nottingham-master-030","计算机科学硕士MPhil- Computer Science","","","","","2","51865.0","51865.0","MYR","RM51,865 / Y","85463.15","85463.15","1.64780000","2026-09-25","PER_YEAR","","","DRAFT"
"NOTTINGHAM_MASTER_031","NOTTINGHAM","AGRICULTURE_ENVIRONMENT","MASTER","ON_CAMPUS","nottingham-master-031","地理与环境科学硕士学位MPhil -Geographical and Environmental Sciences","","","","","2","58630.0","58630.0","MYR","RM58,630 / Y","96610.51","96610.51","1.64780000","2026-09-25","PER_YEAR","","","DRAFT"
"NOTTINGHAM_MASTER_032","NOTTINGHAM","AGRICULTURE_ENVIRONMENT","MASTER","ON_CAMPUS","nottingham-master-032","地理与环境科学硕士学位MRes -Geographical and Environmental Sciences","","","","","2","58630.0","58630.0","MYR","RM58,630","96610.51","96610.51","1.64780000","2026-09-25","UNKNOWN","","","DRAFT"
"NOTTINGHAM_MASTER_033","NOTTINGHAM","NATURAL_SCIENCES","MASTER","ON_CAMPUS","nottingham-master-033","数学科学硕士MPhil- Mathematical Sciences","","","","","2","51865.0","51865.0","MYR","RM51,865*/ Y","85463.15","85463.15","1.64780000","2026-09-25","PER_YEAR","","","DRAFT"
"SEGI_MASTER_001","SEGI","BUSINESS_MANAGEMENT","MASTER","ON_CAMPUS","segi-master-001","工商管理硕士学位(MBA)","","","","","2","54350.0","54350.0","MYR","RM 54,350","89557.93","89557.93","1.64780000","2026-09-25","UNKNOWN","","","DRAFT"
"SEGI_MASTER_002","SEGI","BUSINESS_MANAGEMENT","MASTER","ON_CAMPUS","segi-master-002","世纪大学及英国中央兰开夏大学 硕士 1 年 ( 双学位） / 工商管理硕士学位(MBA-DA)","","","","","2","","","","","","","","","UNKNOWN","","","DRAFT"
"CITY_MASTER_001","CITY","BUSINESS_MANAGEMENT","MASTER","ON_CAMPUS","city-master-001","工商管理硕士（MBA）","Master of Business Administration (MBA)","","","","1 year (3 Sem)","33460.0","33460.0","MYR","RM33,460","55135.39","55135.39","1.64780000","2026-09-25","UNKNOWN","","","DRAFT"
"CITY_MASTER_002","CITY","BUSINESS_MANAGEMENT","MASTER","ON_CAMPUS","city-master-002","工商管理理学硕士（研究型，MSBA）","Master of Science in Business Administration (By Research) (MSBA)","","","","2 years (6 Sem)","33480.0","33480.0","MYR","RM33,480","55168.34","55168.34","1.64780000","2026-09-25","UNKNOWN","","","DRAFT"
"CITY_MASTER_003","CITY","COMPUTING_IT","MASTER","ON_CAMPUS","city-master-003","信息技术硕士（MIT）","Master of Information Technology (MIT)","","","","1 years (3 Sem)","33480.0","33480.0","MYR","RM33,480","55168.34","55168.34","1.64780000","2026-09-25","UNKNOWN","","","DRAFT"
"CITY_MASTER_004","CITY","ACCOUNTING_FINANCE","MASTER","ON_CAMPUS","city-master-004","会计学硕士（MACC）","Master of Accounting (MACC)","","","","1 Year ( 3 Sem)","33460.0","33460.0","MYR","RM33,460","55135.39","55135.39","1.64780000","2026-09-25","UNKNOWN","","","DRAFT"
"CITY_MASTER_005","CITY","EDUCATION","MASTER","ON_CAMPUS","city-master-005","教育学硕士（MED）","Master of Education (MED)","","","","1 Year ( 3 Sem)","33480.0","33480.0","MYR","RM33,480","55168.34","55168.34","1.64780000","2026-09-25","UNKNOWN","","","DRAFT"
"CITY_MASTER_006","CITY","ARCHITECTURE_BUILT_ENVIRONMENT","MASTER","ON_CAMPUS","city-master-006","建筑学硕士（M.ARC）","Master of Architecture (M.ARC)","","","","2 years (4 Sem)","33480.0","33480.0","MYR","RM33,480","55168.34","55168.34","1.64780000","2026-09-25","UNKNOWN","","","DRAFT"
"CITY_MASTER_007","CITY","ENGINEERING","MASTER","ON_CAMPUS","city-master-007","机械工程硕士（MME）","Master of Mechanical Engineering (MME)","","","","1 Year ( 3 Sem)","33480.0","33480.0","MYR","RM33,480","55168.34","55168.34","1.64780000","2026-09-25","UNKNOWN","","","DRAFT"
"CITY_MASTER_008","CITY","SPORTS","MASTER","ON_CAMPUS","city-master-008","体育研究硕士（研究型，MSS）","Master of Sport Studies (MSS) By Research","","","","2 years (6 Sem)","33480.0","33480.0","MYR","RM33,480","55168.34","55168.34","1.64780000","2026-09-25","UNKNOWN","","","DRAFT"
"CITY_MASTER_009","CITY","MEDIA_COMMUNICATION","MASTER","ON_CAMPUS","city-master-009","创意产业与传播硕士（MCIC）","Master of Creative Industries and Communication (MCIC)","","","","1 Year ( 3 Sem)","33480.0","33480.0","MYR","RM33,480","55168.34","55168.34","1.64780000","2026-09-25","UNKNOWN","","","DRAFT"
"CITY_MASTER_010","CITY","BUSINESS_MANAGEMENT","MASTER","ON_CAMPUS","city-master-010","建筑项目管理硕士（MAPM）","Master of Architectural Project Management (MAPM)","","","","1 Year ( 3 Sem)","33480.0","33480.0","MYR","RM33,480","55168.34","55168.34","1.64780000","2026-09-25","UNKNOWN","","","DRAFT"
"UM_DOCTOR_001","UM","ISLAMIC_STUDIES","DOCTOR","ON_CAMPUS","um-doctor-001","Doctor of Philosophy 哲学博士","","","","","6","50700.0","50700.0","MYR","50700","83543.46","83543.46","1.64780000","2026-09-25","UNKNOWN","","","DRAFT"
"UM_DOCTOR_002","UM","INTERDISCIPLINARY","DOCTOR","ON_CAMPUS","um-doctor-002","Doctor of Philosophy 哲学博士","","","","","6 Semesters","50700.0","50700.0","MYR","50700","83543.46","83543.46","1.64780000","2026-09-25","UNKNOWN","","","DRAFT"
"UM_DOCTOR_003","UM","LANGUAGES_LINGUISTICS","DOCTOR","ON_CAMPUS","um-doctor-003","Doctor of Philosophy 哲学博士","","","","","6 Semesters","58200.0","58200.0","MYR","58200","95901.96","95901.96","1.64780000","2026-09-25","UNKNOWN","","","DRAFT"
"UM_DOCTOR_004","UM","DESIGN_CREATIVE_ARTS","DOCTOR","ON_CAMPUS","um-doctor-004","Doctor of Philosophy 哲学博士","","","","","6 Semesters","50700.0","50700.0","MYR","50700","83543.46","83543.46","1.64780000","2026-09-25","UNKNOWN","","","DRAFT"
"UM_DOCTOR_005","UM","COMPUTING_IT","DOCTOR","ON_CAMPUS","um-doctor-005","Doctor of Philosophy 哲学博士","","","","","6 Semesters","65200.0","65200.0","MYR","65200","107436.56","107436.56","1.64780000","2026-09-25","UNKNOWN","","","DRAFT"
"UM_DOCTOR_006","UM","ARCHITECTURE_BUILT_ENVIRONMENT","DOCTOR","ON_CAMPUS","um-doctor-006","Doctor of Philosophy 哲学博士","","","","","6 Semesters","65200.0","65200.0","MYR","65200","107436.56","107436.56","1.64780000","2026-09-25","UNKNOWN","","","DRAFT"
"UM_DOCTOR_007","UM","MEDICINE","DOCTOR","ON_CAMPUS","um-doctor-007","Doctor of Public Health公共卫生博士","","","","","6 Semesters","166700.0","166700.0","MYR","166700","274688.26","274688.26","1.64780000","2026-09-25","UNKNOWN","","","DRAFT"
"UM_DOCTOR_008","UM","MEDICINE","DOCTOR","ON_CAMPUS","um-doctor-008","Doctor of Medicine医学博士","","","","","6 Semesters","81100.0","81100.0","MYR","81100","133636.58","133636.58","1.64780000","2026-09-25","UNKNOWN","","","DRAFT"
"UM_DOCTOR_009","UM","BUSINESS_MANAGEMENT","DOCTOR","ON_CAMPUS","um-doctor-009","Doctor of Philosophy (Economics & Administration field)哲学博士（经济与行政管理领域）","","","","","6 Semesters","69000.0","69000.0","MYR","69000","113698.20","113698.20","1.64780000","2026-09-25","UNKNOWN","","","DRAFT"
"UM_DOCTOR_010","UM","ACCOUNTING_FINANCE","DOCTOR","ON_CAMPUS","um-doctor-010","Doctor of Philosophy (Business & Accounting field) 哲学博士（商业与会计领域）","","","","","6 Semesters","69000.0","69000.0","MYR","69000","113698.20","113698.20","1.64780000","2026-09-25","UNKNOWN","","","DRAFT"
"UM_DOCTOR_011","UM","BUSINESS_MANAGEMENT","DOCTOR","ON_CAMPUS","um-doctor-011","Doctor of Business Administration工商管理博士","","","","","6 Semesters","88100.0","88100.0","MYR","88100","145171.18","145171.18","1.64780000","2026-09-25","UNKNOWN","","","DRAFT"
"UM_DOCTOR_012","UM","NATURAL_SCIENCES","DOCTOR","ON_CAMPUS","um-doctor-012","Doctor of Philosophy (Mathematics , Science & Technology)哲学博士（数学、科学与技术）","","","","","6 Semesters","65200.0","65200.0","MYR","65200","107436.56","107436.56","1.64780000","2026-09-25","UNKNOWN","","","DRAFT"
"UM_DOCTOR_013","UM","NATURAL_SCIENCES","DOCTOR","ON_CAMPUS","um-doctor-013","Doctor of Philosophy (Physics / Biology / Chemistry / Geology )哲学博士（物理学/生物学/化学/地质学）","","","","","6 Semesters","65200.0","65200.0","MYR","65200","107436.56","107436.56","1.64780000","2026-09-25","UNKNOWN","","","DRAFT"
"UM_DOCTOR_014","UM","PHARMACY","DOCTOR","ON_CAMPUS","um-doctor-014","Doctor of Philosophy哲学博士","","","","","6 Semesters","81100.0","81100.0","MYR","81100","133636.58","133636.58","1.64780000","2026-09-25","UNKNOWN","","","DRAFT"
"UM_DOCTOR_015","UM","DESIGN_CREATIVE_ARTS","DOCTOR","ON_CAMPUS","um-doctor-015","Doctor of Philosophy哲学博士","","","","","6 Semesters","50700.0","50700.0","MYR","50700","83543.46","83543.46","1.64780000","2026-09-25","UNKNOWN","","","DRAFT"
"UM_DOCTOR_016","UM","DENTISTRY","DOCTOR","ON_CAMPUS","um-doctor-016","Doctor of Philosophy哲学博士","","","","","6 Semesters","77400.0","77400.0","MYR","77400","127539.72","127539.72","1.64780000","2026-09-25","UNKNOWN","","","DRAFT"
"UM_DOCTOR_017","UM","DENTISTRY","DOCTOR","ON_CAMPUS","um-doctor-017","Doctor of Dental Public Health牙科公共卫生博士","","","","","6 Semesters","379800.0","379800.0","MYR","379800","625834.44","625834.44","1.64780000","2026-09-25","UNKNOWN","","","DRAFT"
"UM_DOCTOR_018","UM","INTERDISCIPLINARY","DOCTOR","ON_CAMPUS","um-doctor-018","Doctor of Philosophy哲学博士","","","","","6 Semesters","58200.0","58200.0","MYR","58200","95901.96","95901.96","1.64780000","2026-09-25","UNKNOWN","","","DRAFT"
"UM_DOCTOR_019","UM","ENGINEERING","DOCTOR","ON_CAMPUS","um-doctor-019","Doctor of Philosophy哲学博士","","","","","6 Semesters","65200.0","65200.0","MYR","65200","107436.56","107436.56","1.64780000","2026-09-25","UNKNOWN","","","DRAFT"
"UM_DOCTOR_020","UM","INTERDISCIPLINARY","DOCTOR","ON_CAMPUS","um-doctor-020","Doctor of Philosophy哲学博士","","","","","6 Semesters","65200.0","65200.0","MYR","65200","107436.56","107436.56","1.64780000","2026-09-25","UNKNOWN","","","DRAFT"
"UM_DOCTOR_023","UM","NATURAL_SCIENCES","DOCTOR","ON_CAMPUS","um-doctor-023","Science 科学","","","","","","","","","","","","","","UNKNOWN","","","DRAFT"
"UM_DOCTOR_024","UM","INTERDISCIPLINARY","DOCTOR","ON_CAMPUS","um-doctor-024","Power Energy动力能源","","","","","","","","","","","","","","UNKNOWN","","","DRAFT"
"UM_DOCTOR_026","UM","DESIGN_CREATIVE_ARTS","DOCTOR","ON_CAMPUS","um-doctor-026","海洋与地球科学Ocean & Earth Science","","","","","","","","","","","","","","UNKNOWN","","","DRAFT"
"UM_DOCTOR_027","UM","EDUCATION","DOCTOR","ON_CAMPUS","um-doctor-027","Doctor of Philosophy哲学博士","","","","","6 Semesters","80500.0","80500.0","MYR","80500","132647.90","132647.90","1.64780000","2026-09-25","UNKNOWN","","","DRAFT"
"UM_DOCTOR_028","UM","EDUCATION","DOCTOR","ON_CAMPUS","um-doctor-028","Doctor of Philosophy哲学博士","","","","","6 Semesters","58200.0","58200.0","MYR","58200","95901.96","95901.96","1.64780000","2026-09-25","UNKNOWN","","","DRAFT"
"UM_DOCTOR_029","UM","LAW","DOCTOR","ON_CAMPUS","um-doctor-029","Doctor of Philosophy哲学博士","","","","","6 Semesters","58200.0","58200.0","MYR","58200","95901.96","95901.96","1.64780000","2026-09-25","UNKNOWN","","","DRAFT"
"UM_DOCTOR_030","UM","NATURAL_SCIENCES","DOCTOR","ON_CAMPUS","um-doctor-030","Doctor of Philosophy哲学博士","","","","","6 Semesters","65200.0","65200.0","MYR","65200","107436.56","107436.56","1.64780000","2026-09-25","UNKNOWN","","","DRAFT"
"UKM_DOCTOR_001","UKM","BUSINESS_MANAGEMENT","DOCTOR","ON_CAMPUS","ukm-doctor-001","DOCTOR OF PHILOSOPHY哲学博士","","","","","6 SEM","44910.0","44910.0","MYR","44910","74002.70","74002.70","1.64780000","2026-09-25","UNKNOWN","","","DRAFT"
"UKM_DOCTOR_002","UKM","BUSINESS_MANAGEMENT","DOCTOR","ON_CAMPUS","ukm-doctor-002","DOCTOR OF PHILOSOPHY哲学博士","","","","","6 SEM","53520.0","53520.0","MYR","53520","88190.26","88190.26","1.64780000","2026-09-25","UNKNOWN","","","DRAFT"
"UKM_DOCTOR_003","UKM","NATURAL_SCIENCES","DOCTOR","ON_CAMPUS","ukm-doctor-003","DOCTOR OF PHILOSOPHY哲学博士","","","","","6 SEM","52590.0","52590.0","MYR","52590","86657.80","86657.80","1.64780000","2026-09-25","UNKNOWN","","","DRAFT"
"UKM_DOCTOR_004","UKM","ISLAMIC_STUDIES","DOCTOR","ON_CAMPUS","ukm-doctor-004","DOCTOR OF PHILOSOPHY哲学博士","","","","","6 SEM","43230.0","43230.0","MYR","43230","71234.39","71234.39","1.64780000","2026-09-25","UNKNOWN","","","DRAFT"
"UKM_DOCTOR_005","UKM","NATURAL_SCIENCES","DOCTOR","ON_CAMPUS","ukm-doctor-005","DOCTOR OF PHILOSOPHY哲学博士","","","","","6 SEM","48210.0","48210.0","MYR","48210","79440.44","79440.44","1.64780000","2026-09-25","UNKNOWN","","","DRAFT"
"UKM_DOCTOR_006","UKM","ALLIED_HEALTH","DOCTOR","ON_CAMPUS","ukm-doctor-006","DOCTOR OF PHILOSOPHY (FULL RESEARCH)哲学博士（正研）","","","","","6 SEM","72090.0","72090.0","MYR","72090","118789.90","118789.90","1.64780000","2026-09-25","UNKNOWN","","","DRAFT"
"UKM_DOCTOR_007","UKM","DENTISTRY","DOCTOR","ON_CAMPUS","ukm-doctor-007","DOCTOR OF PHILOSOPHY (FULL RESEARCH)哲学博士（正研）","","","","","6 SEM","72090.0","72090.0","MYR","72090","118789.90","118789.90","1.64780000","2026-09-25","UNKNOWN","","","DRAFT"
"UKM_DOCTOR_008","UKM","ENGINEERING","DOCTOR","ON_CAMPUS","ukm-doctor-008","DOCTOR OF PHILOSOPHY (FULL RESEARCH)哲学博士（正研）","","","","","6 SEM","63810.0","63810.0","MYR","63810","105146.12","105146.12","1.64780000","2026-09-25","UNKNOWN","","","DRAFT"
"UKM_DOCTOR_009","UKM","EDUCATION","DOCTOR","ON_CAMPUS","ukm-doctor-009","DOCTOR OF PHILOSOPHY (FULL RESEARCH)哲学博士（正研）","","","","","6 SEM","51750.0","51750.0","MYR","51750","85273.65","85273.65","1.64780000","2026-09-25","UNKNOWN","","","DRAFT"
"UKM_DOCTOR_010","UKM","MEDICINE","DOCTOR","ON_CAMPUS","ukm-doctor-010","DOCTOR OF PHILOSOPHY (FULL RESEARCH)哲学博士（正研）","","","","","6 SEM","72090.0","72090.0","MYR","72090","118789.90","118789.90","1.64780000","2026-09-25","UNKNOWN","","","DRAFT"
"UKM_DOCTOR_011","UKM","MEDICINE","DOCTOR","ON_CAMPUS","ukm-doctor-011","DOCTOR OF PHILOSOPHY (MIXED MODE) DOCTOR IN PUBLIC HEALTH哲学博士（混合模式） 公共卫生博士","","","","","6 SEM","55830.0","55830.0","MYR","55830","91996.67","91996.67","1.64780000","2026-09-25","UNKNOWN","","","DRAFT"
"UKM_DOCTOR_012","UKM","NATURAL_SCIENCES","DOCTOR","ON_CAMPUS","ukm-doctor-012","DOCTOR OF PHILOSOPHY (FULL RESEARCH)哲学博士（正研）","","","","","6 SEM","63810.0","63810.0","MYR","63810","105146.12","105146.12","1.64780000","2026-09-25","UNKNOWN","","","DRAFT"
"UKM_DOCTOR_013","UKM","LAW","DOCTOR","ON_CAMPUS","ukm-doctor-013","DOCTOR OF PHILOSOPHY (FULL RESEARCH)哲学博士（正研）","","","","","6 SEM","44910.0","44910.0","MYR","44910","74002.70","74002.70","1.64780000","2026-09-25","UNKNOWN","","","DRAFT"
"UKM_DOCTOR_014","UKM","PHARMACY","DOCTOR","ON_CAMPUS","ukm-doctor-014","DOCTOR OF PHILOSOPHY (FULL RESEARCH)哲学博士（正研）","","","","","6 SEM","65490.0","65490.0","MYR","65490","107914.42","107914.42","1.64780000","2026-09-25","UNKNOWN","","","DRAFT"
"USM_DOCTOR_001","USM","NATURAL_SCIENCES","DOCTOR","ON_CAMPUS","usm-doctor-001","博士（应用昆虫学）--生物科学学院 PHD (APPLIED ENTOMOLOGY) - SCHOOL OF BIOLOGICAL SCIENCES","","","","","4-10 SEM","1113.0","1113.0","MYR","1113 /SEM","1834.00","1834.00","1.64780000","2026-09-25","PER_SEMESTER","","","DRAFT"
"USM_DOCTOR_002","USM","NATURAL_SCIENCES","DOCTOR","ON_CAMPUS","usm-doctor-002","博士（动物学）--生物科学学院PHD (ZOOLOGY) - SCHOOL OF BIOLOGICAL SCIENCES","","","","","4-10 SEM","1113.0","1113.0","MYR","1113 /SEM","1834.00","1834.00","1.64780000","2026-09-25","PER_SEMESTER","","","DRAFT"
"USM_DOCTOR_003","USM","NATURAL_SCIENCES","DOCTOR","ON_CAMPUS","usm-doctor-003","博士（应用寄生虫学）--生物科学学院 PHD (APPLIED PARASITOLOGY) - SCHOOL OF BIOLOGICAL SCIENCES","","","","","4-10 SEM","1113.0","1113.0","MYR","1113 /SEM","1834.00","1834.00","1.64780000","2026-09-25","PER_SEMESTER","","","DRAFT"
"USM_DOCTOR_004","USM","NATURAL_SCIENCES","DOCTOR","ON_CAMPUS","usm-doctor-004","博士（微生物学）--化学生物学中心 PHD (MICROBIOLOGY) - CENTRE FOR CHEMICAL BIOLOGY","","","","","4-10 SEM","1113.0","1113.0","MYR","1113 /SEM","1834.00","1834.00","1.64780000","2026-09-25","PER_SEMESTER","","","DRAFT"
"USM_DOCTOR_005","USM","NATURAL_SCIENCES","DOCTOR","ON_CAMPUS","usm-doctor-005","博士（水生生物学）--生物科学学院 PHD (AQUATIC BIOLOGY) – SCHOOL OF BIOLOGICAL SCIENCES","","","","","4-10 SEM","1113.0","1113.0","MYR","1113 /SEM","1834.00","1834.00","1.64780000","2026-09-25","PER_SEMESTER","","","DRAFT"
"USM_DOCTOR_006","USM","NATURAL_SCIENCES","DOCTOR","ON_CAMPUS","usm-doctor-006","博士（物理学）--物理学院PHD (PHYSICS) – SCHOOL OF PHYSICS","","","","","4-10 SEM","1113.0","1113.0","MYR","1113 /SEM","1834.00","1834.00","1.64780000","2026-09-25","PER_SEMESTER","","","DRAFT"
"USM_DOCTOR_007","USM","NATURAL_SCIENCES","DOCTOR","ON_CAMPUS","usm-doctor-007","博士（植物病理学）--生物科学学院 PHD (PLANT PATHOLOGY) - SCHOOL OF BIOLOGICAL SCIENCES","","","","","4-10 SEM","1113.0","1113.0","MYR","1113 /SEM","1834.00","1834.00","1.64780000","2026-09-25","PER_SEMESTER","","","DRAFT"
"USM_DOCTOR_008","USM","EDUCATION","DOCTOR","ON_CAMPUS","usm-doctor-008","博士（统计学）--远程教育学院 PHD (STATISTICS) - SCHOOL OF DISTANCE EDUCATION","","","","","4-10 SEM","1113.0","1113.0","MYR","1113 /SEM","1834.00","1834.00","1.64780000","2026-09-25","PER_SEMESTER","","","DRAFT"
"USM_DOCTOR_009","USM","NATURAL_SCIENCES","DOCTOR","ON_CAMPUS","usm-doctor-009","博士（植物学）--生物科学学院 PHD (BOTANY) - SCHOOL OF BIOLOGICAL SCIENCES","","","","","4-10 SEM","1113.0","1113.0","MYR","1113 /SEM","1834.00","1834.00","1.64780000","2026-09-25","PER_SEMESTER","","","DRAFT"
"USM_DOCTOR_010","USM","NATURAL_SCIENCES","DOCTOR","ON_CAMPUS","usm-doctor-010","博士（生物技术）--生物科学学院 PHD (BIOTECHNOLOGY) - SCHOOL OF BIOLOGICAL SCIENCES","","","","","4-10 SEM","1113.0","1113.0","MYR","1113 /SEM","1834.00","1834.00","1.64780000","2026-09-25","PER_SEMESTER","","","DRAFT"
"USM_DOCTOR_011","USM","NATURAL_SCIENCES","DOCTOR","ON_CAMPUS","usm-doctor-011","博士（化学）--化学科学学院 PHD (CHEMISTRY) - SCHOOL OF CHEMICAL SCIENCES","","","","","4-10 SEM","1113.0","1113.0","MYR","1113 /SEM","1834.00","1834.00","1.64780000","2026-09-25","PER_SEMESTER","","","DRAFT"
"USM_DOCTOR_012","USM","AGRICULTURE_ENVIRONMENT","DOCTOR","ON_CAMPUS","usm-doctor-012","博士（环境生物学）--生物科学学院 PHD (ENVIRONMENTAL BIOLOGY) - SCHOOL OF BIOLOGICAL SCIENCES","","","","","4-10 SEM","1113.0","1113.0","MYR","1113 /SEM","1834.00","1834.00","1.64780000","2026-09-25","PER_SEMESTER","","","DRAFT"
"USM_DOCTOR_013","USM","EDUCATION","DOCTOR","ON_CAMPUS","usm-doctor-013","博士（环境科学）--远程教育学院 PHD (ENVIRONMENTAL SCIENCE) -SCHOOL OF DISTANCE EDUCATION","","","","","4-10 SEM","1113.0","1113.0","MYR","1113 /SEM","1834.00","1834.00","1.64780000","2026-09-25","PER_SEMESTER","","","DRAFT"
"USM_DOCTOR_014","USM","EDUCATION","DOCTOR","ON_CAMPUS","usm-doctor-014","博士（化学）--远程教育学院 PHD (CHEMISTRY) - SCHOOL OF DISTANCE EDUCATION","","","","","4-10 SEM","1113.0","1113.0","MYR","1113 /SEM","1834.00","1834.00","1.64780000","2026-09-25","PER_SEMESTER","","","DRAFT"
"USM_DOCTOR_015","USM","EDUCATION","DOCTOR","ON_CAMPUS","usm-doctor-015","博士（物理）--远程教育学院 PHD (PHYSIC) - SCHOOL OF DISTANCE EDUCATION","","","","","4-10 SEM","1113.0","1113.0","MYR","1113 /SEM","1834.00","1834.00","1.64780000","2026-09-25","PER_SEMESTER","","","DRAFT"
"USM_DOCTOR_016","USM","EDUCATION","DOCTOR","ON_CAMPUS","usm-doctor-016","博士（数学）--远程教育学院 PHD (MATHEMATICS) – SCHOOL OF DISTANCE EDUCATION","","","","","4-10 SEM","1113.0","1113.0","MYR","1113 /SEM","1834.00","1834.00","1.64780000","2026-09-25","PER_SEMESTER","","","DRAFT"
"USM_DOCTOR_017","USM","NATURAL_SCIENCES","DOCTOR","ON_CAMPUS","usm-doctor-017","博士（数学）--数学科学学院 PHD (MATHEMATICS) - SCHOOL OF MATHEMATICAL SCIENCES","","","","","4-10 SEM","1113.0","1113.0","MYR","1113 /SEM","1834.00","1834.00","1.64780000","2026-09-25","PER_SEMESTER","","","DRAFT"
"USM_DOCTOR_018","USM","EDUCATION","DOCTOR","ON_CAMPUS","usm-doctor-018","博士（生物技术）--远程教育学院 PHD (BIOTECHNOLOGY) - SCHOOL OF DISTANCE EDUCATION","","","","","4-10 SEM","1113.0","1113.0","MYR","1113 /SEM","1834.00","1834.00","1.64780000","2026-09-25","PER_SEMESTER","","","DRAFT"
"USM_DOCTOR_019","USM","EDUCATION","DOCTOR","ON_CAMPUS","usm-doctor-019","远程教育学院：博士（水生生物学 PHD (AQUATIC BIOLOGY) - SCHOOL OF DISTANCE EDUCATION","","","","","4-10 SEM","1113.0","1113.0","MYR","1113 /SEM","1834.00","1834.00","1.64780000","2026-09-25","PER_SEMESTER","","","DRAFT"
"USM_DOCTOR_020","USM","EDUCATION","DOCTOR","ON_CAMPUS","usm-doctor-020","远程教育学院：博士（动物学 PHD (ZOOLOGY) - SCHOOL OF DISTANCE EDUCATION","","","","","4-10 SEM","1113.0","1113.0","MYR","1113 /SEM","1834.00","1834.00","1.64780000","2026-09-25","PER_SEMESTER","","","DRAFT"
"USM_DOCTOR_021","USM","EDUCATION","DOCTOR","ON_CAMPUS","usm-doctor-021","博士（微生物学）--远程教育学院 PHD (MICROBIOLOGY) - SCHOOL OF DISTANCE EDUCATION","","","","","4-10 SEM","1113.0","1113.0","MYR","1113 /SEM","1834.00","1834.00","1.64780000","2026-09-25","PER_SEMESTER","","","DRAFT"
"USM_DOCTOR_022","USM","NATURAL_SCIENCES","DOCTOR","ON_CAMPUS","usm-doctor-022","博士（海洋科学）--海洋与海岸研究中心 PHD (MARINE SCIENCES) - CENTRE FOR MARINE AND COASTAL STUDIES","","","","","4-10 SEM","1113.0","1113.0","MYR","1113 /SEM","1834.00","1834.00","1.64780000","2026-09-25","PER_SEMESTER","","","DRAFT"
"USM_DOCTOR_023","USM","EDUCATION","DOCTOR","ON_CAMPUS","usm-doctor-023","博士（环境生物学）--远程教育学院 PHD (ENVIRONMENTAL BIOLOGY) - SCHOOL OF DISTANCE EDUCATION","","","","","4-10 SEM","1113.0","1113.0","MYR","1113 /SEM","1834.00","1834.00","1.64780000","2026-09-25","PER_SEMESTER","","","DRAFT"
"USM_DOCTOR_024","USM","NATURAL_SCIENCES","DOCTOR","ON_CAMPUS","usm-doctor-024","博士（海洋科学）--政策与国际研究中心 PHD (MARINE SCIENCES) - CENTRE FOR POLICY AND INTERNATIONAL RESEARCH CENTER","","","","","4-10 SEM","","","","963 /SEM","","","","","PER_SEMESTER","","","DRAFT"
"USM_DOCTOR_025","USM","NATURAL_SCIENCES","DOCTOR","ON_CAMPUS","usm-doctor-025","博士（生物技术）--化学生物学中心 PHD (BIOTECHNOLOGY) - CENTRE FOR CHEMICAL BIOLOGY","","","","","4-10 SEM","1113.0","1113.0","MYR","1113 /SEM","1834.00","1834.00","1.64780000","2026-09-25","PER_SEMESTER","","","DRAFT"
"USM_DOCTOR_026","USM","EDUCATION","DOCTOR","ON_CAMPUS","usm-doctor-026","博士（分子生物学）--远程教育学院 PHD (MOLECULAR BIOLOGY) - SCHOOL OF DISTANCE EDUCATION","","","","","4-10 SEM","1113.0","1113.0","MYR","1113 /SEM","1834.00","1834.00","1.64780000","2026-09-25","PER_SEMESTER","","","DRAFT"
"USM_DOCTOR_027","USM","NATURAL_SCIENCES","DOCTOR","ON_CAMPUS","usm-doctor-027","博士（海洋科学）--生物科学学院 PHD (MARINE SCIENCES) - SCHOOL OF BIOLOGICAL SCIENCES","","","","","4-10 SEM","1113.0","1113.0","MYR","1113 /SEM","1834.00","1834.00","1.64780000","2026-09-25","PER_SEMESTER","","","DRAFT"
"USM_DOCTOR_028","USM","NATURAL_SCIENCES","DOCTOR","ON_CAMPUS","usm-doctor-028","博士（微生物学）--生物科学学院 PHD (MICROBIOLOGY) - SCHOOL OF BIOLOGICAL SCIENCES","","","","","4-10 SEM","1113.0","1113.0","MYR","1113 /SEM","1834.00","1834.00","1.64780000","2026-09-25","PER_SEMESTER","","","DRAFT"
"USM_DOCTOR_029","USM","NATURAL_SCIENCES","DOCTOR","ON_CAMPUS","usm-doctor-029","博士（分子生物学）--化学生物学中心 PHD (MOLECULAR BIOLOGY) - CENTRE FOR CHEMICAL BIOLOGY","","","","","4-10 SEM","1113.0","1113.0","MYR","1113 /SEM","1834.00","1834.00","1.64780000","2026-09-25","PER_SEMESTER","","","DRAFT"
"USM_DOCTOR_030","USM","NATURAL_SCIENCES","DOCTOR","ON_CAMPUS","usm-doctor-030","博士（统计学）--数学科学学院 PHD (STATISTICS) - SCHOOL OF MATHEMATICAL SCIENCES","","","","","4-10 SEM","1113.0","1113.0","MYR","1113 /SEM","1834.00","1834.00","1.64780000","2026-09-25","PER_SEMESTER","","","DRAFT"
"USM_DOCTOR_031","USM","COMPUTING_IT","DOCTOR","ON_CAMPUS","usm-doctor-031","博士（计算机科学）--计算机科学学院 PHD (COMPUTER SCIENCE) - SCHOOL OF COMPUTER SCIENCES","","","","","4-10 SEM","1400.0","1400.0","MYR","1400 / SEM","2306.92","2306.92","1.64780000","2026-09-25","PER_SEMESTER","","","DRAFT"
"USM_DOCTOR_032","USM","MEDICINE","DOCTOR","ON_CAMPUS","usm-doctor-032","博士（临床药学）--药学院 PHD (CLINICAL PHARMACY) - SCHOOL OF PHARMACEUTICAL SCIENCES","","","","","4-10 SEM","1400.0","1400.0","MYR","1400 / SEM","2306.92","2306.92","1.64780000","2026-09-25","PER_SEMESTER","","","DRAFT"
"USM_DOCTOR_033","USM","PHARMACY","DOCTOR","ON_CAMPUS","usm-doctor-033","博士（药理学）--药学院 PHD (PHARMACOLOGY) - SCHOOL OF PHARMACEUTICAL SCIENCES","","","","","4-10 SEM","1400.0","1400.0","MYR","1400 / SEM","2306.92","2306.92","1.64780000","2026-09-25","PER_SEMESTER","","","DRAFT"
"USM_DOCTOR_034","USM","PHARMACY","DOCTOR","ON_CAMPUS","usm-doctor-034","博士（生理学）--药学院 PHD (PHYSIOLOGY) - SCHOOL OF PHARMACEUTICAL SCIENCES","","","","","4-10 SEM","1400.0","1400.0","MYR","1400 / SEM","2306.92","2306.92","1.64780000","2026-09-25","PER_SEMESTER","","","DRAFT"
"USM_DOCTOR_035","USM","PHARMACY","DOCTOR","ON_CAMPUS","usm-doctor-035","博士（制药技术）--药学院 PHD (PHARMACEUTICAL TECHNOLOGY) - SCHOOL OF PHARMACEUTICAL SCIENCES","","","","","4-10 SEM","1400.0","1400.0","MYR","1400 / SEM","2306.92","2306.92","1.64780000","2026-09-25","PER_SEMESTER","","","DRAFT"
"USM_DOCTOR_036","USM","PHARMACY","DOCTOR","ON_CAMPUS","usm-doctor-036","博士（药物化学）--药学院 PHD (PHARMACEUTICAL CHEMISTRY) - SCHOOL OF PHARMACEUTICAL SCIENCES","","","","","4-10 SEM","1400.0","1400.0","MYR","1400 / SEM","2306.92","2306.92","1.64780000","2026-09-25","PER_SEMESTER","","","DRAFT"
"USM_DOCTOR_037","USM","PHARMACY","DOCTOR","ON_CAMPUS","usm-doctor-037","药学院博士（社会与行政药学 PHD (SOCIAL AND ADMINISTRATIVE PHARMACY) - SCHOOL OF PHARMACEUTICAL SCIENCES","","","","","4-10 SEM","1400.0","1400.0","MYR","1400 / SEM","2306.92","2306.92","1.64780000","2026-09-25","PER_SEMESTER","","","DRAFT"
"USM_DOCTOR_038","USM","PHARMACY","DOCTOR","ON_CAMPUS","usm-doctor-038","博士（药剂学）--药学院 PHD (PHARMACEUTICAL SCIENCES) - SCHOOL OF PHARMACEUTICAL SCIENCES","","","","","4-10 SEM","1400.0","1400.0","MYR","1400 / SEM","2306.92","2306.92","1.64780000","2026-09-25","PER_SEMESTER","","","DRAFT"
"USM_DOCTOR_039","USM","ARCHITECTURE_BUILT_ENVIRONMENT","DOCTOR","ON_CAMPUS","usm-doctor-039","博士（建筑技术）--住房、建筑与规划学院 PHD (BUILDING TECHNOLOGY) - SCHOOL OF HOUSING, BUILDING AND PLANNING","","","","","4-10 SEM","1188.0","1188.0","MYR","1188 / SEM","1957.59","1957.59","1.64780000","2026-09-25","PER_SEMESTER","","","DRAFT"
"USM_DOCTOR_040","USM","ARCHITECTURE_BUILT_ENVIRONMENT","DOCTOR","ON_CAMPUS","usm-doctor-040","博士（建筑学）--房屋建筑与规划学院 PHD (ARCHITECTURE) - SCHOOL OF HOUSING, BUILDING AND PLANNING","","","","","4-10 SEM","1188.0","1188.0","MYR","1188 / SEM","1957.59","1957.59","1.64780000","2026-09-25","PER_SEMESTER","","","DRAFT"
"USM_DOCTOR_041","USM","NATURAL_SCIENCES","DOCTOR","ON_CAMPUS","usm-doctor-041","博士（生物资源、造纸和涂料技术）--工业技术学院 PHD (BIORESOURCE, PAPER AND COATINGS TECHNOLOGY) - SCHOOL OF INDUSTRIAL TECHNOLOGY","","","","","4-10 SEM","1188.0","1188.0","MYR","1188 / SEM","1957.59","1957.59","1.64780000","2026-09-25","PER_SEMESTER","","","DRAFT"
"USM_DOCTOR_042","USM","COMPUTING_IT","DOCTOR","ON_CAMPUS","usm-doctor-042","博士（高级计算机网络）--国家高级 IPv6 中心 PHD (ADVANCED COMPUTER NETWORKS) - NATIONAL ADVANCED IPV6 CENTRE","","","","","4-10 SEM","1400.0","1400.0","MYR","1400 / SEM","2306.92","2306.92","1.64780000","2026-09-25","PER_SEMESTER","","","DRAFT"
"USM_DOCTOR_043","USM","PHARMACY","DOCTOR","ON_CAMPUS","usm-doctor-043","博士（保健生物技术）--马来西亚制药与保健品学院 PHD (HEALTHCARE BIOTECHNOLOGY) – MALAYSIAN INSTITUTE OF PHARMACEUTICALS AND NUTRACEUTICALS","","","","","4-10 SEM","1400.0","1400.0","MYR","1400 / SEM","2306.92","2306.92","1.64780000","2026-09-25","PER_SEMESTER","","","DRAFT"
"USM_DOCTOR_044","USM","PHARMACY","DOCTOR","ON_CAMPUS","usm-doctor-044","博士学位（药剂学）--药物研究中心 PHD (PHARMACY) - CENTRE FOR DRUG RESEARCH","","","","","4-10 SEM","1400.0","1400.0","MYR","1400 / SEM","2306.92","2306.92","1.64780000","2026-09-25","PER_SEMESTER","","","DRAFT"
"USM_DOCTOR_045","USM","ARCHITECTURE_BUILT_ENVIRONMENT","DOCTOR","ON_CAMPUS","usm-doctor-045","博士（规划研究）--住房、建筑与规划学院 PHD (PLANNING STUDIES) - SCHOOL OF HOUSING, BUILDING AND PLANNING","","","","","4-10 SEM","1188.0","1188.0","MYR","1188 / SEM","1957.59","1957.59","1.64780000","2026-09-25","PER_SEMESTER","","","DRAFT"
"USM_DOCTOR_046","USM","PHARMACY","DOCTOR","ON_CAMPUS","usm-doctor-046","博士（药剂学）--国家毒物中心 PHD (PHARMACY) - NATIONAL POISON CENTRE","","","","","4-10 SEM","1400.0","1400.0","MYR","1400 / SEM","2306.92","2306.92","1.64780000","2026-09-25","PER_SEMESTER","","","DRAFT"
"USM_DOCTOR_047","USM","BUSINESS_MANAGEMENT","DOCTOR","ON_CAMPUS","usm-doctor-047","博士（项目管理）--住房、建筑与规划学院 PHD (PROJECT MANAGEMENT) - SCHOOL OF HOUSING, BUILDING AND PLANNING","","","","","4-10 SEM","1188.0","1188.0","MYR","1188 / SEM","1957.59","1957.59","1.64780000","2026-09-25","PER_SEMESTER","","","DRAFT"
"USM_DOCTOR_048","USM","NATURAL_SCIENCES","DOCTOR","ON_CAMPUS","usm-doctor-048","博士（食品技术）--工业技术学院 PHD (FOOD TECHNOLOGY) - SCHOOL OF INDUSTRIAL TECHNOLOGY","","","","","4-10 SEM","1188.0","1188.0","MYR","1188 / SEM","1957.59","1957.59","1.64780000","2026-09-25","PER_SEMESTER","","","DRAFT"
"USM_DOCTOR_049","USM","ARCHITECTURE_BUILT_ENVIRONMENT","DOCTOR","ON_CAMPUS","usm-doctor-049","博士（工料测量）--房屋建筑与规划学院 PHD (QUANTITY SURVEYING) - SCHOOL OF HOUSING, BUILDING AND PLANNING","","","","","4-10 SEM","1188.0","1188.0","MYR","1188 / SEM","1957.59","1957.59","1.64780000","2026-09-25","PER_SEMESTER","","","DRAFT"
"USM_DOCTOR_050","USM","AGRICULTURE_ENVIRONMENT","DOCTOR","ON_CAMPUS","usm-doctor-050","博士（环境技术）--工业技术学院 PHD (ENVIRONMENTAL TECHNOLOGY) - SCHOOL OF INDUSTRIAL TECHNOLOGY","","","","","4-10 SEM","1188.0","1188.0","MYR","1188 / SEM","1957.59","1957.59","1.64780000","2026-09-25","PER_SEMESTER","","","DRAFT"
"USM_DOCTOR_051","USM","ARCHITECTURE_BUILT_ENVIRONMENT","DOCTOR","ON_CAMPUS","usm-doctor-051","博士（房屋）--房屋建筑与规划学院 PHD (HOUSING) - SCHOOL OF HOUSING, BUILDING AND PLANNING","","","","","4-10 SEM","1188.0","1188.0","MYR","1188 / SEM","1957.59","1957.59","1.64780000","2026-09-25","PER_SEMESTER","","","DRAFT"
"USM_DOCTOR_052","USM","ARCHITECTURE_BUILT_ENVIRONMENT","DOCTOR","ON_CAMPUS","usm-doctor-052","博士（室内设计）--房屋建筑与规划学院 PHD (INTERIOR DESIGN) - SCHOOL OF HOUSING, BUILDING AND PLANNING","","","","","4-10 SEM","1188.0","1188.0","MYR","1188 / SEM","1957.59","1957.59","1.64780000","2026-09-25","PER_SEMESTER","","","DRAFT"
"USM_DOCTOR_053","USM","NATURAL_SCIENCES","DOCTOR","ON_CAMPUS","usm-doctor-053","博士（分析生物化学）--分析生物化学研究中心 PHD (ANALYTICAL BIOCHEMISTRY) - ANALYTICAL BIOCHEMISTRY RESEARCH CENTRE","","","","","4-10 SEM","1400.0","1400.0","MYR","1400 / SEM","2306.92","2306.92","1.64780000","2026-09-25","PER_SEMESTER","","","DRAFT"
"USM_DOCTOR_054","USM","ARCHITECTURE_BUILT_ENVIRONMENT","DOCTOR","ON_CAMPUS","usm-doctor-054","博士（建筑测量）--房屋建筑与规划学院 PHD (BUILDING SURVEYING) - SCHOOL OF HOUSING, BUILDING AND PLANNING","","","","","4-10 SEM","1188.0","1188.0","MYR","1188 / SEM","1957.59","1957.59","1.64780000","2026-09-25","PER_SEMESTER","","","DRAFT"
"USM_DOCTOR_055","USM","NATURAL_SCIENCES","DOCTOR","ON_CAMPUS","usm-doctor-055","博士（可持续发展）--全球可持续发展研究中心PHD (SUSTAINABILITY) - CENTRE FOR GLOBAL SUSTAINABILITY STUDIES","","","","","4-10 SEM","1188.0","1188.0","MYR","1188 / SEM","1957.59","1957.59","1.64780000","2026-09-25","PER_SEMESTER","","","DRAFT"
"USM_DOCTOR_056","USM","NATURAL_SCIENCES","DOCTOR","ON_CAMPUS","usm-doctor-056","博士（光电子学）--纳米光电子研究与技术学院 PHD (OPTOELECTRONICS) - INSTITUTE OF NANO-OPTOELECTRONICS RESEARCH AND TECHNOLOGY","","","","","4-10 SEM","1188.0","1188.0","MYR","1188 / SEM","1957.59","1957.59","1.64780000","2026-09-25","PER_SEMESTER","","","DRAFT"
"USM_DOCTOR_057","USM","NATURAL_SCIENCES","DOCTOR","ON_CAMPUS","usm-doctor-057","博士（生物工艺技术）--工业技术学院 PHD (BIOPROCESS TECHNOLOGY) – SCHOOL OF INDUSTRIAL TECHNOLOGY","","","","","4-10 SEM","1188.0","1188.0","MYR","1188 / SEM","1957.59","1957.59","1.64780000","2026-09-25","PER_SEMESTER","","","DRAFT"
"USM_DOCTOR_058","USM","DESIGN_CREATIVE_ARTS","DOCTOR","ON_CAMPUS","usm-doctor-058","博士（口译） - 语言、文学与翻译学院 PHD (INTERPRETATION) - SCHOOL OF LANGUAGES, LITERACIES & TRANSLATION","","","","","4-10 SEM","","","","963 / SEM","","","","","PER_SEMESTER","","","DRAFT"
"USM_DOCTOR_059","USM","DESIGN_CREATIVE_ARTS","DOCTOR","ON_CAMPUS","usm-doctor-059","博士（翻译）--语言、文学与翻译学院 PHD (TRANSLATION) - SCHOOL OF LANGUAGES, LITERACIES & TRANSLATION","","","","","4-10 SEM","","","","963 / SEM","","","","","PER_SEMESTER","","","DRAFT"
"USM_DOCTOR_060","USM","DESIGN_CREATIVE_ARTS","DOCTOR","ON_CAMPUS","usm-doctor-060","博士（语言研究）--语言、文学与翻译学院 PHD (LANGUAGE STUDIES) - SCHOOL OF LANGUAGES, LITERACIES & TRANSLATION","","","","","4-10 SEM","","","","963 / SEM","","","","","PER_SEMESTER","","","DRAFT"
"USM_DOCTOR_061","USM","DESIGN_CREATIVE_ARTS","DOCTOR","ON_CAMPUS","usm-doctor-061","博士（政治学）--政策研究中心 PHD (POLITICAL SCIENCE) - CENTRE FOR POLICY RESEARCH","","","","","4-10 SEM","","","","963 / SEM","","","","","PER_SEMESTER","","","DRAFT"
"USM_DOCTOR_062","USM","BUSINESS_MANAGEMENT","DOCTOR","ON_CAMPUS","usm-doctor-062","博士（发展规划与管理）--政策研究中心 PHD (DEVELOPMENT PLANNING AND MANAGEMENT) - CENTRE FOR POLICY RESEARCH","","","","","4-10 SEM","","","","963 / SEM","","","","","PER_SEMESTER","","","DRAFT"
"USM_DOCTOR_063","USM","DESIGN_CREATIVE_ARTS","DOCTOR","ON_CAMPUS","usm-doctor-063","哲学博士（社会工作）--政策研究中心 PHD (SOCIAL WORK) - CENTRE FOR POLICY RESEARCH","","","","","4-10 SEM","","","","963 / SEM","","","","","PER_SEMESTER","","","DRAFT"
"USM_DOCTOR_064","USM","ECONOMICS","DOCTOR","ON_CAMPUS","usm-doctor-064","博士（经济学）--政策研究中心 PHD (ECONOMICS) - CENTRE FOR POLICY RESEARCH","","","","","4-10 SEM","","","","963 / SEM","","","","","PER_SEMESTER","","","DRAFT"
"USM_DOCTOR_065","USM","DESIGN_CREATIVE_ARTS","DOCTOR","ON_CAMPUS","usm-doctor-065","博士（人类学/社会学）--政策研究中心 PHD (ANTHROPOLOGY/SOCIOLOGY) - CENTRE FOR POLICY RESEARCH","","","","","4-10 SEM","","","","963 / SEM","","","","","PER_SEMESTER","","","DRAFT"
"USM_DOCTOR_066","USM","DESIGN_CREATIVE_ARTS","DOCTOR","ON_CAMPUS","usm-doctor-066","博士（语言学）--人文学院 PHD (LINGUISTICS) - SCHOOL OF HUMANITIES","","","","","4-10 SEM","","","","963 / SEM","","","","","PER_SEMESTER","","","DRAFT"
"USM_DOCTOR_067","USM","DESIGN_CREATIVE_ARTS","DOCTOR","ON_CAMPUS","usm-doctor-067","博士（文明研究）--人文学院 PHD (CIVILIZATION STUDIES) - SCHOOL OF HUMANITIES","","","","","4-10 SEM","","","","963 / SEM","","","","","PER_SEMESTER","","","DRAFT"
"USM_DOCTOR_068","USM","DESIGN_CREATIVE_ARTS","DOCTOR","ON_CAMPUS","usm-doctor-068","博士（哲学）--人文学院 PHD (PHILOSOPHY) - SCHOOL OF HUMANITIES","","","","","4-10 SEM","","","","963 / SEM","","","","","PER_SEMESTER","","","DRAFT"
"USM_DOCTOR_069","USM","DESIGN_CREATIVE_ARTS","DOCTOR","ON_CAMPUS","usm-doctor-069","博士（地理学）--人文学院 PHD (GEOGRAPHY) - SCHOOL OF HUMANITIES","","","","","4-10 SEM","","","","963 / SEM","","","","","PER_SEMESTER","","","DRAFT"
"USM_DOCTOR_070","USM","DESIGN_CREATIVE_ARTS","DOCTOR","ON_CAMPUS","usm-doctor-070","博士（马来语研究）--人文学院 PHD (MALAY LANGUAGE STUDIES) - SCHOOL OF HUMANITIES","","","","","4-10 SEM","","","","963 / SEM","","","","","PER_SEMESTER","","","DRAFT"
"USM_DOCTOR_071","USM","DESIGN_CREATIVE_ARTS","DOCTOR","ON_CAMPUS","usm-doctor-071","博士（文学）--人文学院 PHD (LITERATURE) - SCHOOL OF HUMANITIES","","","","","4-10 SEM","","","","963 / SEM","","","","","PER_SEMESTER","","","DRAFT"
"USM_DOCTOR_072","USM","DESIGN_CREATIVE_ARTS","DOCTOR","ON_CAMPUS","usm-doctor-072","博士（历史）--人文学院 PHD (HISTORY) - SCHOOL OF HUMANITIES","","","","","4-10 SEM","","","","963 / SEM","","","","","PER_SEMESTER","","","DRAFT"
"USM_DOCTOR_073","USM","DESIGN_CREATIVE_ARTS","DOCTOR","ON_CAMPUS","usm-doctor-073","博士（伊斯兰研究）--人文学院 PHD (ISLAMIC STUDIES) - SCHOOL OF HUMANITIES","","","","","4-10 SEM","","","","963 / SEM","","","","","PER_SEMESTER","","","DRAFT"
"USM_DOCTOR_074","USM","DESIGN_CREATIVE_ARTS","DOCTOR","ON_CAMPUS","usm-doctor-074","博士（英语语言文学研究）--人文学院 PHD (ENGLISH LANGUAGE & LITERATURE STUDIES) - SCHOOL OF HUMANITIES","","","","","4-10 SEM","","","","963 / SEM","","","","","PER_SEMESTER","","","DRAFT"
"USM_DOCTOR_075","USM","DESIGN_CREATIVE_ARTS","DOCTOR","ON_CAMPUS","usm-doctor-075","博士（英国文学）--人文学院 PHD (ENGLISH LITERATURE) - SCHOOL OF HUMANITIES","","","","","4-10 SEM","","","","963 / SEM","","","","","PER_SEMESTER","","","DRAFT"
"USM_DOCTOR_076","USM","EDUCATION","DOCTOR","ON_CAMPUS","usm-doctor-076","博士（政治学）--远程教育学院 PHD (POLITICAL SCIENCE) - SCHOOL OF DISTANCE EDUCATION","","","","","4-10 SEM","","","","963 / SEM","","","","","PER_SEMESTER","","","DRAFT"
"USM_DOCTOR_077","USM","ECONOMICS","DOCTOR","ON_CAMPUS","usm-doctor-077","博士（经济学）--远程教育学院 PHD (ECONOMICS) - SCHOOL OF DISTANCE EDUCATION","","","","","4-10 SEM","","","","963 / SEM","","","","","PER_SEMESTER","","","DRAFT"
"USM_DOCTOR_078","USM","EDUCATION","DOCTOR","ON_CAMPUS","usm-doctor-078","博士（人类学/社会学）--远程教育学院 PHD (ANTHROPOLOGY/SOCIOLOGY) - SCHOOL OF DISTANCE EDUCATION","","","","","4-10 SEM","","","","963 / SEM","","","","","PER_SEMESTER","","","DRAFT"
"USM_DOCTOR_079","USM","EDUCATION","DOCTOR","ON_CAMPUS","usm-doctor-079","远程教育学院：历史学博士 PHD (HISTORY) - SCHOOL OF DISTANCE EDUCATION","","","","","4-10 SEM","","","","963 / SEM","","","","","PER_SEMESTER","","","DRAFT"
"USM_DOCTOR_080","USM","EDUCATION","DOCTOR","ON_CAMPUS","usm-doctor-080","远程教育学院：文学博士 PHD (LITERATURE) - SCHOOL OF DISTANCE EDUCATION","","","","","4-10 SEM","","","","963 / SEM","","","","","PER_SEMESTER","","","DRAFT"
"USM_DOCTOR_081","USM","EDUCATION","DOCTOR","ON_CAMPUS","usm-doctor-081","博士（地理学）--远程教育学院 PHD (GEOGRAPHY) - SCHOOL OF DISTANCE EDUCATION","","","","","4-10 SEM","","","","963 / SEM","","","","","PER_SEMESTER","","","DRAFT"
"USM_DOCTOR_082","USM","EDUCATION","DOCTOR","ON_CAMPUS","usm-doctor-082","博士（文明研究）--远程教育学院 PHD (CIVILIZATION STUDIES) - SCHOOL OF DISTANCE EDUCATION","","","","","4-10 SEM","","","","963 / SEM","","","","","PER_SEMESTER","","","DRAFT"
"USM_DOCTOR_083","USM","EDUCATION","DOCTOR","ON_CAMPUS","usm-doctor-083","远程教育学院博士（教育技术 PHD (EDUCATIONAL TECHNOLOGY) - SCHOOL OF DISTANCE EDUCATION","","","","","4-10 SEM","","","","963 / SEM","","","","","PER_SEMESTER","","","DRAFT"
"USM_DOCTOR_084","USM","EDUCATION","DOCTOR","ON_CAMPUS","usm-doctor-084","远程教育学院博士（教育学 PHD (EDUCATION) - SCHOOL OF DISTANCE EDUCATION","","","","","4-10 SEM","","","","963 / SEM","","","","","PER_SEMESTER","","","DRAFT"
"USM_DOCTOR_085","USM","BUSINESS_MANAGEMENT","DOCTOR","ON_CAMPUS","usm-doctor-085","博士（发展规划与管理）--社会科学学院 PHD (DEVELOPMENT PLANNING AND MANAGEMENT) - SCHOOL OF SOCIAL SCIENCES","","","","","4-10 SEM","","","","963 / SEM","","","","","PER_SEMESTER","","","DRAFT"
"USM_DOCTOR_086","USM","EDUCATION","DOCTOR","ON_CAMPUS","usm-doctor-086","博士（高等教育）--国家高等教育研究所 PHD (HIGHER EDUCATION) - NATIONAL HIGHER EDUCATION RESEARCH INSTITUTE","","","","","4-10 SEM","","","","963 / SEM","","","","","PER_SEMESTER","","","DRAFT"
"USM_DOCTOR_087","USM","DESIGN_CREATIVE_ARTS","DOCTOR","ON_CAMPUS","usm-doctor-087","博士（政治学）--社会科学学院 PHD (POLITICAL SCIENCE) - SCHOOL OF SOCIAL SCIENCES","","","","","4-10 SEM","","","","963 / SEM","","","","","PER_SEMESTER","","","DRAFT"
"USM_DOCTOR_088","USM","ALLIED_HEALTH","DOCTOR","ON_CAMPUS","usm-doctor-088","哲学博士（心理学）--社会科学学院 PHD (PSYCHOLOGY) - SCHOOL OF SOCIAL SCIENCES","","","","","4-10 SEM","","","","963 / SEM","","","","","PER_SEMESTER","","","DRAFT"
"USM_DOCTOR_089","USM","BUSINESS_MANAGEMENT","DOCTOR","ON_CAMPUS","usm-doctor-089","哲学博士（伊斯兰发展管理）--伊斯兰发展管理研究中心 PHD (ISLAMIC DEVELOPMENT MANAGEMENT) - CENTRE FOR ISLAMIC DEVELOPMENT MANAGEMENT STUDIES","","","","","4-10 SEM","","","","963 / SEM","","","","","PER_SEMESTER","","","DRAFT"
"USM_DOCTOR_090","USM","DESIGN_CREATIVE_ARTS","DOCTOR","ON_CAMPUS","usm-doctor-090","哲学博士（考古学）--全球考古研究中心PHD (ARCHAEOLOGY) – CENTRE FOR GLOBAL ARCHAEOLOGICAL RESEARCH","","","","","4-10 SEM","","","","963 / SEM","","","","","PER_SEMESTER","","","DRAFT"
"USM_DOCTOR_091","USM","DESIGN_CREATIVE_ARTS","DOCTOR","ON_CAMPUS","usm-doctor-091","哲学博士（人类学/社会学）--社会科学学院 PHD (ANTHROPOLOGY/SOCIOLOGY) - SCHOOL OF SOCIAL SCIENCES","","","","","4-10 SEM","","","","963 / SEM","","","","","PER_SEMESTER","","","DRAFT"
"USM_DOCTOR_092","USM","ECONOMICS","DOCTOR","ON_CAMPUS","usm-doctor-092","哲学博士（经济学）--社会科学学院 PHD (ECONOMICS) - SCHOOL OF SOCIAL SCIENCES","","","","","4-10 SEM","","","","963 / SEM","","","","","PER_SEMESTER","","","DRAFT"
"USM_DOCTOR_093","USM","DESIGN_CREATIVE_ARTS","DOCTOR","ON_CAMPUS","usm-doctor-093","博士（社会工作）--社会科学学院 PHD (SOCIAL WORK) - SCHOOL OF SOCIAL SCIENCES","","","","","4-10 SEM","","","","963 / SEM","","","","","PER_SEMESTER","","","DRAFT"
"USM_DOCTOR_094","USM","BUSINESS_MANAGEMENT","DOCTOR","ON_CAMPUS","usm-doctor-094","工商管理博士（EDBA） - 商学院研究生院 DOCTOR OF BUSINESS ADMINISTRATION (EDBA) - GRADUATE SCHOOL OF BUSINESS","","","","","7-10 SEM","18225.0","18225.0","MYR","18225","30031.16","30031.16","1.64780000","2026-09-25","UNKNOWN","","","DRAFT"
"USM_DOCTOR_095","USM","BUSINESS_MANAGEMENT","DOCTOR","ON_CAMPUS","usm-doctor-095","工商管理博士（DBA）--商学院研究生院 DOCTOR OF BUSINESS ADMINISTRATION (DBA) - GRADUATE SCHOOL OF BUSINESS","","","","","7-10 SEM","15997.0","15997.0","MYR","15997.5","26359.86","26359.86","1.64780000","2026-09-25","UNKNOWN","","","DRAFT"
"USM_DOCTOR_096","USM","EDUCATION","DOCTOR","ON_CAMPUS","usm-doctor-096","博士（教育）--教育研究学院 PHD (EDUCATION) - SCHOOL OF EDUCATIONAL STUDIES","","","","","4-10 SEM","1025.0","1025.0","MYR","1025 / SEM","1689.00","1689.00","1.64780000","2026-09-25","PER_SEMESTER","","","DRAFT"
"USM_DOCTOR_097","USM","EDUCATION","DOCTOR","ON_CAMPUS","usm-doctor-097","博士（教育技术）--教学技术与多媒体中心 PHD (EDUCATIONAL TECHNOLOGY) - CENTRE FOR INSTRUCTIONAL TECHNOLOGY AND MULTIMEDIA","","","","","4-10 SEM","1025.0","1025.0","MYR","1025 / SEM","1689.00","1689.00","1.64780000","2026-09-25","PER_SEMESTER","","","DRAFT"
"USM_DOCTOR_098","USM","DESIGN_CREATIVE_ARTS","DOCTOR","ON_CAMPUS","usm-doctor-098","博士（戏剧与舞台，表演与导演）--艺术学院 PHD (DRAMA & THEATRE, ACTING & DIRECTING) - SCHOOL OF ARTS","","","","","4-10 SEM","1025.0","1025.0","MYR","1025 / SEM","1689.00","1689.00","1.64780000","2026-09-25","PER_SEMESTER","","","DRAFT"
"USM_DOCTOR_099","USM","BUSINESS_MANAGEMENT","DOCTOR","ON_CAMPUS","usm-doctor-099","博士（管理学）--管理学院PHD (MANAGEMENT) - SCHOOL OF MANAGEMENT","","","","","4-10 SEM","1150.0","1150.0","MYR","1150 / SEM","1894.97","1894.97","1.64780000","2026-09-25","PER_SEMESTER","","","DRAFT"
"USM_DOCTOR_100","USM","BUSINESS_MANAGEMENT","DOCTOR","ON_CAMPUS","usm-doctor-100","博士（商学）--商学院 PHD - GRADUATE SCHOOL OF BUSINESS","","","","","4-10 SEM","1150.0","1150.0","MYR","1150 / SEM","1894.97","1894.97","1.64780000","2026-09-25","PER_SEMESTER","","","DRAFT"
"USM_DOCTOR_101","USM","ACCOUNTING_FINANCE","DOCTOR","ON_CAMPUS","usm-doctor-101","博士（金融）--管理学院 PHD (FINANCE) - SCHOOL OF MANAGEMENT","","","","","4-10 SEM","1150.0","1150.0","MYR","1150 / SEM","1894.97","1894.97","1.64780000","2026-09-25","PER_SEMESTER","","","DRAFT"
"USM_DOCTOR_102","USM","ACCOUNTING_FINANCE","DOCTOR","ON_CAMPUS","usm-doctor-102","博士（会计学）--管理学院 PHD (ACCOUNTING) - SCHOOL OF MANAGEMENT","","","","","4-10 SEM","1150.0","1150.0","MYR","1150 / SEM","1894.97","1894.97","1.64780000","2026-09-25","PER_SEMESTER","","","DRAFT"
"USM_DOCTOR_103","USM","DESIGN_CREATIVE_ARTS","DOCTOR","ON_CAMPUS","usm-doctor-103","博士（可持续发展）--全球可持续发展研究中心 PHD (SUSTAINABILITY) - CENTRE FOR GLOBAL SUSTAINABILITY STUDIES","","","","","4-10 SEM","1025.0","1025.0","MYR","1025 / SEM","1689.00","1689.00","1.64780000","2026-09-25","PER_SEMESTER","","","DRAFT"
"USM_DOCTOR_104","USM","DESIGN_CREATIVE_ARTS","DOCTOR","ON_CAMPUS","usm-doctor-104","博士（美术）--艺术学院 PHD (FINE ART) - SCHOOL OF ARTS","","","","","4-10 SEM","1025.0","1025.0","MYR","1025 / SEM","1689.00","1689.00","1.64780000","2026-09-25","PER_SEMESTER","","","DRAFT"
"USM_DOCTOR_105","USM","DESIGN_CREATIVE_ARTS","DOCTOR","ON_CAMPUS","usm-doctor-105","博士（音乐）--艺术学院 PHD (MUSIC) - SCHOOL OF ARTS","","","","","4-10 SEM","1025.0","1025.0","MYR","1025 / SEM","1689.00","1689.00","1.64780000","2026-09-25","PER_SEMESTER","","","DRAFT"
"USM_DOCTOR_106","USM","MEDIA_COMMUNICATION","DOCTOR","ON_CAMPUS","usm-doctor-106","博士（传播）--传播学院 PHD (COMMUNICATION) - SCHOOL OF COMMUNICATION","","","","","4-10 SEM","1025.0","1025.0","MYR","1025 / SEM","1689.00","1689.00","1.64780000","2026-09-25","PER_SEMESTER","","","DRAFT"
"USM_DOCTOR_107","USM","BUSINESS_MANAGEMENT","DOCTOR","ON_CAMPUS","usm-doctor-107","博士（管理学）--远程教育学院 PHD (MANAGEMENT) - SCHOOL OF DISTANCE EDUCATION","","","","","4-10 SEM","","","","963/ SEM","","","","","PER_SEMESTER","","","DRAFT"
"USM_DOCTOR_108","USM","ENGINEERING","DOCTOR","ON_CAMPUS","usm-doctor-108","博士（土木工程）--土木工程学院 PHD (CIVIL ENGINEERING) - SCHOOL OF CIVIL ENGINEERING","","","","","4-10 SEM","1388.0","1388.0","MYR","1,388/ SEM","2287.15","2287.15","1.64780000","2026-09-25","PER_SEMESTER","","","DRAFT"
"USM_DOCTOR_109","USM","ENGINEERING","DOCTOR","ON_CAMPUS","usm-doctor-109","博士（聚合物工程）--材料与矿物资源工程学院PHD (POLYMER ENGINEERING) - SCHOOL OF MATERIALS AND MINERAL RESOURCES ENGINEERING","","","","","4-10 SEM","1388.0","1388.0","MYR","1,388/ SEM","2287.15","2287.15","1.64780000","2026-09-25","PER_SEMESTER","","","DRAFT"
"USM_DOCTOR_110","USM","ENGINEERING","DOCTOR","ON_CAMPUS","usm-doctor-110","博士（化学工程）--化学工程学院 PHD (CHEMICAL ENGINEERING) – SCHOOL OF CHEMICAL ENGINEERING","","","","","4-10 SEM","1388.0","1388.0","MYR","1,388/ SEM","2287.15","2287.15","1.64780000","2026-09-25","PER_SEMESTER","","","DRAFT"
"USM_DOCTOR_111","USM","ENGINEERING","DOCTOR","ON_CAMPUS","usm-doctor-111","博士（材料工程）--材料与矿物资源工程学院 PHD (MATERIAL ENGINEERING) - SCHOOL OF MATERIALS AND MINERAL RESOURCES ENGINEERING","","","","","4-10 SEM","1388.0","1388.0","MYR","1,388/ SEM","2287.15","2287.15","1.64780000","2026-09-25","PER_SEMESTER","","","DRAFT"
"USM_DOCTOR_112","USM","ENGINEERING","DOCTOR","ON_CAMPUS","usm-doctor-112","博士（微电子系统工程）--卓越微电子合作设计中心 PHD (MICROELECTRONIC SYSTEMS ENGINEERING) - COLLABORATIVE MICROELECTRONIC DESIGN EXCELLENCE CENTRE","","","","","4-10 SEM","1388.0","1388.0","MYR","1,388/ SEM","2287.15","2287.15","1.64780000","2026-09-25","PER_SEMESTER","","","DRAFT"
"USM_DOCTOR_113","USM","ENGINEERING","DOCTOR","ON_CAMPUS","usm-doctor-113","博士（机械工程）--机械工程学院 PHD (MECHANICAL ENGINEERING) - SCHOOL OF MECHANICAL ENGINEERING","","","","","4-10 SEM","1388.0","1388.0","MYR","1,388/ SEM","2287.15","2287.15","1.64780000","2026-09-25","PER_SEMESTER","","","DRAFT"
"USM_DOCTOR_114","USM","ENGINEERING","DOCTOR","ON_CAMPUS","usm-doctor-114","博士（矿物资源工程）--材料与矿物资源工程学院 PHD (MINERAL RESOURCES ENGINEERING) - SCHOOL OF MATERIALS AND MINERAL RESOURCES ENGINEERING","","","","","4-10 SEM","1388.0","1388.0","MYR","1,388/ SEM","2287.15","2287.15","1.64780000","2026-09-25","PER_SEMESTER","","","DRAFT"
"USM_DOCTOR_115","USM","ENGINEERING","DOCTOR","ON_CAMPUS","usm-doctor-115","博士（电气与电子工程）--电气与电子工程学院 PHD (ELECTRICAL AND ELECTRONIC ENGINEERING) - SCHOOL OF ELECTRICAL AND ELECTRONIC ENGINEERING","","","","","4-10 SEM","1388.0","1388.0","MYR","1,388/ SEM","2287.15","2287.15","1.64780000","2026-09-25","PER_SEMESTER","","","DRAFT"
"USM_DOCTOR_116","USM","ENGINEERING","DOCTOR","ON_CAMPUS","usm-doctor-116","博士（河流与城市排水工程）--河流工程与城市排水研究中心 PHD (RIVER & URBAN DRAINAGE ENGINEERING) - RIVER ENGINEERING AND URBAN DRAINAGE RESEARCH CENTRE","","","","","4-10 SEM","1388.0","1388.0","MYR","1,388/ SEM","2287.15","2287.15","1.64780000","2026-09-25","PER_SEMESTER","","","DRAFT"
"USM_DOCTOR_117","USM","ENGINEERING","DOCTOR","ON_CAMPUS","usm-doctor-117","博士（航空航天工程）--航空航天工程学院 PHD (AEROSPACE ENGINEERING) - SCHOOL OF AEROSPACE ENGINEERING","","","","","4-10 SEM","1388.0","1388.0","MYR","1,388/ SEM","2287.15","2287.15","1.64780000","2026-09-25","PER_SEMESTER","","","DRAFT"
"USM_DOCTOR_118","USM","MEDICINE","DOCTOR","ON_CAMPUS","usm-doctor-118","心理学博士（临床神经心理学） - sains@kl DOCTOR OF PSYCHOLOGY (NEUROPSYCHOLOGY CLINICAL) - SAINS@KL","","","","","3Y","63000.0","63000.0","MYR","63000","103811.40","103811.40","1.64780000","2026-09-25","UNKNOWN","","","DRAFT"
"USM_DOCTOR_119","USM","MEDICINE","DOCTOR","ON_CAMPUS","usm-doctor-119","心理学博士（临床心理学） - Sains@KL DOCTOR OF PSYCHOLOGY (PSYCHOLOGY CLINICAL) - SAINS@KL","","","","","","","","","","","","","","UNKNOWN","","","DRAFT"
"USM_DOCTOR_120","USM","MEDICINE","DOCTOR","ON_CAMPUS","usm-doctor-120","神经科学博士--医学院 DOCTOR OF NEUROSCIENCE - SCHOOL OF MEDICAL SCIENCES","","","","","3 Y","17775.0","17775.0","MYR","17775","29289.65","29289.65","1.64780000","2026-09-25","UNKNOWN","","","DRAFT"
"USM_DOCTOR_121","USM","MEDICINE","DOCTOR","ON_CAMPUS","usm-doctor-121","牙科学博士（牙科）--牙科学院 PHD (DENTISTRY) - SCHOOL OF DENTAL SCIENCES","","","","","2Y - 5 Y","1400.0","1400.0","MYR","1400 / SEM","2306.92","2306.92","1.64780000","2026-09-25","PER_SEMESTER","","","DRAFT"
"USM_DOCTOR_122","USM","MEDICINE","DOCTOR","ON_CAMPUS","usm-doctor-122","博士（生物医学）--高级医学与牙科学院 PHD (BIOMEDICINE) - ADVANCED MEDICAL AND DENTAL INSTITUTE","","","","","","1575.0","1575.0","MYR","1575 / S","2595.29","2595.29","1.64780000","2026-09-25","UNKNOWN","","","DRAFT"
"USM_DOCTOR_123","USM","MEDICINE","DOCTOR","ON_CAMPUS","usm-doctor-123","博士（营养学）--高级医学和牙科学院 PHD (NUTRITION) - ADVANCED MEDICAL AND DENTAL INSTITUTE","","","","","","","","","","","","","","UNKNOWN","","","DRAFT"
"USM_DOCTOR_124","USM","MEDICINE","DOCTOR","ON_CAMPUS","usm-doctor-124","博士（牙科）--高级医学和牙科研究所 PHD (DENTISTRY) - ADVANCED MEDICAL AND DENTAL INSTITUTE","","","","","","","","","","","","","","UNKNOWN","","","DRAFT"
"USM_DOCTOR_125","USM","MEDICINE","DOCTOR","ON_CAMPUS","usm-doctor-125","博士（分子生物学）--高级医学和牙科学院 PHD (MOLECULAR BIOLOGY) - ADVANCED MEDICAL AND DENTAL INSTITUTE","","","","","","","","","","","","","","UNKNOWN","","","DRAFT"
"USM_DOCTOR_126","USM","MEDICINE","DOCTOR","ON_CAMPUS","usm-doctor-126","博士（药理学）--高级医学和牙科学院 PHD (PHARMACOLOGY) - ADVANCED MEDICAL AND DENTAL INSTITUTE","","","","","","","","","","","","","","UNKNOWN","","","DRAFT"
"USM_DOCTOR_127","USM","MEDICINE","DOCTOR","ON_CAMPUS","usm-doctor-127","博士（人类遗传学）--高级医学和牙科学院 PHD (HUMAN GENETICS) - ADVANCED MEDICAL AND DENTAL INSTITUTE","","","","","","","","","","","","","","UNKNOWN","","","DRAFT"
"USM_DOCTOR_128","USM","MEDICINE","DOCTOR","ON_CAMPUS","usm-doctor-128","博士（医学免疫学）--高级医学和牙科学院 PHD (MEDICAL IMMUNOLOGY) - ADVANCED MEDICAL AND DENTAL INSTITUTE","","","","","","","","","","","","","","UNKNOWN","","","DRAFT"
"USM_DOCTOR_129","USM","MEDICINE","DOCTOR","ON_CAMPUS","usm-doctor-129","博士（医学微生物学）--高级医学和牙科学院 PHD (MEDICAL MICROBIOLOGY) - ADVANCED MEDICAL AND DENTAL INSTITUTE","","","","","","","","","","","","","","UNKNOWN","","","DRAFT"
"USM_DOCTOR_130","USM","MEDICINE","DOCTOR","ON_CAMPUS","usm-doctor-130","博士（核医学）--高级医学和牙科学院 PHD (NUCLEAR MEDICINE) - ADVANCED MEDICAL AND DENTAL INSTITUTE","","","","","","","","","","","","","","UNKNOWN","","","DRAFT"
"USM_DOCTOR_131","USM","MEDICINE","DOCTOR","ON_CAMPUS","usm-doctor-131","博士（社区医学）--高级医学和牙科研究所 PHD (COMMUNITY MEDICINE) - ADVANCED MEDICAL AND DENTAL INSTITUTE","","","","","","","","","","","","","","UNKNOWN","","","DRAFT"
"USM_DOCTOR_132","USM","MEDICINE","DOCTOR","ON_CAMPUS","usm-doctor-132","博士（临床科学）--高级医学和牙科学院 PHD (CLINICAL SCIENCES) - ADVANCED MEDICAL AND DENTAL INSTITUTE","","","","","","","","","","","","","","UNKNOWN","","","DRAFT"
"USM_DOCTOR_133","USM","MEDICINE","DOCTOR","ON_CAMPUS","usm-doctor-133","博士（心理学）--高级医学和牙科学院 PHD (PSYCHOLOGY) - ADVANCED MEDICAL AND DENTAL INSTITUTE","","","","","","","","","","","","","","UNKNOWN","","","DRAFT"
"USM_DOCTOR_134","USM","MEDICINE","DOCTOR","ON_CAMPUS","usm-doctor-134","博士（神经科学）--高级医学和牙科学院 PHD (NEUROSCIENCE) - ADVANCED MEDICAL AND DENTAL INSTITUTE","","","","","","","","","","","","","","UNKNOWN","","","DRAFT"
"USM_DOCTOR_135","USM","MEDICINE","DOCTOR","ON_CAMPUS","usm-doctor-135","博士（体育科学）- 高级医学和牙科学院 PHD (SPORT SCIENCE) - ADVANCED MEDICAL AND DENTAL INSTITUTE","","","","","","","","","","","","","","UNKNOWN","","","DRAFT"
"USM_DOCTOR_136","USM","MEDICINE","DOCTOR","ON_CAMPUS","usm-doctor-136","博士（病理学）- 高级医学和牙科学院 PHD (PATHOLOGY) - ADVANCED MEDICAL AND DENTAL INSTITUTE","","","","","","","","","","","","","","UNKNOWN","","","DRAFT"
"USM_DOCTOR_137","USM","MEDICINE","DOCTOR","ON_CAMPUS","usm-doctor-137","博士（分子医学）- 分子医学研究所 PHD (MOLECULAR MEDICINE) - INSTITUTE FOR RESEARCH IN MOLECULAR MEDICINE","","","","","","","","","","","","","","UNKNOWN","","","DRAFT"
"USM_DOCTOR_138","USM","MEDICINE","DOCTOR","ON_CAMPUS","usm-doctor-138","博士（制药技术）- 高级医学和牙科研究所 PHD (PHARMACEUTICAL TECHNOLOGY) - ADVANCED MEDICAL AND DENTAL INSTITUTE","","","","","","","","","","","","","","UNKNOWN","","","DRAFT"
"USM_DOCTOR_139","USM","MEDICINE","DOCTOR","ON_CAMPUS","usm-doctor-139","博士（药物化学）- 高级医学和牙科研究所 PHD (PHARMACEUTICAL CHEMISTRY) - ADVANCED MEDICAL AND DENTAL INSTITUTE","","","","","","","","","","","","","","UNKNOWN","","","DRAFT"
"USM_DOCTOR_140","USM","MEDICINE","DOCTOR","ON_CAMPUS","usm-doctor-140","博士（药学）- 高级医学和牙科研究所 PHD (PHARMACY) - ADVANCED MEDICAL AND DENTAL INSTITUTE","","","","","","","","","","","","","","UNKNOWN","","","DRAFT"
"UPM_DOCTOR_001","UPM","ACCOUNTING_FINANCE","DOCTOR","ON_CAMPUS","upm-doctor-001","会计Accounting","","","","","","34500.0","34500.0","MYR","4 Y ( 34,500)","56849.10","56849.10","1.64780000","2026-09-25","UNKNOWN","","","DRAFT"
"UPM_DOCTOR_002","UPM","BUSINESS_MANAGEMENT","DOCTOR","ON_CAMPUS","upm-doctor-002","农业综合企业Agribusiness","","","","","","","","","","","","","","UNKNOWN","","","DRAFT"
"UPM_DOCTOR_003","UPM","ECONOMICS","DOCTOR","ON_CAMPUS","upm-doctor-003","农业经济学Agricultural Economics","","","","","","","","","","","","","","UNKNOWN","","","DRAFT"
"UPM_DOCTOR_004","UPM","AGRICULTURE_ENVIRONMENT","DOCTOR","ON_CAMPUS","upm-doctor-004","农业推广Agricultural Extension","","","","","","","","","","","","","","UNKNOWN","","","DRAFT"
"UPM_DOCTOR_005","UPM","AGRICULTURE_ENVIRONMENT","DOCTOR","ON_CAMPUS","upm-doctor-005","农业政策Agricultural Policy","","","","","","","","","","","","","","UNKNOWN","","","DRAFT"
"UPM_DOCTOR_006","UPM","LANGUAGES_LINGUISTICS","DOCTOR","ON_CAMPUS","upm-doctor-006","应用比较语言学Applied Comparative Linguistics","","","","","","","","","","","","","","UNKNOWN","","","DRAFT"
"UPM_DOCTOR_007","UPM","LANGUAGES_LINGUISTICS","DOCTOR","ON_CAMPUS","upm-doctor-007","阿拉伯语Arabic Language","","","","","","","","","","","","","","UNKNOWN","","","DRAFT"
"UPM_DOCTOR_008","UPM","ARCHITECTURE_BUILT_ENVIRONMENT","DOCTOR","ON_CAMPUS","upm-doctor-008","建筑研究Architectural Studies","","","","","","","","","","","","","","UNKNOWN","","","DRAFT"
"UPM_DOCTOR_009","UPM","BUSINESS_MANAGEMENT","DOCTOR","ON_CAMPUS","upm-doctor-009","商业经济学Business Economics","","","","","","","","","","","","","","UNKNOWN","","","DRAFT"
"UPM_DOCTOR_010","UPM","BUSINESS_MANAGEMENT","DOCTOR","ON_CAMPUS","upm-doctor-010","商法Business Law","","","","","","","","","","","","","","UNKNOWN","","","DRAFT"
"UPM_DOCTOR_011","UPM","NATURAL_SCIENCES","DOCTOR","ON_CAMPUS","upm-doctor-011","中国文学Chinese Literature","","","","","","","","","","","","","","UNKNOWN","","","DRAFT"
"UPM_DOCTOR_012","UPM","MEDIA_COMMUNICATION","DOCTOR","ON_CAMPUS","upm-doctor-012","通讯技术Communication Technology","","","","","","","","","","","","","","UNKNOWN","","","DRAFT"
"UPM_DOCTOR_013","UPM","NATURAL_SCIENCES","DOCTOR","ON_CAMPUS","upm-doctor-013","社区发展Community Development","","","","","","","","","","","","","","UNKNOWN","","","DRAFT"
"UPM_DOCTOR_014","UPM","EDUCATION","DOCTOR","ON_CAMPUS","upm-doctor-014","社区教育与发展Community Education and Development","","","","","","","","","","","","","","UNKNOWN","","","DRAFT"
"UPM_DOCTOR_015","UPM","MEDIA_COMMUNICATION","DOCTOR","ON_CAMPUS","upm-doctor-015","企业沟通Corporate Communication","","","","","","","","","","","","","","UNKNOWN","","","DRAFT"
"UPM_DOCTOR_016","UPM","NATURAL_SCIENCES","DOCTOR","ON_CAMPUS","upm-doctor-016","企业领导力Corporate Leadership","","","","","","","","","","","","","","UNKNOWN","","","DRAFT"
"UPM_DOCTOR_017","UPM","EDUCATION","DOCTOR","ON_CAMPUS","upm-doctor-017","课程与教学Curriculum and Instruction","","","","","","","","","","","","","","UNKNOWN","","","DRAFT"
"UPM_DOCTOR_018","UPM","MEDIA_COMMUNICATION","DOCTOR","ON_CAMPUS","upm-doctor-018","发展沟通Development Communication","","","","","","","","","","","","","","UNKNOWN","","","DRAFT"
"UPM_DOCTOR_019","UPM","ALLIED_HEALTH","DOCTOR","ON_CAMPUS","upm-doctor-019","发展心理学Developmental Psychology","","","","","","","","","","","","","","UNKNOWN","","","DRAFT"
"UPM_DOCTOR_020","UPM","NATURAL_SCIENCES","DOCTOR","ON_CAMPUS","upm-doctor-020","话语研究Discourse Studies","","","","","","","","","","","","","","UNKNOWN","","","DRAFT"
"UPM_DOCTOR_021","UPM","ECONOMICS","DOCTOR","ON_CAMPUS","upm-doctor-021","经济学Economics","","","","","","","","","","","","","","UNKNOWN","","","DRAFT"
"UPM_DOCTOR_022","UPM","EDUCATION","DOCTOR","ON_CAMPUS","upm-doctor-022","马来语教育Education in Malay Language","","","","","","","","","","","","","","UNKNOWN","","","DRAFT"
"UPM_DOCTOR_023","UPM","EDUCATION","DOCTOR","ON_CAMPUS","upm-doctor-023","教育行政Educational Administration","","","","","","","","","","","","","","UNKNOWN","","","DRAFT"
"UPM_DOCTOR_024","UPM","ALLIED_HEALTH","DOCTOR","ON_CAMPUS","upm-doctor-024","教育心理学Educational Psychology","","","","","","","","","","","","","","UNKNOWN","","","DRAFT"
"UPM_DOCTOR_025","UPM","EDUCATION","DOCTOR","ON_CAMPUS","upm-doctor-025","教育技术Educational Technology","","","","","","","","","","","","","","UNKNOWN","","","DRAFT"
"UPM_DOCTOR_026","UPM","LANGUAGES_LINGUISTICS","DOCTOR","ON_CAMPUS","upm-doctor-026","英语语言English Language","","","","","","","","","","","","","","UNKNOWN","","","DRAFT"
"UPM_DOCTOR_027","UPM","NATURAL_SCIENCES","DOCTOR","ON_CAMPUS","upm-doctor-027","英语文学English Literature","","","","","","","","","","","","","","UNKNOWN","","","DRAFT"
"UPM_DOCTOR_028","UPM","BUSINESS_MANAGEMENT","DOCTOR","ON_CAMPUS","upm-doctor-028","环境经济、规划与管理Environmental Economics, Planning and Management","","","","","","","","","","","","","","UNKNOWN","","","DRAFT"
"UPM_DOCTOR_029","UPM","EDUCATION","DOCTOR","ON_CAMPUS","upm-doctor-029","环境教育与伦理Environmental Education and Ethics","","","","","","","","","","","","","","UNKNOWN","","","DRAFT"
"UPM_DOCTOR_030","UPM","AGRICULTURE_ENVIRONMENT","DOCTOR","ON_CAMPUS","upm-doctor-030","环境政策与治理Environmental Policy and Governance","","","","","","","","","","","","","","UNKNOWN","","","DRAFT"
"UPM_DOCTOR_031","UPM","NATURAL_SCIENCES","DOCTOR","ON_CAMPUS","upm-doctor-031","民族研究Ethnic Studies","","","","","","","","","","","","","","UNKNOWN","","","DRAFT"
"UPM_DOCTOR_032","UPM","EDUCATION","DOCTOR","ON_CAMPUS","upm-doctor-032","推广教育Extension Education","","","","","","","","","","","","","","UNKNOWN","","","DRAFT"
"UPM_DOCTOR_033","UPM","NATURAL_SCIENCES","DOCTOR","ON_CAMPUS","upm-doctor-033","家庭生态学Family Ecology","","","","","","","","","","","","","","UNKNOWN","","","DRAFT"
"UPM_DOCTOR_034","UPM","BUSINESS_MANAGEMENT","DOCTOR","ON_CAMPUS","upm-doctor-034","家庭经济与管理Family Economics and Management","","","","","","","","","","","","","","UNKNOWN","","","DRAFT"
"UPM_DOCTOR_035","UPM","ACCOUNTING_FINANCE","DOCTOR","ON_CAMPUS","upm-doctor-035","金融Finance","","","","","","","","","","","","","","UNKNOWN","","","DRAFT"
"UPM_DOCTOR_036","UPM","BUSINESS_MANAGEMENT","DOCTOR","ON_CAMPUS","upm-doctor-036","食品管理Food Management","","","","","","","","","","","","","","UNKNOWN","","","DRAFT"
"UPM_DOCTOR_037","UPM","BUSINESS_MANAGEMENT","DOCTOR","ON_CAMPUS","upm-doctor-037","食品服务管理Food Service Management","","","","","","","","","","","","","","UNKNOWN","","","DRAFT"
"UPM_DOCTOR_038","UPM","NATURAL_SCIENCES","DOCTOR","ON_CAMPUS","upm-doctor-038","性别与发展Gender and Development","","","","","","","","","","","","","","UNKNOWN","","","DRAFT"
"UPM_DOCTOR_039","UPM","NATURAL_SCIENCES","DOCTOR","ON_CAMPUS","upm-doctor-039","指导与咨询Guidance and Counselling","","","","","","","","","","","","","","UNKNOWN","","","DRAFT"
"UPM_DOCTOR_040","UPM","BUSINESS_MANAGEMENT","DOCTOR","ON_CAMPUS","upm-doctor-040","清真产品管理Halal Products Management","","","","","","","","","","","","","","UNKNOWN","","","DRAFT"
"UPM_DOCTOR_041","UPM","ALLIED_HEALTH","DOCTOR","ON_CAMPUS","upm-doctor-041","健康教育与通信Health Education and Communication","","","","","","","","","","","","","","UNKNOWN","","","DRAFT"
"UPM_DOCTOR_042","UPM","HOSPITALITY_TOURISM","DOCTOR","ON_CAMPUS","upm-doctor-042","酒店业Hospitality","","","","","","","","","","","","","","UNKNOWN","","","DRAFT"
"UPM_DOCTOR_043","UPM","NATURAL_SCIENCES","DOCTOR","ON_CAMPUS","upm-doctor-043","住房Housing","","","","","","","","","","","","","","UNKNOWN","","","DRAFT"
"UPM_DOCTOR_044","UPM","MEDIA_COMMUNICATION","DOCTOR","ON_CAMPUS","upm-doctor-044","人类交流Human Communication","","","","","","","","","","","","","","UNKNOWN","","","DRAFT"
"UPM_DOCTOR_045","UPM","NATURAL_SCIENCES","DOCTOR","ON_CAMPUS","upm-doctor-045","人类发展Human Development","","","","","","","","","","","","","","UNKNOWN","","","DRAFT"
"UPM_DOCTOR_046","UPM","BUSINESS_MANAGEMENT","DOCTOR","ON_CAMPUS","upm-doctor-046","人力资源开发Human Resource Development","","","","","","","","","","","","","","UNKNOWN","","","DRAFT"
"UPM_DOCTOR_047","UPM","BUSINESS_MANAGEMENT","DOCTOR","ON_CAMPUS","upm-doctor-047","人力资源管理Human Resource Management","","","","","","","","","","","","","","UNKNOWN","","","DRAFT"
"UPM_DOCTOR_048","UPM","DESIGN_CREATIVE_ARTS","DOCTOR","ON_CAMPUS","upm-doctor-048","工业设计Industrial Design","","","","","","","","","","","","","","UNKNOWN","","","DRAFT"
"UPM_DOCTOR_049","UPM","EDUCATION","DOCTOR","ON_CAMPUS","upm-doctor-049","教学技术与创新Instructional Technology and Innovation","","","","","","","","","","","","","","UNKNOWN","","","DRAFT"
"UPM_DOCTOR_050","UPM","DESIGN_CREATIVE_ARTS","DOCTOR","ON_CAMPUS","upm-doctor-050","综合设计研究Integrated Design Studies","","","","","","","","","","","","","","UNKNOWN","","","DRAFT"
"UPM_DOCTOR_051","UPM","MEDIA_COMMUNICATION","DOCTOR","ON_CAMPUS","upm-doctor-051","新闻学Journalism","","","","","","","","","","","","","","UNKNOWN","","","DRAFT"
"UPM_DOCTOR_052","UPM","LANGUAGES_LINGUISTICS","DOCTOR","ON_CAMPUS","upm-doctor-052","日语Japanese Language","","","","","","","","","","","","","","UNKNOWN","","","DRAFT"
"UPM_DOCTOR_053","UPM","NATURAL_SCIENCES","DOCTOR","ON_CAMPUS","upm-doctor-053","景观研究Landscape Studies","","","","","","","","","","","","","","UNKNOWN","","","DRAFT"
"UPM_DOCTOR_054","UPM","NATURAL_SCIENCES","DOCTOR","ON_CAMPUS","upm-doctor-054","领导力研究Leadership Studies","","","","","","","","","","","","","","UNKNOWN","","","DRAFT"
"UPM_DOCTOR_055","UPM","NATURAL_SCIENCES","DOCTOR","ON_CAMPUS","upm-doctor-055","读写研究Literacy Studies","","","","","","","","","","","","","","UNKNOWN","","","DRAFT"
"UPM_DOCTOR_056","UPM","NATURAL_SCIENCES","DOCTOR","ON_CAMPUS","upm-doctor-056","文学与文化研究Literary and Cultural Studies","","","","","","","","","","","","","","UNKNOWN","","","DRAFT"
"UPM_DOCTOR_057","UPM","LANGUAGES_LINGUISTICS","DOCTOR","ON_CAMPUS","upm-doctor-057","马来语Malay Language","","","","","","","","","","","","","","UNKNOWN","","","DRAFT"
"UPM_DOCTOR_058","UPM","NATURAL_SCIENCES","DOCTOR","ON_CAMPUS","upm-doctor-058","马来文学Malay Literature","","","","","","","","","","","","","","UNKNOWN","","","DRAFT"
"UPM_DOCTOR_059","UPM","BUSINESS_MANAGEMENT","DOCTOR","ON_CAMPUS","upm-doctor-059","管理Management","","","","","","","","","","","","","","UNKNOWN","","","DRAFT"
"UPM_DOCTOR_060","UPM","BUSINESS_MANAGEMENT","DOCTOR","ON_CAMPUS","upm-doctor-060","市场营销Marketing","","","","","","","","","","","","","","UNKNOWN","","","DRAFT"
"UPM_DOCTOR_061","UPM","MEDIA_COMMUNICATION","DOCTOR","ON_CAMPUS","upm-doctor-061","大众传播Mass Communication","","","","","","","","","","","","","","UNKNOWN","","","DRAFT"
"UPM_DOCTOR_062","UPM","EDUCATION","DOCTOR","ON_CAMPUS","upm-doctor-062","道德教育Moral Education","","","","","","","","","","","","","","UNKNOWN","","","DRAFT"
"UPM_DOCTOR_063","UPM","DESIGN_CREATIVE_ARTS","DOCTOR","ON_CAMPUS","upm-doctor-063","音乐Music","","","","","","","","","","","","","","UNKNOWN","","","DRAFT"
"UPM_DOCTOR_064","UPM","NATURAL_SCIENCES","DOCTOR","ON_CAMPUS","upm-doctor-064","自然资源政策Natural Resource Policy","","","","","","","","","","","","","","UNKNOWN","","","DRAFT"
"UPM_DOCTOR_065","UPM","MEDIA_COMMUNICATION","DOCTOR","ON_CAMPUS","upm-doctor-065","组织传播Organizational Communication","","","","","","","","","","","","","","UNKNOWN","","","DRAFT"
"UPM_DOCTOR_066","UPM","NATURAL_SCIENCES","DOCTOR","ON_CAMPUS","upm-doctor-066","哲学与文明研究Philosophy and Civilization Studies","","","","","","","","","","","","","","UNKNOWN","","","DRAFT"
"UPM_DOCTOR_067","UPM","EDUCATION","DOCTOR","ON_CAMPUS","upm-doctor-067","体育Physical Education","","","","","","","","","","","","","","UNKNOWN","","","DRAFT"
"UPM_DOCTOR_068","UPM","NATURAL_SCIENCES","DOCTOR","ON_CAMPUS","upm-doctor-068","政治与政府Politics and Government","","","","","","","","","","","","","","UNKNOWN","","","DRAFT"
"UPM_DOCTOR_069","UPM","ALLIED_HEALTH","DOCTOR","ON_CAMPUS","upm-doctor-069","心理学与儿童发展Psychology and Child Development","","","","","","","","","","","","","","UNKNOWN","","","DRAFT"
"UPM_DOCTOR_070","UPM","NATURAL_SCIENCES","DOCTOR","ON_CAMPUS","upm-doctor-070","农村进步Rural Advancement","","","","","","","","","","","","","","UNKNOWN","","","DRAFT"
"UPM_DOCTOR_071","UPM","LAW","DOCTOR","ON_CAMPUS","upm-doctor-071","伊斯兰教法和清真法Shariah and Halal Laws","","","","","","","","","","","","","","UNKNOWN","","","DRAFT"
"UPM_DOCTOR_072","UPM","NATURAL_SCIENCES","DOCTOR","ON_CAMPUS","upm-doctor-072","社会老年学Social Gerontology","","","","","","","","","","","","","","UNKNOWN","","","DRAFT"
"UPM_DOCTOR_073","UPM","ALLIED_HEALTH","DOCTOR","ON_CAMPUS","upm-doctor-073","社会心理学Social Psychology","","","","","","","","","","","","","","UNKNOWN","","","DRAFT"
"UPM_DOCTOR_074","UPM","EDUCATION","DOCTOR","ON_CAMPUS","upm-doctor-074","教育社会学Sociology of Education","","","","","","","","","","","","","","UNKNOWN","","","DRAFT"
"UPM_DOCTOR_075","UPM","HOSPITALITY_TOURISM","DOCTOR","ON_CAMPUS","upm-doctor-075","可持续休闲与生态旅游Sustainable Recreation and Ecotourism","","","","","","","","","","","","","","UNKNOWN","","","DRAFT"
"UPM_DOCTOR_076","UPM","EDUCATION","DOCTOR","ON_CAMPUS","upm-doctor-076","英语作为第二语言的教学Teaching of English as a Second Language","","","","","","","","","","","","","","UNKNOWN","","","DRAFT"
"UPM_DOCTOR_077","UPM","EDUCATION","DOCTOR","ON_CAMPUS","upm-doctor-077","马来文学的教学Teaching of Malay Literature","","","","","","","","","","","","","","UNKNOWN","","","DRAFT"
"UPM_DOCTOR_078","UPM","EDUCATION","DOCTOR","ON_CAMPUS","upm-doctor-078","技术和职业教育Technical and Vocational Education","","","","","","","","","","","","","","UNKNOWN","","","DRAFT"
"UPM_DOCTOR_079","UPM","HOSPITALITY_TOURISM","DOCTOR","ON_CAMPUS","upm-doctor-079","旅游Tourism","","","","","","","","","","","","","","UNKNOWN","","","DRAFT"
"UPM_DOCTOR_080","UPM","LANGUAGES_LINGUISTICS","DOCTOR","ON_CAMPUS","upm-doctor-080","翻译和口译Translation and Interpretation","","","","","","","","","","","","","","UNKNOWN","","","DRAFT"
"UPM_DOCTOR_081","UPM","DESIGN_CREATIVE_ARTS","DOCTOR","ON_CAMPUS","upm-doctor-081","城市规划与设计Urban Planning and Design","","","","","","","","","","","","","","UNKNOWN","","","DRAFT"
"UPM_DOCTOR_082","UPM","NATURAL_SCIENCES","DOCTOR","ON_CAMPUS","upm-doctor-082","青年研究Youth Studies","","","","","","","","","","","","","","UNKNOWN","","","DRAFT"
"UPM_DOCTOR_083","UPM","NATURAL_SCIENCES","DOCTOR","ON_CAMPUS","upm-doctor-083","先进材料Advanced Materials","","","","","","44200.0","44200.0","MYR","4 Y( 44,200)","72832.76","72832.76","1.64780000","2026-09-25","UNKNOWN","","","DRAFT"
"UPM_DOCTOR_084","UPM","ENGINEERING","DOCTOR","ON_CAMPUS","upm-doctor-084","农业机械化与自动化Agricultural Mechanisation and Automation","","","","","","","","","","","","","","UNKNOWN","","","DRAFT"
"UPM_DOCTOR_085","UPM","ENGINEERING","DOCTOR","ON_CAMPUS","upm-doctor-085","农业技术Agricultural Technology","","","","","","","","","","","","","","UNKNOWN","","","DRAFT"
"UPM_DOCTOR_086","UPM","ENGINEERING","DOCTOR","ON_CAMPUS","upm-doctor-086","农业基因组学Agriculture Genomics","","","","","","","","","","","","","","UNKNOWN","","","DRAFT"
"UPM_DOCTOR_087","UPM","ENGINEERING","DOCTOR","ON_CAMPUS","upm-doctor-087","农学Agronomy","","","","","","","","","","","","","","UNKNOWN","","","DRAFT"
"UPM_DOCTOR_088","UPM","ENGINEERING","DOCTOR","ON_CAMPUS","upm-doctor-088","分析和结构数学Analytical and Structural Mathematics","","","","","","","","","","","","","","UNKNOWN","","","DRAFT"
"UPM_DOCTOR_089","UPM","ENGINEERING","DOCTOR","ON_CAMPUS","upm-doctor-089","分析化学Analytical Chemistry","","","","","","","","","","","","","","UNKNOWN","","","DRAFT"
"UPM_DOCTOR_090","UPM","ENGINEERING","DOCTOR","ON_CAMPUS","upm-doctor-090","解剖学和组织学Anatomy and Histology","","","","","","","","","","","","","","UNKNOWN","","","DRAFT"
"UPM_DOCTOR_091","UPM","ENGINEERING","DOCTOR","ON_CAMPUS","upm-doctor-091","动物行为与福利Animal Behaviour and Welfare","","","","","","","","","","","","","","UNKNOWN","","","DRAFT"
"UPM_DOCTOR_092","UPM","ENGINEERING","DOCTOR","ON_CAMPUS","upm-doctor-092","动物生物技术Animal Biotechnology","","","","","","","","","","","","","","UNKNOWN","","","DRAFT"
"UPM_DOCTOR_093","UPM","ENGINEERING","DOCTOR","ON_CAMPUS","upm-doctor-093","动物营养学Animal Nutrition","","","","","","","","","","","","","","UNKNOWN","","","DRAFT"
"UPM_DOCTOR_094","UPM","ENGINEERING","DOCTOR","ON_CAMPUS","upm-doctor-094","动物生理学Animal Physiology","","","","","","","","","","","","","","UNKNOWN","","","DRAFT"
"UPM_DOCTOR_095","UPM","ENGINEERING","DOCTOR","ON_CAMPUS","upm-doctor-095","动物生产Animal Production","","","","","","","","","","","","","","UNKNOWN","","","DRAFT"
"UPM_DOCTOR_096","UPM","ENGINEERING","DOCTOR","ON_CAMPUS","upm-doctor-096","动物科学Animal Sciences","","","","","","","","","","","","","","UNKNOWN","","","DRAFT"
"UPM_DOCTOR_097","UPM","ENGINEERING","DOCTOR","ON_CAMPUS","upm-doctor-097","动物福利Animal Welfare","","","","","","","","","","","","","","UNKNOWN","","","DRAFT"
"UPM_DOCTOR_098","UPM","COMPUTING_IT","DOCTOR","ON_CAMPUS","upm-doctor-098","应用和计算统计学Applied and Computational Statistics","","","","","","","","","","","","","","UNKNOWN","","","DRAFT"
"UPM_DOCTOR_099","UPM","ENGINEERING","DOCTOR","ON_CAMPUS","upm-doctor-099","应用数学Applied Mathematics","","","","","","","","","","","","","","UNKNOWN","","","DRAFT"
"UPM_DOCTOR_100","UPM","ENGINEERING","DOCTOR","ON_CAMPUS","upm-doctor-100","应用物理学Applied Physics","","","","","","","","","","","","","","UNKNOWN","","","DRAFT"
"UPM_DOCTOR_101","UPM","ENGINEERING","DOCTOR","ON_CAMPUS","upm-doctor-101","水产信息学Aqua informatics","","","","","","","","","","","","","","UNKNOWN","","","DRAFT"
"UPM_DOCTOR_102","UPM","ENGINEERING","DOCTOR","ON_CAMPUS","upm-doctor-102","水产养殖Aquaculture","","","","","","","","","","","","","","UNKNOWN","","","DRAFT"
"UPM_DOCTOR_103","UPM","ENGINEERING","DOCTOR","ON_CAMPUS","upm-doctor-103","水产养殖生物技术Aquaculture Biotechnology","","","","","","","","","","","","","","UNKNOWN","","","DRAFT"
"UPM_DOCTOR_104","UPM","ENGINEERING","DOCTOR","ON_CAMPUS","upm-doctor-104","水生动物健康Aquatic Animal Health","","","","","","","","","","","","","","UNKNOWN","","","DRAFT"
"UPM_DOCTOR_105","UPM","ENGINEERING","DOCTOR","ON_CAMPUS","upm-doctor-105","水生生物技术Aquatic Biotechnology","","","","","","","","","","","","","","UNKNOWN","","","DRAFT"
"UPM_DOCTOR_106","UPM","ENGINEERING","DOCTOR","ON_CAMPUS","upm-doctor-106","禽科医学Avian Medicine","","","","","","","","","","","","","","UNKNOWN","","","DRAFT"
"UPM_DOCTOR_107","UPM","ENGINEERING","DOCTOR","ON_CAMPUS","upm-doctor-107","细菌学Bacteriology","","","","","","","","","","","","","","UNKNOWN","","","DRAFT"
"UPM_DOCTOR_108","UPM","ENGINEERING","DOCTOR","ON_CAMPUS","upm-doctor-108","生物化学Biochemistry","","","","","","","","","","","","","","UNKNOWN","","","DRAFT"
"UPM_DOCTOR_109","UPM","ENGINEERING","DOCTOR","ON_CAMPUS","upm-doctor-109","生物复合材料技术与设计Bio-composite Technology and Design","","","","","","","","","","","","","","UNKNOWN","","","DRAFT"
"UPM_DOCTOR_110","UPM","ENGINEERING","DOCTOR","ON_CAMPUS","upm-doctor-110","生物多样性和自然资源保护Biodiversity and Conservation of Natural Resources","","","","","","","","","","","","","","UNKNOWN","","","DRAFT"
"UPM_DOCTOR_111","UPM","ENGINEERING","DOCTOR","ON_CAMPUS","upm-doctor-111","生物信息学和系统生物学Bioinformatics and System Biology","","","","","","","","","","","","","","UNKNOWN","","","DRAFT"
"UPM_DOCTOR_112","UPM","ENGINEERING","DOCTOR","ON_CAMPUS","upm-doctor-112","生物聚合物、纸浆和造纸技术Biopolymer, Pulp and Paper Technology","","","","","","","","","","","","","","UNKNOWN","","","DRAFT"
"UPM_DOCTOR_113","UPM","ENGINEERING","DOCTOR","ON_CAMPUS","upm-doctor-113","生物资源和技术Bioresource and Technology","","","","","","","","","","","","","","UNKNOWN","","","DRAFT"
"UPM_DOCTOR_114","UPM","BUSINESS_MANAGEMENT","DOCTOR","ON_CAMPUS","upm-doctor-114","生物资源管理Bioresource Management","","","","","","","","","","","","","","UNKNOWN","","","DRAFT"
"UPM_DOCTOR_115","UPM","BUSINESS_MANAGEMENT","DOCTOR","ON_CAMPUS","upm-doctor-115","生物技术与生物创业Biotechnology with Bio-entrepreneurship","","","","","","","","","","","","","","UNKNOWN","","","DRAFT"
"UPM_DOCTOR_116","UPM","ENGINEERING","DOCTOR","ON_CAMPUS","upm-doctor-116","生物治疗学Biotherapeutics","","","","","","","","","","","","","","UNKNOWN","","","DRAFT"
"UPM_DOCTOR_117","UPM","ENGINEERING","DOCTOR","ON_CAMPUS","upm-doctor-117","癌症生物学和肿瘤学Cancer Biology and Oncology","","","","","","","","","","","","","","UNKNOWN","","","DRAFT"
"UPM_DOCTOR_118","UPM","ENGINEERING","DOCTOR","ON_CAMPUS","upm-doctor-118","催化Catalysis","","","","","","","","","","","","","","UNKNOWN","","","DRAFT"
"UPM_DOCTOR_119","UPM","ENGINEERING","DOCTOR","ON_CAMPUS","upm-doctor-119","细胞生物技术Cell Biotechnology","","","","","","","","","","","","","","UNKNOWN","","","DRAFT"
"UPM_DOCTOR_120","UPM","ENGINEERING","DOCTOR","ON_CAMPUS","upm-doctor-120","化学病理学Chemical Pathology","","","","","","","","","","","","","","UNKNOWN","","","DRAFT"
"UPM_DOCTOR_121","UPM","ENGINEERING","DOCTOR","ON_CAMPUS","upm-doctor-121","临床营养学Clinical Nutrition","","","","","","","","","","","","","","UNKNOWN","","","DRAFT"
"UPM_DOCTOR_122","UPM","ENGINEERING","DOCTOR","ON_CAMPUS","upm-doctor-122","临床病理学Clinical Pathology","","","","","","","","","","","","","","UNKNOWN","","","DRAFT"
"UPM_DOCTOR_123","UPM","ENGINEERING","DOCTOR","ON_CAMPUS","upm-doctor-123","临床心理学Clinical Psychology","","","","","","","","","","","","","","UNKNOWN","","","DRAFT"
"UPM_DOCTOR_124","UPM","ENGINEERING","DOCTOR","ON_CAMPUS","upm-doctor-124","社区营养学Community Nutrition","","","","","","","","","","","","","","UNKNOWN","","","DRAFT"
"UPM_DOCTOR_125","UPM","COMPUTING_IT","DOCTOR","ON_CAMPUS","upm-doctor-125","可计算结构和科学计算Computable Structures and Scientifics Computing","","","","","","","","","","","","","","UNKNOWN","","","DRAFT"
"UPM_DOCTOR_126","UPM","COMPUTING_IT","DOCTOR","ON_CAMPUS","upm-doctor-126","计算数学Computational Mathematics","","","","","","","","","","","","","","UNKNOWN","","","DRAFT"
"UPM_DOCTOR_127","UPM","COMPUTING_IT","DOCTOR","ON_CAMPUS","upm-doctor-127","计算运筹学Computational Operations Research","","","","","","","","","","","","","","UNKNOWN","","","DRAFT"
"UPM_DOCTOR_128","UPM","COMPUTING_IT","DOCTOR","ON_CAMPUS","upm-doctor-128","计算机图形学Computer Graphics","","","","","","","","","","","","","","UNKNOWN","","","DRAFT"
"UPM_DOCTOR_129","UPM","COMPUTING_IT","DOCTOR","ON_CAMPUS","upm-doctor-129","计算机网络Computer Networks","","","","","","","","","","","","","","UNKNOWN","","","DRAFT"
"UPM_DOCTOR_130","UPM","COMPUTING_IT","DOCTOR","ON_CAMPUS","upm-doctor-130","计算机视觉Computer Vision","","","","","","","","","","","","","","UNKNOWN","","","DRAFT"
"UPM_DOCTOR_131","UPM","COMPUTING_IT","DOCTOR","ON_CAMPUS","upm-doctor-131","数据库系统Database Systems","","","","","","","","","","","","","","UNKNOWN","","","DRAFT"
"UPM_DOCTOR_132","UPM","COMPUTING_IT","DOCTOR","ON_CAMPUS","upm-doctor-132","生态学Ecology","","","","","","","","","","","","","","UNKNOWN","","","DRAFT"
"UPM_DOCTOR_133","UPM","ENGINEERING","DOCTOR","ON_CAMPUS","upm-doctor-133","能源Energy","","","","","","","","","","","","","","UNKNOWN","","","DRAFT"
"UPM_DOCTOR_134","UPM","ENGINEERING","DOCTOR","ON_CAMPUS","upm-doctor-134","工程和可再生能源Engineering and Renewable Energy","","","","","","","","","","","","","","UNKNOWN","","","DRAFT"
"UPM_DOCTOR_135","UPM","ENGINEERING","DOCTOR","ON_CAMPUS","upm-doctor-135","昆虫学Entomology","","","","","","","","","","","","","","UNKNOWN","","","DRAFT"
"UPM_DOCTOR_136","UPM","ENGINEERING","DOCTOR","ON_CAMPUS","upm-doctor-136","环境生物技术Environmental Biotechnology","","","","","","","","","","","","","","UNKNOWN","","","DRAFT"
"UPM_DOCTOR_137","UPM","ENGINEERING","DOCTOR","ON_CAMPUS","upm-doctor-137","环境健康Environmental Health","","","","","","","","","","","","","","UNKNOWN","","","DRAFT"
"UPM_DOCTOR_138","UPM","ENGINEERING","DOCTOR","ON_CAMPUS","upm-doctor-138","环境水文与水文地质学Environmental Hydrology and Hydrogeology","","","","","","","","","","","","","","UNKNOWN","","","DRAFT"
"UPM_DOCTOR_139","UPM","ENGINEERING","DOCTOR","ON_CAMPUS","upm-doctor-139","环境污染控制技术Environmental Pollution Control Technology","","","","","","","","","","","","","","UNKNOWN","","","DRAFT"
"UPM_DOCTOR_140","UPM","ENGINEERING","DOCTOR","ON_CAMPUS","upm-doctor-140","环境质量与保护Environmental Quality and Conservation","","","","","","","","","","","","","","UNKNOWN","","","DRAFT"
"UPM_DOCTOR_141","UPM","ENGINEERING","DOCTOR","ON_CAMPUS","upm-doctor-141","环境系统与建模Environmental System and Modelling","","","","","","","","","","","","","","UNKNOWN","","","DRAFT"
"UPM_DOCTOR_142","UPM","ENGINEERING","DOCTOR","ON_CAMPUS","upm-doctor-142","酶生物技术Enzyme Biotechnology","","","","","","","","","","","","","","UNKNOWN","","","DRAFT"
"UPM_DOCTOR_143","UPM","ENGINEERING","DOCTOR","ON_CAMPUS","upm-doctor-143","流行病学与生物统计学Epidemiology and Biostatistics","","","","","","","","","","","","","","UNKNOWN","","","DRAFT"
"UPM_DOCTOR_144","UPM","ENGINEERING","DOCTOR","ON_CAMPUS","upm-doctor-144","流行病学与公共卫生Epidemiology and Public Health","","","","","","","","","","","","","","UNKNOWN","","","DRAFT"
"UPM_DOCTOR_145","UPM","ENGINEERING","DOCTOR","ON_CAMPUS","upm-doctor-145","马医学Equine Medicine","","","","","","","","","","","","","","UNKNOWN","","","DRAFT"
"UPM_DOCTOR_146","UPM","ENGINEERING","DOCTOR","ON_CAMPUS","upm-doctor-146","民族数学Ethnomathematics","","","","","","","","","","","","","","UNKNOWN","","","DRAFT"
"UPM_DOCTOR_147","UPM","ENGINEERING","DOCTOR","ON_CAMPUS","upm-doctor-147","农场结构Farm Structures","","","","","","","","","","","","","","UNKNOWN","","","DRAFT"
"UPM_DOCTOR_148","UPM","ACCOUNTING_FINANCE","DOCTOR","ON_CAMPUS","upm-doctor-148","金融数学Financial Mathematics","","","","","","","","","","","","","","UNKNOWN","","","DRAFT"
"UPM_DOCTOR_149","UPM","NATURAL_SCIENCES","DOCTOR","ON_CAMPUS","upm-doctor-149","流体动力学Fluid Dynamics","","","","","","","","","","","","","","UNKNOWN","","","DRAFT"
"UPM_DOCTOR_150","UPM","NATURAL_SCIENCES","DOCTOR","ON_CAMPUS","upm-doctor-150","食品生物技术Food Biotechnology","","","","","","","","","","","","","","UNKNOWN","","","DRAFT"
"UPM_DOCTOR_151","UPM","ENGINEERING","DOCTOR","ON_CAMPUS","upm-doctor-151","食品安全Food Safety","","","","","","","","","","","","","","UNKNOWN","","","DRAFT"
"UPM_DOCTOR_152","UPM","NATURAL_SCIENCES","DOCTOR","ON_CAMPUS","upm-doctor-152","食品安全与气候变化Food Security and Climate Changes","","","","","","","","","","","","","","UNKNOWN","","","DRAFT"
"UPM_DOCTOR_153","UPM","NATURAL_SCIENCES","DOCTOR","ON_CAMPUS","upm-doctor-153","食品技术Food Technology","","","","","","","","","","","","","","UNKNOWN","","","DRAFT"
"UPM_DOCTOR_154","UPM","BUSINESS_MANAGEMENT","DOCTOR","ON_CAMPUS","upm-doctor-154","森林管理和生态系统科学Forest Management and Ecosystem Sciences","","","","","","","","","","","","","","UNKNOWN","","","DRAFT"
"UPM_DOCTOR_155","UPM","MEDICINE","DOCTOR","ON_CAMPUS","upm-doctor-155","林业Forestry","","","","","","","","","","","","","","UNKNOWN","","","DRAFT"
"UPM_DOCTOR_156","UPM","MEDICINE","DOCTOR","ON_CAMPUS","upm-doctor-156","遗传学Genetics","","","","","","","","","","","","","","UNKNOWN","","","DRAFT"
"UPM_DOCTOR_157","UPM","MEDICINE","DOCTOR","ON_CAMPUS","upm-doctor-157","遗传与育种Genetics and Breeding","","","","","","","","","","","","","","UNKNOWN","","","DRAFT"
"UPM_DOCTOR_158","UPM","MEDICINE","DOCTOR","ON_CAMPUS","upm-doctor-158","地理信息系统Geographic Information System","","","","","","","","","","","","","","UNKNOWN","","","DRAFT"
"UPM_DOCTOR_159","UPM","ENGINEERING","DOCTOR","ON_CAMPUS","upm-doctor-159","老年技术Gerontechnology","","","","","","","","","","","","","","UNKNOWN","","","DRAFT"
"UPM_DOCTOR_160","UPM","ENGINEERING","DOCTOR","ON_CAMPUS","upm-doctor-160","血液学Haematology","","","","","","","","","","","","","","UNKNOWN","","","DRAFT"
"UPM_DOCTOR_161","UPM","ENGINEERING","DOCTOR","ON_CAMPUS","upm-doctor-161","清真产品开发Halal Products Development","","","","","","","","","","","","","","UNKNOWN","","","DRAFT"
"UPM_DOCTOR_162","UPM","ALLIED_HEALTH","DOCTOR","ON_CAMPUS","upm-doctor-162","健康与康复Health and Rehabilitation","","","","","","","","","","","","","","UNKNOWN","","","DRAFT"
"UPM_DOCTOR_163","UPM","ALLIED_HEALTH","DOCTOR","ON_CAMPUS","upm-doctor-163","健康促进Health Promotion","","","","","","","","","","","","","","UNKNOWN","","","DRAFT"
"UPM_DOCTOR_164","UPM","BUSINESS_MANAGEMENT","DOCTOR","ON_CAMPUS","upm-doctor-164","卫生服务管理Health Service Management","","","","","","","","","","","","","","UNKNOWN","","","DRAFT"
"UPM_DOCTOR_165","UPM","ENGINEERING","DOCTOR","ON_CAMPUS","upm-doctor-165","园艺学Horticulture","","","","","","","","","","","","","","UNKNOWN","","","DRAFT"
"UPM_DOCTOR_166","UPM","ENGINEERING","DOCTOR","ON_CAMPUS","upm-doctor-166","人体解剖学Human Anatomy","","","","","","","","","","","","","","UNKNOWN","","","DRAFT"
"UPM_DOCTOR_167","UPM","COMPUTING_IT","DOCTOR","ON_CAMPUS","upm-doctor-167","人机交互Human Computer Interaction","","","","","","","","","","","","","","UNKNOWN","","","DRAFT"
"UPM_DOCTOR_168","UPM","ENGINEERING","DOCTOR","ON_CAMPUS","upm-doctor-168","人为因素与人体工程学Human Factors and Ergonomics","","","","","","","","","","","","","","UNKNOWN","","","DRAFT"
"UPM_DOCTOR_169","UPM","ENGINEERING","DOCTOR","ON_CAMPUS","upm-doctor-169","人类遗传学Human Genetics","","","","","","","","","","","","","","UNKNOWN","","","DRAFT"
"UPM_DOCTOR_170","UPM","ENGINEERING","DOCTOR","ON_CAMPUS","upm-doctor-170","人体生理学Human Physiology","","","","","","","","","","","","","","UNKNOWN","","","DRAFT"
"UPM_DOCTOR_171","UPM","ENGINEERING","DOCTOR","ON_CAMPUS","upm-doctor-171","免疫生物学Immunobiology","","","","","","","","","","","","","","UNKNOWN","","","DRAFT"
"UPM_DOCTOR_172","UPM","ENGINEERING","DOCTOR","ON_CAMPUS","upm-doctor-172","免疫药理学Immunopharmacology","","","","","","","","","","","","","","UNKNOWN","","","DRAFT"
"UPM_DOCTOR_173","UPM","ENGINEERING","DOCTOR","ON_CAMPUS","upm-doctor-173","工业生物技术Industrial Biotechnology","","","","","","","","","","","","","","UNKNOWN","","","DRAFT"
"UPM_DOCTOR_174","UPM","ENGINEERING","DOCTOR","ON_CAMPUS","upm-doctor-174","工业卫生Industrial Hygiene","","","","","","","","","","","","","","UNKNOWN","","","DRAFT"
"UPM_DOCTOR_175","UPM","ENGINEERING","DOCTOR","ON_CAMPUS","upm-doctor-175","信息检索Information Retrieval","","","","","","","","","","","","","","UNKNOWN","","","DRAFT"
"UPM_DOCTOR_176","UPM","ENGINEERING","DOCTOR","ON_CAMPUS","upm-doctor-176","信息系统Information Systems","","","","","","","","","","","","","","UNKNOWN","","","DRAFT"
"UPM_DOCTOR_177","UPM","ENGINEERING","DOCTOR","ON_CAMPUS","upm-doctor-177","无机化学Inorganic Chemistry","","","","","","","","","","","","","","UNKNOWN","","","DRAFT"
"UPM_DOCTOR_178","UPM","ENGINEERING","DOCTOR","ON_CAMPUS","upm-doctor-178","智能系统Intelligent Systems","","","","","","","","","","","","","","UNKNOWN","","","DRAFT"
"UPM_DOCTOR_179","UPM","ENGINEERING","DOCTOR","ON_CAMPUS","upm-doctor-179","实验室动物医学Laboratory Animal Medicine","","","","","","","","","","","","","","UNKNOWN","","","DRAFT"
"UPM_DOCTOR_180","UPM","BUSINESS_MANAGEMENT","DOCTOR","ON_CAMPUS","upm-doctor-180","土地资源管理Land Resource Management","","","","","","","","","","","","","","UNKNOWN","","","DRAFT"
"UPM_DOCTOR_181","UPM","ENGINEERING","DOCTOR","ON_CAMPUS","upm-doctor-181","海水养殖Mariculture","","","","","","","","","","","","","","UNKNOWN","","","DRAFT"
"UPM_DOCTOR_182","UPM","ENGINEERING","DOCTOR","ON_CAMPUS","upm-doctor-182","海洋和淡水生态系统Marine and Freshwater Ecosystem","","","","","","","","","","","","","","UNKNOWN","","","DRAFT"
"UPM_DOCTOR_183","UPM","ENGINEERING","DOCTOR","ON_CAMPUS","upm-doctor-183","海洋生物学Marine Biology","","","","","","","","","","","","","","UNKNOWN","","","DRAFT"
"UPM_DOCTOR_184","UPM","ENGINEERING","DOCTOR","ON_CAMPUS","upm-doctor-184","海洋生态与生物多样性Marine Ecology and Biodiversity","","","","","","","","","","","","","","UNKNOWN","","","DRAFT"
"UPM_DOCTOR_185","UPM","NATURAL_SCIENCES","DOCTOR","ON_CAMPUS","upm-doctor-185","数学密码学Mathematical Cryptography","","","","","","","","","","","","","","UNKNOWN","","","DRAFT"
"UPM_DOCTOR_186","UPM","ENGINEERING","DOCTOR","ON_CAMPUS","upm-doctor-186","数学教育Mathematics Education","","","","","","","","","","","","","","UNKNOWN","","","DRAFT"
"UPM_DOCTOR_187","UPM","ENGINEERING","DOCTOR","ON_CAMPUS","upm-doctor-187","医学生物技术Medical Biotechnology","","","","","","","","","","","","","","UNKNOWN","","","DRAFT"
"UPM_DOCTOR_188","UPM","ENGINEERING","DOCTOR","ON_CAMPUS","upm-doctor-188","老年医学Medical Gerontology","","","","","","","","","","","","","","UNKNOWN","","","DRAFT"
"UPM_DOCTOR_189","UPM","ENGINEERING","DOCTOR","ON_CAMPUS","upm-doctor-189","医学微生物学Medical Microbiology","","","","","","","","","","","","","","UNKNOWN","","","DRAFT"
"UPM_DOCTOR_190","UPM","ENGINEERING","DOCTOR","ON_CAMPUS","upm-doctor-190","医学寄生虫学Medical Parasitology","","","","","","","","","","","","","","UNKNOWN","","","DRAFT"
"UPM_DOCTOR_191","UPM","ENGINEERING","DOCTOR","ON_CAMPUS","upm-doctor-191","医学物理学Medical Physics","","","","","","","","","","","","","","UNKNOWN","","","DRAFT"
"UPM_DOCTOR_192","UPM","ENGINEERING","DOCTOR","ON_CAMPUS","upm-doctor-192","医学科学Medical Sciences","","","","","","","","","","","","","","UNKNOWN","","","DRAFT"
"UPM_DOCTOR_193","UPM","ENGINEERING","DOCTOR","ON_CAMPUS","upm-doctor-193","药物化学Medicinal Chemistry","","","","","","","","","","","","","","UNKNOWN","","","DRAFT"
"UPM_DOCTOR_194","UPM","ENGINEERING","DOCTOR","ON_CAMPUS","upm-doctor-194","代谢组学Metabolomics","","","","","","","","","","","","","","UNKNOWN","","","DRAFT"
"UPM_DOCTOR_195","UPM","ENGINEERING","DOCTOR","ON_CAMPUS","upm-doctor-195","微生物生物技术Microbial Biotechnology","","","","","","","","","","","","","","UNKNOWN","","","DRAFT"
"UPM_DOCTOR_196","UPM","ENGINEERING","DOCTOR","ON_CAMPUS","upm-doctor-196","微生物学Microbiology","","","","","","","","","","","","","","UNKNOWN","","","DRAFT"
"UPM_DOCTOR_197","UPM","ENGINEERING","DOCTOR","ON_CAMPUS","upm-doctor-197","分子生物技术Molecular Biotechnology","","","","","","","","","","","","","","UNKNOWN","","","DRAFT"
"UPM_DOCTOR_198","UPM","ENGINEERING","DOCTOR","ON_CAMPUS","upm-doctor-198","分子成像Molecular Imaging","","","","","","","","","","","","","","UNKNOWN","","","DRAFT"
"UPM_DOCTOR_199","UPM","ENGINEERING","DOCTOR","ON_CAMPUS","upm-doctor-199","分子医学Molecular Medicine","","","","","","","","","","","","","","UNKNOWN","","","DRAFT"
"UPM_DOCTOR_200","UPM","COMPUTING_IT","DOCTOR","ON_CAMPUS","upm-doctor-200","多媒体计算Multimedia Computing","","","","","","","","","","","","","","UNKNOWN","","","DRAFT"
"UPM_DOCTOR_201","UPM","ENGINEERING","DOCTOR","ON_CAMPUS","upm-doctor-201","纳米生物技术Nanobiotechnology","","","","","","","","","","","","","","UNKNOWN","","","DRAFT"
"UPM_DOCTOR_202","UPM","ENGINEERING","DOCTOR","ON_CAMPUS","upm-doctor-202","纳米医学Nanomedicine","","","","","","","","","","","","","","UNKNOWN","","","DRAFT"
"UPM_DOCTOR_203","UPM","NATURAL_SCIENCES","DOCTOR","ON_CAMPUS","upm-doctor-203","纳米技术Nanotechnology","","","","","","","","","","","","","","UNKNOWN","","","DRAFT"
"UPM_DOCTOR_204","UPM","NATURAL_SCIENCES","DOCTOR","ON_CAMPUS","upm-doctor-204","数值分析Numerical Analysis","","","","","","","","","","","","","","UNKNOWN","","","DRAFT"
"UPM_DOCTOR_205","UPM","NURSING","DOCTOR","ON_CAMPUS","upm-doctor-205","护理Nursing","","","","","","","","","","","","","","UNKNOWN","","","DRAFT"
"UPM_DOCTOR_206","UPM","ALLIED_HEALTH","DOCTOR","ON_CAMPUS","upm-doctor-206","营养学Nutrition","","","","","","","","","","","","","","UNKNOWN","","","DRAFT"
"UPM_DOCTOR_207","UPM","ALLIED_HEALTH","DOCTOR","ON_CAMPUS","upm-doctor-207","营养科学Nutritional Sciences","","","","","","","","","","","","","","UNKNOWN","","","DRAFT"
"UPM_DOCTOR_208","UPM","ALLIED_HEALTH","DOCTOR","ON_CAMPUS","upm-doctor-208","职业安全与健康Occupational Safety and Health","","","","","","","","","","","","","","UNKNOWN","","","DRAFT"
"UPM_DOCTOR_209","UPM","BUSINESS_MANAGEMENT","DOCTOR","ON_CAMPUS","upm-doctor-209","职业安全与健康管理系统Occupational Safety and Health Management System","","","","","","","","","","","","","","UNKNOWN","","","DRAFT"
"UPM_DOCTOR_210","UPM","NATURAL_SCIENCES","DOCTOR","ON_CAMPUS","upm-doctor-210","有机化学Organic Chemistry","","","","","","","","","","","","","","UNKNOWN","","","DRAFT"
"UPM_DOCTOR_211","UPM","COMPUTING_IT","DOCTOR","ON_CAMPUS","upm-doctor-211","并行和分布式计算Parallel and Distributed Computing","","","","","","","","","","","","","","UNKNOWN","","","DRAFT"
"UPM_DOCTOR_212","UPM","ENGINEERING","DOCTOR","ON_CAMPUS","upm-doctor-212","寄生虫学Parasitology","","","","","","","","","","","","","","UNKNOWN","","","DRAFT"
"UPM_DOCTOR_213","UPM","ENGINEERING","DOCTOR","ON_CAMPUS","upm-doctor-213","病理学Pathology","","","","","","","","","","","","","","UNKNOWN","","","DRAFT"
"UPM_DOCTOR_214","UPM","BUSINESS_MANAGEMENT","DOCTOR","ON_CAMPUS","upm-doctor-214","害虫管理Pest Management","","","","","","","","","","","","","","UNKNOWN","","","DRAFT"
"UPM_DOCTOR_215","UPM","ENGINEERING","DOCTOR","ON_CAMPUS","upm-doctor-215","药理学Pharmacology","","","","","","","","","","","","","","UNKNOWN","","","DRAFT"
"UPM_DOCTOR_216","UPM","ENGINEERING","DOCTOR","ON_CAMPUS","upm-doctor-216","物理化学Physical Chemistry","","","","","","","","","","","","","","UNKNOWN","","","DRAFT"
"UPM_DOCTOR_217","UPM","ENGINEERING","DOCTOR","ON_CAMPUS","upm-doctor-217","物理学Physics","","","","","","","","","","","","","","UNKNOWN","","","DRAFT"
"UPM_DOCTOR_218","UPM","ENGINEERING","DOCTOR","ON_CAMPUS","upm-doctor-218","植物化学Phytochemistry","","","","","","","","","","","","","","UNKNOWN","","","DRAFT"
"UPM_DOCTOR_219","UPM","ENGINEERING","DOCTOR","ON_CAMPUS","upm-doctor-219","植物生物技术Plant Biotechnology","","","","","","","","","","","","","","UNKNOWN","","","DRAFT"
"UPM_DOCTOR_220","UPM","ENGINEERING","DOCTOR","ON_CAMPUS","upm-doctor-220","植物病理学Plant Pathology","","","","","","","","","","","","","","UNKNOWN","","","DRAFT"
"UPM_DOCTOR_221","UPM","ENGINEERING","DOCTOR","ON_CAMPUS","upm-doctor-221","植物生理学Plant Physiology","","","","","","","","","","","","","","UNKNOWN","","","DRAFT"
"UPM_DOCTOR_222","UPM","NATURAL_SCIENCES","DOCTOR","ON_CAMPUS","upm-doctor-222","种植技术Plantation Technology","","","","","","","","","","","","","","UNKNOWN","","","DRAFT"
"UPM_DOCTOR_223","UPM","NATURAL_SCIENCES","DOCTOR","ON_CAMPUS","upm-doctor-223","收获后技术Post-Harvest Technology","","","","","","","","","","","","","","UNKNOWN","","","DRAFT"
"UPM_DOCTOR_224","UPM","NATURAL_SCIENCES","DOCTOR","ON_CAMPUS","upm-doctor-224","过程安全性和可靠性Process Safety and Reliability","","","","","","","","","","","","","","UNKNOWN","","","DRAFT"
"UPM_DOCTOR_225","UPM","BUSINESS_MANAGEMENT","DOCTOR","ON_CAMPUS","upm-doctor-225","项目管理Project Management","","","","","","","","","","","","","","UNKNOWN","","","DRAFT"
"UPM_DOCTOR_226","UPM","MEDICINE","DOCTOR","ON_CAMPUS","upm-doctor-226","心理医学/精神病学Psychological Medicine/Psychiatry","","","","","","","","","","","","","","UNKNOWN","","","DRAFT"
"UPM_DOCTOR_227","UPM","ALLIED_HEALTH","DOCTOR","ON_CAMPUS","upm-doctor-227","公共卫生Public Health","","","","","","","","","","","","","","UNKNOWN","","","DRAFT"
"UPM_DOCTOR_228","UPM","NATURAL_SCIENCES","DOCTOR","ON_CAMPUS","upm-doctor-228","纯数学Pure Mathematics","","","","","","","","","","","","","","UNKNOWN","","","DRAFT"
"UPM_DOCTOR_229","UPM","NATURAL_SCIENCES","DOCTOR","ON_CAMPUS","upm-doctor-229","放射学和成像Radiology and Imaging","","","","","","","","","","","","","","UNKNOWN","","","DRAFT"
"UPM_DOCTOR_230","UPM","NATURAL_SCIENCES","DOCTOR","ON_CAMPUS","upm-doctor-230","遥感Remote Sensing","","","","","","","","","","","","","","UNKNOWN","","","DRAFT"
"UPM_DOCTOR_231","UPM","ENGINEERING","DOCTOR","ON_CAMPUS","upm-doctor-231","反刍动物医学Ruminant Medicine","","","","","","","","","","","","","","UNKNOWN","","","DRAFT"
"UPM_DOCTOR_232","UPM","BUSINESS_MANAGEMENT","DOCTOR","ON_CAMPUS","upm-doctor-232","安全、健康和应急管理Safety, Health and Emergency Management","","","","","","","","","","","","","","UNKNOWN","","","DRAFT"
"UPM_DOCTOR_233","UPM","COMPUTING_IT","DOCTOR","ON_CAMPUS","upm-doctor-233","计算安全Security in Computing","","","","","","","","","","","","","","UNKNOWN","","","DRAFT"
"UPM_DOCTOR_234","UPM","ENGINEERING","DOCTOR","ON_CAMPUS","upm-doctor-234","传感器技术Sensor Technology","","","","","","","","","","","","","","UNKNOWN","","","DRAFT"
"UPM_DOCTOR_235","UPM","ENGINEERING","DOCTOR","ON_CAMPUS","upm-doctor-235","信号处理Signal Processing","","","","","","","","","","","","","","UNKNOWN","","","DRAFT"
"UPM_DOCTOR_236","UPM","ENGINEERING","DOCTOR","ON_CAMPUS","upm-doctor-236","小动物医学Small Animal Medicine","","","","","","","","","","","","","","UNKNOWN","","","DRAFT"
"UPM_DOCTOR_237","UPM","NATURAL_SCIENCES","DOCTOR","ON_CAMPUS","upm-doctor-237","统计学Statistics","","","","","","","","","","","","","","UNKNOWN","","","DRAFT"
"UPM_DOCTOR_238","UPM","NATURAL_SCIENCES","DOCTOR","ON_CAMPUS","upm-doctor-238","干细胞Stem Cell","","","","","","","","","","","","","","UNKNOWN","","","DRAFT"
"UPM_DOCTOR_239","UPM","NATURAL_SCIENCES","DOCTOR","ON_CAMPUS","upm-doctor-239","结构生物学Structural Biology","","","","","","","","","","","","","","UNKNOWN","","","DRAFT"
"UPM_DOCTOR_240","UPM","BUSINESS_MANAGEMENT","DOCTOR","ON_CAMPUS","upm-doctor-240","可持续种植园管理Sustainable Plantation Management","","","","","","","","","","","","","","UNKNOWN","","","DRAFT"
"UPM_DOCTOR_241","UPM","ENGINEERING","DOCTOR","ON_CAMPUS","upm-doctor-241","猪医学Swine Medicine","","","","","","","","","","","","","","UNKNOWN","","","DRAFT"
"UPM_DOCTOR_242","UPM","COMPUTING_IT","DOCTOR","ON_CAMPUS","upm-doctor-242","理论和计算化学Theoretical and Computational Chemistry","","","","","","","","","","","","","","UNKNOWN","","","DRAFT"
"UPM_DOCTOR_243","UPM","COMPUTING_IT","DOCTOR","ON_CAMPUS","upm-doctor-243","理论和计算物理学Theoretical and Computational Physics","","","","","","","","","","","","","","UNKNOWN","","","DRAFT"
"UPM_DOCTOR_244","UPM","ENGINEERING","DOCTOR","ON_CAMPUS","upm-doctor-244","动物遗传学和细胞遗传学Theriogenology and Cytogenetics","","","","","","","","","","","","","","UNKNOWN","","","DRAFT"
"UPM_DOCTOR_245","UPM","ENGINEERING","DOCTOR","ON_CAMPUS","upm-doctor-245","毒理学Toxicology","","","","","","","","","","","","","","UNKNOWN","","","DRAFT"
"UPM_DOCTOR_246","UPM","ENGINEERING","DOCTOR","ON_CAMPUS","upm-doctor-246","热带雨林生态系统服务Tropical Rainforest Ecosystem Services","","","","","","","","","","","","","","UNKNOWN","","","DRAFT"
"UPM_DOCTOR_247","UPM","ENGINEERING","DOCTOR","ON_CAMPUS","upm-doctor-247","疫苗和治疗学Vaccine and Therapeutics","","","","","","","","","","","","","","UNKNOWN","","","DRAFT"
"UPM_DOCTOR_248","UPM","ENGINEERING","DOCTOR","ON_CAMPUS","upm-doctor-248","病毒学Virology","","","","","","","","","","","","","","UNKNOWN","","","DRAFT"
"UPM_DOCTOR_249","UPM","ENGINEERING","DOCTOR","ON_CAMPUS","upm-doctor-249","野生动物和外来动物健康Wildlife and Exotic Animal Health","","","","","","","","","","","","","","UNKNOWN","","","DRAFT"
"UPM_DOCTOR_250","UPM","BUSINESS_MANAGEMENT","DOCTOR","ON_CAMPUS","upm-doctor-250","野生动物生态学和管理Wildlife Ecology and Management","","","","","","","","","","","","","","UNKNOWN","","","DRAFT"
"UPM_DOCTOR_251","UPM","MEDICINE","DOCTOR","ON_CAMPUS","upm-doctor-251","外科Surgery","","","","","","48650.0","48650.0","MYR","4Y ( 48,650)","80165.47","80165.47","1.64780000","2026-09-25","UNKNOWN","","","DRAFT"
"UTM_DOCTOR_001","UTM","ENGINEERING","DOCTOR","ON_CAMPUS","utm-doctor-001","哲学博士Doctor of Philosophy","","","","","6 SEM","51600.0","51600.0","MYR","51600","85026.48","85026.48","1.64780000","2026-09-25","UNKNOWN","","","DRAFT"
"UTM_DOCTOR_002","UTM","BUSINESS_MANAGEMENT","DOCTOR","ON_CAMPUS","utm-doctor-002","工程学博士（建筑技术与管理）Engineering Doctorate (Construction Technology and Management)","","","","","","57600.0","57600.0","MYR","57600","94913.28","94913.28","1.64780000","2026-09-25","UNKNOWN","","","DRAFT"
"UTM_DOCTOR_003","UTM","ENGINEERING","DOCTOR","ON_CAMPUS","utm-doctor-003","气体工程哲学博士 Doctor of Philosophy Gas Engineering","","","","","6 SEM","51600.0","51600.0","MYR","51600","85026.48","85026.48","1.64780000","2026-09-25","UNKNOWN","","","DRAFT"
"UTM_DOCTOR_004","UTM","ENGINEERING","DOCTOR","ON_CAMPUS","utm-doctor-004","聚合物工程哲学博士Doctor of Philosophy Polymer Engineering","","","","","","","","","","","","","","UNKNOWN","","","DRAFT"
"UTM_DOCTOR_005","UTM","ENGINEERING","DOCTOR","ON_CAMPUS","utm-doctor-005","环境工程哲学博士 Doctor of Philosophy Environmental Engineering","","","","","","","","","","","","","","UNKNOWN","","","DRAFT"
"UTM_DOCTOR_006","UTM","ENGINEERING","DOCTOR","ON_CAMPUS","utm-doctor-006","石油工程哲学博士Doctor of Philosophy Petroleum Engineering","","","","","","","","","","","","","","UNKNOWN","","","DRAFT"
"UTM_DOCTOR_007","UTM","ENGINEERING","DOCTOR","ON_CAMPUS","utm-doctor-007","化学工程哲学博士Doctor of Philosophy Chemical Enginering","","","","","","","","","","","","","","UNKNOWN","","","DRAFT"
"UTM_DOCTOR_008","UTM","ENGINEERING","DOCTOR","ON_CAMPUS","utm-doctor-008","生物过程工程哲学博士Doctor of Philosophy Bioprocess Engineering","","","","","","","","","","","","","","UNKNOWN","","","DRAFT"
"UTM_DOCTOR_009","UTM","BUSINESS_MANAGEMENT","DOCTOR","ON_CAMPUS","utm-doctor-009","工程专业博士： 工艺设备管理Doctor Of Engineering Specialization: Process Plant Management","","","","","","57600.0","57600.0","MYR","57600","94913.28","94913.28","1.64780000","2026-09-25","UNKNOWN","","","DRAFT"
"UTM_DOCTOR_010","UTM","COMPUTING_IT","DOCTOR","ON_CAMPUS","utm-doctor-010","计算机科学哲学博士Doctor of Philosophy Computer Science","","","","","6 SEM","48600.0","48600.0","MYR","48600","80083.08","80083.08","1.64780000","2026-09-25","UNKNOWN","","","DRAFT"
"UTM_DOCTOR_011","UTM","COMPUTING_IT","DOCTOR","ON_CAMPUS","utm-doctor-011","软件工程哲学博士Doctor of Philosophy Software Engineering","","","","","","","","","","","","","","UNKNOWN","","","DRAFT"
"UTM_DOCTOR_012","UTM","COMPUTING_IT","DOCTOR","ON_CAMPUS","utm-doctor-012","信息工程哲学博士Doctor of Philosophy Informatic Engineering","","","","","","","","","","","","","","UNKNOWN","","","DRAFT"
"UTM_DOCTOR_013","UTM","ENGINEERING","DOCTOR","ON_CAMPUS","utm-doctor-013","哲学博士，研究领域：生物医学工程 电气工程Doctor Of Philosophy Field Of Research: Electrical Engineering","","","","","6 SEM","51600.0","51600.0","MYR","51600","85026.48","85026.48","1.64780000","2026-09-25","UNKNOWN","","","DRAFT"
"UTM_DOCTOR_014","UTM","ENGINEERING","DOCTOR","ON_CAMPUS","utm-doctor-014","哲学博士，研究领域：生物医学工程 健康科学Doctor Of Philosophy Field Of Research: Health Science","","","","","","","","","","","","","","UNKNOWN","","","DRAFT"
"UTM_DOCTOR_015","UTM","ENGINEERING","DOCTOR","ON_CAMPUS","utm-doctor-015","哲学博士，研究领域：生物医学工程 生物医学工程Doctor Of Philosophy Field Of Research: Biomedical Engineering","","","","","","","","","","","","","","UNKNOWN","","","DRAFT"
"UTM_DOCTOR_016","UTM","ENGINEERING","DOCTOR","ON_CAMPUS","utm-doctor-016","机械工程哲学博士Doctor Of Philosophy Mechanical Engineering","","","","","6 SEM","51600.0","51600.0","MYR","51600","85026.48","85026.48","1.64780000","2026-09-25","UNKNOWN","","","DRAFT"
"UTM_DOCTOR_017","UTM","EDUCATION","DOCTOR","ON_CAMPUS","utm-doctor-017","化学教育哲学博士Doctor of Philosophy Chemistry Education","","","","","6 SEM","48600.0","48600.0","MYR","48600","80083.08","80083.08","1.64780000","2026-09-25","UNKNOWN","","","DRAFT"
"UTM_DOCTOR_018","UTM","EDUCATION","DOCTOR","ON_CAMPUS","utm-doctor-018","课程与教学哲学博士Doctor of Philosophy Curriculum and Instruction","","","","","","","","","","","","","","UNKNOWN","","","DRAFT"
"UTM_DOCTOR_019","UTM","EDUCATION","DOCTOR","ON_CAMPUS","utm-doctor-019","教育与发展哲学博士Doctor of Philosophy Education and Development","","","","","","","","","","","","","","UNKNOWN","","","DRAFT"
"UTM_DOCTOR_020","UTM","ALLIED_HEALTH","DOCTOR","ON_CAMPUS","utm-doctor-020","教育心理学哲学博士Doctor of Philosophy Education Psychology","","","","","","","","","","","","","","UNKNOWN","","","DRAFT"
"UTM_DOCTOR_021","UTM","EDUCATION","DOCTOR","ON_CAMPUS","utm-doctor-021","教育技术哲学博士Doctor of Philosophy Education Technology","","","","","","","","","","","","","","UNKNOWN","","","DRAFT"
"UTM_DOCTOR_022","UTM","EDUCATION","DOCTOR","ON_CAMPUS","utm-doctor-022","教育指导与咨询哲学博士Doctor of Philosophy Guidance and Counselling in Education","","","","","","","","","","","","","","UNKNOWN","","","DRAFT"
"UTM_DOCTOR_023","UTM","BUSINESS_MANAGEMENT","DOCTOR","ON_CAMPUS","utm-doctor-023","教育管理与行政哲学博士Doctor of Philosophy Management and Administration in Education","","","","","","","","","","","","","","UNKNOWN","","","DRAFT"
"UTM_DOCTOR_024","UTM","EDUCATION","DOCTOR","ON_CAMPUS","utm-doctor-024","数学教育哲学博士Doctor of Philosophy Mathematics Education","","","","","","","","","","","","","","UNKNOWN","","","DRAFT"
"UTM_DOCTOR_025","UTM","EDUCATION","DOCTOR","ON_CAMPUS","utm-doctor-025","教育测量与评价哲学博士Doctor of Philosophy Measurement and Evaluation in Education","","","","","","","","","","","","","","UNKNOWN","","","DRAFT"
"UTM_DOCTOR_026","UTM","EDUCATION","DOCTOR","ON_CAMPUS","utm-doctor-026","多媒体教育哲学博士Doctor of Philosophy Multimedia in Education","","","","","","","","","","","","","","UNKNOWN","","","DRAFT"
"UTM_DOCTOR_027","UTM","EDUCATION","DOCTOR","ON_CAMPUS","utm-doctor-027","物理教育哲学博士Doctor of Philosophy Physics Education","","","","","","","","","","","","","","UNKNOWN","","","DRAFT"
"UTM_DOCTOR_028","UTM","EDUCATION","DOCTOR","ON_CAMPUS","utm-doctor-028","英语作为第二语言教学（TESL）哲学博士Doctor of Philosophy Teaching English as a Second Language (TESL)","","","","","","","","","","","","","","UNKNOWN","","","DRAFT"
"UTM_DOCTOR_029","UTM","EDUCATION","DOCTOR","ON_CAMPUS","utm-doctor-029","技术与职业教育哲学博士Doctor of Philosophy Technical and Vocational Education","","","","","","","","","","","","","","UNKNOWN","","","DRAFT"
"UTM_DOCTOR_030","UTM","EDUCATION","DOCTOR","ON_CAMPUS","utm-doctor-030","幼儿教育哲学博士Doctor Of Philosophy Early Chilhood Education","","","","","","","","","","","","","","UNKNOWN","","","DRAFT"
"UTM_DOCTOR_031","UTM","EDUCATION","DOCTOR","ON_CAMPUS","utm-doctor-031","在线学习哲学博士Doctor Of Philosophy Online Learning","","","","","","","","","","","","","","UNKNOWN","","","DRAFT"
"UTM_DOCTOR_032","UTM","ISLAMIC_STUDIES","DOCTOR","ON_CAMPUS","utm-doctor-032","宗教科学与技术哲学博士Doctor of Philosophy Fiqh Science And Technology","","","","","6 SEM","48600.0","48600.0","MYR","48600","80083.08","80083.08","1.64780000","2026-09-25","UNKNOWN","","","DRAFT"
"UTM_DOCTOR_033","UTM","ARCHITECTURE_BUILT_ENVIRONMENT","DOCTOR","ON_CAMPUS","utm-doctor-033","哲学博士Doctor of Philosophy","","","","","6 SEM","48600.0","48600.0","MYR","48600","80083.08","80083.08","1.64780000","2026-09-25","UNKNOWN","","","DRAFT"
"UTM_DOCTOR_034","UTM","BUSINESS_MANAGEMENT","DOCTOR","ON_CAMPUS","utm-doctor-034","哲学博士（管理学）Doctor of Philosophy (Management)","","","","","6 SEM","48600.0","48600.0","MYR","48600","80083.08","80083.08","1.64780000","2026-09-25","UNKNOWN","","","DRAFT"
"UTM_DOCTOR_035","UTM","BUSINESS_MANAGEMENT","DOCTOR","ON_CAMPUS","utm-doctor-035","哲学博士（信息系统）Doctor of Philosophy (Information System)","","","","","","","","","","","","","","UNKNOWN","","","DRAFT"
"UTM_DOCTOR_036","UTM","NATURAL_SCIENCES","DOCTOR","ON_CAMPUS","utm-doctor-036","化学哲学博士Doctor of Philosophy Chemistry","","","","","6 SEM","48600.0","48600.0","MYR","48600","80083.08","80083.08","1.64780000","2026-09-25","UNKNOWN","","","DRAFT"
"UTM_DOCTOR_037","UTM","NATURAL_SCIENCES","DOCTOR","ON_CAMPUS","utm-doctor-037","物理学博士Doctor of Philosophy Physics","","","","","","","","","","","","","","UNKNOWN","","","DRAFT"
"UTM_DOCTOR_038","UTM","NATURAL_SCIENCES","DOCTOR","ON_CAMPUS","utm-doctor-038","数学哲学博士Doctor of Philosophy Mathematics","","","","","","","","","","","","","","UNKNOWN","","","DRAFT"
"UTM_DOCTOR_039","UTM","NATURAL_SCIENCES","DOCTOR","ON_CAMPUS","utm-doctor-039","生物科学哲学博士 Doctor of Philosophy Bioscience","","","","","","","","","","","","","","UNKNOWN","","","DRAFT"
"UTM_DOCTOR_040","UTM","BUSINESS_MANAGEMENT","DOCTOR","ON_CAMPUS","utm-doctor-040","工商管理博士Doctor of Business Administration","","","","","6 SEM","60154.0","60154.0","MYR","60,154","99121.76","99121.76","1.64780000","2026-09-25","UNKNOWN","","","DRAFT"
"UTM_DOCTOR_041","UTM","COMPUTING_IT","DOCTOR","ON_CAMPUS","utm-doctor-041","软件工程博士Doctor of Software Engineering","","","","","6 SEM","46014.0","46014.0","MYR","46014","75821.87","75821.87","1.64780000","2026-09-25","UNKNOWN","","","DRAFT"
"UTM_DOCTOR_042","UTM","BUSINESS_MANAGEMENT","DOCTOR","ON_CAMPUS","utm-doctor-042","工程学博士（工程商务管理）Engineering Doctorate (Engineering Business Management)","","","","","","56204.0","56204.0","MYR","56204","92612.95","92612.95","1.64780000","2026-09-25","UNKNOWN","","","DRAFT"
"NOTTINGHAM_DOCTOR_001","NOTTINGHAM","ALLIED_HEALTH","DOCTOR","ON_CAMPUS","nottingham-doctor-001","应用心理学博士PhD Applied Psychology","","","","","6","45900.0","45900.0","MYR","RM45,900 /Y","75634.02","75634.02","1.64780000","2026-09-25","PER_YEAR","","","DRAFT"
"NOTTINGHAM_DOCTOR_002","NOTTINGHAM","BUSINESS_MANAGEMENT","DOCTOR","ON_CAMPUS","nottingham-doctor-002","商业与管理学博士学位PhD - Business and Management","","","","","6","45900.0","45900.0","MYR","RM45,900 / Y","75634.02","75634.02","1.64780000","2026-09-25","PER_YEAR","","","DRAFT"
"NOTTINGHAM_DOCTOR_003","NOTTINGHAM","ECONOMICS","DOCTOR","ON_CAMPUS","nottingham-doctor-003","经济学博士学位PhD - Economics","","","","","6","45900.0","45900.0","MYR","RM45,900 / Y","75634.02","75634.02","1.64780000","2026-09-25","PER_YEAR","","","DRAFT"
"NOTTINGHAM_DOCTOR_004","NOTTINGHAM","EDUCATION","DOCTOR","ON_CAMPUS","nottingham-doctor-004","教育学博士学位PhD - Education","","","","","6","45900.0","45900.0","MYR","RM45,900 / Y","75634.02","75634.02","1.64780000","2026-09-25","PER_YEAR","","","DRAFT"
"NOTTINGHAM_DOCTOR_005","NOTTINGHAM","INTERDISCIPLINARY","DOCTOR","ON_CAMPUS","nottingham-doctor-005","英语博士学位PhD - English","","","","","6","45900.0","45900.0","MYR","RM45,900 / Y","75634.02","75634.02","1.64780000","2026-09-25","PER_YEAR","","","DRAFT"
"NOTTINGHAM_DOCTOR_006","NOTTINGHAM","MEDIA_COMMUNICATION","DOCTOR","ON_CAMPUS","nottingham-doctor-006","媒体、语言和文化博士学位PhD - Media, Languages and Cultures","","","","","6","45900.0","45900.0","MYR","RM45,900 / Y","75634.02","75634.02","1.64780000","2026-09-25","PER_YEAR","","","DRAFT"
"NOTTINGHAM_DOCTOR_007","NOTTINGHAM","SOCIAL_SCIENCES","DOCTOR","ON_CAMPUS","nottingham-doctor-007","政治、历史和国际关系博士PhD - Politics, History and International Relations","","","","","6","45900.0","45900.0","MYR","RM45,900 / Y","75634.02","75634.02","1.64780000","2026-09-25","PER_YEAR","","","DRAFT"
"NOTTINGHAM_DOCTOR_008","NOTTINGHAM","NATURAL_SCIENCES","DOCTOR","ON_CAMPUS","nottingham-doctor-008","生物科学博士PhD - Biosciences","","","","","6","58630.0","74415.0","MYR","Molecular (per year): RM74,415, Non-molecular (per year): RM58,630","96610.51","122621.04","1.64780000","2026-09-25","PER_YEAR","","","DRAFT"
"NOTTINGHAM_DOCTOR_009","NOTTINGHAM","PHARMACY","DOCTOR","ON_CAMPUS","nottingham-doctor-009","药学博士PhD - Pharmacy","","","","","6","58630.0","58630.0","MYR","RM58,630 / Y","96610.51","96610.51","1.64780000","2026-09-25","PER_YEAR","","","DRAFT"
"NOTTINGHAM_DOCTOR_010","NOTTINGHAM","ALLIED_HEALTH","DOCTOR","ON_CAMPUS","nottingham-doctor-010","心理学博士PhD - Psychology","","","","","6","51865.0","51865.0","MYR","RM51,865 / Y","85463.15","85463.15","1.64780000","2026-09-25","PER_YEAR","","","DRAFT"
"NOTTINGHAM_DOCTOR_011","NOTTINGHAM","MEDICINE","DOCTOR","ON_CAMPUS","nottingham-doctor-011","生物医学博士学位PhD - Biomedical Science","","","","","6","58630.0","74415.0","MYR","Molecular (per year): RM74,415 / Non-molecular (per year): RM58,630","96610.51","122621.04","1.64780000","2026-09-25","PER_YEAR","","","DRAFT"
"NOTTINGHAM_DOCTOR_012","NOTTINGHAM","COMPUTING_IT","DOCTOR","ON_CAMPUS","nottingham-doctor-012","计算机科学博士PhD - Computer Science","","","","","6","51865.0","51865.0","MYR","RM51,865 / Y","85463.15","85463.15","1.64780000","2026-09-25","PER_YEAR","","","DRAFT"
"NOTTINGHAM_DOCTOR_013","NOTTINGHAM","AGRICULTURE_ENVIRONMENT","DOCTOR","ON_CAMPUS","nottingham-doctor-013","地理与环境科学博士PhD -Geographical and Environmental Sciences","","","","","6","58630.0","58630.0","MYR","RM58,630 / Y","96610.51","96610.51","1.64780000","2026-09-25","PER_YEAR","","","DRAFT"
"NOTTINGHAM_DOCTOR_014","NOTTINGHAM","NATURAL_SCIENCES","DOCTOR","ON_CAMPUS","nottingham-doctor-014","数学科学博士PhD - Mathematical Sciences","","","","","6","51865.0","51865.0","MYR","RM51,865*/ Y","85463.15","85463.15","1.64780000","2026-09-25","PER_YEAR","","","DRAFT"
"MONASH_DOCTOR_003","MONASH","ENGINEERING","DOCTOR","ON_CAMPUS","monash-doctor-003","工程","Engineering","","","","6","50880.0","50880.0","MYR","50,880/year","83840.06","83840.06","1.64780000","2026-09-25","PER_YEAR","","","DRAFT"
"MONASH_DOCTOR_006","MONASH","PHARMACY","DOCTOR","ON_CAMPUS","monash-doctor-006","药剂学Pharmacy","","","","","6","50880.0","50880.0","MYR","50,880/year","83840.06","83840.06","1.64780000","2026-09-25","PER_YEAR","","","DRAFT"
"MONASH_DOCTOR_007","MONASH","NATURAL_SCIENCES","DOCTOR","ON_CAMPUS","monash-doctor-007","理科","Science","","","","6","50880.0","50880.0","MYR","50,880/year","83840.06","83840.06","1.64780000","2026-09-25","PER_YEAR","","","DRAFT"
"CITY_DOCTOR_001","CITY","BUSINESS_MANAGEMENT","DOCTOR","ON_CAMPUS","city-doctor-001","工商管理博士（DBA）","Doctor of Business Administration (DBA)","","","","3 years (9 Sem)","47740.0","47740.0","MYR","RM47,740","78665.97","78665.97","1.64780000","2026-09-25","UNKNOWN","","","DRAFT"
"CITY_DOCTOR_002","CITY","EDUCATION","DOCTOR","ON_CAMPUS","city-doctor-002","教育学博士（DDE）","Doctor of Education (DDE)","","","","3 years (9 Sem)","47760.0","47760.0","MYR","RM47,760","78698.93","78698.93","1.64780000","2026-09-25","UNKNOWN","","","DRAFT"
"CITY_DOCTOR_003","CITY","BUSINESS_MANAGEMENT","DOCTOR","ON_CAMPUS","city-doctor-003","工商管理哲学博士（PhDBA）","Doctor of Philosophy in Business Administration (PhDBA)","","","","3 years (9 Sem)","47760.0","47760.0","MYR","RM47,760","78698.93","78698.93","1.64780000","2026-09-25","UNKNOWN","","","DRAFT"
"CITY_DOCTOR_004","CITY","DESIGN_CREATIVE_ARTS","DOCTOR","ON_CAMPUS","city-doctor-004","设计学哲学博士（PhD Design）","Doctor of Philosophy in Design (PhD Design)","","","","3 years (9 Sem)","47760.0","47760.0","MYR","RM47,760","78698.93","78698.93","1.64780000","2026-09-25","UNKNOWN","","","DRAFT"
"CITY_DOCTOR_005","CITY","EDUCATION","DOCTOR","ON_CAMPUS","city-doctor-005","教育学哲学博士（PhD Edu）","Doctor of Philosophy in Education (PhD Edu)","","","","3 years (9 Sem)","47760.0","47760.0","MYR","RM47,760","78698.93","78698.93","1.64780000","2026-09-25","UNKNOWN","","","DRAFT"
"CITY_DOCTOR_006","CITY","COMPUTING_IT","DOCTOR","ON_CAMPUS","city-doctor-006","信息技术哲学博士（PhD IT）","Doctor of Philosophy in Information Technology (PhD IT)","","","","3 years (9 Sem)","47760.0","47760.0","MYR","RM47,760","78698.93","78698.93","1.64780000","2026-09-25","UNKNOWN","","","DRAFT"
"CITY_DOCTOR_007","CITY","SPORTS","DOCTOR","ON_CAMPUS","city-doctor-007","体育研究哲学博士（PhD SS）","Doctor of Philosophy in Sport Studies (PHD SS)","","","","3 years (9 Sem)","47800.0","47800.0","MYR","RM47,800","78764.84","78764.84","1.64780000","2026-09-25","UNKNOWN","","","DRAFT"
"CITY_DOCTOR_008","CITY","DESIGN_CREATIVE_ARTS","DOCTOR","ON_CAMPUS","city-doctor-008","表演艺术哲学博士（PhD PA）","Doctor of Philosophy in Performing Art (PHD PA)","","","","3 years (9 Sem)","47800.0","47800.0","MYR","RM47,800","78764.84","78764.84","1.64780000","2026-09-25","UNKNOWN","","","DRAFT"
"CITY_DOCTOR_009","CITY","ARCHITECTURE_BUILT_ENVIRONMENT","DOCTOR","ON_CAMPUS","city-doctor-009","建成环境哲学博士（PhD BE）","Doctor of Philosophy in Built Environment (PHD BE)","","","","3 years (9 Sem)","47760.0","47760.0","MYR","RM47,760","78698.93","78698.93","1.64780000","2026-09-25","UNKNOWN","","","DRAFT"
"SUNWAY_DIPLOMA_PDF_001","SUNWAY","MEDIA_COMMUNICATION","DIPLOMA","ON_CAMPUS","sunway-diploma-pdf-001","传媒通讯大专课程","Diploma in Communication","","","24","2年","59785.0","59785.0","MYR","59,785","98513.72","98513.72","1.64780000","2026-09-25","UNKNOWN","","","DRAFT"
"SUNWAY_DIPLOMA_PDF_002","SUNWAY","MEDIA_COMMUNICATION","DIPLOMA","ON_CAMPUS","sunway-diploma-pdf-002","互动新媒体大专课程","Diploma in Interactive New Media","","","24","2年","59785.0","59785.0","MYR","59,785","98513.72","98513.72","1.64780000","2026-09-25","UNKNOWN","","","DRAFT"
"SUNWAY_DIPLOMA_PDF_003","SUNWAY","DESIGN_CREATIVE_ARTS","DIPLOMA","ON_CAMPUS","sunway-diploma-pdf-003","数字创意大专课程","Diploma in Digital Creative Content","","","24","2年","59785.0","59785.0","MYR","59,785","98513.72","98513.72","1.64780000","2026-09-25","UNKNOWN","","","DRAFT"
"SUNWAY_DIPLOMA_PDF_004","SUNWAY","DESIGN_CREATIVE_ARTS","DIPLOMA","ON_CAMPUS","sunway-diploma-pdf-004","时装设计科技大专课程","Diploma in Fashion Design Technology","","","24","2年","72925.0","72925.0","MYR","72,925","120165.82","120165.82","1.64780000","2026-09-25","UNKNOWN","","","DRAFT"
"SUNWAY_DIPLOMA_PDF_005","SUNWAY","MEDIA_COMMUNICATION","DIPLOMA","ON_CAMPUS","sunway-diploma-pdf-005","Diploma in Fashion Media 时尚媒体大专课程","","","","24","2年","71100.0","71100.0","MYR","71,100","117158.58","117158.58","1.64780000","2026-09-25","UNKNOWN","","","DRAFT"
"SUNWAY_DIPLOMA_PDF_006","SUNWAY","MEDIA_COMMUNICATION","DIPLOMA","ON_CAMPUS","sunway-diploma-pdf-006","平面设计与多媒体设计大专课程","Diploma in Graphic and Multimedia Design","","","","2年3个月","65650.0","65650.0","MYR","65,650","108178.07","108178.07","1.64780000","2026-09-25","UNKNOWN","","","DRAFT"
"SUNWAY_DIPLOMA_PDF_007","SUNWAY","DESIGN_CREATIVE_ARTS","DIPLOMA","ON_CAMPUS","sunway-diploma-pdf-007","室内设计大专课程","Diploma in Interior Design","","","","2年3个月","65650.0","65650.0","MYR","65,650","108178.07","108178.07","1.64780000","2026-09-25","UNKNOWN","","","DRAFT"
"SUNWAY_DIPLOMA_PDF_008","SUNWAY","DESIGN_CREATIVE_ARTS","DIPLOMA","ON_CAMPUS","sunway-diploma-pdf-008","音乐大专课程","Diploma in Music","","","24","2年","62000.0","62000.0","MYR","62,000","102163.60","102163.60","1.64780000","2026-09-25","UNKNOWN","","","DRAFT"
"SUNWAY_DIPLOMA_PDF_009","SUNWAY","DESIGN_CREATIVE_ARTS","DIPLOMA","ON_CAMPUS","sunway-diploma-pdf-009","表演艺术大专课程","Diploma in Performing Arts","","","24","2年","65000.0","65000.0","MYR","65,000","107107.00","107107.00","1.64780000","2026-09-25","UNKNOWN","","","DRAFT"
"SUNWAY_BACHELOR_PDF_001","SUNWAY","ARCHITECTURE_BUILT_ENVIRONMENT","BACHELOR","ON_CAMPUS","sunway-bachelor-pdf-001","建筑（荣誉）学士学位","Bachelor of Arts (Honours) in Architecture","","","36","3年","124450.0","124450.0","MYR","124,450","205068.71","205068.71","1.64780000","2026-09-25","UNKNOWN","","","DRAFT"
"SUNWAY_BACHELOR_PDF_002","SUNWAY","DESIGN_CREATIVE_ARTS","BACHELOR","ON_CAMPUS","sunway-bachelor-pdf-002","数码电影制作（荣誉）学士学位","Bachelor of Arts (Honours) Digital Film Production","","","36","3年","120450.0","120450.0","MYR","120,450","198477.51","198477.51","1.64780000","2026-09-25","UNKNOWN","","","DRAFT"
"SUNWAY_BACHELOR_PDF_003","SUNWAY","DESIGN_CREATIVE_ARTS","BACHELOR","ON_CAMPUS","sunway-bachelor-pdf-003","戏剧制作（荣誉）学士学位","Bachelor of Arts (Honours) in Theatre Production","","","36","3年","120450.0","120450.0","MYR","120,450","198477.51","198477.51","1.64780000","2026-09-25","UNKNOWN","","","DRAFT"
"SUNWAY_BACHELOR_PDF_004","SUNWAY","MEDIA_COMMUNICATION","BACHELOR","ON_CAMPUS","sunway-bachelor-pdf-004","广告与品牌（荣誉）学士学位","BA (Hons) in Advertising and Branding","","","36","3年","123950.0","123950.0","MYR","123,950","204244.81","204244.81","1.64780000","2026-09-25","UNKNOWN","","","DRAFT"
"SUNWAY_BACHELOR_PDF_005","SUNWAY","MEDIA_COMMUNICATION","BACHELOR","ON_CAMPUS","sunway-bachelor-pdf-005","传媒通讯（荣誉）学士学位","BA (Hons) Communication","","","36","3年","123050.0","123050.0","MYR","123,050","202761.79","202761.79","1.64780000","2026-09-25","UNKNOWN","","","DRAFT"
"SUNWAY_BACHELOR_PDF_006","SUNWAY","DESIGN_CREATIVE_ARTS","BACHELOR","ON_CAMPUS","sunway-bachelor-pdf-006","现代音乐（音频科技）（荣誉）学士学位","Bachelor of Arts (Honours) Contemporary Music / (Audio Technology)","","","36","3年","122650.0","122650.0","MYR","122,650","202102.67","202102.67","1.64780000","2026-09-25","UNKNOWN","","","DRAFT"
"SUNWAY_BACHELOR_PDF_007","SUNWAY","DESIGN_CREATIVE_ARTS","BACHELOR","ON_CAMPUS","sunway-bachelor-pdf-007","音乐艺术（荣誉）学士学位","BA (Hons) Music Performance","","","36","3年","","","","122, 650","","","","","UNKNOWN","","","DRAFT"
"SUNWAY_BACHELOR_PDF_008","SUNWAY","MEDIA_COMMUNICATION","BACHELOR","ON_CAMPUS","sunway-bachelor-pdf-008","传媒设计（荣誉）学士学位","BA (Hons) Design Communication","","","36","3年","123050.0","123050.0","MYR","123,050","202761.79","202761.79","1.64780000","2026-09-25","UNKNOWN","","","DRAFT"
"SUNWAY_BACHELOR_PDF_009","SUNWAY","ARCHITECTURE_BUILT_ENVIRONMENT","BACHELOR","ON_CAMPUS","sunway-bachelor-pdf-009","室内建筑（荣誉）学士学位","BA (Hons) in Interior Architecture","","","","3年6个月","135300.0","135300.0","MYR","134, 400 (1,9)
135,300 (4)","222947.34","222947.34","1.64780000","2026-09-25","UNKNOWN","","","DRAFT"
"SUNWAY_DIPLOMA_PDF_010","SUNWAY","BUSINESS_MANAGEMENT","DIPLOMA","ON_CAMPUS","sunway-diploma-pdf-010","工商管理大专课程","Diploma in Business Administration","","","24","2年","59700.0","59700.0","MYR","59,700","98373.66","98373.66","1.64780000","2026-09-25","UNKNOWN","","","DRAFT"
"SUNWAY_DIPLOMA_PDF_011","SUNWAY","ACCOUNTING_FINANCE","DIPLOMA","ON_CAMPUS","sunway-diploma-pdf-011","金融大专课程","Diploma in Finance","","","24","2年","59480.0","59480.0","MYR","59,480","98011.14","98011.14","1.64780000","2026-09-25","UNKNOWN","","","DRAFT"
"SUNWAY_DIPLOMA_PDF_012","SUNWAY","ACCOUNTING_FINANCE","DIPLOMA","ON_CAMPUS","sunway-diploma-pdf-012","会计大专课程","Diploma in Accounting","","","24","2年","59480.0","59480.0","MYR","59,480","98011.14","98011.14","1.64780000","2026-09-25","UNKNOWN","","","DRAFT"
"SUNWAY_DIPLOMA_PDF_013","SUNWAY","BUSINESS_MANAGEMENT","DIPLOMA","ON_CAMPUS","sunway-diploma-pdf-013","数字创业大专课程","Diploma in Digital Entrrepreneurship","","","24","2年","56875.0","56875.0","MYR","56,875","93718.63","93718.63","1.64780000","2026-09-25","UNKNOWN","","","DRAFT"
"SUNWAY_BACHELOR_PDF_010","SUNWAY","ACCOUNTING_FINANCE","BACHELOR","ON_CAMPUS","sunway-bachelor-pdf-010","会计与金融（荣誉）学士学位","BSc (Hons) Accounting and Finance","","","36","3年","129070.0","129070.0","MYR","129,070","212681.55","212681.55","1.64780000","2026-09-25","UNKNOWN","","","DRAFT"
"SUNWAY_BACHELOR_PDF_011","SUNWAY","ACCOUNTING_FINANCE","BACHELOR","ON_CAMPUS","sunway-bachelor-pdf-011","金融学（荣誉）学士学位","Bachelor (Hons) in Finance","","","36","3年","126530.0","126530.0","MYR","126,530","208496.13","208496.13","1.64780000","2026-09-25","UNKNOWN","","","DRAFT"
"SUNWAY_BACHELOR_PDF_012","SUNWAY","INTERDISCIPLINARY","BACHELOR","ON_CAMPUS","sunway-bachelor-pdf-012","财务分析（荣誉）学士学位","BSc (Hons) Financial Analysis","","","36","3年","126530.0","126530.0","MYR","126,530","208496.13","208496.13","1.64780000","2026-09-25","UNKNOWN","","","DRAFT"
"SUNWAY_BACHELOR_PDF_013","SUNWAY","ECONOMICS","BACHELOR","ON_CAMPUS","sunway-bachelor-pdf-013","财务经济（荣誉）学士学位","BSc (Hons) Financial Economics","","","36","3年","126530.0","126530.0","MYR","126,530","208496.13","208496.13","1.64780000","2026-09-25","UNKNOWN","","","DRAFT"
"SUNWAY_BACHELOR_PDF_014","SUNWAY","BUSINESS_MANAGEMENT","BACHELOR","ON_CAMPUS","sunway-bachelor-pdf-014","商业分析（荣誉）学士学位","Bachelor of Business Analytics (Hons)","","","36","3年","126530.0","126530.0","MYR","126,530","208496.13","208496.13","1.64780000","2026-09-25","UNKNOWN","","","DRAFT"
"SUNWAY_BACHELOR_PDF_015","SUNWAY","BUSINESS_MANAGEMENT","BACHELOR","ON_CAMPUS","sunway-bachelor-pdf-015","工商管理（荣誉）学士学位","BSc (Hons) Business Management","","","36","3年","126530.0","126530.0","MYR","126,530","208496.13","208496.13","1.64780000","2026-09-25","UNKNOWN","","","DRAFT"
"SUNWAY_BACHELOR_PDF_016","SUNWAY","BUSINESS_MANAGEMENT","BACHELOR","ON_CAMPUS","sunway-bachelor-pdf-016","创业与管理（荣誉）学士学位","BA (Hons) Entrepreneurship","","","36","3年","126530.0","126530.0","MYR","126,530","208496.13","208496.13","1.64780000","2026-09-25","UNKNOWN","","","DRAFT"
"SUNWAY_BACHELOR_PDF_017","SUNWAY","BUSINESS_MANAGEMENT","BACHELOR","ON_CAMPUS","sunway-bachelor-pdf-017","国际商务（荣誉）学士学位","BSc (Hons) in International Business","","","36","3年","126530.0","126530.0","MYR","126,530","208496.13","208496.13","1.64780000","2026-09-25","UNKNOWN","","","DRAFT"
"SUNWAY_BACHELOR_PDF_018","SUNWAY","BUSINESS_MANAGEMENT","BACHELOR","ON_CAMPUS","sunway-bachelor-pdf-018","全球采购与国际供应商管理（荣誉）学士学位","BSc (Hons) Global Supply Chain Management","","","36","3年","126530.0","126530.0","MYR","126,530","208496.13","208496.13","1.64780000","2026-09-25","UNKNOWN","","","DRAFT"
"SUNWAY_BACHELOR_PDF_019","SUNWAY","BUSINESS_MANAGEMENT","BACHELOR","ON_CAMPUS","sunway-bachelor-pdf-019","商业学科（荣誉）学士学位","BSc (Hons) Business Studies","","","36","3年","126530.0","126530.0","MYR","126,530","208496.13","208496.13","1.64780000","2026-09-25","UNKNOWN","","","DRAFT"
"SUNWAY_BACHELOR_PDF_020","SUNWAY","BUSINESS_MANAGEMENT","BACHELOR","ON_CAMPUS","sunway-bachelor-pdf-020","市场营销（荣誉）学士学位","BSc (Hons) Marketing","","","36","3年","126530.0","126530.0","MYR","126,530","208496.13","208496.13","1.64780000","2026-09-25","UNKNOWN","","","DRAFT"
"SUNWAY_BACHELOR_PDF_021","SUNWAY","BUSINESS_MANAGEMENT","BACHELOR","ON_CAMPUS","sunway-bachelor-pdf-021","澳洲维多利亚大学商业学士学位","Victoria University Bachelor of Business","","","36","3年","111650.0","111650.0","MYR","111,650","183976.87","183976.87","1.64780000","2026-09-25","UNKNOWN","","","DRAFT"
"SUNWAY_DIPLOMA_PDF_014","SUNWAY","DESIGN_CREATIVE_ARTS","DIPLOMA","ON_CAMPUS","sunway-diploma-pdf-014","烹饪艺术大专课程","Diploma in Culinary Arts","","","24","2年","71440.0","71440.0","MYR","71,440","117718.83","117718.83","1.64780000","2026-09-25","UNKNOWN","","","DRAFT"
"SUNWAY_DIPLOMA_PDF_015","SUNWAY","BUSINESS_MANAGEMENT","DIPLOMA","ON_CAMPUS","sunway-diploma-pdf-015","酒店管理大专课程","Diploma in Hotel Management","","","24","2年","63080.0","63080.0","MYR","63,080","103943.22","103943.22","1.64780000","2026-09-25","UNKNOWN","","","DRAFT"
"SUNWAY_DIPLOMA_PDF_016","SUNWAY","BUSINESS_MANAGEMENT","DIPLOMA","ON_CAMPUS","sunway-diploma-pdf-016","活动策划管理大专课程","Diploma in Events Management","","","24","2年","61680.0","61680.0","MYR","61,680","101636.30","101636.30","1.64780000","2026-09-25","UNKNOWN","","","DRAFT"
"SUNWAY_BACHELOR_PDF_022","SUNWAY","BUSINESS_MANAGEMENT","BACHELOR","ON_CAMPUS","sunway-bachelor-pdf-022","国际礼宾管理（荣誉）学士学位","BSc (Hons) in International Hospitality Management","","","36","3年","123670.0","123670.0","MYR","123,670","203783.43","203783.43","1.64780000","2026-09-25","UNKNOWN","","","DRAFT"
"SUNWAY_BACHELOR_PDF_023","SUNWAY","BUSINESS_MANAGEMENT","BACHELOR","ON_CAMPUS","sunway-bachelor-pdf-023","烹饪厨艺管理（荣誉）学士学位","BSc (Hons) in Culinary Management","","","36","3年","126690.0","126690.0","MYR","126,690","208759.78","208759.78","1.64780000","2026-09-25","UNKNOWN","","","DRAFT"
"SUNWAY_BACHELOR_PDF_024","SUNWAY","BUSINESS_MANAGEMENT","BACHELOR","ON_CAMPUS","sunway-bachelor-pdf-024","会展与活动策划管理（荣誉） 学士学位","BSc (Hons) in Conventions and Events Management","","","36","3年","122570.0","122570.0","MYR","122,570","201970.85","201970.85","1.64780000","2026-09-25","UNKNOWN","","","DRAFT"
"SUNWAY_BACHELOR_PDF_025","SUNWAY","ACCOUNTING_FINANCE","BACHELOR","ON_CAMPUS","sunway-bachelor-pdf-025","精算学（荣誉）学士学位","BSc (Hons) in Actuarial Studies","","","36","3年","120950.0","120950.0","MYR","120,950","199301.41","199301.41","1.64780000","2026-09-25","UNKNOWN","","","DRAFT"
"SUNWAY_BACHELOR_PDF_026","SUNWAY","COMPUTING_IT","BACHELOR","ON_CAMPUS","sunway-bachelor-pdf-026","统计数据建模（荣誉）学士学位","BSc (Hons) in Statistical Data Modelling / (Previously known as Industrial Statistics)","","","36","3年","120950.0","120950.0","MYR","120,950","199301.41","199301.41","1.64780000","2026-09-25","UNKNOWN","","","DRAFT"
"SUNWAY_DIPLOMA_PDF_017","SUNWAY","COMPUTING_IT","DIPLOMA","ON_CAMPUS","sunway-diploma-pdf-017","资讯科技大专课程","Diploma in Information Technology","","","24","2年","59770.0","59770.0","MYR","59,770","98489.01","98489.01","1.64780000","2026-09-25","UNKNOWN","","","DRAFT"
"SUNWAY_DIPLOMA_PDF_018","SUNWAY","COMPUTING_IT","DIPLOMA","ON_CAMPUS","sunway-diploma-pdf-018","电脑科学大专课程","Diploma in Computer Science","","","24","2年","59770.0","59770.0","MYR","59,770","98489.01","98489.01","1.64780000","2026-09-25","UNKNOWN","","","DRAFT"
"SUNWAY_BACHELOR_PDF_027","SUNWAY","COMPUTING_IT","BACHELOR","ON_CAMPUS","sunway-bachelor-pdf-027","人工智能学士（荣誉）学士学位","Bachelor of Science (Honours) in Artificial Intelligence","","","36","3年","126900.0","126900.0","MYR","126,900","209105.82","209105.82","1.64780000","2026-09-25","UNKNOWN","","","DRAFT"
"SUNWAY_BACHELOR_PDF_028","SUNWAY","COMPUTING_IT","BACHELOR","ON_CAMPUS","sunway-bachelor-pdf-028","计算机科学（荣誉）学士学位","BSc (Hons) in Computer Science","","","36","3年","126900.0","126900.0","MYR","126,900","209105.82","209105.82","1.64780000","2026-09-25","UNKNOWN","","","DRAFT"
"SUNWAY_BACHELOR_PDF_029","SUNWAY","COMPUTING_IT","BACHELOR","ON_CAMPUS","sunway-bachelor-pdf-029","软件工程(荣誉)学士学位","Bachelor of Software Engineering (Hons)","","","36","3年","130640.0","130640.0","MYR","130,640","215268.59","215268.59","1.64780000","2026-09-25","UNKNOWN","","","DRAFT"
"SUNWAY_BACHELOR_PDF_030","SUNWAY","COMPUTING_IT","BACHELOR","ON_CAMPUS","sunway-bachelor-pdf-030","资讯系统 (数据分析)(荣誉) 学士学位","Bachelor of Information Systems (Honours) (Data Analytics)","","","36","3年","130640.0","130640.0","MYR","130,640","215268.59","215268.59","1.64780000","2026-09-25","UNKNOWN","","","DRAFT"
"SUNWAY_BACHELOR_PDF_031","SUNWAY","COMPUTING_IT","BACHELOR","ON_CAMPUS","sunway-bachelor-pdf-031","资讯科技（荣誉）学士学位","BSc (Hons) in Information Technology","","","36","3年","126900.0","126900.0","MYR","126,900","209105.82","209105.82","1.64780000","2026-09-25","UNKNOWN","","","DRAFT"
"SUNWAY_BACHELOR_PDF_032","SUNWAY","COMPUTING_IT","BACHELOR","ON_CAMPUS","sunway-bachelor-pdf-032","资讯系统（网络与安全信息） (荣誉) 学士学位","BSc (Hons) in Information Technology / (Computer Networking and Security)","","","36","3年","126900.0","126900.0","MYR","126,900","209105.82","209105.82","1.64780000","2026-09-25","UNKNOWN","","","DRAFT"
"SUNWAY_BACHELOR_PDF_033","SUNWAY","ENGINEERING","BACHELOR","ON_CAMPUS","sunway-bachelor-pdf-033","电子及电机工程学荣誉学士学位","Bachelor of Electronic and Electrical Engineering with Honours","","","48","4年","169250.0","169250.0","MYR","169,250","278890.15","278890.15","1.64780000","2026-09-25","UNKNOWN","","","DRAFT"
"SUNWAY_BACHELOR_PDF_034","SUNWAY","ENGINEERING","BACHELOR","ON_CAMPUS","sunway-bachelor-pdf-034","化学工程学荣誉学士学位","Bachelor of Chemical Engineering with Honours","","","48","4年","168185.0","168185.0","MYR","168,185","277135.24","277135.24","1.64780000","2026-09-25","UNKNOWN","","","DRAFT"
"SUNWAY_BACHELOR_PDF_035","SUNWAY","ENGINEERING","BACHELOR","ON_CAMPUS","sunway-bachelor-pdf-035","机械工程学荣誉学士学位","Bachelor of Mechanical Engineering with Honours","","","48","4年","162275.0","162275.0","MYR","162,275","267396.75","267396.75","1.64780000","2026-09-25","UNKNOWN","","","DRAFT"
"SUNWAY_BACHELOR_PDF_036","SUNWAY","ENGINEERING","BACHELOR","ON_CAMPUS","sunway-bachelor-pdf-036","土木工程学荣誉学士学位","Bachelor of Civil Engineering with Honours","","","48","4年","166055.0","166055.0","MYR","166,055","273625.43","273625.43","1.64780000","2026-09-25","UNKNOWN","","","DRAFT"
"SUNWAY_BACHELOR_PDF_037","SUNWAY","ENGINEERING","BACHELOR","ON_CAMPUS","sunway-bachelor-pdf-037","电子机械工程学荣誉学士学位","Bachelor of Mechatronic Engineering (Robotics) with Honours","","","48","4年","167120.0","167120.0","MYR","167,120","275380.34","275380.34","1.64780000","2026-09-25","UNKNOWN","","","DRAFT"
"SUNWAY_DIPLOMA_PDF_019","SUNWAY","NURSING","DIPLOMA","ON_CAMPUS","sunway-diploma-pdf-019","护理大专课程","Diploma in Nursing","","","36","3年","66800.0","66800.0","MYR","66,800","110073.04","110073.04","1.64780000","2026-09-25","UNKNOWN","","","DRAFT"
"SUNWAY_BACHELOR_PDF_038","SUNWAY","NURSING","BACHELOR","ON_CAMPUS","sunway-bachelor-pdf-038","护理（荣誉）学士学位","Bachelor of Nursing (Honour)","","","48","4年","","","","98, 460","","","","","UNKNOWN","","","DRAFT"
"SUNWAY_BACHELOR_PDF_039","SUNWAY","ALLIED_HEALTH","BACHELOR","ON_CAMPUS","sunway-bachelor-pdf-039","心理学（荣誉）学士学位","BSc (Hons) in Psychology","","","36","3年","118650.0","118650.0","MYR","118,650","195511.47","195511.47","1.64780000","2026-09-25","UNKNOWN","","","DRAFT"
"SUNWAY_BACHELOR_PDF_040","SUNWAY","MEDICINE","BACHELOR","ON_CAMPUS","sunway-bachelor-pdf-040","医药生物技术（荣誉）学士学位","BSc (Hons) Medical Biotechnology","","","36","3年","124650.0","124650.0","MYR","124,650","205398.27","205398.27","1.64780000","2026-09-25","UNKNOWN","","","DRAFT"
"SUNWAY_BACHELOR_PDF_041","SUNWAY","MEDICINE","BACHELOR","ON_CAMPUS","sunway-bachelor-pdf-041","生物医学（荣誉）学士学位","BSc (Hons) Biomedicine","","","36","3年","137690.0","137690.0","MYR","137,690","226885.58","226885.58","1.64780000","2026-09-25","UNKNOWN","","","DRAFT"
"SUNWAY_DOCTOR_PDF_001","SUNWAY","INTERDISCIPLINARY","DOCTOR","ON_CAMPUS","sunway-doctor-pdf-001","可持续发展博士学位","Doctor of Philosophy in Sustaible Development (By / Research)","","","","3-6年","67850.0","67850.0","MYR","67,850","111803.23","111803.23","1.64780000","2026-09-25","UNKNOWN","","","DRAFT"
"SUNWAY_MASTER_PDF_001","SUNWAY","BUSINESS_MANAGEMENT","MASTER","ON_CAMPUS","sunway-master-pdf-001","可持续发展管理硕士学位","Master in Sustainable Development Management","","","12","1年","58550.0","58550.0","MYR","58,550","96478.69","96478.69","1.64780000","2026-09-25","UNKNOWN","","","DRAFT"
"SUNWAY_DOCTOR_PDF_002","SUNWAY","MEDIA_COMMUNICATION","DOCTOR","ON_CAMPUS","sunway-doctor-pdf-002","创意艺术和媒体博士学位","Doctor of Philosophy in Creative Arts and Media","","","36","3年","67850.0","67850.0","MYR","67,850","111803.23","111803.23","1.64780000","2026-09-25","UNKNOWN","","","DRAFT"
"SUNWAY_MASTER_PDF_002","SUNWAY","MEDIA_COMMUNICATION","MASTER","ON_CAMPUS","sunway-master-pdf-002","视觉传播和媒体研究硕士学位 （授课型）","MA Visual Communications and Media Studies","","","12","1年","53150.0","53150.0","MYR","53,150","87580.57","87580.57","1.64780000","2026-09-25","UNKNOWN","","","DRAFT"
"SUNWAY_MASTER_PDF_003","SUNWAY","MEDIA_COMMUNICATION","MASTER","ON_CAMPUS","sunway-master-pdf-003","创意艺术和媒体硕士学位 (研究型）","MA Creative Arts and Media （By Research)","","","","2-4年","51200.0","51200.0","MYR","51,200","84367.36","84367.36","1.64780000","2026-09-25","UNKNOWN","","","DRAFT"
"SUNWAY_MASTER_PDF_004","SUNWAY","MEDIA_COMMUNICATION","MASTER","ON_CAMPUS","sunway-master-pdf-004","传播硕士学位","MA Communication","","","12","1年","43750.0","43750.0","MYR","43,750","72091.25","72091.25","1.64780000","2026-09-25","UNKNOWN","","","DRAFT"
"SUNWAY_DOCTOR_PDF_003","SUNWAY","EDUCATION","DOCTOR","ON_CAMPUS","sunway-doctor-pdf-003","教育学博士学位","Doctor of Philosophy in Education","","","36","3年","67850.0","67850.0","MYR","67,850","111803.23","111803.23","1.64780000","2026-09-25","UNKNOWN","","","DRAFT"
"SUNWAY_MASTER_PDF_005","SUNWAY","EDUCATION","MASTER","ON_CAMPUS","sunway-master-pdf-005","教育学硕士学位（授课型）","Master of Education (Conventional)","","","","1-3年","45190.0","45190.0","MYR","45,190","74464.08","74464.08","1.64780000","2026-09-25","UNKNOWN","","","DRAFT"
"SUNWAY_MASTER_PDF_006","SUNWAY","EDUCATION","MASTER","ON_CAMPUS","sunway-master-pdf-006","教育学硕士学位（研究型）","Master of Education (By Research)","","","","2-3年","51200.0","51200.0","MYR","51,200","84367.36","84367.36","1.64780000","2026-09-25","UNKNOWN","","","DRAFT"
"SUNWAY_DOCTOR_PDF_004","SUNWAY","COMPUTING_IT","DOCTOR","ON_CAMPUS","sunway-doctor-pdf-004","计算机科学博士学位","Doctor of Philosophy (Computing)","","","36","3年","67850.0","67850.0","MYR","67,850","111803.23","111803.23","1.64780000","2026-09-25","UNKNOWN","","","DRAFT"
"SUNWAY_DOCTOR_PDF_005","SUNWAY","NATURAL_SCIENCES","DOCTOR","ON_CAMPUS","sunway-doctor-pdf-005","可持续科学与科技博士学位","Doctor of Philosophy in Sustainable Science and / Technology","","","36","3年","67850.0","67850.0","MYR","67,850","111803.23","111803.23","1.64780000","2026-09-25","UNKNOWN","","","DRAFT"
"SUNWAY_MASTER_PDF_007","SUNWAY","COMPUTING_IT","MASTER","ON_CAMPUS","sunway-master-pdf-007","计算机科学硕士学位 （研究型）","Master of Science in Computer Science","","","24","2年","51200.0","51200.0","MYR","51,200","84367.36","84367.36","1.64780000","2026-09-25","UNKNOWN","","","DRAFT"
"SUNWAY_MASTER_PDF_008","SUNWAY","NATURAL_SCIENCES","MASTER","ON_CAMPUS","sunway-master-pdf-008","资讯系统硕士学位 （研究型）","Master of Science in Information System","","","24","2年","51200.0","51200.0","MYR","51,200","84367.36","84367.36","1.64780000","2026-09-25","UNKNOWN","","","DRAFT"
"SUNWAY_MASTER_PDF_009","SUNWAY","COMPUTING_IT","MASTER","ON_CAMPUS","sunway-master-pdf-009","高级计算硕士学位","Master in Advanced Computing","","","12","1年","51750.0","51750.0","MYR","51,750","85273.65","85273.65","1.64780000","2026-09-25","UNKNOWN","","","DRAFT"
"SUNWAY_MASTER_PDF_010","SUNWAY","COMPUTING_IT","MASTER","ON_CAMPUS","sunway-master-pdf-010","人工智能硕士学位","Master in Artificial Intelligence","","","12","1年","51750.0","51750.0","MYR","51,750","85273.65","85273.65","1.64780000","2026-09-25","UNKNOWN","","","DRAFT"
"SUNWAY_DOCTOR_PDF_006","SUNWAY","HOSPITALITY_TOURISM","DOCTOR","ON_CAMPUS","sunway-doctor-pdf-006","酒店与旅游博士学位","Doctor of Philosophy in Hospitality and Tourism","","","36","3年","67850.0","67850.0","MYR","67,850","111803.23","111803.23","1.64780000","2026-09-25","UNKNOWN","","","DRAFT"
"SUNWAY_MASTER_PDF_011","SUNWAY","BUSINESS_MANAGEMENT","MASTER","ON_CAMPUS","sunway-master-pdf-011","国际礼宾管理硕士学位","Master of International Hospitality Management","","","12","1年","53150.0","53150.0","MYR","53,150","87580.57","87580.57","1.64780000","2026-09-25","UNKNOWN","","","DRAFT"
"SUNWAY_DOCTOR_PDF_007","SUNWAY","NATURAL_SCIENCES","DOCTOR","ON_CAMPUS","sunway-doctor-pdf-007","数学科学博士学位","Doctor of Philosophy in Mathematical Sciences","","","36","3年","67850.0","67850.0","MYR","67,850","111803.23","111803.23","1.64780000","2026-09-25","UNKNOWN","","","DRAFT"
"SUNWAY_MASTER_PDF_012","SUNWAY","NATURAL_SCIENCES","MASTER","ON_CAMPUS","sunway-master-pdf-012","数学科学硕士学位(研究型）","MSc in Mathematical Sciences （By Research)","","","24","2年","51200.0","51200.0","MYR","51,200","84367.36","84367.36","1.64780000","2026-09-25","UNKNOWN","","","DRAFT"
"SUNWAY_MASTER_PDF_013","SUNWAY","NATURAL_SCIENCES","MASTER","ON_CAMPUS","sunway-master-pdf-013","应用数学硕士学位 (授课型）","Master of Science in Applied Mathematics","","","12","1年","53190.0","53190.0","MYR","53,190","87646.48","87646.48","1.64780000","2026-09-25","UNKNOWN","","","DRAFT"
"SUNWAY_DOCTOR_PDF_008","SUNWAY","NATURAL_SCIENCES","DOCTOR","ON_CAMPUS","sunway-doctor-pdf-008","生物学博士学位","Doctor of Philosophy in Biology","","","36","3年","67850.0","67850.0","MYR","67,850","111803.23","111803.23","1.64780000","2026-09-25","UNKNOWN","","","DRAFT"
"SUNWAY_DOCTOR_PDF_009","SUNWAY","MEDICINE","DOCTOR","ON_CAMPUS","sunway-doctor-pdf-009","医学科学博士学位","Doctor of Philosophy in Medical Science","","","36","3年","77210.0","77210.0","MYR","77,210","127226.64","127226.64","1.64780000","2026-09-25","UNKNOWN","","","DRAFT"
"SUNWAY_DOCTOR_PDF_010","SUNWAY","ALLIED_HEALTH","DOCTOR","ON_CAMPUS","sunway-doctor-pdf-010","心理学博士学位","Doctor of Philosophy in Psychology","","","36","3年","67850.0","67850.0","MYR","67,850","111803.23","111803.23","1.64780000","2026-09-25","UNKNOWN","","","DRAFT"
"SUNWAY_MASTER_PDF_014","SUNWAY","INTERDISCIPLINARY","MASTER","ON_CAMPUS","sunway-master-pdf-014","应用行为分析硕士学位","Master of Applied Behaviour Analysis","","","24","2年","60560.0","60560.0","MYR","60,560","99790.77","99790.77","1.64780000","2026-09-25","UNKNOWN","","","DRAFT"
"SUNWAY_MASTER_PDF_015","SUNWAY","INTERDISCIPLINARY","MASTER","ON_CAMPUS","sunway-master-pdf-015","辅导学硕士学位","Master of Counselling","","","","1年8个月","59760.0","59760.0","MYR","59,760","98472.53","98472.53","1.64780000","2026-09-25","UNKNOWN","","","DRAFT"
"SUNWAY_MASTER_PDF_016","SUNWAY","MEDICINE","MASTER","ON_CAMPUS","sunway-master-pdf-016","临床心理健康辅导学硕士学位","Master of Counselling (Clinical Mental Health)","","","24","2年","70420.0","70420.0","MYR","70,420","116038.08","116038.08","1.64780000","2026-09-25","UNKNOWN","","","DRAFT"
"SUNWAY_MASTER_PDF_017","SUNWAY","ALLIED_HEALTH","MASTER","ON_CAMPUS","sunway-master-pdf-017","心理学硕士学位","Master of Science in Psychology","","","24","2年","51200.0","51200.0","MYR","51,200","84367.36","84367.36","1.64780000","2026-09-25","UNKNOWN","","","DRAFT"
"SUNWAY_MASTER_PDF_018","SUNWAY","MEDICINE","MASTER","ON_CAMPUS","sunway-master-pdf-018","医学科学硕士学位","Master of Science in Medical Sciences","","","24","2年","55500.0","55500.0","MYR","55,500","91452.90","91452.90","1.64780000","2026-09-25","UNKNOWN","","","DRAFT"
"SUNWAY_MASTER_PDF_019","SUNWAY","NATURAL_SCIENCES","MASTER","ON_CAMPUS","sunway-master-pdf-019","生命科学硕士学位","Master of Science in Life Sciences","","","24","2年","51200.0","51200.0","MYR","51,200","84367.36","84367.36","1.64780000","2026-09-25","UNKNOWN","","","DRAFT"
"SUNWAY_DOCTOR_PDF_011","SUNWAY","BUSINESS_MANAGEMENT","DOCTOR","ON_CAMPUS","sunway-doctor-pdf-011","Doctor of Philosophy (Business) 商学博士学位","","","","36","3年","67850.0","67850.0","MYR","67,850","111803.23","111803.23","1.64780000","2026-09-25","UNKNOWN","","","DRAFT"
"SUNWAY_MASTER_PDF_020","SUNWAY","BUSINESS_MANAGEMENT","MASTER","ON_CAMPUS","sunway-master-pdf-020","商业分析硕士 （授课型）","Master in Business Analytics","","","12","1年","53190.0","53190.0","MYR","53,190","87646.48","87646.48","1.64780000","2026-09-25","UNKNOWN","","","DRAFT"
"SUNWAY_MASTER_PDF_021","SUNWAY","BUSINESS_MANAGEMENT","MASTER","ON_CAMPUS","sunway-master-pdf-021","市场营销硕士学位","Master in Marketing","","","12","1年","62390.0","62390.0","MYR","62,390","102806.24","102806.24","1.64780000","2026-09-25","UNKNOWN","","","DRAFT"
"SUNWAY_MASTER_PDF_022","SUNWAY","BUSINESS_MANAGEMENT","MASTER","ON_CAMPUS","sunway-master-pdf-022","人力资源管理硕士学位","Master of Human Resource Management","","","","1年3个月","53545.0","53545.0","MYR","53,545","88231.45","88231.45","1.64780000","2026-09-25","UNKNOWN","","","DRAFT"
"SUNWAY_MASTER_PDF_023","SUNWAY","BUSINESS_MANAGEMENT","MASTER","ON_CAMPUS","sunway-master-pdf-023","商业管理硕士学位（研究型）","Master of Philosophy (Business Administration)","","","24","2年","51200.0","51200.0","MYR","51,200","84367.36","84367.36","1.64780000","2026-09-25","UNKNOWN","","","DRAFT"
"SUNWAY_FOUNDATION_PDF_001","SUNWAY","INTERDISCIPLINARY","FOUNDATION","ON_CAMPUS","sunway-foundation-pdf-001","澳大利亚大学预科","Australian Matriculation (AUSMAT)","","","","1,5月：12个月
9月：15个月","37450.0","42613.0","MYR","37,450 （1, 5)
42,613 (9)","61710.11","70217.70","1.64780000","2026-09-25","UNKNOWN","","","DRAFT"
"SUNWAY_FOUNDATION_PDF_002","SUNWAY","INTERDISCIPLINARY","FOUNDATION","ON_CAMPUS","sunway-foundation-pdf-002","剑桥GCE A水平","Cambridge GCE A-Level","","","","1,7月：18个月
9月：21 个月","46025.0","55088.0","MYR","46,025 (1,7)
55,088 (9)","75840.00","90774.01","1.64780000","2026-09-25","UNKNOWN","","","DRAFT"
"SUNWAY_FOUNDATION_PDF_003","SUNWAY","INTERDISCIPLINARY","FOUNDATION","ON_CAMPUS","sunway-foundation-pdf-003","加拿大大学国际预科","Canadian International Matriculation Programme (CIMP)","","","","1,7月：12个月
9月：15 个月","47750.0","48913.0","MYR","47,750 (1,7)
48,913 (9)","78682.45","80598.84","1.64780000","2026-09-25","UNKNOWN","","","DRAFT"
"SUNWAY_FOUNDATION_PDF_004","SUNWAY","INTERDISCIPLINARY","FOUNDATION","ON_CAMPUS","sunway-foundation-pdf-004","莫纳什大学基础课程","Monash University Foundation Year (MUFY)","","","","12个月","40850.0","40850.0","MYR","40,850","67312.63","67312.63","1.64780000","2026-09-25","UNKNOWN","","","DRAFT"
"SUNWAY_FOUNDATION_PDF_005","SUNWAY","DESIGN_CREATIVE_ARTS","FOUNDATION","ON_CAMPUS","sunway-foundation-pdf-005","双威大学文科基础课程","Sunway Foundation in Arts (SFP - FIA)","","","","12个月","31100.0","31100.0","MYR","31,100","51246.58","51246.58","1.64780000","2026-09-25","UNKNOWN","","","DRAFT"
"SUNWAY_FOUNDATION_PDF_006","SUNWAY","NATURAL_SCIENCES","FOUNDATION","ON_CAMPUS","sunway-foundation-pdf-006","双威大学科技基础课程","Sunway Foundation in Science & Technology (SFP - FIST)","","","","","32300.0","32300.0","MYR","32,300","53223.94","53223.94","1.64780000","2026-09-25","UNKNOWN","","","DRAFT"
"APU_FOUNDATION_PDF_001","APU","ACCOUNTING_FINANCE","FOUNDATION","ON_CAMPUS","apu-foundation-pdf-001","预科（商科、金融与社会科学）","","","","12","1年","28400","28400","MYR","学费 RM 28,400（1年）","46797.52","46797.52","1.64780000","2026-09-25","TOTAL","","","DRAFT"
"APU_FOUNDATION_PDF_002","APU","COMPUTING_IT","FOUNDATION","ON_CAMPUS","apu-foundation-pdf-002","大学预科（电脑与计算机）","","","","12","1年","28400","28400","MYR","学费 RM 28,400（1年）","46797.52","46797.52","1.64780000","2026-09-25","TOTAL","","","DRAFT"
"APU_FOUNDATION_PDF_003","APU","ENGINEERING","FOUNDATION","ON_CAMPUS","apu-foundation-pdf-003","大学预科（工程学）","","","","12","1年","29200","29200","MYR","学费 RM 29,200（1年）","48115.76","48115.76","1.64780000","2026-09-25","TOTAL","","","DRAFT"
"APU_FOUNDATION_PDF_004","APU","ARCHITECTURE_BUILT_ENVIRONMENT","FOUNDATION","ON_CAMPUS","apu-foundation-pdf-004","大学预科（建筑学与设计学）","","","","12","1年","28400","28400","MYR","学费 RM 28,400（1年）","46797.52","46797.52","1.64780000","2026-09-25","TOTAL","","","DRAFT"
"APU_DIPLOMA_PDF_001","APU","COMPUTING_IT","DIPLOMA","ON_CAMPUS","apu-diploma-pdf-001","信息技术学专科","","","","","","","","","","","","","","UNKNOWN","","","DRAFT"
"APU_DIPLOMA_PDF_002","APU","BUSINESS_MANAGEMENT","DIPLOMA","ON_CAMPUS","apu-diploma-pdf-002","商业与信息技术学专科","","","","","","","","","","","","","","UNKNOWN","","","DRAFT"
"APU_DIPLOMA_PDF_003","APU","BUSINESS_MANAGEMENT","DIPLOMA","ON_CAMPUS","apu-diploma-pdf-003","商业管理学专科","","","","","","","","","","","","","","UNKNOWN","","","DRAFT"
"APU_DIPLOMA_PDF_004","APU","ACCOUNTING_FINANCE","DIPLOMA","ON_CAMPUS","apu-diploma-pdf-004","会计学专科","","","","","","","","","","","","","","UNKNOWN","","","DRAFT"
"APU_DIPLOMA_PDF_005","APU","INTERDISCIPLINARY","DIPLOMA","ON_CAMPUS","apu-diploma-pdf-005","机电一体化专科","","","","","","","","","","","","","","UNKNOWN","","","DRAFT"
"APU_DIPLOMA_PDF_006","APU","BUSINESS_MANAGEMENT","DIPLOMA","ON_CAMPUS","apu-diploma-pdf-006","会展管理专科","","","","","","","","","","","","","","UNKNOWN","","","DRAFT"
"APU_DIPLOMA_PDF_007","APU","BUSINESS_MANAGEMENT","DIPLOMA","ON_CAMPUS","apu-diploma-pdf-007","酒店管理专科","","","","","","","","","","","","","","UNKNOWN","","","DRAFT"
"APU_DIPLOMA_PDF_008","APU","INTERDISCIPLINARY","DIPLOMA","ON_CAMPUS","apu-diploma-pdf-008","国际研究学专科","","","","","","","","","","","","","","UNKNOWN","","","DRAFT"
"APU_DIPLOMA_PDF_009","APU","DESIGN_CREATIVE_ARTS","DIPLOMA","ON_CAMPUS","apu-diploma-pdf-009","设计与媒体学专科","","","","","","","","","","","","","","UNKNOWN","","","DRAFT"
"APU_DIPLOMA_PDF_010","APU","ALLIED_HEALTH","DIPLOMA","ON_CAMPUS","apu-diploma-pdf-010","心理学专科","","","","","","","","","","","","","","UNKNOWN","","","DRAFT"
"APU_BACHELOR_PDF_001","APU","COMPUTING_IT","BACHELOR","ON_CAMPUS","apu-bachelor-pdf-001","信息技术荣誉学士学位","","","","","","","","","","","","","","UNKNOWN","","","DRAFT"
"APU_BACHELOR_PDF_002","APU","COMPUTING_IT","BACHELOR","ON_CAMPUS","apu-bachelor-pdf-002","软件工程荣誉学士学位","","","","","","","","","","","","","","UNKNOWN","","","DRAFT"
"APU_BACHELOR_PDF_003","APU","COMPUTING_IT","BACHELOR","ON_CAMPUS","apu-bachelor-pdf-003","计算机科学荣誉学士学位","","","","","","","","","","","","","","UNKNOWN","","","DRAFT"
"APU_BACHELOR_PDF_004","APU","COMPUTING_IT","BACHELOR","ON_CAMPUS","apu-bachelor-pdf-004","计算机科学荣誉学士学位（人工智能）","","","","","","","","","","","","","","UNKNOWN","","","DRAFT"
"APU_BACHELOR_PDF_005","APU","INTERDISCIPLINARY","BACHELOR","ON_CAMPUS","apu-bachelor-pdf-005","电脑游戏开发荣誉学士学位","","","","","","","","","","","","","","UNKNOWN","","","DRAFT"
"APU_BACHELOR_PDF_006","APU","BUSINESS_MANAGEMENT","BACHELOR","ON_CAMPUS","apu-bachelor-pdf-006","工商管理学荣誉学士学位","","","","","","","","","","","","","","UNKNOWN","","","DRAFT"
"APU_BACHELOR_PDF_007","APU","BUSINESS_MANAGEMENT","BACHELOR","ON_CAMPUS","apu-bachelor-pdf-007","人力资源管理荣誉学士学位","","","","","","","","","","","","","","UNKNOWN","","","DRAFT"
"APU_BACHELOR_PDF_008","APU","BUSINESS_MANAGEMENT","BACHELOR","ON_CAMPUS","apu-bachelor-pdf-008","国际商务管理荣誉学士学位","","","","","","","","","","","","","","UNKNOWN","","","DRAFT"
"APU_BACHELOR_PDF_009","APU","BUSINESS_MANAGEMENT","BACHELOR","ON_CAMPUS","apu-bachelor-pdf-009","市场管理学荣誉学士学位","","","","","","","","","","","","","","UNKNOWN","","","DRAFT"
"APU_BACHELOR_PDF_010","APU","BUSINESS_MANAGEMENT","BACHELOR","ON_CAMPUS","apu-bachelor-pdf-010","旅游管理荣誉学士学位","","","","","","","","","","","","","","UNKNOWN","","","DRAFT"
"APU_BACHELOR_PDF_011","APU","BUSINESS_MANAGEMENT","BACHELOR","ON_CAMPUS","apu-bachelor-pdf-011","酒店与旅游管理荣誉学士学位","","","","","","","","","","","","","","UNKNOWN","","","DRAFT"
"APU_BACHELOR_PDF_012","APU","DESIGN_CREATIVE_ARTS","BACHELOR","ON_CAMPUS","apu-bachelor-pdf-012","工业设计学荣誉学士学位","","","","","","","","","","","","","","UNKNOWN","","","DRAFT"
"APU_BACHELOR_PDF_013","APU","INTERDISCIPLINARY","BACHELOR","ON_CAMPUS","apu-bachelor-pdf-013","视觉效果学荣誉学士学位","","","","","","","","","","","","","","UNKNOWN","","","DRAFT"
"APU_BACHELOR_PDF_014","APU","INTERDISCIPLINARY","BACHELOR","ON_CAMPUS","apu-bachelor-pdf-014","动画学荣誉学士学位","","","","","","","","","","","","","","UNKNOWN","","","DRAFT"
"APU_BACHELOR_PDF_015","APU","MEDIA_COMMUNICATION","BACHELOR","ON_CAMPUS","apu-bachelor-pdf-015","数字广告学荣誉学士学位","","","","","","","","","","","","","","UNKNOWN","","","DRAFT"
"APU_BACHELOR_PDF_016","APU","ACCOUNTING_FINANCE","BACHELOR","ON_CAMPUS","apu-bachelor-pdf-016","会计与金融学荣誉学士学位","","","","","","","","","","","","","","UNKNOWN","","","DRAFT"
"APU_BACHELOR_PDF_017","APU","ACCOUNTING_FINANCE","BACHELOR","ON_CAMPUS","apu-bachelor-pdf-017","金融科技荣誉学士学位","","","","","","","","","","","","","","UNKNOWN","","","DRAFT"
"APU_BACHELOR_PDF_018","APU","ACCOUNTING_FINANCE","BACHELOR","ON_CAMPUS","apu-bachelor-pdf-018","银行与金融学荣誉学士学位","","","","","","","","","","","","","","UNKNOWN","","","DRAFT"
"APU_BACHELOR_PDF_019","APU","ENGINEERING","BACHELOR","ON_CAMPUS","apu-bachelor-pdf-019","电气与电子工程荣誉学士学位","","","","","","","","","","","","","","UNKNOWN","","","DRAFT"
"APU_BACHELOR_PDF_020","APU","INTERDISCIPLINARY","BACHELOR","ON_CAMPUS","apu-bachelor-pdf-020","机电一体化荣誉学士学位","","","","","","","","","","","","","","UNKNOWN","","","DRAFT"
"APU_BACHELOR_PDF_021","APU","ENGINEERING","BACHELOR","ON_CAMPUS","apu-bachelor-pdf-021","机械工程荣誉学士学位","","","","","","","","","","","","","","UNKNOWN","","","DRAFT"
"APU_BACHELOR_PDF_022","APU","ENGINEERING","BACHELOR","ON_CAMPUS","apu-bachelor-pdf-022","石油工程荣誉学士学位","","","","","","","","","","","","","","UNKNOWN","","","DRAFT"
"APU_BACHELOR_PDF_023","APU","ENGINEERING","BACHELOR","ON_CAMPUS","apu-bachelor-pdf-023","电脑工程荣誉学士学位","","","","","","","","","","","","","","UNKNOWN","","","DRAFT"
"APU_BACHELOR_PDF_024","APU","ARCHITECTURE_BUILT_ENVIRONMENT","BACHELOR","ON_CAMPUS","apu-bachelor-pdf-024","建筑学荣誉学士学位","","","","","","","","","","","","","","UNKNOWN","","","DRAFT"
"APU_BACHELOR_PDF_025","APU","COMPUTING_IT","BACHELOR","ON_CAMPUS","apu-bachelor-pdf-025","计算机科学荣誉学士学位（网络安全）","","","","","","","","","","","","","","UNKNOWN","","","DRAFT"
"APU_BACHELOR_PDF_026","APU","INTERDISCIPLINARY","BACHELOR","ON_CAMPUS","apu-bachelor-pdf-026","互动媒体与沉浸式技术荣誉学士学位","","","","","","","","","","","","","","UNKNOWN","","","DRAFT"
"APU_BACHELOR_PDF_027","APU","MEDIA_COMMUNICATION","BACHELOR","ON_CAMPUS","apu-bachelor-pdf-027","媒体与传播学荣誉学士学位","","","","","","","","","","","","","","UNKNOWN","","","DRAFT"
"APU_BACHELOR_PDF_028","APU","SOCIAL_SCIENCES","BACHELOR","ON_CAMPUS","apu-bachelor-pdf-028","国际关系学荣誉学士学位","","","","","","","","","","","","","","UNKNOWN","","","DRAFT"
"APU_BACHELOR_PDF_029","APU","ALLIED_HEALTH","BACHELOR","ON_CAMPUS","apu-bachelor-pdf-029","心理学荣誉学士学位","","","","","","","","","","","","","","UNKNOWN","","","DRAFT"
"APU_BACHELOR_PDF_030","APU","ACCOUNTING_FINANCE","BACHELOR","ON_CAMPUS","apu-bachelor-pdf-030","精算学荣誉学士学位","","","","","","","","","","","","","","UNKNOWN","","","DRAFT"
"APU_MASTER_PDF_001","APU","ENGINEERING","MASTER","ON_CAMPUS","apu-master-pdf-001","工程学研究型硕士学位","","","","","","","","","","","","","","UNKNOWN","","","DRAFT"
"APU_MASTER_PDF_002","APU","BUSINESS_MANAGEMENT","MASTER","ON_CAMPUS","apu-master-pdf-002","管理学研究型硕士学位","","","","","","","","","","","","","","UNKNOWN","","","DRAFT"
"APU_MASTER_PDF_003","APU","COMPUTING_IT","MASTER","ON_CAMPUS","apu-master-pdf-003","计算机学研究型硕士学位","","","","","","","","","","","","","","UNKNOWN","","","DRAFT"
"APU_MASTER_PDF_004","APU","INTERDISCIPLINARY","MASTER","ON_CAMPUS","apu-master-pdf-004","沉浸式技术与电子游戏研究型硕士学位","","","","","","","","","","","","","","UNKNOWN","","","DRAFT"
"APU_MASTER_PDF_005","APU","BUSINESS_MANAGEMENT","MASTER","ON_CAMPUS","apu-master-pdf-005","数据科学与商业分析硕士学位","","","","","","","","","","","","","","UNKNOWN","","","DRAFT"
"APU_MASTER_PDF_006","APU","EDUCATION","MASTER","ON_CAMPUS","apu-master-pdf-006","学习设计与科技教育学硕士学位","","","","","","","","","","","","","","UNKNOWN","","","DRAFT"
"APU_MASTER_PDF_007","APU","COMPUTING_IT","MASTER","ON_CAMPUS","apu-master-pdf-007","人工智能硕士学位","","","","","","","","","","","","","","UNKNOWN","","","DRAFT"
"APU_MASTER_PDF_008","APU","COMPUTING_IT","MASTER","ON_CAMPUS","apu-master-pdf-008","网络安全硕士学位","","","","","","","","","","","","","","UNKNOWN","","","DRAFT"
"APU_MASTER_PDF_009","APU","BUSINESS_MANAGEMENT","MASTER","ON_CAMPUS","apu-master-pdf-009","科技管理硕士学位","","","","","","","","","","","","","","UNKNOWN","","","DRAFT"
"APU_MASTER_PDF_010","APU","BUSINESS_MANAGEMENT","MASTER","ON_CAMPUS","apu-master-pdf-010","信息技术管理硕士学位","","","","","","","","","","","","","","UNKNOWN","","","DRAFT"
"APU_MASTER_PDF_011","APU","INTERDISCIPLINARY","MASTER","ON_CAMPUS","apu-master-pdf-011","数字化转型硕士学位","","","","","","","","","","","","","","UNKNOWN","","","DRAFT"
"APU_MASTER_PDF_012","APU","COMPUTING_IT","MASTER","ON_CAMPUS","apu-master-pdf-012","软件工程硕士学位","","","","","","","","","","","","","","UNKNOWN","","","DRAFT"
"APU_MASTER_PDF_013","APU","BUSINESS_MANAGEMENT","MASTER","ON_CAMPUS","apu-master-pdf-013","数字化营销硕士学位","","","","","","","","","","","","","","UNKNOWN","","","DRAFT"
"APU_MASTER_PDF_014","APU","BUSINESS_MANAGEMENT","MASTER","ON_CAMPUS","apu-master-pdf-014","项目管理硕士学位","","","","","","","","","","","","","","UNKNOWN","","","DRAFT"
"APU_MASTER_PDF_015","APU","ACCOUNTING_FINANCE","MASTER","ON_CAMPUS","apu-master-pdf-015","会计学硕士学位","","","","","","","","","","","","","","UNKNOWN","","","DRAFT"
"APU_MASTER_PDF_016","APU","ACCOUNTING_FINANCE","MASTER","ON_CAMPUS","apu-master-pdf-016","法务分析会计学硕士学位","","","","","","","","","","","","","","UNKNOWN","","","DRAFT"
"APU_MASTER_PDF_017","APU","BUSINESS_MANAGEMENT","MASTER","ON_CAMPUS","apu-master-pdf-017","工商管理学硕士学位（MBA）","","","","","","","","","","","","","","UNKNOWN","","","DRAFT"
"APU_MASTER_PDF_018","APU","ACCOUNTING_FINANCE","MASTER","ON_CAMPUS","apu-master-pdf-018","金融学硕士学位","","","","","","","","","","","","","","UNKNOWN","","","DRAFT"
"APU_MASTER_PDF_019","APU","INTERDISCIPLINARY","MASTER","ON_CAMPUS","apu-master-pdf-019","国际商务交流硕士学位","","","","","","","","","","","","","","UNKNOWN","","","DRAFT"
"APU_MASTER_PDF_020","APU","BUSINESS_MANAGEMENT","MASTER","ON_CAMPUS","apu-master-pdf-020","设计创新管理硕士学位","","","","","","","","","","","","","","UNKNOWN","","","DRAFT"
"APU_MASTER_PDF_021","APU","ACCOUNTING_FINANCE","MASTER","ON_CAMPUS","apu-master-pdf-021","精算科学理学硕士学位","","","","","","","","","","","","","","UNKNOWN","","","DRAFT"
"APU_DOCTOR_PDF_001","APU","COMPUTING_IT","DOCTOR","ON_CAMPUS","apu-doctor-pdf-001","计算机学博士课程","","","","","","","","","","","","","","UNKNOWN","","","DRAFT"
"APU_DOCTOR_PDF_002","APU","ENGINEERING","DOCTOR","ON_CAMPUS","apu-doctor-pdf-002","工程学博士课程","","","","","","","","","","","","","","UNKNOWN","","","DRAFT"
"APU_DOCTOR_PDF_003","APU","BUSINESS_MANAGEMENT","DOCTOR","ON_CAMPUS","apu-doctor-pdf-003","管理学博士课程","","","","","","","","","","","","","","UNKNOWN","","","DRAFT"
"APU_DOCTOR_PDF_004","APU","ACCOUNTING_FINANCE","DOCTOR","ON_CAMPUS","apu-doctor-pdf-004","金融学博士课程","","","","","","","","","","","","","","UNKNOWN","","","DRAFT"
"APU_DOCTOR_PDF_005","APU","INTERDISCIPLINARY","DOCTOR","ON_CAMPUS","apu-doctor-pdf-005","科技学博士课程","","","","","","","","","","","","","","UNKNOWN","","","DRAFT"
"APU_DOCTOR_PDF_006","APU","BUSINESS_MANAGEMENT","DOCTOR","ON_CAMPUS","apu-doctor-pdf-006","工商管理博士学位课程（DBA）","","","","","","","","","","","","","","UNKNOWN","","","DRAFT"
"HELP_FOUNDATION_PDF_001","HELP","DESIGN_CREATIVE_ARTS","FOUNDATION","ON_CAMPUS","help-foundation-pdf-001","预科（文科）","Foundation in Arts","","","12","1年","16112","28885","MYR","减免后学费 RM 16,112；原课程学费 RM 28,885","26549.35","47596.70","1.64780000","2026-09-25","TOTAL","","","DRAFT"
"HELP_FOUNDATION_PDF_002","HELP","NATURAL_SCIENCES","FOUNDATION","ON_CAMPUS","help-foundation-pdf-002","预科（理科）","Foundation in Science","","","12","1年","17596","30369","MYR","减免后学费 RM 17,596；原课程学费 RM 30,369","28994.69","50042.04","1.64780000","2026-09-25","TOTAL","","","DRAFT"
"HELP_DIPLOMA_PDF_001","HELP","EDUCATION","DIPLOMA","ON_CAMPUS","help-diploma-pdf-001","学前教育文凭课程","Diploma in Early Childhood Education","","","30","2.5年","28514","48018","MYR","减免后学费 RM 28,514；原课程学费 RM 48,018","46985.37","79124.06","1.64780000","2026-09-25","TOTAL","","","DRAFT"
"HELP_DIPLOMA_PDF_002","HELP","EDUCATION","DIPLOMA","ON_CAMPUS","help-diploma-pdf-002","教育学文凭课程","Diploma in Education","","","30","2.5年","17914","48442","MYR","减免后学费 RM 17,914；原课程学费 RM 48,442","29518.69","79822.73","1.64780000","2026-09-25","TOTAL","","","DRAFT"
"HELP_DIPLOMA_PDF_003","HELP","BUSINESS_MANAGEMENT","DIPLOMA","ON_CAMPUS","help-diploma-pdf-003","工商文凭课程","Diploma in Business","","","24","2年","48654","48654","MYR","课程学费 RM 48,654","80172.06","80172.06","1.64780000","2026-09-25","TOTAL","","","DRAFT"
"HELP_DIPLOMA_PDF_004","HELP","MEDIA_COMMUNICATION","DIPLOMA","ON_CAMPUS","help-diploma-pdf-004","传播学文凭课程","Diploma in Communication","","","24","2年","46831","46831","MYR","课程学费 RM 46,831","77168.12","77168.12","1.64780000","2026-09-25","TOTAL","","","DRAFT"
"HELP_DIPLOMA_PDF_005","HELP","COMPUTING_IT","DIPLOMA","ON_CAMPUS","help-diploma-pdf-005","计算机文凭课程","Diploma in Information Technology","","","24","2年","50541","50541","MYR","课程学费 RM 50,541","83281.46","83281.46","1.64780000","2026-09-25","TOTAL","","","DRAFT"
"HELP_BACHELOR_PDF_001","HELP","COMPUTING_IT","BACHELOR","ON_CAMPUS","help-bachelor-pdf-001","信息科技学士（荣誉）","Bachelor of Information Technology (Honours)","","","36","3年","84752","84752","MYR","课程学费 RM 84,752","139654.35","139654.35","1.64780000","2026-09-25","TOTAL","","","DRAFT"
"HELP_BACHELOR_PDF_002","HELP","COMPUTING_IT","BACHELOR","ON_CAMPUS","help-bachelor-pdf-002","信息科技（数据分析）学士（荣誉）","Bachelor of Information Technology (Honours) Data Analytics","","","36","3年","84752","84752","MYR","课程学费 RM 84,752","139654.35","139654.35","1.64780000","2026-09-25","TOTAL","","","DRAFT"
"HELP_BACHELOR_PDF_003","HELP","COMPUTING_IT","BACHELOR","ON_CAMPUS","help-bachelor-pdf-003","计算机科学学士（荣誉）","Bachelor of Computer Science (Honours)","","","36","3年","94960","94960","MYR","课程学费 RM 94,960","156475.09","156475.09","1.64780000","2026-09-25","TOTAL","","","DRAFT"
"HELP_BACHELOR_PDF_004","HELP","LAW","BACHELOR","ON_CAMPUS","help-bachelor-pdf-004","英国法律学学分转移","UK Degree Transfer Programme (Law)","","","36","3年","74041","74041","MYR","课程学费 RM 74,041","122004.76","122004.76","1.64780000","2026-09-25","TOTAL","","","DRAFT"
"HELP_BACHELOR_PDF_005","HELP","LAW","BACHELOR","ON_CAMPUS","help-bachelor-pdf-005","法律学士（荣誉）","Bachelor of Laws (LLB) (Honours)","","","36","3年","82828","82828","MYR","课程学费 RM 82,828","136483.98","136483.98","1.64780000","2026-09-25","TOTAL","","","DRAFT"
"HELP_BACHELOR_PDF_006","HELP","ACCOUNTING_FINANCE","BACHELOR","ON_CAMPUS","help-bachelor-pdf-006","会计学商学士（荣誉）","Bachelor of Accounting (Honours)","","","36","3年","93704","93704","MYR","课程学费 RM 93,704","154405.45","154405.45","1.64780000","2026-09-25","TOTAL","","","DRAFT"
"HELP_BACHELOR_PDF_007","HELP","ACCOUNTING_FINANCE","BACHELOR","ON_CAMPUS","help-bachelor-pdf-007","金融商学士（荣誉）","Bachelor of Business (Honours) in Finance","","","36","3年","90657","90657","MYR","课程学费 RM 90,657","149384.60","149384.60","1.64780000","2026-09-25","TOTAL","","","DRAFT"
"HELP_BACHELOR_PDF_008","HELP","BUSINESS_MANAGEMENT","BACHELOR","ON_CAMPUS","help-bachelor-pdf-008","市场营销学士（荣誉）","Bachelor of Marketing (Honours)","","","36","3年","90657","90657","MYR","课程学费 RM 90,657","149384.60","149384.60","1.64780000","2026-09-25","TOTAL","","","DRAFT"
"HELP_BACHELOR_PDF_009","HELP","BUSINESS_MANAGEMENT","BACHELOR","ON_CAMPUS","help-bachelor-pdf-009","国际商务学士（荣誉）","Bachelor of International Business (Honours)","","","36","3年","90657","90657","MYR","课程学费 RM 90,657","149384.60","149384.60","1.64780000","2026-09-25","TOTAL","","","DRAFT"
"HELP_BACHELOR_PDF_010","HELP","BUSINESS_MANAGEMENT","BACHELOR","ON_CAMPUS","help-bachelor-pdf-010","创业学商学士（荣誉）","Bachelor of Business (Honours), Major in Entrepreneurship","","","36","3年","90657","90657","MYR","课程学费 RM 90,657","149384.60","149384.60","1.64780000","2026-09-25","TOTAL","","","DRAFT"
"HELP_BACHELOR_PDF_011","HELP","BUSINESS_MANAGEMENT","BACHELOR","ON_CAMPUS","help-bachelor-pdf-011","人力资源管理商学士（荣誉）","Bachelor of Business (Honours), Major in Human Resource Management","","","36","3年","90657","90657","MYR","课程学费 RM 90,657","149384.60","149384.60","1.64780000","2026-09-25","TOTAL","","","DRAFT"
"HELP_BACHELOR_PDF_012","HELP","BUSINESS_MANAGEMENT","BACHELOR","ON_CAMPUS","help-bachelor-pdf-012","商业分析学士（荣誉）","Bachelor of Business Analytics (Honours)","","","36","3年","90657","90657","MYR","课程学费 RM 90,657","149384.60","149384.60","1.64780000","2026-09-25","TOTAL","","","DRAFT"
"HELP_BACHELOR_PDF_013","HELP","BUSINESS_MANAGEMENT","BACHELOR","ON_CAMPUS","help-bachelor-pdf-013","商业心理学学士（荣誉）","Bachelor of Business Psychology (Honours)","","","36","3年","95692","95692","MYR","课程学费 RM 95,692","157681.28","157681.28","1.64780000","2026-09-25","TOTAL","","","DRAFT"
"HELP_BACHELOR_PDF_014","HELP","ECONOMICS","BACHELOR","ON_CAMPUS","help-bachelor-pdf-014","经济学学士（荣誉）","Bachelor of Economics (Honours)","","","36","3年","90657","90657","MYR","课程学费 RM 90,657","149384.60","149384.60","1.64780000","2026-09-25","TOTAL","","","DRAFT"
"HELP_BACHELOR_PDF_015","HELP","BUSINESS_MANAGEMENT","BACHELOR","ON_CAMPUS","help-bachelor-pdf-015","管理学学士（荣誉）","Bachelor of Management (Honours)","","","36","3年","90657","90657","MYR","课程学费 RM 90,657","149384.60","149384.60","1.64780000","2026-09-25","TOTAL","","","DRAFT"
"HELP_BACHELOR_PDF_016","HELP","BUSINESS_MANAGEMENT","BACHELOR","ON_CAMPUS","help-bachelor-pdf-016","礼待管理商学士（荣誉）","Bachelor of Business (Honours), Major in Hospitality Management","","","36","3年","97541","97541","MYR","课程学费 RM 97,541","160728.06","160728.06","1.64780000","2026-09-25","TOTAL","","","DRAFT"
"HELP_BACHELOR_PDF_017","HELP","BUSINESS_MANAGEMENT","BACHELOR","ON_CAMPUS","help-bachelor-pdf-017","旅游管理学士（荣誉）","Bachelor of Tourism Management (Honours)","","","36","3年","98225","98225","MYR","课程学费 RM 98,225","161855.16","161855.16","1.64780000","2026-09-25","TOTAL","","","DRAFT"
"HELP_BACHELOR_PDF_018","HELP","MEDIA_COMMUNICATION","BACHELOR","ON_CAMPUS","help-bachelor-pdf-018","传播学学士（荣誉）","Bachelor of Communication (Honours)","","","36","3年","86894","86894","MYR","课程学费 RM 86,894","143183.93","143183.93","1.64780000","2026-09-25","TOTAL","","","DRAFT"
"HELP_BACHELOR_PDF_019","HELP","EDUCATION","BACHELOR","ON_CAMPUS","help-bachelor-pdf-019","学前教育学士（荣誉）","Bachelor of Early Childhood Education (Honours)","","","36","3年","85908","85908","MYR","课程学费 RM 85,908","141559.20","141559.20","1.64780000","2026-09-25","TOTAL","","","DRAFT"
"HELP_BACHELOR_PDF_020","HELP","ALLIED_HEALTH","BACHELOR","ON_CAMPUS","help-bachelor-pdf-020","心理学学士（荣誉）","Bachelor of Psychology (Honours)","","","36","3年","111152","111152","MYR","课程学费 RM 111,152","183156.27","183156.27","1.64780000","2026-09-25","TOTAL","","","DRAFT"
"HELP_MASTER_PDF_001","HELP","BUSINESS_MANAGEMENT","MASTER","ON_CAMPUS","help-master-pdf-001","工商管理学硕士","Master of Business Administration","","","20","1.7年","28620","55650","MYR","减免后学费 RM 28,620；原课程学费 RM 55,650","47160.04","91700.07","1.64780000","2026-09-25","TOTAL","","","DRAFT"
"HELP_MASTER_PDF_002","HELP","BUSINESS_MANAGEMENT","MASTER","ON_CAMPUS","help-master-pdf-002","创业学硕士","Master of Entrepreneurship","","","20","1.7年","28620","50350","MYR","减免后学费 RM 28,620；原课程学费 RM 50,350","47160.04","82966.73","1.64780000","2026-09-25","TOTAL","","","DRAFT"
"HELP_MASTER_PDF_003","HELP","BUSINESS_MANAGEMENT","MASTER","ON_CAMPUS","help-master-pdf-003","应用商业数据分析硕士","Master of Applied Business Analytics","","","20","1.7年","28620","55650","MYR","减免后学费 RM 28,620；原课程学费 RM 55,650","47160.04","91700.07","1.64780000","2026-09-25","TOTAL","","","DRAFT"
"HELP_MASTER_PDF_004","HELP","COMPUTING_IT","MASTER","ON_CAMPUS","help-master-pdf-004","数据科学硕士","Master of Data Science","","","12","1年","28620","36040","MYR","减免后学费 RM 28,620；原课程学费 RM 36,040","47160.04","59386.71","1.64780000","2026-09-25","TOTAL","","","DRAFT"
"HELP_MASTER_PDF_005","HELP","ACCOUNTING_FINANCE","MASTER","ON_CAMPUS","help-master-pdf-005","会计与金融学硕士","Master of Accounting and Finance","","","18","1.5年","28620","50350","MYR","减免后学费 RM 28,620；原课程学费 RM 50,350","47160.04","82966.73","1.64780000","2026-09-25","TOTAL","","","DRAFT"
"HELP_MASTER_PDF_006","HELP","INTERDISCIPLINARY","MASTER","ON_CAMPUS","help-master-pdf-006","公司治理学硕士","Master of Corporate Governance","","","18","1.5年","28620","50350","MYR","减免后学费 RM 28,620；原课程学费 RM 50,350","47160.04","82966.73","1.64780000","2026-09-25","TOTAL","","","DRAFT"
"HELP_MASTER_PDF_007","HELP","BUSINESS_MANAGEMENT","MASTER","ON_CAMPUS","help-master-pdf-007","项目管理学硕士","Master of Project Management","","","20","1.7年","28620","50350","MYR","减免后学费 RM 28,620；原课程学费 RM 50,350","47160.04","82966.73","1.64780000","2026-09-25","TOTAL","","","DRAFT"
"HELP_MASTER_PDF_008","HELP","BUSINESS_MANAGEMENT","MASTER","ON_CAMPUS","help-master-pdf-008","人力资源开发学硕士","Master of Human Resource Development","","","24","2年","28620","50350","MYR","减免后学费 RM 28,620；原课程学费 RM 50,350","47160.04","82966.73","1.64780000","2026-09-25","TOTAL","","","DRAFT"
"HELP_MASTER_PDF_009","HELP","BUSINESS_MANAGEMENT","MASTER","ON_CAMPUS","help-master-pdf-009","经济犯罪管理学硕士","MSc in Economic Crime Management","","","24","2年","28620","40810","MYR","减免后学费 RM 28,620；原课程学费 RM 40,810","47160.04","67246.72","1.64780000","2026-09-25","TOTAL","","","DRAFT"
"HELP_MASTER_PDF_010","HELP","EDUCATION","MASTER","ON_CAMPUS","help-master-pdf-010","教育学硕士","Master of Education (Teaching and Learning)","","","","2-3年","28620","34450","MYR","减免后学费 RM 28,620；原课程学费 RM 34,450","47160.04","56766.71","1.64780000","2026-09-25","TOTAL","","","DRAFT"
"HELP_DOCTOR_PDF_001","HELP","EDUCATION","DOCTOR","ON_CAMPUS","help-doctor-pdf-001","教育学博士（混合模式）","Doctor of Philosophy in Education (Mixed Mode)","","","36","3年","55650","55650","MYR","课程学费 RM 55,650","91700.07","91700.07","1.64780000","2026-09-25","TOTAL","","","DRAFT"
"HELP_MASTER_PDF_011","HELP","ALLIED_HEALTH","MASTER","ON_CAMPUS","help-master-pdf-011","咨商心理学硕士","Master of Counselling","","","24","2年","60865","60865","MYR","课程学费 RM 60,865","100293.35","100293.35","1.64780000","2026-09-25","TOTAL","","","DRAFT"
"HELP_MASTER_PDF_012","HELP","MEDICINE","MASTER","ON_CAMPUS","help-master-pdf-012","临床心理学硕士","Master of Clinical Psychology","","","24","2年","58830","58830","MYR","课程学费 RM 58,830","96940.07","96940.07","1.64780000","2026-09-25","TOTAL","","","DRAFT"
"HELP_MASTER_PDF_013","HELP","ALLIED_HEALTH","MASTER","ON_CAMPUS","help-master-pdf-013","心理学研究型硕士","Master of Philosophy in Psychology","","","24","2年","39220","39220","MYR","课程学费 RM 39,220","64626.72","64626.72","1.64780000","2026-09-25","TOTAL","","","DRAFT"
"HELP_DOCTOR_PDF_002","HELP","ALLIED_HEALTH","DOCTOR","ON_CAMPUS","help-doctor-pdf-002","心理学研究型博士","Doctor of Philosophy in Psychology","","","36","3年","49820","49820","MYR","课程学费 RM 49,820","82093.40","82093.40","1.64780000","2026-09-25","TOTAL","","","DRAFT"
"HELP_MASTER_PDF_014","HELP","BUSINESS_MANAGEMENT","MASTER","ON_CAMPUS","help-master-pdf-014","管理学研究型硕士","Master of Philosophy in Management","","","","2-5年","28620","55650","MYR","减免后学费 RM 28,620；原课程学费 RM 55,650","47160.04","91700.07","1.64780000","2026-09-25","TOTAL","","","DRAFT"
"HELP_MASTER_PDF_015","HELP","ACCOUNTING_FINANCE","MASTER","ON_CAMPUS","help-master-pdf-015","投资与财富管理硕士","Master of Investment and Wealth Management","","","","3-年","28620","55650","MYR","减免后学费 RM 28,620；原课程学费 RM 55,650","47160.04","91700.07","1.64780000","2026-09-25","TOTAL","","","DRAFT"
"HELP_DOCTOR_PDF_003","HELP","BUSINESS_MANAGEMENT","DOCTOR","ON_CAMPUS","help-doctor-pdf-003","工商管理博士","Doctor of Business Administration","","","36","3年","50880","71550","MYR","减免后学费 RM 50,880；原课程学费 RM 71,550","83840.06","117900.09","1.64780000","2026-09-25","TOTAL","","","DRAFT"
"HELP_DOCTOR_PDF_004","HELP","BUSINESS_MANAGEMENT","DOCTOR","ON_CAMPUS","help-doctor-pdf-004","商业、经济与管理研究型博士","Doctor of Philosophy (BEM)","","","36","3年","79818","79818","MYR","课程学费 RM 79,818","131524.10","131524.10","1.64780000","2026-09-25","TOTAL","","","DRAFT"
"NILAI_FOUNDATION_PDF_001","NILAI","BUSINESS_MANAGEMENT","FOUNDATION","ON_CAMPUS","nilai-foundation-pdf-001","商业预科课程","","","","12","1年","17000","17000","MYR","课程学费 RM 17,000；费用总额 RM 29,450","28012.60","28012.60","1.64780000","2026-09-25","TOTAL","","","DRAFT"
"NILAI_FOUNDATION_PDF_002","NILAI","NATURAL_SCIENCES","FOUNDATION","ON_CAMPUS","nilai-foundation-pdf-002","科学预科课程","","","","12","1年","17000","17000","MYR","课程学费 RM 17,000；费用总额 RM 29,450","28012.60","28012.60","1.64780000","2026-09-25","TOTAL","","","DRAFT"
"NILAI_DIPLOMA_PDF_001","NILAI","BUSINESS_MANAGEMENT","DIPLOMA","ON_CAMPUS","nilai-diploma-pdf-001","工商管理专科","","","","24","2 年","33300","33300","MYR","课程学费 RM 33,300；费用总额 RM 47,290","54871.74","54871.74","1.64780000","2026-09-25","TOTAL","","","DRAFT"
"NILAI_DIPLOMA_PDF_002","NILAI","ACCOUNTING_FINANCE","DIPLOMA","ON_CAMPUS","nilai-diploma-pdf-002","会计专科","","","","30","2.5年","33300","33300","MYR","课程学费 RM 33,300；费用总额 RM 47,290","54871.74","54871.74","1.64780000","2026-09-25","TOTAL","","","DRAFT"
"NILAI_DIPLOMA_PDF_003","NILAI","INTERDISCIPLINARY","DIPLOMA","ON_CAMPUS","nilai-diploma-pdf-003","信息科技专科","","","","30","2.5年","33300","33300","MYR","课程学费 RM 33,300；费用总额 RM 47,290","54871.74","54871.74","1.64780000","2026-09-25","TOTAL","","","DRAFT"
"NILAI_DIPLOMA_PDF_004","NILAI","COMPUTING_IT","DIPLOMA","ON_CAMPUS","nilai-diploma-pdf-004","计算机科学专科","","","","30","2.5年","33300","33300","MYR","课程学费 RM 33,300；费用总额 RM 47,290","54871.74","54871.74","1.64780000","2026-09-25","TOTAL","","","DRAFT"
"NILAI_DIPLOMA_PDF_005","NILAI","DESIGN_CREATIVE_ARTS","DIPLOMA","ON_CAMPUS","nilai-diploma-pdf-005","烹饪艺术专科","","","","30","2.5年","40500","40500","MYR","课程学费 RM 40,500；费用总额 RM 54,490","66735.90","66735.90","1.64780000","2026-09-25","TOTAL","","","DRAFT"
"NILAI_DIPLOMA_PDF_006","NILAI","BUSINESS_MANAGEMENT","DIPLOMA","ON_CAMPUS","nilai-diploma-pdf-006","酒店管理专科","","","","30","2.5年","40500","40500","MYR","课程学费 RM 40,500；费用总额 RM 54,490","66735.90","66735.90","1.64780000","2026-09-25","TOTAL","","","DRAFT"
"NILAI_DIPLOMA_PDF_007","NILAI","NURSING","DIPLOMA","ON_CAMPUS","nilai-diploma-pdf-007","护理专科","","","","36","3年","45732","45732","MYR","课程学费 RM 45,732；费用总额 RM 60,382","75357.19","75357.19","1.64780000","2026-09-25","TOTAL","","","DRAFT"
"NILAI_DIPLOMA_PDF_008","NILAI","ENGINEERING","DIPLOMA","ON_CAMPUS","nilai-diploma-pdf-008","飞机维修工程专科","","","","30","2.5年","56900","56900","MYR","课程学费 RM 56,900；费用总额 RM 70,890","93759.82","93759.82","1.64780000","2026-09-25","TOTAL","","","DRAFT"
"NILAI_DIPLOMA_PDF_009","NILAI","ENGINEERING","DIPLOMA","ON_CAMPUS","nilai-diploma-pdf-009","飞机维修工程高级专科","","","","12","1年","27880","27880","MYR","课程学费 RM 27,880；费用总额 RM 40,330","45940.66","45940.66","1.64780000","2026-09-25","TOTAL","","","DRAFT"
"NILAI_BACHELOR_PDF_001","NILAI","BUSINESS_MANAGEMENT","BACHELOR","ON_CAMPUS","nilai-bachelor-pdf-001","工商管理(荣誉)学士","","","","36","3年","60000","60000","MYR","课程学费 RM 60,000；费用总额 RM 74,650","98868.00","98868.00","1.64780000","2026-09-25","TOTAL","","","DRAFT"
"NILAI_BACHELOR_PDF_002","NILAI","ACCOUNTING_FINANCE","BACHELOR","ON_CAMPUS","nilai-bachelor-pdf-002","工商管理(荣誉)学士 - 金融","","","","36","3年","60000","60000","MYR","课程学费 RM 60,000；费用总额 RM 74,650","98868.00","98868.00","1.64780000","2026-09-25","TOTAL","","","DRAFT"
"NILAI_BACHELOR_PDF_003","NILAI","BUSINESS_MANAGEMENT","BACHELOR","ON_CAMPUS","nilai-bachelor-pdf-003","工商管理(荣誉)学士 - 人力资源","","","","36","3年","60000","60000","MYR","课程学费 RM 60,000；费用总额 RM 74,650","98868.00","98868.00","1.64780000","2026-09-25","TOTAL","","","DRAFT"
"NILAI_BACHELOR_PDF_004","NILAI","BUSINESS_MANAGEMENT","BACHELOR","ON_CAMPUS","nilai-bachelor-pdf-004","工商管理(荣誉)学士 - 国际贸易","","","","36","3年","60000","60000","MYR","课程学费 RM 60,000；费用总额 RM 74,650","98868.00","98868.00","1.64780000","2026-09-25","TOTAL","","","DRAFT"
"NILAI_BACHELOR_PDF_005","NILAI","BUSINESS_MANAGEMENT","BACHELOR","ON_CAMPUS","nilai-bachelor-pdf-005","工商管理(荣誉)学士 - 管理","","","","36","3年","60000","60000","MYR","课程学费 RM 60,000；费用总额 RM 74,650","98868.00","98868.00","1.64780000","2026-09-25","TOTAL","","","DRAFT"
"NILAI_BACHELOR_PDF_006","NILAI","BUSINESS_MANAGEMENT","BACHELOR","ON_CAMPUS","nilai-bachelor-pdf-006","工商管理(荣誉)学士 - 市场营销","","","","36","3年","60000","60000","MYR","课程学费 RM 60,000；费用总额 RM 74,650","98868.00","98868.00","1.64780000","2026-09-25","TOTAL","","","DRAFT"
"NILAI_BACHELOR_PDF_007","NILAI","BUSINESS_MANAGEMENT","BACHELOR","ON_CAMPUS","nilai-bachelor-pdf-007","工商管理(荣誉)学士 - 数字营销","","","","36","3年","60000","60000","MYR","课程学费 RM 60,000；费用总额 RM 74,650","98868.00","98868.00","1.64780000","2026-09-25","TOTAL","","","DRAFT"
"NILAI_BACHELOR_PDF_008","NILAI","ACCOUNTING_FINANCE","BACHELOR","ON_CAMPUS","nilai-bachelor-pdf-008","会计与金融(荣誉)学士","","","","36","3年","63000","63000","MYR","课程学费 RM 63,000；费用总额 RM 77,650","103811.40","103811.40","1.64780000","2026-09-25","TOTAL","","","DRAFT"
"NILAI_BACHELOR_PDF_009","NILAI","ACCOUNTING_FINANCE","BACHELOR","ON_CAMPUS","nilai-bachelor-pdf-009","金融学(荣誉)学士 - 金融科技","","","","36","3年","60000","60000","MYR","课程学费 RM 60,000；费用总额 RM 74,650","98868.00","98868.00","1.64780000","2026-09-25","TOTAL","","","DRAFT"
"NILAI_BACHELOR_PDF_010","NILAI","BUSINESS_MANAGEMENT","BACHELOR","ON_CAMPUS","nilai-bachelor-pdf-010","礼待管理与商业管理(荣誉)学士","","","","36","3年","60000","60000","MYR","课程学费 RM 60,000；费用总额 RM 74,650","98868.00","98868.00","1.64780000","2026-09-25","TOTAL","","","DRAFT"
"NILAI_BACHELOR_PDF_011","NILAI","BUSINESS_MANAGEMENT","BACHELOR","ON_CAMPUS","nilai-bachelor-pdf-011","活动管理(荣誉)学士","","","","36","3年","60000","60000","MYR","课程学费 RM 60,000；费用总额 RM 74,650","98868.00","98868.00","1.64780000","2026-09-25","TOTAL","","","DRAFT"
"NILAI_BACHELOR_PDF_012","NILAI","INTERDISCIPLINARY","BACHELOR","ON_CAMPUS","nilai-bachelor-pdf-012","信息科技(荣誉)学士","","","","36","3年","60000","60000","MYR","课程学费 RM 60,000；费用总额 RM 74,650","98868.00","98868.00","1.64780000","2026-09-25","TOTAL","","","DRAFT"
"NILAI_BACHELOR_PDF_013","NILAI","ENGINEERING","BACHELOR","ON_CAMPUS","nilai-bachelor-pdf-013","信息科技(荣誉)学士 - 网络工程与云计算","","","","36","3年","60000","60000","MYR","课程学费 RM 60,000；费用总额 RM 74,650","98868.00","98868.00","1.64780000","2026-09-25","TOTAL","","","DRAFT"
"NILAI_BACHELOR_PDF_014","NILAI","COMPUTING_IT","BACHELOR","ON_CAMPUS","nilai-bachelor-pdf-014","信息科技(荣誉)学士 - 网络安全","","","","36","3年","60000","60000","MYR","课程学费 RM 60,000；费用总额 RM 74,650","98868.00","98868.00","1.64780000","2026-09-25","TOTAL","","","DRAFT"
"NILAI_BACHELOR_PDF_015","NILAI","COMPUTING_IT","BACHELOR","ON_CAMPUS","nilai-bachelor-pdf-015","计算机科学(荣誉)学士 - 数据科学","","","","36","3年","60000","60000","MYR","课程学费 RM 60,000；费用总额 RM 74,650","98868.00","98868.00","1.64780000","2026-09-25","TOTAL","","","DRAFT"
"NILAI_BACHELOR_PDF_016","NILAI","COMPUTING_IT","BACHELOR","ON_CAMPUS","nilai-bachelor-pdf-016","软件工程(荣誉)学士","","","","36","3年","60000","60000","MYR","课程学费 RM 60,000；费用总额 RM 74,650","98868.00","98868.00","1.64780000","2026-09-25","TOTAL","","","DRAFT"
"NILAI_BACHELOR_PDF_017","NILAI","NATURAL_SCIENCES","BACHELOR","ON_CAMPUS","nilai-bachelor-pdf-017","生物科技(荣誉)学士","","","","36","3年","60000","60000","MYR","课程学费 RM 60,000；费用总额 RM 74,650","98868.00","98868.00","1.64780000","2026-09-25","TOTAL","","","DRAFT"
"NILAI_BACHELOR_PDF_018","NILAI","NURSING","BACHELOR","ON_CAMPUS","nilai-bachelor-pdf-018","护理学(荣誉)学士","","","","48","4年","72884","72884","MYR","课程学费 RM 72,884；费用总额 RM 88,634","120098.26","120098.26","1.64780000","2026-09-25","TOTAL","","","DRAFT"
"NILAI_MASTER_PDF_001","NILAI","BUSINESS_MANAGEMENT","MASTER","ON_CAMPUS","nilai-master-pdf-001","工商管理硕士","","","","12","1年","25200","25200","MYR","课程学费 RM 25,200；费用总额 RM 37,800","41524.56","41524.56","1.64780000","2026-09-25","TOTAL","","","DRAFT"
"NILAI_MASTER_PDF_002","NILAI","BUSINESS_MANAGEMENT","MASTER","ON_CAMPUS","nilai-master-pdf-002","工商管理硕士(市场营销)","","","","12","1年","25200","25200","MYR","课程学费 RM 25,200；费用总额 RM 37,800","41524.56","41524.56","1.64780000","2026-09-25","TOTAL","","","DRAFT"
"NILAI_MASTER_PDF_003","NILAI","ACCOUNTING_FINANCE","MASTER","ON_CAMPUS","nilai-master-pdf-003","工商管理硕士(银行与金融)","","","","12","1年","25200","25200","MYR","课程学费 RM 25,200；费用总额 RM 37,800","41524.56","41524.56","1.64780000","2026-09-25","TOTAL","","","DRAFT"
"NILAI_MASTER_PDF_004","NILAI","BUSINESS_MANAGEMENT","MASTER","ON_CAMPUS","nilai-master-pdf-004","工商管理硕士(人力资源管理)","","","","12","1年","25200","25200","MYR","课程学费 RM 25,200；费用总额 RM 37,800","41524.56","41524.56","1.64780000","2026-09-25","TOTAL","","","DRAFT"
"NILAI_MASTER_PDF_005","NILAI","EDUCATION","MASTER","ON_CAMPUS","nilai-master-pdf-005","教育学硕士","","","","12","1年","25200","25200","MYR","课程学费 RM 25,200；费用总额 RM 37,800","41524.56","41524.56","1.64780000","2026-09-25","TOTAL","","","DRAFT"
"NILAI_MASTER_PDF_006","NILAI","BUSINESS_MANAGEMENT","MASTER","ON_CAMPUS","nilai-master-pdf-006","商业管理硕士","","","","12","1年","25200","25200","MYR","课程学费 RM 25,200；费用总额 RM 37,800","41524.56","41524.56","1.64780000","2026-09-25","TOTAL","","","DRAFT"
"NILAI_MASTER_PDF_007","NILAI","COMPUTING_IT","MASTER","ON_CAMPUS","nilai-master-pdf-007","信息技术硕士","","","","24","2年","25000","25000","MYR","课程学费 RM 25,000；费用总额 RM 38,850","41195.00","41195.00","1.64780000","2026-09-25","TOTAL","","","DRAFT"
"NILAI_MASTER_PDF_008","NILAI","NATURAL_SCIENCES","MASTER","ON_CAMPUS","nilai-master-pdf-008","应用科学硕士","","","","24","2年","25000","25000","MYR","课程学费 RM 25,000；费用总额 RM 38,850","41195.00","41195.00","1.64780000","2026-09-25","TOTAL","","","DRAFT"
"NILAI_MASTER_PDF_009","NILAI","ENGINEERING","MASTER","ON_CAMPUS","nilai-master-pdf-009","工程科学硕士","","","","24","2年","16000","16000","MYR","课程学费 RM 16,000；费用总额 RM 29,850","26364.80","26364.80","1.64780000","2026-09-25","TOTAL","","","DRAFT"
"NILAI_DOCTOR_PDF_001","NILAI","EDUCATION","DOCTOR","ON_CAMPUS","nilai-doctor-pdf-001","教育学哲学博士","","","","36","3年","49800","49800","MYR","课程学费 RM 49,800；费用总额 RM 64,150","82060.44","82060.44","1.64780000","2026-09-25","TOTAL","","","DRAFT"
"NILAI_DOCTOR_PDF_002","NILAI","BUSINESS_MANAGEMENT","DOCTOR","ON_CAMPUS","nilai-doctor-pdf-002","管理学哲学博士","","","","36","3年","42000","42000","MYR","课程学费 RM 42,000；费用总额 RM 56,350","69207.60","69207.60","1.64780000","2026-09-25","TOTAL","","","DRAFT"
"NILAI_DOCTOR_PDF_003","NILAI","BUSINESS_MANAGEMENT","DOCTOR","ON_CAMPUS","nilai-doctor-pdf-003","工商管理博士","","","","36","3年","62400","62400","MYR","课程学费 RM 62,400；费用总额 RM 77,500","102822.72","102822.72","1.64780000","2026-09-25","TOTAL","","","DRAFT"
"SOUTHAMPTON_FOUNDATION_PDF_001","SOUTHAMPTON","ENGINEERING","FOUNDATION","ON_CAMPUS","southampton-foundation-pdf-001","工程预科","Engineering Foundation Year","","","12","1年","","","","","","","","","UNKNOWN","","","DRAFT"
"SOUTHAMPTON_FOUNDATION_PDF_002","SOUTHAMPTON","COMPUTING_IT","FOUNDATION","ON_CAMPUS","southampton-foundation-pdf-002","计算机科学预科","Computer Science Foundation Year","","","12","1年","","","","","","","","","UNKNOWN","","","DRAFT"
"SOUTHAMPTON_FOUNDATION_PDF_003","SOUTHAMPTON","BUSINESS_MANAGEMENT","FOUNDATION","ON_CAMPUS","southampton-foundation-pdf-003","商科预科","Business Foundation Year","","","12","1年","31440","31440","MYR","国际学生 RM 31,440/年","51806.83","51806.83","1.64780000","2026-09-25","PER_YEAR","","","DRAFT"
"SOUTHAMPTON_BACHELOR_PDF_001","SOUTHAMPTON","COMPUTING_IT","BACHELOR","ON_CAMPUS","southampton-bachelor-pdf-001","计算机科学本科","Bachelor of Science in Computer Science","","","","","","","","","","","","","UNKNOWN","","","DRAFT"
"SOUTHAMPTON_BACHELOR_PDF_002","SOUTHAMPTON","ACCOUNTING_FINANCE","BACHELOR","ON_CAMPUS","southampton-bachelor-pdf-002","会计与金融理学士","Bachelor of Science in Accounting and Finance","","","36","3年","47000","47000","MYR","国际学生 RM 47,000/年","77446.60","77446.60","1.64780000","2026-09-25","PER_YEAR","","","DRAFT"
"SOUTHAMPTON_BACHELOR_PDF_003","SOUTHAMPTON","BUSINESS_MANAGEMENT","BACHELOR","ON_CAMPUS","southampton-bachelor-pdf-003","商业分析理学士","Bachelor of Science in Business Analytics","","","36","3年","47380","47380","MYR","国际学生 RM 47,380/年","78072.76","78072.76","1.64780000","2026-09-25","PER_YEAR","","","DRAFT"
"SOUTHAMPTON_BACHELOR_PDF_004","SOUTHAMPTON","BUSINESS_MANAGEMENT","BACHELOR","ON_CAMPUS","southampton-bachelor-pdf-004","商务管理理学士","Bachelor of Science in Business Management","","","36","3年","47000","47000","MYR","国际学生 RM 47,000/年","77446.60","77446.60","1.64780000","2026-09-25","PER_YEAR","","","DRAFT"
"SOUTHAMPTON_BACHELOR_PDF_005","SOUTHAMPTON","ACCOUNTING_FINANCE","BACHELOR","ON_CAMPUS","southampton-bachelor-pdf-005","经济与精算科学理学士","Bachelor of Science in Economics and Actuarial Science","","","36","3年","50340","50340","MYR","国际学生 RM 50,340/年","82950.25","82950.25","1.64780000","2026-09-25","PER_YEAR","","","DRAFT"
"SOUTHAMPTON_BACHELOR_PDF_006","SOUTHAMPTON","ACCOUNTING_FINANCE","BACHELOR","ON_CAMPUS","southampton-bachelor-pdf-006","金融与金融科技理学士","Bachelor of Science in Finance and Financial Technology","","","36","3年","47380","47380","MYR","国际学生 RM 47,380/年","78072.76","78072.76","1.64780000","2026-09-25","PER_YEAR","","","DRAFT"
"SOUTHAMPTON_MASTER_PDF_001","SOUTHAMPTON","ENGINEERING","MASTER","ON_CAMPUS","southampton-master-pdf-001","机械工程工程硕士本科","Master of Engineering in Mechanical Engineering","","","","2+2 / 4+0（来源表述）","","","","","","","","","UNKNOWN","","","DRAFT"
"SOUTHAMPTON_MASTER_PDF_002","SOUTHAMPTON","ENGINEERING","MASTER","ON_CAMPUS","southampton-master-pdf-002","航空与航天工程硕士本科","Master of Engineering in Aeronautics and Astronautics","","","","2+2 / 4+0（来源表述）","","","","","","","","","UNKNOWN","","","DRAFT"
"SOUTHAMPTON_MASTER_PDF_003","SOUTHAMPTON","ENGINEERING","MASTER","ON_CAMPUS","southampton-master-pdf-003","电子与电气工程硕士本科","Master of Engineering in Electrical and Electronic Engineering","","","","2+2 / 4+0（来源表述）","","","","","","","","","UNKNOWN","","","DRAFT"
"SOUTHAMPTON_DOCTOR_PDF_001","SOUTHAMPTON","ENGINEERING","DOCTOR","ON_CAMPUS","southampton-doctor-pdf-001","工程学博士","Doctor of Philosophy in Engineering","","","","","","","","","","","","","UNKNOWN","","","DRAFT"
