"candidate_id","university_source_key","university_code","university_name_zh","university_name_en","programme_code","slug","name_zh","name_en","subject_category_code","subject_category_raw","study_level_code","study_level_raw","course_mode_code","course_mode_raw","duration_months","duration_display","description_zh","description_en","tuition_min","tuition_max","currency_code","tuition_text","tuition_fee_period","tuition_rmb_min","tuition_rmb_max","tuition_total_rmb_min","tuition_total_rmb_max","exchange_rate","exchange_rate_date","official_url","source_checked_at","status","import_readiness","blocking_issues"
"programme_1b0aac5c8a2e5385","adelaide-university","AU_ADELAIDE_UNIVERSITY","阿德莱德大学","Adelaide University","","","","Adelaide EDU","","","","","","","","","","This course has been developed by our student recruitment team to provide career counsellors and teachers with insider knowledge about key university concepts. We hope that these tools can help you assist your students in their transition from school to university a little easier!","","","","","UNKNOWN","","","","","","","https://catalog.adelaide.edu.au/browse/dr/courses/adelaide-edu","2026-10-07T05:57:24.203Z","DRAFT","BLOCKED","PROGRAMME_CODE_REQUIRED | SUBJECT_CATEGORY_REQUIRED | SLUG_REQUIRED"
"programme_9cc6056a094b0306","adelaide-university","AU_ADELAIDE_UNIVERSITY","阿德莱德大学","Adelaide University","","","","ComPass 2024 Farm Animal Welfare","","","","","","","","","","ComPass 2024 Farm Animal Welfare","","","","","UNKNOWN","","","","","","","https://catalog.adelaide.edu.au/browse/pace/compass2024/courses/compass-2024-farm-animal-welfare","2026-10-07T05:57:26.167Z","DRAFT","BLOCKED","PROGRAMME_CODE_REQUIRED | SUBJECT_CATEGORY_REQUIRED | SLUG_REQUIRED"
"programme_aa45cc9780b61662","adelaide-university","AU_ADELAIDE_UNIVERSITY","阿德莱德大学","Adelaide University","","","","ComPass 2024 Module 1: Animal Ethics - Aseptic Technique","","","","","","","","","","ComPass 2024 Module 1: Animal Ethics - Aseptic Technique","","","","","UNKNOWN","","","","","","","https://catalog.adelaide.edu.au/browse/pace/compass2024/courses/compass-2024-module-1-animal-ethics-aseptic-technique","2026-10-07T05:57:28.326Z","DRAFT","BLOCKED","PROGRAMME_CODE_REQUIRED | SUBJECT_CATEGORY_REQUIRED | SLUG_REQUIRED"
"programme_78fa37b1d2b0abb3","adelaide-university","AU_ADELAIDE_UNIVERSITY","阿德莱德大学","Adelaide University","","","","ComPass 2024 Module 2: Animal Ethics - Minimally Invasive Techniques Without Anaesthesia, Including Wildlife Trapping","","","","","","","","","","ComPass 2024 Module 2: Animal Ethics - Minimally Invasive Techniques Without Anaesthesia, Including Wildlife Trapping","","","","","UNKNOWN","","","","","","","https://catalog.adelaide.edu.au/browse/pace/compass2024/courses/compass-2024-module-2-animal-ethics-minimally-invasive-techniques-without-anaesthesia-including-wildlife-trapping","2026-10-07T05:57:30.202Z","DRAFT","BLOCKED","PROGRAMME_CODE_REQUIRED | SUBJECT_CATEGORY_REQUIRED | SLUG_REQUIRED"
"programme_03c0a6195b9fea75","adelaide-university","AU_ADELAIDE_UNIVERSITY","阿德莱德大学","Adelaide University","","","","ComPass 2024 Module 3: Animal Ethics - Anesthesia for Minor Procedures","","","","","","","","","","ComPass 2024 Module 3: Animal Ethics - Anesthesia for Minor Procedures","","","","","UNKNOWN","","","","","","","https://catalog.adelaide.edu.au/browse/pace/compass2024/courses/compass-2024-module-3-animal-ethics-anesthesia-for-minor-procedures","2026-10-07T05:57:32.226Z","DRAFT","BLOCKED","PROGRAMME_CODE_REQUIRED | SUBJECT_CATEGORY_REQUIRED | SLUG_REQUIRED"
"programme_d2b7174957ed8cbb","adelaide-university","AU_ADELAIDE_UNIVERSITY","阿德莱德大学","Adelaide University","","","","ComPass 2024 Module 4: Animal Ethics - Anesthesia for Major Procedures","","","","","","","","","","ComPass 2024 Module 4: Animal Ethics - Anesthesia for Major Procedures","","","","","UNKNOWN","","","","","","","https://catalog.adelaide.edu.au/browse/pace/compass2024/courses/compass-2024-module-4-animal-ethics-anesthesia-for-major-procedures","2026-10-07T05:57:34.234Z","DRAFT","BLOCKED","PROGRAMME_CODE_REQUIRED | SUBJECT_CATEGORY_REQUIRED | SLUG_REQUIRED"
"programme_299f8184917eecf2","adelaide-university","AU_ADELAIDE_UNIVERSITY","阿德莱德大学","Adelaide University","","","","ComPass 2024 Module 5: Animal Ethics - Surgery Principles, Methods and Materials","","","","","","","","","","ComPass 2024 Module 5: Animal Ethics - Surgery Principles, Methods and Materials","","","","","UNKNOWN","","","","","","","https://catalog.adelaide.edu.au/browse/pace/compass2024/courses/compass-2024-module-5-animal-ethics-surgery-principles-methods-and-materials","2026-10-07T05:57:36.231Z","DRAFT","BLOCKED","PROGRAMME_CODE_REQUIRED | SUBJECT_CATEGORY_REQUIRED | SLUG_REQUIRED"
"programme_c0e5e12010a0ad9f","adelaide-university","AU_ADELAIDE_UNIVERSITY","阿德莱德大学","Adelaide University","","","","ComPass 2024 Module 6: Animal Ethics - Performing a Systematic Post-Mortem Examination","","","","","","","","","","ComPass 2024 Module 6: Animal Ethics - Performing a Systematic Post-Mortem Examination","","","","","UNKNOWN","","","","","","","https://catalog.adelaide.edu.au/browse/pace/compass2024/courses/compass-2024-module-6-animal-ethics-performing-a-systematic-post-mortem-examination","2026-10-07T05:57:38.202Z","DRAFT","BLOCKED","PROGRAMME_CODE_REQUIRED | SUBJECT_CATEGORY_REQUIRED | SLUG_REQUIRED"
"programme_e18edfb4f3e59fe9","adelaide-university","AU_ADELAIDE_UNIVERSITY","阿德莱德大学","Adelaide University","","","","ComPass 2024 Module 7: Animal Ethics - Establishing and Managing a Rodent Breeding Colony","","","","","","","","","","ComPass 2024 Module 7: Animal Ethics - Establishing and Managing a Rodent Breeding Colony","","","","","UNKNOWN","","","","","","","https://catalog.adelaide.edu.au/browse/pace/compass2024/courses/compass-2024-module-7-animal-ethics","2026-10-07T05:57:40.251Z","DRAFT","BLOCKED","PROGRAMME_CODE_REQUIRED | SUBJECT_CATEGORY_REQUIRED | SLUG_REQUIRED"
"programme_51efb8fa9651b059","adelaide-university","AU_ADELAIDE_UNIVERSITY","阿德莱德大学","Adelaide University","","","","ComPass 2024 Module 8: Animal Ethics - Maximising Welfare and Behavioural Assessment in Research Animals","","","","","","","","","","ComPass 2024 Module 8: Animal Ethics - Maximising Welfare and Behavioural Assessment in Research Animals","","","","","UNKNOWN","","","","","","","https://catalog.adelaide.edu.au/browse/pace/compass2024/courses/compass-2024-module-8-animal-ethics-maximising-welfare-and-behavioural-assessment-in-research-animals","2026-10-07T05:57:42.206Z","DRAFT","BLOCKED","PROGRAMME_CODE_REQUIRED | SUBJECT_CATEGORY_REQUIRED | SLUG_REQUIRED"
"programme_c68ec651fdf5cf05","adelaide-university","AU_ADELAIDE_UNIVERSITY","阿德莱德大学","Adelaide University","","","","ComPass 2024 Training Materials for Becoming a Laboratory Animal Veterinarian, a University Veterinarian or Animal Welfare Officer","","","","","","","","","","ComPass 2024 Training Materials for Becoming a Laboratory Animal Veterinarian, a University Veterinarian or Animal Welfare Officer","","","","","UNKNOWN","","","","","","","https://catalog.adelaide.edu.au/browse/pace/compass2024/courses/compass-2024-training-materials-for-becoming-a-laboratory-animal-veterinarian-a-university-veterinarian-or-animal-welfare-officer","2026-10-07T05:57:44.207Z","DRAFT","BLOCKED","PROGRAMME_CODE_REQUIRED | SUBJECT_CATEGORY_REQUIRED | SLUG_REQUIRED"
"programme_501cc4a1eddca301","adelaide-university","AU_ADELAIDE_UNIVERSITY","阿德莱德大学","Adelaide University","","","","ComPass 2024 Training Materials for Minimally Invasive Procedures in Research Animals","","","","","","","","","","ComPass 2024 Training Materials for Minimally Invasive Procedures in Research Animals","","","","","UNKNOWN","","","","","","","https://catalog.adelaide.edu.au/browse/pace/compass2024/courses/compass-2024-training-materials-for-minimally-invasive-procedures-in-research-animals","2026-10-07T05:57:46.300Z","DRAFT","BLOCKED","PROGRAMME_CODE_REQUIRED | SUBJECT_CATEGORY_REQUIRED | SLUG_REQUIRED"
"programme_348fa8d1c8e87bb8","adelaide-university","AU_ADELAIDE_UNIVERSITY","阿德莱德大学","Adelaide University","","","","ComPass 2024 Training Materials for Performing Aseptic Technique, Surgical Skills, Suturing and Euthanasia Methods","","","","","","","","","","ComPass 2024 Training Materials for Performing Aseptic Technique, Surgical Skills, Suturing and Euthanasia Methods","","","","","UNKNOWN","","","","","","","https://catalog.adelaide.edu.au/browse/pace/compass2024/courses/compass-2024-training-materials-for-performing-aseptic-technique-surgical-skills-suturing-and-euthanasia-methods","2026-10-07T05:57:48.227Z","DRAFT","BLOCKED","PROGRAMME_CODE_REQUIRED | SUBJECT_CATEGORY_REQUIRED | SLUG_REQUIRED"
"programme_8d855918a5a868d7","adelaide-university","AU_ADELAIDE_UNIVERSITY","阿德莱德大学","Adelaide University","","","","ComPass 2024 Wildlife 1 - Researchers' and AEC Members Guide to Improved Welfare","","","","","","","","","","ComPass 2024 Wildlife 1 - Researchers' and AEC Members Guide to Improved Welfare","","","","","UNKNOWN","","","","","","","https://catalog.adelaide.edu.au/browse/pace/compass2024/courses/compass-2024-wildlife-1---researchers-and-aec-members-guide-to-improved-welfare","2026-10-07T05:57:50.260Z","DRAFT","BLOCKED","PROGRAMME_CODE_REQUIRED | SUBJECT_CATEGORY_REQUIRED | SLUG_REQUIRED"
"programme_481b9ffce47bf759","adelaide-university","AU_ADELAIDE_UNIVERSITY","阿德莱德大学","Adelaide University","","","","ComPass 2024 Wildlife 2 - Researchers' and AEC Members Guide to Improved Welfare","","","","","","","","","","ComPass 2024 Wildlife 2 - Researchers' and AEC Members Guide to Improved Welfare","","","","","UNKNOWN","","","","","","","https://catalog.adelaide.edu.au/browse/pace/compass2024/courses/compass-2024-wildlife-2-researchers-and-aec-members-guide-to-improved-welfare","2026-10-07T05:57:52.324Z","DRAFT","BLOCKED","PROGRAMME_CODE_REQUIRED | SUBJECT_CATEGORY_REQUIRED | SLUG_REQUIRED"
"programme_ec57318c7bcb9402","adelaide-university","AU_ADELAIDE_UNIVERSITY","阿德莱德大学","Adelaide University","","","","Core ComPass Training for AEC Members and Animal Users 2024","","","","","","","","","","Core ComPass Training for AEC Members and Animal Users 2024","","","","","UNKNOWN","","","","","","","https://catalog.adelaide.edu.au/browse/pace/compass2024/courses/core-compass-training-for-aec-members-and-animal-users-2024","2026-10-07T05:57:54.261Z","DRAFT","BLOCKED","PROGRAMME_CODE_REQUIRED | SUBJECT_CATEGORY_REQUIRED | SLUG_REQUIRED"
"programme_a893348add821ea8","adelaide-university","AU_ADELAIDE_UNIVERSITY","阿德莱德大学","Adelaide University","","","","Cyber Security & Awareness - Primary Years","","","","","","","","","","Our world is increasingly becoming dependent on technology and the volume of data generated and shared across the Internet between people, devices, and software is exploding. Technology adoption use is growing across all areas of life and a number of fields - including work and play, banking, medicine, education and more. Due to the growth in technology use, vast amounts of information are being stored & shared across digital devices - requiring evolving security measures and responsible use.","","","","","UNKNOWN","","","","","","","https://catalog.adelaide.edu.au/browse/pace/courses/cyber-security-awareness---primary-years","2026-10-07T05:57:56.351Z","DRAFT","BLOCKED","PROGRAMME_CODE_REQUIRED | SUBJECT_CATEGORY_REQUIRED | SLUG_REQUIRED"
"programme_1ef59c224e88e9fa","adelaide-university","AU_ADELAIDE_UNIVERSITY","阿德莱德大学","Adelaide University","","","","Cyber Security & Awareness - Secondary Years","","","","","","","","","","Our world is increasingly becoming dependent on technology and the volume of data generated and shared across the Internet between people, devices, and software is exploding. Technology adoption use is growing across all areas of life and a number of fields - including work and play, banking, medicine, education and more. Due to the growth in technology use, vast amounts of information are being stored & shared across digital devices - requiring evolving security measures and responsible use.","","","","","UNKNOWN","","","","","","","https://catalog.adelaide.edu.au/browse/pace/courses/cyber-security-awareness---secondary-years","2026-10-07T05:57:58.338Z","DRAFT","BLOCKED","PROGRAMME_CODE_REQUIRED | SUBJECT_CATEGORY_REQUIRED | SLUG_REQUIRED"
"programme_09659ef70f57cf79","adelaide-university","AU_ADELAIDE_UNIVERSITY","阿德莱德大学","Adelaide University","","","","Decoding Digital Technologies [Primary]","","","","","","","","","","Learn about the Foundation to Year 6 Australian Curriculum: Digital Technologies (V9.0) and gather a range of practical classroom resources.","","","","","UNKNOWN","","","","","","","https://catalog.adelaide.edu.au/browse/ecms/cser-stem/courses/decoding-dt-primary-v9","2026-10-07T05:58:00.316Z","DRAFT","BLOCKED","PROGRAMME_CODE_REQUIRED | SUBJECT_CATEGORY_REQUIRED | SLUG_REQUIRED"
"programme_f1f8fd0bcb4c6b87","adelaide-university","AU_ADELAIDE_UNIVERSITY","阿德莱德大学","Adelaide University","","","","Digital Technologies + X for the Primary Years (2023)","","","","","","","","","","This course is designed to build your confidence in integrating the Foundation to Year 6 Australian Curriculum: Digital Technologies with other subject areas and to incorporate the Australian Curriculum cross-curriculum priorities. Join us to find out the power of Digital Technologies to solve ""X""!","","","","","UNKNOWN","","","","","","","https://catalog.adelaide.edu.au/browse/ecms/cser-stem/courses/digital-technologies-x-for-the-primary-years-2023","2026-10-07T05:58:02.374Z","DRAFT","BLOCKED","PROGRAMME_CODE_REQUIRED | SUBJECT_CATEGORY_REQUIRED | SLUG_REQUIRED"
"programme_95d92a62e643a398","adelaide-university","AU_ADELAIDE_UNIVERSITY","阿德莱德大学","Adelaide University","","","","Engage@Adelaide","","","","","","","","","","The University of Adelaide's Engage@Adelaide is a course that provides students with the information they need to transition confidently to tertiary study.","","","","","UNKNOWN","","","","","","","https://catalog.adelaide.edu.au/browse/dr/courses/engageadelaide","2026-10-07T05:58:04.352Z","DRAFT","BLOCKED","PROGRAMME_CODE_REQUIRED | SUBJECT_CATEGORY_REQUIRED | SLUG_REQUIRED"
"programme_878839d54b44c4d9","adelaide-university","AU_ADELAIDE_UNIVERSITY","阿德莱德大学","Adelaide University","","","","FirstGEN","","","","","","","","","","The University of Adelaide's Online FirstGEN Program is a support course for students who identify as the first in their family to attend university.","","","","","UNKNOWN","","","","","","","https://catalog.adelaide.edu.au/browse/dr/courses/firstgen","2026-10-07T05:58:06.338Z","DRAFT","BLOCKED","PROGRAMME_CODE_REQUIRED | SUBJECT_CATEGORY_REQUIRED | SLUG_REQUIRED"
"programme_b7096da70a1e5729","adelaide-university","AU_ADELAIDE_UNIVERSITY","阿德莱德大学","Adelaide University","","","","Health Academy Year 12","","","","","","","","","","Gain access to exclusive workshops, networking events, information and materials throughout Year 12 in the field of Health.","","","","","UNKNOWN","","","","","","","https://catalog.adelaide.edu.au/browse/dr/courses/health-academy-year-12","2026-10-07T05:58:08.328Z","DRAFT","BLOCKED","PROGRAMME_CODE_REQUIRED | SUBJECT_CATEGORY_REQUIRED | SLUG_REQUIRED"
"programme_9117e60aeacf50e0","adelaide-university","AU_ADELAIDE_UNIVERSITY","阿德莱德大学","Adelaide University","","","","Humanities Academy Year 12","","","","","","","","","","Gain access to exclusive workshops, networking events, information and materials throughout Year 12 in the fields of Humanities, Arts, Language, and Education.","","","","","UNKNOWN","","","","","","","https://catalog.adelaide.edu.au/browse/dr/courses/humanities-academy-year-12","2026-10-07T05:58:10.307Z","DRAFT","BLOCKED","PROGRAMME_CODE_REQUIRED | SUBJECT_CATEGORY_REQUIRED | SLUG_REQUIRED"
"programme_09f25c41408c0970","adelaide-university","AU_ADELAIDE_UNIVERSITY","阿德莱德大学","Adelaide University","","","","Maths in Schools Online: 3-6 V9.0","","","","","","","","","","This course will equip you with a range of teaching and learning activities, links to quality resources, evidence-based pedagogies and practices for teaching maths and numeracy all in one course for educators of Year 3 to Year 6.","","","","","UNKNOWN","","","","","","","https://catalog.adelaide.edu.au/browse/ecms/cser-stem/courses/maths-in-schools-online-3-6-v9-0","2026-10-07T05:58:12.557Z","DRAFT","BLOCKED","PROGRAMME_CODE_REQUIRED | SUBJECT_CATEGORY_REQUIRED | SLUG_REQUIRED"
"programme_2f7128e090998a39","adelaide-university","AU_ADELAIDE_UNIVERSITY","阿德莱德大学","Adelaide University","","","","Maths in Schools Online: 7-10 V9.0","","","","","","","","","","This course will equip you with a range of teaching and learning activities, links to quality resources, evidence-based pedagogies and practices for teaching maths and numeracy all in one course for educators of Year 7 to Year 10.","","","","","UNKNOWN","","","","","","","https://catalog.adelaide.edu.au/browse/ecms/cser-stem/courses/maths-in-schools-online-7-10-v9-0","2026-10-07T05:58:14.963Z","DRAFT","BLOCKED","PROGRAMME_CODE_REQUIRED | SUBJECT_CATEGORY_REQUIRED | SLUG_REQUIRED"
"programme_b44c3453cb99436e","adelaide-university","AU_ADELAIDE_UNIVERSITY","阿德莱德大学","Adelaide University","","","","Maths in Schools Online: F-2 V9.0","","","","","","","","","","This course will equip you with a range of teaching and learning activities, links to quality resources, evidence-based pedagogies and practices for teaching maths and numeracy all in one course for educators of Foundation to Year 2.","","","","","UNKNOWN","","","","","","","https://catalog.adelaide.edu.au/browse/ecms/cser-stem/courses/maths-in-schools-online-f-2-v9","2026-10-07T05:58:16.591Z","DRAFT","BLOCKED","PROGRAMME_CODE_REQUIRED | SUBJECT_CATEGORY_REQUIRED | SLUG_REQUIRED"
"programme_bd12a719f2a05abf","adelaide-university","AU_ADELAIDE_UNIVERSITY","阿德莱德大学","Adelaide University","","","","STEM Academy Teacher Resources","","","","","","","","","","Teacher resources to support the delivery of University of Adelaide STEM Academy workshops.","","","","","UNKNOWN","","","","","","","https://catalog.adelaide.edu.au/browse/dr/courses/stem-academy-teacher-resources","2026-10-07T05:58:18.369Z","DRAFT","BLOCKED","PROGRAMME_CODE_REQUIRED | SUBJECT_CATEGORY_REQUIRED | SLUG_REQUIRED"
"programme_c3b6836bdd640abd","adelaide-university","AU_ADELAIDE_UNIVERSITY","阿德莱德大学","Adelaide University","","","","STEM Academy Year 12","","","","","","","","","","Gain access to exclusive workshops, networking events, information and materials throughout Year 12 in the field of STEM.","","","","","UNKNOWN","","","","","","","https://catalog.adelaide.edu.au/browse/dr/courses/stem-academy-year-12","2026-10-07T05:58:20.344Z","DRAFT","BLOCKED","PROGRAMME_CODE_REQUIRED | SUBJECT_CATEGORY_REQUIRED | SLUG_REQUIRED"
"programme_5336e5f7b31776bd","adelaide-university","AU_ADELAIDE_UNIVERSITY","阿德莱德大学","Adelaide University","","","","Teaching AI in the Primary Classroom","","","","","","","","","","AI is transforming technologies and industries. Learn about what AI is, how it works and how you can prepare your students and teach about AI in the classroom with links to the Australian Curriculum (v9.0).","","","","","UNKNOWN","","","","","","","https://catalog.adelaide.edu.au/browse/ecms/cser-stem/courses/ai-primary-v90","2026-10-07T05:58:22.403Z","DRAFT","BLOCKED","PROGRAMME_CODE_REQUIRED | SUBJECT_CATEGORY_REQUIRED | SLUG_REQUIRED"
"programme_03a1947ea68aceea","adelaide-university","AU_ADELAIDE_UNIVERSITY","阿德莱德大学","Adelaide University","","","","Teaching AI in the Secondary Classroom","","","","","","","","","","AI is transforming technologies and industries. Learn about what AI is, how it works and how you can prepare your students and teach about AI in the classroom with links to the Australian Curriculum (v9.0).","","","","","UNKNOWN","","","","","","","https://catalog.adelaide.edu.au/browse/ecms/cser-stem/courses/ai-secondary-v90","2026-10-07T05:58:24.595Z","DRAFT","BLOCKED","PROGRAMME_CODE_REQUIRED | SUBJECT_CATEGORY_REQUIRED | SLUG_REQUIRED"
"programme_0ad9375e0859fc67","adelaide-university","AU_ADELAIDE_UNIVERSITY","阿德莱德大学","Adelaide University","","","","PG Prep","","","","","","","","","","PG Prep","","","","","UNKNOWN","","","","","","","https://catalog.adelaide.edu.au/courses/pg-prep","2026-10-07T05:58:27.482Z","DRAFT","BLOCKED","PROGRAMME_CODE_REQUIRED | SUBJECT_CATEGORY_REQUIRED | SLUG_REQUIRED"
"programme_257ae5fc2dceeb4b","adelaide-university","AU_ADELAIDE_UNIVERSITY","阿德莱德大学","Adelaide University","","","","Tertiary Education Strategies","","","","","","","","","","This course equips students with essential skills for tertiary learning, focusing on research and resource evaluation, referencing, and academic writing.","","","","","UNKNOWN","","","","","","","https://catalog.adelaide.edu.au/browse/domestic-pathways/courses/tertiary-education-strategies","2026-10-07T05:58:29.796Z","DRAFT","BLOCKED","PROGRAMME_CODE_REQUIRED | SUBJECT_CATEGORY_REQUIRED | SLUG_REQUIRED"
"programme_a59b167f73dfe200","adelaide-university","AU_ADELAIDE_UNIVERSITY","阿德莱德大学","Adelaide University","","","","Doctor of Philosophy","","","","","","","","","","Elevate your career with a Doctor of Philosophy (PhD) at Adelaide University. Lead groundbreaking research and make a lasting impact in your field.  ","","","","","UNKNOWN","","","","","","","https://adelaide.edu.au/study/degrees/doctor-of-philosophy/","2026-10-07T06:02:34.332Z","DRAFT","BLOCKED","PROGRAMME_CODE_REQUIRED | SUBJECT_CATEGORY_REQUIRED | SLUG_REQUIRED"
"programme_6b199e07f540be99","adelaide-university","AU_ADELAIDE_UNIVERSITY","阿德莱德大学","Adelaide University","","","","Master of Philosophy","","","","","","","","","","Challenge yourself with a Master of Philosophy at Adelaide University. Engage in independent research, sharpen your critical thinking and contribute to groundbreaking discoveries.  ","","","","","UNKNOWN","","","","","","","https://adelaide.edu.au/study/degrees/master-of-philosophy/","2026-10-07T06:02:36.327Z","DRAFT","BLOCKED","PROGRAMME_CODE_REQUIRED | SUBJECT_CATEGORY_REQUIRED | SLUG_REQUIRED"
"programme_66af82fb19821884","adelaide-university","AU_ADELAIDE_UNIVERSITY","阿德莱德大学","Adelaide University","","","","Master of Research","","","","","","","","","","Take your career to the next level with a Master of Research at Adelaide University. Explore innovative topics, gain expertise and contribute to groundbreaking discoveries that will shape our future. ","","","","","UNKNOWN","","","","","","","https://adelaide.edu.au/study/degrees/master-of-research/","2026-10-07T06:02:38.238Z","DRAFT","BLOCKED","PROGRAMME_CODE_REQUIRED | SUBJECT_CATEGORY_REQUIRED | SLUG_REQUIRED"
"programme_c3473fbb1e6da047","adelaide-university","AU_ADELAIDE_UNIVERSITY","阿德莱德大学","Adelaide University","","","","Bachelor of Science (Honours) majoring in Geology and Palaeontology","","","","","","","","","","Explore Earth’s past, fossils and formations with a Bachelor of Science (Honours) majoring in Geology and Palaeontology at Adelaide University.","","","","","UNKNOWN","","","","","","","https://adelaide.edu.au/study/degrees/2026/bachelor-of-science-honours-geology-and-palaeontology/dom/","2026-10-07T06:03:41.403Z","DRAFT","BLOCKED","PROGRAMME_CODE_REQUIRED | SUBJECT_CATEGORY_REQUIRED | SLUG_REQUIRED"
"programme_42243e71955c98e5","adelaide-university","AU_ADELAIDE_UNIVERSITY","阿德莱德大学","Adelaide University","","","","Bachelor of Science (Honours) majoring in Geology and Earth Resources","","","","","","","","","","Deepen your knowledge of Earth and its systems and accelerate your scientific career with a Bachelor of Science (Honours) at Adelaide University.","","","","","UNKNOWN","","","","","","","https://adelaide.edu.au/study/degrees/2026/bachelor-of-science-honours-geology-and-earth-resources/dom/","2026-10-07T06:03:43.553Z","DRAFT","BLOCKED","PROGRAMME_CODE_REQUIRED | SUBJECT_CATEGORY_REQUIRED | SLUG_REQUIRED"
"programme_aef496c8b091c83d","adelaide-university","AU_ADELAIDE_UNIVERSITY","阿德莱德大学","Adelaide University","","","","Bachelor of Science (Honours) majoring in Geophysics","","","","","","","","","","Advance your expertise in Earth sciences with a Bachelor of Science (Honours) majoring in Geophysics. Gain hands-on research experience, develop advanced physics-based skills, and prepare for diverse careers in geoscience, industry or further postgraduate study.","","","","","UNKNOWN","","","","","","","https://adelaide.edu.au/study/degrees/2026/bachelor-of-science-honours-geophysics/dom/","2026-10-07T06:03:45.885Z","DRAFT","BLOCKED","PROGRAMME_CODE_REQUIRED | SUBJECT_CATEGORY_REQUIRED | SLUG_REQUIRED"
"programme_c8fa9e20eca397e4","adelaide-university","AU_ADELAIDE_UNIVERSITY","阿德莱德大学","Adelaide University","","","","Bachelor of Science (Honours) majoring in Geology","","","","","","","","","","Learn how to tackle Earth’s most pressing challenges and build competitive skills with Adelaide University’s Bachelor of Science (Honours) majoring in Geology.","","","","","UNKNOWN","","","","","","","https://adelaide.edu.au/study/degrees/2026/bachelor-of-science-honours-geology/dom/","2026-10-07T06:03:48.053Z","DRAFT","BLOCKED","PROGRAMME_CODE_REQUIRED | SUBJECT_CATEGORY_REQUIRED | SLUG_REQUIRED"
"programme_95dd6b012db502ae","adelaide-university","AU_ADELAIDE_UNIVERSITY","阿德莱德大学","Adelaide University","","","","Bachelor of Economics (Honours)","","","","","","","","","","Shape public policy and help businesses and governments make decisions. Solve social, behavioural and economic issues with our Bachelor of Economics (Honours).","","","","","UNKNOWN","","","","","","","https://adelaide.edu.au/study/degrees/2026/bachelor-of-economics-honours/dom/","2026-10-07T06:03:52.045Z","DRAFT","BLOCKED","PROGRAMME_CODE_REQUIRED | SUBJECT_CATEGORY_REQUIRED | SLUG_REQUIRED"
"programme_b03ea20a2d85c86b","adelaide-university","AU_ADELAIDE_UNIVERSITY","阿德莱德大学","Adelaide University","","","","Bachelor of Laws (Honours), Bachelor of Economics (Honours)","","","","","","","","","","Shape policy, advocate for others, and lead with the law. Adelaide University’s Bachelor of Laws (Honours), Bachelor of Economics equips for your future career. ","","","","","UNKNOWN","","","","","","","https://adelaide.edu.au/study/degrees/2026/bachelor-of-laws-honours-bachelor-of-economics-honours/dom/","2026-10-07T06:03:54.446Z","DRAFT","BLOCKED","PROGRAMME_CODE_REQUIRED | SUBJECT_CATEGORY_REQUIRED | SLUG_REQUIRED"
"programme_fa04472fa69e4cc3","carnegie-mellon-university","US_CARNEGIE_MELLON_UNIVERSITY","卡内基梅隆大学","Carnegie Mellon University","","","","Bachelor of Fine Arts in Music Performance","","","","","","","","","","Information on undergraduate music performance programs at the Carnegie Mellon University School of Music.","","","","","UNKNOWN","","","","","","","https://www.cmu.edu/cfa/music/programs/undergraduate-programs/bfa-music-performance.html","2026-10-07T04:25:29.223Z","DRAFT","BLOCKED","PROGRAMME_CODE_REQUIRED | SUBJECT_CATEGORY_REQUIRED | SLUG_REQUIRED"
"programme_5073a1d04532ff5a","curtin-singapore","SG_CURTIN_SINGAPORE","科廷大学新加坡校区","Curtin Singapore","","","","Bachelor of Commerce","","","","","","","","","","","","","","","UNKNOWN","","","","","","","https://www.curtin.edu.sg/courses/undergraduate/bachelor-of-commerce/","2026-10-07T04:29:59.258Z","DRAFT","BLOCKED","PROGRAMME_CODE_REQUIRED | SUBJECT_CATEGORY_REQUIRED | SLUG_REQUIRED"
"programme_48ed45e3cbdf7d2f","curtin-singapore","SG_CURTIN_SINGAPORE","科廷大学新加坡校区","Curtin Singapore","","","","Bachelor of Communications (Top-Up)","","","","","","","","","","","","","","","UNKNOWN","","","","","","","https://www.curtin.edu.sg/courses/undergraduate/communications/","2026-10-07T04:30:26.891Z","DRAFT","BLOCKED","PROGRAMME_CODE_REQUIRED | SUBJECT_CATEGORY_REQUIRED | SLUG_REQUIRED"
"programme_2f5e1d4e107a3f82","curtin-singapore","SG_CURTIN_SINGAPORE","科廷大学新加坡校区","Curtin Singapore","","","","Bachelor of Computing (Cyber Security)","","","","","","","","","","","","","","","UNKNOWN","","","","","","","https://www.curtin.edu.sg/courses/undergraduate/bachelor-of-computing-cyber-security/","2026-10-07T04:30:34.463Z","DRAFT","BLOCKED","PROGRAMME_CODE_REQUIRED | SUBJECT_CATEGORY_REQUIRED | SLUG_REQUIRED"
"programme_6b78cd97631631a8","curtin-singapore","SG_CURTIN_SINGAPORE","科廷大学新加坡校区","Curtin Singapore","","","","Bachelor of Information Technology","","","","","","","","","","","","","","","UNKNOWN","","","","","","","https://www.curtin.edu.sg/courses/undergraduate/bachelor-of-information-technology/","2026-10-07T04:30:36.392Z","DRAFT","BLOCKED","PROGRAMME_CODE_REQUIRED | SUBJECT_CATEGORY_REQUIRED | SLUG_REQUIRED"
"programme_8a40b27791df6aaa","curtin-singapore","SG_CURTIN_SINGAPORE","科廷大学新加坡校区","Curtin Singapore","","","","Bachelor of Science (Nursing) Conversion Program for Registered Nurses (Top-Up)","","","","","","","","","","","","","","","UNKNOWN","","","","","","","https://www.curtin.edu.sg/courses/undergraduate/nursing-conversion-program-for-registered-nurses/","2026-10-07T04:30:38.479Z","DRAFT","BLOCKED","PROGRAMME_CODE_REQUIRED | SUBJECT_CATEGORY_REQUIRED | SLUG_REQUIRED"
"programme_93866b9e6f4daf27","curtin-singapore","SG_CURTIN_SINGAPORE","科廷大学新加坡校区","Curtin Singapore","","","","Diploma","","","","","","","","","","","","","","","UNKNOWN","","","","","","","https://www.curtin.edu.sg/courses/diploma/","2026-10-07T04:30:52.497Z","DRAFT","BLOCKED","PROGRAMME_CODE_REQUIRED | SUBJECT_CATEGORY_REQUIRED | SLUG_REQUIRED"
"programme_999b8f77e1a5adb3","curtin-singapore","SG_CURTIN_SINGAPORE","科廷大学新加坡校区","Curtin Singapore","","","","Doctor of Philosophy (PhD)","","","","","","","","","","","","","","","UNKNOWN","","","","","","","https://www.curtin.edu.sg/courses/phd/","2026-10-07T04:31:00.660Z","DRAFT","BLOCKED","PROGRAMME_CODE_REQUIRED | SUBJECT_CATEGORY_REQUIRED | SLUG_REQUIRED"
"programme_6da357f6e89eb71a","curtin-singapore","SG_CURTIN_SINGAPORE","科廷大学新加坡校区","Curtin Singapore","","","","Master of Predictive Analytics – Data Science major","","","","","","","","","","","","","","","UNKNOWN","","","","","","","https://www.curtin.edu.sg/courses/postgraduate/master-of-predictive-analytics-data-science-major/","2026-10-07T04:31:02.546Z","DRAFT","BLOCKED","PROGRAMME_CODE_REQUIRED | SUBJECT_CATEGORY_REQUIRED | SLUG_REQUIRED"
"programme_570ce6d2458aa114","curtin-singapore","SG_CURTIN_SINGAPORE","科廷大学新加坡校区","Curtin Singapore","","","","Diploma of Arts and Creative Industries","","","","","","","","","","","","","","","UNKNOWN","","","","","","","https://www.curtin.edu.sg/courses/diploma/diploma-of-arts-and-creative-industries/","2026-10-07T04:31:06.807Z","DRAFT","BLOCKED","PROGRAMME_CODE_REQUIRED | SUBJECT_CATEGORY_REQUIRED | SLUG_REQUIRED"
"programme_fbe9b9c5344f1ed3","curtin-singapore","SG_CURTIN_SINGAPORE","科廷大学新加坡校区","Curtin Singapore","","","","Diploma of Commerce","","","","","","","","","","","","","","","UNKNOWN","","","","","","","https://www.curtin.edu.sg/courses/diploma/diploma-of-commerce/","2026-10-07T04:31:08.660Z","DRAFT","BLOCKED","PROGRAMME_CODE_REQUIRED | SUBJECT_CATEGORY_REQUIRED | SLUG_REQUIRED"
"programme_93925092abafab4e","curtin-singapore","SG_CURTIN_SINGAPORE","科廷大学新加坡校区","Curtin Singapore","","","","Diploma of Computing","","","","","","","","","","","","","","","UNKNOWN","","","","","","","https://www.curtin.edu.sg/courses/diploma/diploma-of-computing/","2026-10-07T04:31:11.000Z","DRAFT","BLOCKED","PROGRAMME_CODE_REQUIRED | SUBJECT_CATEGORY_REQUIRED | SLUG_REQUIRED"
"programme_da70a217c0bf3fda","curtin-singapore","SG_CURTIN_SINGAPORE","科廷大学新加坡校区","Curtin Singapore","","","","Graduate Certificate in Business Fundamentals","","","","","","","","","","","","","","","UNKNOWN","","","","","","","https://www.curtin.edu.sg/courses/postgraduate/graduate-certificate-in-business-fundamentals/","2026-10-07T04:31:12.690Z","DRAFT","BLOCKED","PROGRAMME_CODE_REQUIRED | SUBJECT_CATEGORY_REQUIRED | SLUG_REQUIRED"
"programme_447298d4297f0527","curtin-singapore","SG_CURTIN_SINGAPORE","科廷大学新加坡校区","Curtin Singapore","","","","Master of International Business","","","","","","","","","","","","","","","UNKNOWN","","","","","","","https://www.curtin.edu.sg/courses/postgraduate/master-of-international-business-2/","2026-10-07T04:31:14.041Z","DRAFT","BLOCKED","PROGRAMME_CODE_REQUIRED | SUBJECT_CATEGORY_REQUIRED | SLUG_REQUIRED"
"programme_5194f9167da49e55","curtin-university","AU_CURTIN_UNIVERSITY","科廷大学","Curtin University","","","","Commerce","","","","","","","","","","Tailor your Commerce degree to your career goals and graduate with internationally recognised skillsets.","123438","123438","AUD","123438 AUD","UNKNOWN","","","","","","","https://www.curtin.edu.au/study/offering/course-ug-bachelor-of-commerce--b-comrce/","2026-10-07T04:01:13.911Z","DRAFT","BLOCKED","PROGRAMME_CODE_REQUIRED | SUBJECT_CATEGORY_REQUIRED | SLUG_REQUIRED"
"programme_64d2e3a1233eea59","curtin-university","AU_CURTIN_UNIVERSITY","科廷大学","Curtin University","","","","Innovation","","","","","","","","","","Future-proof your business career by gaining the expertise to solve tough problems, with the confidence to put your solutions into practice.","15500","15500","AUD","15500 AUD","UNKNOWN","","","","","","","https://www.curtin.edu.au/study/offering/course-ug-bachelor-of-innovation--b-innov/","2026-10-07T04:01:16.392Z","DRAFT","BLOCKED","PROGRAMME_CODE_REQUIRED | SUBJECT_CATEGORY_REQUIRED | SLUG_REQUIRED"
"programme_d3bde72b750612a8","curtin-university","AU_CURTIN_UNIVERSITY","科廷大学","Curtin University","","","","Primary Education","","","","","","","","","","Gain the qualification you need to teach primary school-aged children in Australia.","4800","4800","AUD","4800 AUD","UNKNOWN","","","","","","","https://www.curtin.edu.au/study/offering/course-ug-bachelor-of-education-primary-education--b-edpr/","2026-10-07T04:01:18.864Z","DRAFT","BLOCKED","PROGRAMME_CODE_REQUIRED | SUBJECT_CATEGORY_REQUIRED | SLUG_REQUIRED"
"programme_27ff8d28c74bcce9","curtin-university","AU_CURTIN_UNIVERSITY","科廷大学","Curtin University","","","","Bachelor of Arts","","","","","","","","","","Ideal for imaginative individuals, these courses develop your creativity and critical thinking.","15500","15500","AUD","15500 AUD","UNKNOWN","","","","","","","https://www.curtin.edu.au/study/offering/course-ug-bachelor-of-arts--b-arts/","2026-10-07T04:01:21.450Z","DRAFT","BLOCKED","PROGRAMME_CODE_REQUIRED | SUBJECT_CATEGORY_REQUIRED | SLUG_REQUIRED"
"programme_5680953d78a12c65","curtin-university","AU_CURTIN_UNIVERSITY","科廷大学","Curtin University","","","","Health Sciences","","","","","","","","","","","138552","138552","AUD","138552 AUD","UNKNOWN","","","","","","","https://www.curtin.edu.au/study/offering/course-ug-bachelor-of-health-sciences--b-hthsci/","2026-10-07T04:01:23.806Z","DRAFT","BLOCKED","PROGRAMME_CODE_REQUIRED | SUBJECT_CATEGORY_REQUIRED | SLUG_REQUIRED"
"programme_c0cf9386a95a5994","curtin-university","AU_CURTIN_UNIVERSITY","科廷大学","Curtin University","","","","Psychology","","","","","","","","","","Discover how the human mind thinks and why we behave as we do.","9600","9600","AUD","9600 AUD","UNKNOWN","","","","","","","https://www.curtin.edu.au/study/offering/course-ug-bachelor-of-psychology--b-psych/","2026-10-07T04:01:26.425Z","DRAFT","BLOCKED","PROGRAMME_CODE_REQUIRED | SUBJECT_CATEGORY_REQUIRED | SLUG_REQUIRED"
"programme_b6d9e66af4a4c1ff","curtin-university","AU_CURTIN_UNIVERSITY","科廷大学","Curtin University","","","","Engineering","","","","","","","","","","At Curtin, you will develop your engineering skills in our purpose-built facilities, so that you are ready to work as a professional engineer as soon as you graduate.","8400","8400","AUD","8400 AUD","UNKNOWN","","","","","","","https://www.curtin.edu.au/study/offering/course-ug-bachelor-of-engineering-honours--bh-engr/","2026-10-07T04:01:28.987Z","DRAFT","BLOCKED","PROGRAMME_CODE_REQUIRED | SUBJECT_CATEGORY_REQUIRED | SLUG_REQUIRED"
"programme_f8eb4b24c44857fb","curtin-university","AU_CURTIN_UNIVERSITY","科廷大学","Curtin University","","","","Science","","","","","","","","","","Learn the STEM skills that are central to science and technology innovation, and are vital for the careers of the future.","10000","10000","AUD","10000 AUD","UNKNOWN","","","","","","","https://www.curtin.edu.au/study/offering/course-ug-bachelor-of-science-science--b-scnce/","2026-10-07T04:01:31.482Z","DRAFT","BLOCKED","PROGRAMME_CODE_REQUIRED | SUBJECT_CATEGORY_REQUIRED | SLUG_REQUIRED"
"programme_1471afb8152cee2e","curtin-university","AU_CURTIN_UNIVERSITY","科廷大学","Curtin University","","","","Chinese","","","","","","","","","","Gain the skills required for a diverse international career, through knowledge of the world's most spoken first language.","","","","","UNKNOWN","","","","","","","https://www.curtin.edu.au/study/offering/course-ug-chinese-major-ba--mjru-chnse/","2026-10-07T04:01:35.683Z","DRAFT","BLOCKED","PROGRAMME_CODE_REQUIRED | SUBJECT_CATEGORY_REQUIRED | SLUG_REQUIRED"
"programme_d4fbd903cc7856f1","curtin-university","AU_CURTIN_UNIVERSITY","科廷大学","Curtin University","","","","Creative Writing","","","","","","","","","","Develop your writing skills in fiction, poetry and experimental and emerging genres.","","","","","UNKNOWN","","","","","","","https://www.curtin.edu.au/study/offering/course-ug-creative-writing-major-ba--mjru-crwr1/","2026-10-07T04:01:38.369Z","DRAFT","BLOCKED","PROGRAMME_CODE_REQUIRED | SUBJECT_CATEGORY_REQUIRED | SLUG_REQUIRED"
"programme_d54ea1bbf5029025","curtin-university","AU_CURTIN_UNIVERSITY","科廷大学","Curtin University","","","","Digital and Social Media","","","","","","","","","","Explore the human side of the internet and graduate ready for roles in digital and social media strategy.","","","","","UNKNOWN","","","","","","","https://www.curtin.edu.au/study/offering/course-ug-digital-and-social-media-major-ba--mjru-netcm/","2026-10-07T04:01:40.563Z","DRAFT","BLOCKED","PROGRAMME_CODE_REQUIRED | SUBJECT_CATEGORY_REQUIRED | SLUG_REQUIRED"
"programme_da03fe23115229a9","imperial-college-london","GB_IMPERIAL_COLLEGE_LONDON","帝国理工学院","Imperial College London","","","","Aeronautical Engineering MEng","","","","Undergraduate","","","","","","","","","","","UNKNOWN","","","","","","","https://www.imperial.ac.uk/study/courses/undergraduate/aeronautical-engineering/","2026-10-07T05:50:30.041Z","DRAFT","BLOCKED","PROGRAMME_CODE_REQUIRED | SUBJECT_CATEGORY_REQUIRED | SLUG_REQUIRED"
"programme_f071bc3997f79e84","imperial-college-london","GB_IMPERIAL_COLLEGE_LONDON","帝国理工学院","Imperial College London","","","","Aeronautics with Spacecraft Engineering MEng","","","","Undergraduate","","","","","","","","","","","UNKNOWN","","","","","","","https://www.imperial.ac.uk/study/courses/undergraduate/aeronautics-spacecraft-engineering/","2026-10-07T05:50:31.880Z","DRAFT","BLOCKED","PROGRAMME_CODE_REQUIRED | SUBJECT_CATEGORY_REQUIRED | SLUG_REQUIRED"
"programme_d361e543a18b6d14","imperial-college-london","GB_IMPERIAL_COLLEGE_LONDON","帝国理工学院","Imperial College London","","","","Biochemistry BSc","","","","Undergraduate","","","","","","","","","","","UNKNOWN","","","","","","","https://www.imperial.ac.uk/study/courses/undergraduate/biochemistry-bsc/","2026-10-07T05:50:33.860Z","DRAFT","BLOCKED","PROGRAMME_CODE_REQUIRED | SUBJECT_CATEGORY_REQUIRED | SLUG_REQUIRED"
"programme_3a04dfbd9473c5fa","imperial-college-london","GB_IMPERIAL_COLLEGE_LONDON","帝国理工学院","Imperial College London","","","","Biochemistry MSci","","","","Undergraduate","","","","","","","","","","","UNKNOWN","","","","","","","https://www.imperial.ac.uk/study/courses/undergraduate/biochemistry-msci/","2026-10-07T05:50:35.693Z","DRAFT","BLOCKED","PROGRAMME_CODE_REQUIRED | SUBJECT_CATEGORY_REQUIRED | SLUG_REQUIRED"
"programme_20f8e63166ae5201","imperial-college-london","GB_IMPERIAL_COLLEGE_LONDON","帝国理工学院","Imperial College London","","","","Biochemistry with a Language for Science BSc","","","","Undergraduate","","","","","","","","","","","UNKNOWN","","","","","","","https://www.imperial.ac.uk/study/courses/undergraduate/biochemistry-language/","2026-10-07T05:50:37.706Z","DRAFT","BLOCKED","PROGRAMME_CODE_REQUIRED | SUBJECT_CATEGORY_REQUIRED | SLUG_REQUIRED"
"programme_71737b16ef1a7914","imperial-college-london","GB_IMPERIAL_COLLEGE_LONDON","帝国理工学院","Imperial College London","","","","Biochemistry with Management BSc","","","","Undergraduate","","","","","","","","","","","UNKNOWN","","","","","","","https://www.imperial.ac.uk/study/courses/undergraduate/biochemistry-management/","2026-10-07T05:50:39.708Z","DRAFT","BLOCKED","PROGRAMME_CODE_REQUIRED | SUBJECT_CATEGORY_REQUIRED | SLUG_REQUIRED"
"programme_7bdb128ab64704b3","imperial-college-london","GB_IMPERIAL_COLLEGE_LONDON","帝国理工学院","Imperial College London","","","","Biological Sciences BSc","","","","Undergraduate","","","","","","","","","","","UNKNOWN","","","","","","","https://www.imperial.ac.uk/study/courses/undergraduate/biological-sciences/","2026-10-07T05:50:41.719Z","DRAFT","BLOCKED","PROGRAMME_CODE_REQUIRED | SUBJECT_CATEGORY_REQUIRED | SLUG_REQUIRED"
"programme_f69b6d52dadec9ee","imperial-college-london","GB_IMPERIAL_COLLEGE_LONDON","帝国理工学院","Imperial College London","","","","Biological Sciences MSci","","","","Undergraduate","","","","","","","","","","","UNKNOWN","","","","","","","https://www.imperial.ac.uk/study/courses/undergraduate/biological-sciences-msci/","2026-10-07T05:50:43.720Z","DRAFT","BLOCKED","PROGRAMME_CODE_REQUIRED | SUBJECT_CATEGORY_REQUIRED | SLUG_REQUIRED"
"programme_e82cfddcf6d75b7f","imperial-college-london","GB_IMPERIAL_COLLEGE_LONDON","帝国理工学院","Imperial College London","","","","Biological Sciences with a Language for Science BSc","","","","Undergraduate","","","","","","","","","","","UNKNOWN","","","","","","","https://www.imperial.ac.uk/study/courses/undergraduate/biological-sciences-language/","2026-10-07T05:50:45.733Z","DRAFT","BLOCKED","PROGRAMME_CODE_REQUIRED | SUBJECT_CATEGORY_REQUIRED | SLUG_REQUIRED"
"programme_ad502f8f0e3b1948","imperial-college-london","GB_IMPERIAL_COLLEGE_LONDON","帝国理工学院","Imperial College London","","","","Biological Sciences with Management BSc","","","","Undergraduate","","","","","","","","","","","UNKNOWN","","","","","","","https://www.imperial.ac.uk/study/courses/undergraduate/biological-sciences-management/","2026-10-07T05:50:47.741Z","DRAFT","BLOCKED","PROGRAMME_CODE_REQUIRED | SUBJECT_CATEGORY_REQUIRED | SLUG_REQUIRED"
"programme_6bec235bcd8f2b56","imperial-college-london","GB_IMPERIAL_COLLEGE_LONDON","帝国理工学院","Imperial College London","","","","Biomaterials and Tissue Engineering MEng","","","","Undergraduate","","","","","","","","","","","UNKNOWN","","","","","","","https://www.imperial.ac.uk/study/courses/undergraduate/biomaterials-tissue-engineering-meng/","2026-10-07T05:50:49.746Z","DRAFT","BLOCKED","PROGRAMME_CODE_REQUIRED | SUBJECT_CATEGORY_REQUIRED | SLUG_REQUIRED"
"programme_6bb15c4d9fe69426","imperial-college-london","GB_IMPERIAL_COLLEGE_LONDON","帝国理工学院","Imperial College London","","","","Biomedical Engineering MEng","","","","Undergraduate","","","","","","","","","","","UNKNOWN","","","","","","","https://www.imperial.ac.uk/study/courses/undergraduate/biomedical-engineering/","2026-10-07T05:50:51.763Z","DRAFT","BLOCKED","PROGRAMME_CODE_REQUIRED | SUBJECT_CATEGORY_REQUIRED | SLUG_REQUIRED"
"programme_fe96acd0905b5a81","imperial-college-london","GB_IMPERIAL_COLLEGE_LONDON","帝国理工学院","Imperial College London","","","","Aeronautical Engineering MEng","","","","Undergraduate","","","","","","","","","","","UNKNOWN","","","","","","","https://www.imperial.ac.uk/study/courses/undergraduate/aeronautical-engineering/?addCourse=1699807","2026-10-07T05:50:53.569Z","DRAFT","BLOCKED","PROGRAMME_CODE_REQUIRED | SUBJECT_CATEGORY_REQUIRED | SLUG_REQUIRED"
"programme_f7b8b77b7333d11d","imperial-college-london","GB_IMPERIAL_COLLEGE_LONDON","帝国理工学院","Imperial College London","","","","Aeronautical Engineering MEng","","","","Undergraduate","","","","","","","","","","","UNKNOWN","","","","","","","https://www.imperial.ac.uk/study/courses/undergraduate/aeronautical-engineering/?addCourse=1215803","2026-10-07T05:50:55.566Z","DRAFT","BLOCKED","PROGRAMME_CODE_REQUIRED | SUBJECT_CATEGORY_REQUIRED | SLUG_REQUIRED"
"programme_ea7bb2519b1b6baf","imperial-college-london","GB_IMPERIAL_COLLEGE_LONDON","帝国理工学院","Imperial College London","","","","Aeronautical Engineering MEng","","","","Undergraduate","","","","","","","","","","","UNKNOWN","","","","","","","https://www.imperial.ac.uk/study/courses/undergraduate/aeronautical-engineering/?addCourse=1215804","2026-10-07T05:50:57.610Z","DRAFT","BLOCKED","PROGRAMME_CODE_REQUIRED | SUBJECT_CATEGORY_REQUIRED | SLUG_REQUIRED"
"programme_726124581ef2570d","imperial-college-london","GB_IMPERIAL_COLLEGE_LONDON","帝国理工学院","Imperial College London","","","","Aeronautical Engineering MEng","","","","Undergraduate","","","","","","","","","","","UNKNOWN","","","","","","","https://www.imperial.ac.uk/study/courses/undergraduate/aeronautical-engineering/?addCourse=1215805","2026-10-07T05:50:59.593Z","DRAFT","BLOCKED","PROGRAMME_CODE_REQUIRED | SUBJECT_CATEGORY_REQUIRED | SLUG_REQUIRED"
"programme_88e12cdbd607d85a","imperial-college-london","GB_IMPERIAL_COLLEGE_LONDON","帝国理工学院","Imperial College London","","","","Aeronautics with Spacecraft Engineering MEng","","","","Undergraduate","","","","","","","","","","","UNKNOWN","","","","","","","https://www.imperial.ac.uk/study/courses/undergraduate/aeronautics-spacecraft-engineering/?addCourse=1216182","2026-10-07T05:51:01.587Z","DRAFT","BLOCKED","PROGRAMME_CODE_REQUIRED | SUBJECT_CATEGORY_REQUIRED | SLUG_REQUIRED"
"programme_28975baec22b27b5","imperial-college-london","GB_IMPERIAL_COLLEGE_LONDON","帝国理工学院","Imperial College London","","","","Biochemistry BSc","","","","Undergraduate","","","","","","","","","","","UNKNOWN","","","","","","","https://www.imperial.ac.uk/study/courses/undergraduate/biochemistry-bsc/?addCourse=1217781","2026-10-07T05:51:03.592Z","DRAFT","BLOCKED","PROGRAMME_CODE_REQUIRED | SUBJECT_CATEGORY_REQUIRED | SLUG_REQUIRED"
"programme_6a942e2c5d114352","imperial-college-london","GB_IMPERIAL_COLLEGE_LONDON","帝国理工学院","Imperial College London","","","","Biochemistry BSc","","","","Undergraduate","","","","","","","","","","","UNKNOWN","","","","","","","https://www.imperial.ac.uk/study/courses/undergraduate/biochemistry-bsc/?addCourse=1217786","2026-10-07T05:51:05.612Z","DRAFT","BLOCKED","PROGRAMME_CODE_REQUIRED | SUBJECT_CATEGORY_REQUIRED | SLUG_REQUIRED"
"programme_5a13457c4b1e784d","imperial-college-london","GB_IMPERIAL_COLLEGE_LONDON","帝国理工学院","Imperial College London","","","","Biochemistry BSc","","","","Undergraduate","","","","","","","","","","","UNKNOWN","","","","","","","https://www.imperial.ac.uk/study/courses/undergraduate/biochemistry-bsc/?addCourse=1217791","2026-10-07T05:51:07.605Z","DRAFT","BLOCKED","PROGRAMME_CODE_REQUIRED | SUBJECT_CATEGORY_REQUIRED | SLUG_REQUIRED"
"programme_a9581fc8f94fae53","imperial-college-london","GB_IMPERIAL_COLLEGE_LONDON","帝国理工学院","Imperial College London","","","","Biochemistry MSci","","","","Undergraduate","","","","","","","","","","","UNKNOWN","","","","","","","https://www.imperial.ac.uk/study/courses/undergraduate/biochemistry-msci/?addCourse=1608038","2026-10-07T05:51:09.617Z","DRAFT","BLOCKED","PROGRAMME_CODE_REQUIRED | SUBJECT_CATEGORY_REQUIRED | SLUG_REQUIRED"
"programme_5ad651f367ff171f","imperial-college-london","GB_IMPERIAL_COLLEGE_LONDON","帝国理工学院","Imperial College London","","","","Biochemistry with a Language for Science BSc","","","","Undergraduate","","","","","","","","","","","UNKNOWN","","","","","","","https://www.imperial.ac.uk/study/courses/undergraduate/biochemistry-language/?addCourse=1256779","2026-10-07T05:51:11.629Z","DRAFT","BLOCKED","PROGRAMME_CODE_REQUIRED | SUBJECT_CATEGORY_REQUIRED | SLUG_REQUIRED"
"programme_ae371fabb685be96","imperial-college-london","GB_IMPERIAL_COLLEGE_LONDON","帝国理工学院","Imperial College London","","","","Biochemistry with a Language for Science BSc","","","","Undergraduate","","","","","","","","","","","UNKNOWN","","","","","","","https://www.imperial.ac.uk/study/courses/undergraduate/biochemistry-language/?addCourse=1217825","2026-10-07T05:51:13.632Z","DRAFT","BLOCKED","PROGRAMME_CODE_REQUIRED | SUBJECT_CATEGORY_REQUIRED | SLUG_REQUIRED"
"programme_ea6ea93a6ce7ad00","imperial-college-london","GB_IMPERIAL_COLLEGE_LONDON","帝国理工学院","Imperial College London","","","","Biochemistry with a Language for Science BSc","","","","Undergraduate","","","","","","","","","","","UNKNOWN","","","","","","","https://www.imperial.ac.uk/study/courses/undergraduate/biochemistry-language/?addCourse=1218384","2026-10-07T05:51:15.642Z","DRAFT","BLOCKED","PROGRAMME_CODE_REQUIRED | SUBJECT_CATEGORY_REQUIRED | SLUG_REQUIRED"
"programme_488bca5982c07dae","imperial-college-london","GB_IMPERIAL_COLLEGE_LONDON","帝国理工学院","Imperial College London","","","","Biochemistry with a Language for Science BSc","","","","Undergraduate","","","","","","","","","","","UNKNOWN","","","","","","","https://www.imperial.ac.uk/study/courses/undergraduate/biochemistry-language/?addCourse=1218392","2026-10-07T05:51:17.649Z","DRAFT","BLOCKED","PROGRAMME_CODE_REQUIRED | SUBJECT_CATEGORY_REQUIRED | SLUG_REQUIRED"
"programme_f24992cfa4a168de","imperial-college-london","GB_IMPERIAL_COLLEGE_LONDON","帝国理工学院","Imperial College London","","","","Biochemistry with Management BSc","","","","Undergraduate","","","","","","","","","","","UNKNOWN","","","","","","","https://www.imperial.ac.uk/study/courses/undergraduate/biochemistry-management/?addCourse=1217806","2026-10-07T05:51:19.666Z","DRAFT","BLOCKED","PROGRAMME_CODE_REQUIRED | SUBJECT_CATEGORY_REQUIRED | SLUG_REQUIRED"
"programme_c37a230776718720","imperial-college-london","GB_IMPERIAL_COLLEGE_LONDON","帝国理工学院","Imperial College London","","","","Biochemistry with Management BSc","","","","Undergraduate","","","","","","","","","","","UNKNOWN","","","","","","","https://www.imperial.ac.uk/study/courses/undergraduate/biochemistry-management/?addCourse=1217811","2026-10-07T05:51:21.856Z","DRAFT","BLOCKED","PROGRAMME_CODE_REQUIRED | SUBJECT_CATEGORY_REQUIRED | SLUG_REQUIRED"
"programme_5403ab4023740fcd","imperial-college-london","GB_IMPERIAL_COLLEGE_LONDON","帝国理工学院","Imperial College London","","","","Biological Sciences BSc","","","","Undergraduate","","","","","","","","","","","UNKNOWN","","","","","","","https://www.imperial.ac.uk/study/courses/undergraduate/biological-sciences/?addCourse=1218439","2026-10-07T05:51:23.683Z","DRAFT","BLOCKED","PROGRAMME_CODE_REQUIRED | SUBJECT_CATEGORY_REQUIRED | SLUG_REQUIRED"
"programme_351e0f61a8c3c23e","imperial-college-london","GB_IMPERIAL_COLLEGE_LONDON","帝国理工学院","Imperial College London","","","","Biological Sciences BSc","","","","Undergraduate","","","","","","","","","","","UNKNOWN","","","","","","","https://www.imperial.ac.uk/study/courses/undergraduate/biological-sciences/?addCourse=1218445","2026-10-07T05:51:25.682Z","DRAFT","BLOCKED","PROGRAMME_CODE_REQUIRED | SUBJECT_CATEGORY_REQUIRED | SLUG_REQUIRED"
"programme_9da8061f593a8072","imperial-college-london","GB_IMPERIAL_COLLEGE_LONDON","帝国理工学院","Imperial College London","","","","Biological Sciences BSc","","","","Undergraduate","","","","","","","","","","","UNKNOWN","","","","","","","https://www.imperial.ac.uk/study/courses/undergraduate/biological-sciences/?addCourse=1218451","2026-10-07T05:51:27.703Z","DRAFT","BLOCKED","PROGRAMME_CODE_REQUIRED | SUBJECT_CATEGORY_REQUIRED | SLUG_REQUIRED"
"programme_b2e5c40655c4a679","imperial-college-london","GB_IMPERIAL_COLLEGE_LONDON","帝国理工学院","Imperial College London","","","","Biological Sciences MSci","","","","Undergraduate","","","","","","","","","","","UNKNOWN","","","","","","","https://www.imperial.ac.uk/study/courses/undergraduate/biological-sciences-msci/?addCourse=1608196","2026-10-07T05:51:29.704Z","DRAFT","BLOCKED","PROGRAMME_CODE_REQUIRED | SUBJECT_CATEGORY_REQUIRED | SLUG_REQUIRED"
"programme_5cdbc6ec7014342f","imperial-college-london","GB_IMPERIAL_COLLEGE_LONDON","帝国理工学院","Imperial College London","","","","Biological Sciences with a Language for Science BSc","","","","Undergraduate","","","","","","","","","","","UNKNOWN","","","","","","","https://www.imperial.ac.uk/study/courses/undergraduate/biological-sciences-language/?addCourse=1256861","2026-10-07T05:51:31.711Z","DRAFT","BLOCKED","PROGRAMME_CODE_REQUIRED | SUBJECT_CATEGORY_REQUIRED | SLUG_REQUIRED"
"programme_466cb72af5a9d2de","imperial-college-london","GB_IMPERIAL_COLLEGE_LONDON","帝国理工学院","Imperial College London","","","","Biological Sciences with a Language for Science BSc","","","","Undergraduate","","","","","","","","","","","UNKNOWN","","","","","","","https://www.imperial.ac.uk/study/courses/undergraduate/biological-sciences-language/?addCourse=1218461","2026-10-07T05:51:33.731Z","DRAFT","BLOCKED","PROGRAMME_CODE_REQUIRED | SUBJECT_CATEGORY_REQUIRED | SLUG_REQUIRED"
"programme_51c340740f6dd2ed","imperial-college-london","GB_IMPERIAL_COLLEGE_LONDON","帝国理工学院","Imperial College London","","","","Biological Sciences with a Language for Science BSc","","","","Undergraduate","","","","","","","","","","","UNKNOWN","","","","","","","https://www.imperial.ac.uk/study/courses/undergraduate/biological-sciences-language/?addCourse=1218468","2026-10-07T05:51:35.731Z","DRAFT","BLOCKED","PROGRAMME_CODE_REQUIRED | SUBJECT_CATEGORY_REQUIRED | SLUG_REQUIRED"
"programme_31bf5f54d84818c6","imperial-college-london","GB_IMPERIAL_COLLEGE_LONDON","帝国理工学院","Imperial College London","","","","Biological Sciences with a Language for Science BSc","","","","Undergraduate","","","","","","","","","","","UNKNOWN","","","","","","","https://www.imperial.ac.uk/study/courses/undergraduate/biological-sciences-language/?addCourse=1218476","2026-10-07T05:51:37.728Z","DRAFT","BLOCKED","PROGRAMME_CODE_REQUIRED | SUBJECT_CATEGORY_REQUIRED | SLUG_REQUIRED"
"programme_cefe9f7aa9da74db","imperial-college-london","GB_IMPERIAL_COLLEGE_LONDON","帝国理工学院","Imperial College London","","","","Biological Sciences with Management BSc","","","","Undergraduate","","","","","","","","","","","UNKNOWN","","","","","","","https://www.imperial.ac.uk/study/courses/undergraduate/biological-sciences-management/?addCourse=1218407","2026-10-07T05:51:39.732Z","DRAFT","BLOCKED","PROGRAMME_CODE_REQUIRED | SUBJECT_CATEGORY_REQUIRED | SLUG_REQUIRED"
"programme_d9810252a5acd428","imperial-college-london","GB_IMPERIAL_COLLEGE_LONDON","帝国理工学院","Imperial College London","","","","Biological Sciences with Management BSc","","","","Undergraduate","","","","","","","","","","","UNKNOWN","","","","","","","https://www.imperial.ac.uk/study/courses/undergraduate/biological-sciences-management/?addCourse=1218422","2026-10-07T05:51:41.738Z","DRAFT","BLOCKED","PROGRAMME_CODE_REQUIRED | SUBJECT_CATEGORY_REQUIRED | SLUG_REQUIRED"
"programme_e07329b9923bcac7","imperial-college-london","GB_IMPERIAL_COLLEGE_LONDON","帝国理工学院","Imperial College London","","","","Biomaterials and Tissue Engineering MEng","","","","Undergraduate","","","","","","","","","","","UNKNOWN","","","","","","","https://www.imperial.ac.uk/study/courses/undergraduate/biomaterials-tissue-engineering-meng/?addCourse=1215943","2026-10-07T05:51:43.740Z","DRAFT","BLOCKED","PROGRAMME_CODE_REQUIRED | SUBJECT_CATEGORY_REQUIRED | SLUG_REQUIRED"
"programme_45cbcca2aa4f4a4e","imperial-college-london","GB_IMPERIAL_COLLEGE_LONDON","帝国理工学院","Imperial College London","","","","Biomedical Engineering MEng","","","","Undergraduate","","","","","","","","","","","UNKNOWN","","","","","","","https://www.imperial.ac.uk/study/courses/undergraduate/biomedical-engineering/?addCourse=1216471","2026-10-07T05:51:45.751Z","DRAFT","BLOCKED","PROGRAMME_CODE_REQUIRED | SUBJECT_CATEGORY_REQUIRED | SLUG_REQUIRED"
"programme_e3f8bfc1e7136586","imperial-college-london","GB_IMPERIAL_COLLEGE_LONDON","帝国理工学院","Imperial College London","","","","Biomedical Engineering MEng","","","","Undergraduate","","","","","","","","","","","UNKNOWN","","","","","","","https://www.imperial.ac.uk/study/courses/undergraduate/biomedical-engineering/?addCourse=1216473","2026-10-07T05:51:47.756Z","DRAFT","BLOCKED","PROGRAMME_CODE_REQUIRED | SUBJECT_CATEGORY_REQUIRED | SLUG_REQUIRED"
"programme_ceda05e47b46d7c9","imperial-college-london","GB_IMPERIAL_COLLEGE_LONDON","帝国理工学院","Imperial College London","","","","Biomedical Engineering MEng","","","","Undergraduate","","","","","","","","","","","UNKNOWN","","","","","","","https://www.imperial.ac.uk/study/courses/undergraduate/biomedical-engineering/?addCourse=1216474","2026-10-07T05:51:49.768Z","DRAFT","BLOCKED","PROGRAMME_CODE_REQUIRED | SUBJECT_CATEGORY_REQUIRED | SLUG_REQUIRED"
"programme_813ff9b9cce330ac","imperial-college-london","GB_IMPERIAL_COLLEGE_LONDON","帝国理工学院","Imperial College London","","","","Aeronautical Engineering MEng","","","","Undergraduate","","","","","","","","","","","UNKNOWN","","","","","","","https://www.imperial.ac.uk/study/courses/undergraduate/aeronautical-engineering/?removeCourse=1699807","2026-10-07T05:51:51.817Z","DRAFT","BLOCKED","PROGRAMME_CODE_REQUIRED | SUBJECT_CATEGORY_REQUIRED | SLUG_REQUIRED"
"programme_eabfdaaf73489c00","imperial-college-london","GB_IMPERIAL_COLLEGE_LONDON","帝国理工学院","Imperial College London","","","","Aeronautical Engineering MEng","","","","Undergraduate","","","","","","","","","","","UNKNOWN","","","","","","","https://www.imperial.ac.uk/study/courses/undergraduate/aeronautical-engineering/?removeCourse=1215803","2026-10-07T05:51:53.806Z","DRAFT","BLOCKED","PROGRAMME_CODE_REQUIRED | SUBJECT_CATEGORY_REQUIRED | SLUG_REQUIRED"
"programme_cfd23687bbdba909","imperial-college-london","GB_IMPERIAL_COLLEGE_LONDON","帝国理工学院","Imperial College London","","","","Aeronautical Engineering MEng","","","","Undergraduate","","","","","","","","","","","UNKNOWN","","","","","","","https://www.imperial.ac.uk/study/courses/undergraduate/aeronautical-engineering/?removeCourse=1215804","2026-10-07T05:51:55.793Z","DRAFT","BLOCKED","PROGRAMME_CODE_REQUIRED | SUBJECT_CATEGORY_REQUIRED | SLUG_REQUIRED"
"programme_8269ff0339ea859d","imperial-college-london","GB_IMPERIAL_COLLEGE_LONDON","帝国理工学院","Imperial College London","","","","Aeronautical Engineering MEng","","","","Undergraduate","","","","","","","","","","","UNKNOWN","","","","","","","https://www.imperial.ac.uk/study/courses/undergraduate/aeronautical-engineering/?removeCourse=1215805","2026-10-07T05:51:57.792Z","DRAFT","BLOCKED","PROGRAMME_CODE_REQUIRED | SUBJECT_CATEGORY_REQUIRED | SLUG_REQUIRED"
"programme_79d5066bbc9b60d7","imperial-college-london","GB_IMPERIAL_COLLEGE_LONDON","帝国理工学院","Imperial College London","","","","Aeronautics with Spacecraft Engineering MEng","","","","Undergraduate","","","","","","","","","","","UNKNOWN","","","","","","","https://www.imperial.ac.uk/study/courses/undergraduate/aeronautics-spacecraft-engineering/?removeCourse=1216182","2026-10-07T05:51:59.805Z","DRAFT","BLOCKED","PROGRAMME_CODE_REQUIRED | SUBJECT_CATEGORY_REQUIRED | SLUG_REQUIRED"
"programme_e5ce1d8452bcbb17","imperial-college-london","GB_IMPERIAL_COLLEGE_LONDON","帝国理工学院","Imperial College London","","","","Biochemistry BSc","","","","Undergraduate","","","","","","","","","","","UNKNOWN","","","","","","","https://www.imperial.ac.uk/study/courses/undergraduate/biochemistry-bsc/?removeCourse=1217781","2026-10-07T05:52:01.823Z","DRAFT","BLOCKED","PROGRAMME_CODE_REQUIRED | SUBJECT_CATEGORY_REQUIRED | SLUG_REQUIRED"
"programme_04e721367aa4b608","imperial-college-london","GB_IMPERIAL_COLLEGE_LONDON","帝国理工学院","Imperial College London","","","","Biochemistry BSc","","","","Undergraduate","","","","","","","","","","","UNKNOWN","","","","","","","https://www.imperial.ac.uk/study/courses/undergraduate/biochemistry-bsc/?removeCourse=1217786","2026-10-07T05:52:03.816Z","DRAFT","BLOCKED","PROGRAMME_CODE_REQUIRED | SUBJECT_CATEGORY_REQUIRED | SLUG_REQUIRED"
"programme_af74a560aa26e728","imperial-college-london","GB_IMPERIAL_COLLEGE_LONDON","帝国理工学院","Imperial College London","","","","Biochemistry BSc","","","","Undergraduate","","","","","","","","","","","UNKNOWN","","","","","","","https://www.imperial.ac.uk/study/courses/undergraduate/biochemistry-bsc/?removeCourse=1217791","2026-10-07T05:52:05.827Z","DRAFT","BLOCKED","PROGRAMME_CODE_REQUIRED | SUBJECT_CATEGORY_REQUIRED | SLUG_REQUIRED"
"programme_2870296d226b3493","imperial-college-london","GB_IMPERIAL_COLLEGE_LONDON","帝国理工学院","Imperial College London","","","","Biochemistry MSci","","","","Undergraduate","","","","","","","","","","","UNKNOWN","","","","","","","https://www.imperial.ac.uk/study/courses/undergraduate/biochemistry-msci/?removeCourse=1608038","2026-10-07T05:52:07.820Z","DRAFT","BLOCKED","PROGRAMME_CODE_REQUIRED | SUBJECT_CATEGORY_REQUIRED | SLUG_REQUIRED"
"programme_5a7121ce93c12e57","imperial-college-london","GB_IMPERIAL_COLLEGE_LONDON","帝国理工学院","Imperial College London","","","","Biochemistry with a Language for Science BSc","","","","Undergraduate","","","","","","","","","","","UNKNOWN","","","","","","","https://www.imperial.ac.uk/study/courses/undergraduate/biochemistry-language/?removeCourse=1256779","2026-10-07T05:52:09.825Z","DRAFT","BLOCKED","PROGRAMME_CODE_REQUIRED | SUBJECT_CATEGORY_REQUIRED | SLUG_REQUIRED"
"programme_b2885bd4b486cc8b","imperial-college-london","GB_IMPERIAL_COLLEGE_LONDON","帝国理工学院","Imperial College London","","","","Biochemistry with a Language for Science BSc","","","","Undergraduate","","","","","","","","","","","UNKNOWN","","","","","","","https://www.imperial.ac.uk/study/courses/undergraduate/biochemistry-language/?removeCourse=1217825","2026-10-07T05:52:11.839Z","DRAFT","BLOCKED","PROGRAMME_CODE_REQUIRED | SUBJECT_CATEGORY_REQUIRED | SLUG_REQUIRED"
"programme_047a40b45e19929d","imperial-college-london","GB_IMPERIAL_COLLEGE_LONDON","帝国理工学院","Imperial College London","","","","Biochemistry with a Language for Science BSc","","","","Undergraduate","","","","","","","","","","","UNKNOWN","","","","","","","https://www.imperial.ac.uk/study/courses/undergraduate/biochemistry-language/?removeCourse=1218384","2026-10-07T05:52:13.844Z","DRAFT","BLOCKED","PROGRAMME_CODE_REQUIRED | SUBJECT_CATEGORY_REQUIRED | SLUG_REQUIRED"
"programme_ffc57fa183bde93a","imperial-college-london","GB_IMPERIAL_COLLEGE_LONDON","帝国理工学院","Imperial College London","","","","Biochemistry with a Language for Science BSc","","","","Undergraduate","","","","","","","","","","","UNKNOWN","","","","","","","https://www.imperial.ac.uk/study/courses/undergraduate/biochemistry-language/?removeCourse=1218392","2026-10-07T05:52:16.101Z","DRAFT","BLOCKED","PROGRAMME_CODE_REQUIRED | SUBJECT_CATEGORY_REQUIRED | SLUG_REQUIRED"
"programme_edc7335aa4022a90","imperial-college-london","GB_IMPERIAL_COLLEGE_LONDON","帝国理工学院","Imperial College London","","","","Biochemistry with Management BSc","","","","Undergraduate","","","","","","","","","","","UNKNOWN","","","","","","","https://www.imperial.ac.uk/study/courses/undergraduate/biochemistry-management/?removeCourse=1217806","2026-10-07T05:52:17.855Z","DRAFT","BLOCKED","PROGRAMME_CODE_REQUIRED | SUBJECT_CATEGORY_REQUIRED | SLUG_REQUIRED"
"programme_7d2f59bd5c16bc26","imperial-college-london","GB_IMPERIAL_COLLEGE_LONDON","帝国理工学院","Imperial College London","","","","Biochemistry with Management BSc","","","","Undergraduate","","","","","","","","","","","UNKNOWN","","","","","","","https://www.imperial.ac.uk/study/courses/undergraduate/biochemistry-management/?removeCourse=1217811","2026-10-07T05:52:19.862Z","DRAFT","BLOCKED","PROGRAMME_CODE_REQUIRED | SUBJECT_CATEGORY_REQUIRED | SLUG_REQUIRED"
"programme_abb911ad685aa599","imperial-college-london","GB_IMPERIAL_COLLEGE_LONDON","帝国理工学院","Imperial College London","","","","Biological Sciences BSc","","","","Undergraduate","","","","","","","","","","","UNKNOWN","","","","","","","https://www.imperial.ac.uk/study/courses/undergraduate/biological-sciences/?removeCourse=1218439","2026-10-07T05:52:22.048Z","DRAFT","BLOCKED","PROGRAMME_CODE_REQUIRED | SUBJECT_CATEGORY_REQUIRED | SLUG_REQUIRED"
"programme_7d3e1749da490c39","imperial-college-london","GB_IMPERIAL_COLLEGE_LONDON","帝国理工学院","Imperial College London","","","","Biological Sciences BSc","","","","Undergraduate","","","","","","","","","","","UNKNOWN","","","","","","","https://www.imperial.ac.uk/study/courses/undergraduate/biological-sciences/?removeCourse=1218445","2026-10-07T05:52:23.877Z","DRAFT","BLOCKED","PROGRAMME_CODE_REQUIRED | SUBJECT_CATEGORY_REQUIRED | SLUG_REQUIRED"
"programme_bb46b68ad122f662","imperial-college-london","GB_IMPERIAL_COLLEGE_LONDON","帝国理工学院","Imperial College London","","","","Biological Sciences BSc","","","","Undergraduate","","","","","","","","","","","UNKNOWN","","","","","","","https://www.imperial.ac.uk/study/courses/undergraduate/biological-sciences/?removeCourse=1218451","2026-10-07T05:52:25.880Z","DRAFT","BLOCKED","PROGRAMME_CODE_REQUIRED | SUBJECT_CATEGORY_REQUIRED | SLUG_REQUIRED"
"programme_aa52bb29c2dbeadd","imperial-college-london","GB_IMPERIAL_COLLEGE_LONDON","帝国理工学院","Imperial College London","","","","Biological Sciences MSci","","","","Undergraduate","","","","","","","","","","","UNKNOWN","","","","","","","https://www.imperial.ac.uk/study/courses/undergraduate/biological-sciences-msci/?removeCourse=1608196","2026-10-07T05:52:27.891Z","DRAFT","BLOCKED","PROGRAMME_CODE_REQUIRED | SUBJECT_CATEGORY_REQUIRED | SLUG_REQUIRED"
"programme_e1e6118537f8d0d0","imperial-college-london","GB_IMPERIAL_COLLEGE_LONDON","帝国理工学院","Imperial College London","","","","Biological Sciences with a Language for Science BSc","","","","Undergraduate","","","","","","","","","","","UNKNOWN","","","","","","","https://www.imperial.ac.uk/study/courses/undergraduate/biological-sciences-language/?removeCourse=1256861","2026-10-07T05:52:29.891Z","DRAFT","BLOCKED","PROGRAMME_CODE_REQUIRED | SUBJECT_CATEGORY_REQUIRED | SLUG_REQUIRED"
"programme_722ec26ef0d895fd","imperial-college-london","GB_IMPERIAL_COLLEGE_LONDON","帝国理工学院","Imperial College London","","","","Biological Sciences with a Language for Science BSc","","","","Undergraduate","","","","","","","","","","","UNKNOWN","","","","","","","https://www.imperial.ac.uk/study/courses/undergraduate/biological-sciences-language/?removeCourse=1218461","2026-10-07T05:52:31.897Z","DRAFT","BLOCKED","PROGRAMME_CODE_REQUIRED | SUBJECT_CATEGORY_REQUIRED | SLUG_REQUIRED"
"programme_88365cb9657f2ebd","imperial-college-london","GB_IMPERIAL_COLLEGE_LONDON","帝国理工学院","Imperial College London","","","","Biological Sciences with a Language for Science BSc","","","","Undergraduate","","","","","","","","","","","UNKNOWN","","","","","","","https://www.imperial.ac.uk/study/courses/undergraduate/biological-sciences-language/?removeCourse=1218468","2026-10-07T05:52:33.903Z","DRAFT","BLOCKED","PROGRAMME_CODE_REQUIRED | SUBJECT_CATEGORY_REQUIRED | SLUG_REQUIRED"
"programme_78d1ce7e01b0bc0a","imperial-college-london","GB_IMPERIAL_COLLEGE_LONDON","帝国理工学院","Imperial College London","","","","Biological Sciences with a Language for Science BSc","","","","Undergraduate","","","","","","","","","","","UNKNOWN","","","","","","","https://www.imperial.ac.uk/study/courses/undergraduate/biological-sciences-language/?removeCourse=1218476","2026-10-07T05:52:35.916Z","DRAFT","BLOCKED","PROGRAMME_CODE_REQUIRED | SUBJECT_CATEGORY_REQUIRED | SLUG_REQUIRED"
"programme_b2f447e9e686ac45","imperial-college-london","GB_IMPERIAL_COLLEGE_LONDON","帝国理工学院","Imperial College London","","","","Biological Sciences with Management BSc","","","","Undergraduate","","","","","","","","","","","UNKNOWN","","","","","","","https://www.imperial.ac.uk/study/courses/undergraduate/biological-sciences-management/?removeCourse=1218407","2026-10-07T05:52:37.923Z","DRAFT","BLOCKED","PROGRAMME_CODE_REQUIRED | SUBJECT_CATEGORY_REQUIRED | SLUG_REQUIRED"
"programme_e59a0c3164a97414","imperial-college-london","GB_IMPERIAL_COLLEGE_LONDON","帝国理工学院","Imperial College London","","","","Biological Sciences with Management BSc","","","","Undergraduate","","","","","","","","","","","UNKNOWN","","","","","","","https://www.imperial.ac.uk/study/courses/undergraduate/biological-sciences-management/?removeCourse=1218422","2026-10-07T05:52:39.933Z","DRAFT","BLOCKED","PROGRAMME_CODE_REQUIRED | SUBJECT_CATEGORY_REQUIRED | SLUG_REQUIRED"
"programme_1ac737030021f41a","imperial-college-london","GB_IMPERIAL_COLLEGE_LONDON","帝国理工学院","Imperial College London","","","","Biomaterials and Tissue Engineering MEng","","","","Undergraduate","","","","","","","","","","","UNKNOWN","","","","","","","https://www.imperial.ac.uk/study/courses/undergraduate/biomaterials-tissue-engineering-meng/?removeCourse=1215943","2026-10-07T05:52:41.943Z","DRAFT","BLOCKED","PROGRAMME_CODE_REQUIRED | SUBJECT_CATEGORY_REQUIRED | SLUG_REQUIRED"
"programme_90016d2462057359","imperial-college-london","GB_IMPERIAL_COLLEGE_LONDON","帝国理工学院","Imperial College London","","","","Biomedical Engineering MEng","","","","Undergraduate","","","","","","","","","","","UNKNOWN","","","","","","","https://www.imperial.ac.uk/study/courses/undergraduate/biomedical-engineering/?removeCourse=1216471","2026-10-07T05:52:43.959Z","DRAFT","BLOCKED","PROGRAMME_CODE_REQUIRED | SUBJECT_CATEGORY_REQUIRED | SLUG_REQUIRED"
"programme_5cd5167abbc46cc7","imperial-college-london","GB_IMPERIAL_COLLEGE_LONDON","帝国理工学院","Imperial College London","","","","Biomedical Engineering MEng","","","","Undergraduate","","","","","","","","","","","UNKNOWN","","","","","","","https://www.imperial.ac.uk/study/courses/undergraduate/biomedical-engineering/?removeCourse=1216473","2026-10-07T05:52:45.964Z","DRAFT","BLOCKED","PROGRAMME_CODE_REQUIRED | SUBJECT_CATEGORY_REQUIRED | SLUG_REQUIRED"
"programme_cd331e6ae1541902","imperial-college-london","GB_IMPERIAL_COLLEGE_LONDON","帝国理工学院","Imperial College London","","","","Biomedical Engineering MEng","","","","Undergraduate","","","","","","","","","","","UNKNOWN","","","","","","","https://www.imperial.ac.uk/study/courses/undergraduate/biomedical-engineering/?removeCourse=1216474","2026-10-07T05:52:47.983Z","DRAFT","BLOCKED","PROGRAMME_CODE_REQUIRED | SUBJECT_CATEGORY_REQUIRED | SLUG_REQUIRED"
"programme_02a91be3b1be9334","kaplan-singapore","SG_KAPLAN_SINGAPORE","新加坡楷博高等教育学院（Kaplan）","Kaplan Singapore","","","","Preparatory Course For Singapore CA Qualification","","","","","","","","","","Kaplan offers Preparatory Course For Singapore CA Qualification","","","","","UNKNOWN","","","","","","","https://www.kaplan.com.sg/financial-certification/sca-preparatory-course-for-singapore-ca-qualification","2026-10-07T04:30:46.479Z","DRAFT","BLOCKED","PROGRAMME_CODE_REQUIRED | SUBJECT_CATEGORY_REQUIRED | SLUG_REQUIRED"
"programme_b83a7fdffd865c16","kaplan-singapore","SG_KAPLAN_SINGAPORE","新加坡楷博高等教育学院（Kaplan）","Kaplan Singapore","","","","Certificate in English Level 1 (E-Learning)","","","","","","","","","","Study the Certificate in English Level 1 (E-Learning) at Kaplan (Singapore). Build English foundations online at your own pace. Enrol today.","","","","","UNKNOWN","","","","","","","https://www.kaplan.com.sg/academic-levels/preparatory-courses/certificate-in-english-level-1-elearning","2026-10-07T04:30:52.858Z","DRAFT","BLOCKED","PROGRAMME_CODE_REQUIRED | SUBJECT_CATEGORY_REQUIRED | SLUG_REQUIRED"
"programme_1316320d2c5bbd85","kaplan-singapore","SG_KAPLAN_SINGAPORE","新加坡楷博高等教育学院（Kaplan）","Kaplan Singapore","","","","Certificate in English Level 2 (E-Learning)","","","","","","","","","","Kaplan offers Certificate in English Level 2 (E-Learning)","","","","","UNKNOWN","","","","","","","https://www.kaplan.com.sg/academic-levels/preparatory-courses/certificate-in-english-level-2-elearning","2026-10-07T04:30:54.992Z","DRAFT","BLOCKED","PROGRAMME_CODE_REQUIRED | SUBJECT_CATEGORY_REQUIRED | SLUG_REQUIRED"
"programme_9f54ed21624c0209","kaplan-singapore","SG_KAPLAN_SINGAPORE","新加坡楷博高等教育学院（Kaplan）","Kaplan Singapore","","","","Certificate in English Level 3 (E-Learning)","","","","","","","","","","Kaplan offers Certificate in English Level 3 (E-Learning)","","","","","UNKNOWN","","","","","","","https://www.kaplan.com.sg/academic-levels/preparatory-courses/certificate-in-english-level-3-elearning","2026-10-07T04:30:57.003Z","DRAFT","BLOCKED","PROGRAMME_CODE_REQUIRED | SUBJECT_CATEGORY_REQUIRED | SLUG_REQUIRED"
"programme_03254d72ade1b7e1","kaplan-singapore","SG_KAPLAN_SINGAPORE","新加坡楷博高等教育学院（Kaplan）","Kaplan Singapore","","","","Certificate in English Level 4 (E-Learning)","","","","","","","","","","Kaplan offers Certificate in English Level 4 (E-Learning)","","","","","UNKNOWN","","","","","","","https://www.kaplan.com.sg/academic-levels/preparatory-courses/certificate-in-english-level-4-elearning","2026-10-07T04:31:01.533Z","DRAFT","BLOCKED","PROGRAMME_CODE_REQUIRED | SUBJECT_CATEGORY_REQUIRED | SLUG_REQUIRED"
"programme_03dfd79a4006fe1b","kaplan-singapore","SG_KAPLAN_SINGAPORE","新加坡楷博高等教育学院（Kaplan）","Kaplan Singapore","","","","Certificate in English Level 5 (E-Learning)","","","","","","","","","","Kaplan offers Certificate in English Level 5 (E-Learning)","","","","","UNKNOWN","","","","","","","https://www.kaplan.com.sg/academic-levels/preparatory-courses/certificate-in-english-level-5-elearning","2026-10-07T04:31:02.424Z","DRAFT","BLOCKED","PROGRAMME_CODE_REQUIRED | SUBJECT_CATEGORY_REQUIRED | SLUG_REQUIRED"
"programme_7dbb17390dffa979","kaplan-singapore","SG_KAPLAN_SINGAPORE","新加坡楷博高等教育学院（Kaplan）","Kaplan Singapore","","","","Diploma in Professional Business English","","","","","","","","","","Kaplan offers Diploma in Professional Business English","","","","","UNKNOWN","","","","","","","https://www.kaplan.com.sg/academic-levels/preparatory-courses/diploma-professional-business-english","2026-10-07T04:31:04.380Z","DRAFT","BLOCKED","PROGRAMME_CODE_REQUIRED | SUBJECT_CATEGORY_REQUIRED | SLUG_REQUIRED"
"programme_91202f049678e3ca","kaplan-singapore","SG_KAPLAN_SINGAPORE","新加坡楷博高等教育学院（Kaplan）","Kaplan Singapore","","","","Preparatory Course for Cambridge International General Certificate of Secondary Education (IGCSE) Examination","","","","","","","","","","Kaplan offers a preparatory course for IGSCE (Cambridge International General Certificate of Secondary Education). Enrol now to prepare for IGCSE in Singapore!","","","","","UNKNOWN","","","","","","","https://www.kaplan.com.sg/preparatory-course/igcse-preparatory-course-for-cambridge-international-general-certificate-of-secondary-education-igcse-examination","2026-10-07T04:31:08.770Z","DRAFT","BLOCKED","PROGRAMME_CODE_REQUIRED | SUBJECT_CATEGORY_REQUIRED | SLUG_REQUIRED"
"programme_97c0e94f16f647f8","nanyang-technological-university","SG_NANYANG_TECHNOLOGICAL_UNIVERSITY","南洋理工大学（NTU）","Nanyang Technological University, Singapore","","","","Bachelor of Engineering in Environmental Engineering with Second Major in Future Foods","","","","Single Degree with 2nd Major","","","","","","At NTU-CEE, you will be equipped to build a brighter, greener, and more sustainable world as an environmental engineer, understand concepts of food sustainability and apply them to real-world situations.","","","","","UNKNOWN","","","","","","","https://www.ntu.edu.sg/admissions/undergraduate/undergraduate-programme/bachelor-of-engineering-in-environmental-engineering-with-second-major-in-future-foods","2026-10-07T04:26:49.621Z","DRAFT","BLOCKED","PROGRAMME_CODE_REQUIRED | SUBJECT_CATEGORY_REQUIRED | SLUG_REQUIRED"
"programme_5c9806cd9c8dfe1c","nanyang-technological-university","SG_NANYANG_TECHNOLOGICAL_UNIVERSITY","南洋理工大学（NTU）","Nanyang Technological University, Singapore","","","","Bachelor of Engineering in Environmental Engineering with Second Major in Future Foods","","","","","","","","","","The programme equips Environmental Engineering students with understanding concepts of food sustainability and apply them to real-world situations.","","","","","UNKNOWN","","","","","","","https://www.ntu.edu.sg/education/undergraduate-programme/bachelor-of-engineering-in-environmental-engineering-with-second-major-in-future-foods","2026-10-07T04:26:49.621Z","DRAFT","BLOCKED","PROGRAMME_CODE_REQUIRED | SUBJECT_CATEGORY_REQUIRED | SLUG_REQUIRED"
"programme_4bf809e3cb116bb4","nanyang-technological-university","SG_NANYANG_TECHNOLOGICAL_UNIVERSITY","南洋理工大学（NTU）","Nanyang Technological University, Singapore","","","","Bachelor of Engineering in Information Engineering and Media (IEM) with Second Major in Sustainability","","","","Single Degree with 2nd Major","","","","","","The Bachelor of Engineering programme is a professional degree programme with a broad-based and flexible curriculum that integrates theory with industrial practice.","","","","","UNKNOWN","","","","","","","https://www.ntu.edu.sg/admissions/undergraduate/undergraduate-programme/bachelor-of-engineering-in-information-engineering-and-media-(iem)-with-second-major-in-sustainability","2026-10-07T04:26:51.730Z","DRAFT","BLOCKED","PROGRAMME_CODE_REQUIRED | SUBJECT_CATEGORY_REQUIRED | SLUG_REQUIRED"
"programme_30b9c80d71a6bceb","nanyang-technological-university","SG_NANYANG_TECHNOLOGICAL_UNIVERSITY","南洋理工大学（NTU）","Nanyang Technological University, Singapore","","","","Bachelor of Engineering in Information Engineering and Media (IEM) with Second Major in Sustainability","","","","","","","","","","This is a professional degree programme with a broad-based and flexible curriculum that integrates theory with industrial practice.","","","","","UNKNOWN","","","","","","","https://www.ntu.edu.sg/education/undergraduate-programme/bachelor-of-engineering-in-information-engineering-and-media-(iem)-with-second-major-in-sustainability","2026-10-07T04:26:51.730Z","DRAFT","BLOCKED","PROGRAMME_CODE_REQUIRED | SUBJECT_CATEGORY_REQUIRED | SLUG_REQUIRED"
"programme_e7dfa4b5584ad251","nanyang-technological-university","SG_NANYANG_TECHNOLOGICAL_UNIVERSITY","南洋理工大学（NTU）","Nanyang Technological University, Singapore","","","","Bachelor of Engineering in Electrical & Electronic Engineering with Second Major in Sustainability","","","","Single Degree with 2nd Major","","","","","","The Bachelor of Engineering programme is a professional degree programme with a broad-based and flexible curriculum that integrates theory with industrial practice. #1 in Asia and #4 in the world for Electrical & Electronic Engineering, according to the 2025 QS World University Rankings by Subject.","","","","","UNKNOWN","","","","","","","https://www.ntu.edu.sg/admissions/undergraduate/undergraduate-programme/bachelor-of-engineering-in-electrical---electronic-engineering-with-second-major-in-sustainability","2026-10-07T04:26:53.696Z","DRAFT","BLOCKED","PROGRAMME_CODE_REQUIRED | SUBJECT_CATEGORY_REQUIRED | SLUG_REQUIRED"
"programme_901bf65cd04b9132","nanyang-technological-university","SG_NANYANG_TECHNOLOGICAL_UNIVERSITY","南洋理工大学（NTU）","Nanyang Technological University, Singapore","","","","Bachelor of Engineering in Electrical & Electronic Engineering with Second Major in Sustainability","","","","","","","","","","The Bachelor of Engineering programme is a professional degree programme with a broad-based and flexible curriculum that integrates theory with industrial practice.","","","","","UNKNOWN","","","","","","","https://www.ntu.edu.sg/education/undergraduate-programme/bachelor-of-engineering-in-electrical---electronic-engineering-with-second-major-in-sustainability","2026-10-07T04:26:53.696Z","DRAFT","BLOCKED","PROGRAMME_CODE_REQUIRED | SUBJECT_CATEGORY_REQUIRED | SLUG_REQUIRED"
"programme_0fb7d8f65c79876e","nanyang-technological-university","SG_NANYANG_TECHNOLOGICAL_UNIVERSITY","南洋理工大学（NTU）","Nanyang Technological University, Singapore","","","","Bachelor of Engineering in Robotics with a Second Major in Society & Urban Systems","","","","Single Degree with 2nd Major","","","","","","The Bachelor of Engineering in Robotics with a Second Major in Society and Urban Systems equips students with a strong foundation in robotics design, control, and automation, while also developing interdisciplinary knowledge on how technology interacts with social structures and urban environments. Graduates will be able to design innovative robotic solutions that address real-world challenges in cities and communities, bridging engineering expertise with societal and urban development insights. #1 in Asia and #4 in the world for Mechanical, Aeronautical & Manufacturing, according to the 2025 QS World University Rankings by Subject.","","","","","UNKNOWN","","","","","","","https://www.ntu.edu.sg/admissions/undergraduate/undergraduate-programme/bachelor-of-engineering-in-robotics-with-a-second-major-in-society-urban-systems","2026-10-07T04:26:55.900Z","DRAFT","BLOCKED","PROGRAMME_CODE_REQUIRED | SUBJECT_CATEGORY_REQUIRED | SLUG_REQUIRED"
"programme_dc96c21c9080c5c5","nanyang-technological-university","SG_NANYANG_TECHNOLOGICAL_UNIVERSITY","南洋理工大学（NTU）","Nanyang Technological University, Singapore","","","","Bachelor of Engineering in Robotics with a Second Major in Society & Urban Systems","","","","","","","","","","The Bachelor of Engineering in Robotics (B.Eng. in Robotics) at Nanyang Technological University (NTU) is a cutting-edge programme designed to equip students with essential robotics fundamentals and advanced skills.","","","","","UNKNOWN","","","","","","","https://www.ntu.edu.sg/education/undergraduate-programme/bachelor-of-engineering-in-robotics-with-a-second-major-in-society-urban-systems","2026-10-07T04:26:55.900Z","DRAFT","BLOCKED","PROGRAMME_CODE_REQUIRED | SUBJECT_CATEGORY_REQUIRED | SLUG_REQUIRED"
"programme_5a82e1cfad8e553d","nanyang-technological-university","SG_NANYANG_TECHNOLOGICAL_UNIVERSITY","南洋理工大学（NTU）","Nanyang Technological University, Singapore","","","","Bachelor of Engineering Science with Double Major in Process Engineering and Synthetic Chemistry","","","","Double major","","","","","","Combine the strengths of synthetic chemistry and process engineering in Singapore’s first programme of its kind. Spanning molecular to industrial-scale processes, this interdisciplinary degree equips students to innovate in pharmaceuticals, energy, materials and advanced manufacturing while developing expertise in sustainability, research and engineering design.","","","","","UNKNOWN","","","","","","","https://www.ntu.edu.sg/admissions/undergraduate/undergraduate-programme/bachelor-of-engineering-science-with-double-majors-in-process-engineering-and-synthetic-chemistry","2026-10-07T04:26:57.321Z","DRAFT","BLOCKED","PROGRAMME_CODE_REQUIRED | SUBJECT_CATEGORY_REQUIRED | SLUG_REQUIRED"
"programme_ecea106c333320a7","nanyang-technological-university","SG_NANYANG_TECHNOLOGICAL_UNIVERSITY","南洋理工大学（NTU）","Nanyang Technological University, Singapore","","","","Bachelor of Engineering Science with Double Major in Process Engineering and Synthetic Chemistry","","","","","","","","","","This programme merges Synthetic Chemistry and Process Engineering, offering a comprehensive grasp of chemical processes from molecular to industrial scales to address complex challenges and foster innovation in various manufacturing sectors.","","","","","UNKNOWN","","","","","","","https://www.ntu.edu.sg/education/undergraduate-programme/bachelor-of-engineering-science-with-double-majors-in-process-engineering-and-synthetic-chemistry","2026-10-07T04:26:57.321Z","DRAFT","BLOCKED","PROGRAMME_CODE_REQUIRED | SUBJECT_CATEGORY_REQUIRED | SLUG_REQUIRED"
"programme_35ae9f19699a0bc5","nanyang-technological-university","SG_NANYANG_TECHNOLOGICAL_UNIVERSITY","南洋理工大学（NTU）","Nanyang Technological University, Singapore","","","","Bachelor of Engineering in Environmental Engineering with Second Major in Sustainability","","","","Single Degree with 2nd Major","","","","","","At NTU-CEE, you will be equipped with the knowledge and skills to advance sustainable practices in environmental engineering, ensuring healthier environments and contributing to a more liveable world for present and future generations.","","","","","UNKNOWN","","","","","","","https://www.ntu.edu.sg/admissions/undergraduate/undergraduate-programme/bachelor-of-engineering-in-environmental-engineering-with-a-second-major-in-sustainability","2026-10-07T04:26:59.735Z","DRAFT","BLOCKED","PROGRAMME_CODE_REQUIRED | SUBJECT_CATEGORY_REQUIRED | SLUG_REQUIRED"
"programme_ef900635fe5b0cd8","nanyang-technological-university","SG_NANYANG_TECHNOLOGICAL_UNIVERSITY","南洋理工大学（NTU）","Nanyang Technological University, Singapore","","","","Bachelor of Engineering in Environmental Engineering with Second Major in Sustainability","","","","","","","","","","At NTU-CEE, you will be equipped with the knowledge and skills to advance sustainable practices in environmental engineering, ensuring healthier environments and contributing to a more liveable world for present and future generations.","","","","","UNKNOWN","","","","","","","https://www.ntu.edu.sg/education/undergraduate-programme/bachelor-of-engineering-in-environmental-engineering-with-a-second-major-in-sustainability","2026-10-07T04:26:59.735Z","DRAFT","BLOCKED","PROGRAMME_CODE_REQUIRED | SUBJECT_CATEGORY_REQUIRED | SLUG_REQUIRED"
"programme_ba1fde2664493782","nanyang-technological-university","SG_NANYANG_TECHNOLOGICAL_UNIVERSITY","南洋理工大学（NTU）","Nanyang Technological University, Singapore","","","","Bachelor of Engineering in Civil Engineering with Second Major in Sustainability","","","","Single Degree with 2nd Major","","","","","","At NTU-CEE, you will be equipped with the knowledge and skills to advance sustainable practices in civil engineering, ensuring healthier environments and contributing to a more liveable world for present and future generations. We are #3 in Asia and #9 in the world for Civil & Structural Engineering, according to the 2025 QS World University Rankings by Subject.","","","","","UNKNOWN","","","","","","","https://www.ntu.edu.sg/admissions/undergraduate/undergraduate-programme/bachelor-of-engineering-in-civil-engineering-with-second-major-in-sustainability","2026-10-07T04:27:01.708Z","DRAFT","BLOCKED","PROGRAMME_CODE_REQUIRED | SUBJECT_CATEGORY_REQUIRED | SLUG_REQUIRED"
"programme_c269310eb1def74d","nanyang-technological-university","SG_NANYANG_TECHNOLOGICAL_UNIVERSITY","南洋理工大学（NTU）","Nanyang Technological University, Singapore","","","","Bachelor of Engineering in Civil Engineering with Second Major in Sustainability","","","","","","","","","","Today’s Civil Engineers contribute to the liveability and sustainability of our environment.","","","","","UNKNOWN","","","","","","","https://www.ntu.edu.sg/education/undergraduate-programme/bachelor-of-engineering-in-civil-engineering-with-second-major-in-sustainability","2026-10-07T04:27:01.708Z","DRAFT","BLOCKED","PROGRAMME_CODE_REQUIRED | SUBJECT_CATEGORY_REQUIRED | SLUG_REQUIRED"
"programme_4200b2824bdc5153","nanyang-technological-university","SG_NANYANG_TECHNOLOGICAL_UNIVERSITY","南洋理工大学（NTU）","Nanyang Technological University, Singapore","","","","Bachelor of Science in Chemistry and Biological Chemistry with Second Major in Sustainability","","","","Single Degree with 2nd Major","","","","","","Develop a strong foundation in chemistry and biological chemistry while gaining the interdisciplinary knowledge needed to address sustainability challenges. This programme explores the connections between science, society and the environment, equipping you to create innovative solutions for a more sustainable and resilient future.","","","","","UNKNOWN","","","","","","","https://www.ntu.edu.sg/admissions/undergraduate/undergraduate-programme/bachelor-of-science-in-chemistry-and-biological-chemistry-with-second-major-in-sustainability","2026-10-07T04:27:03.812Z","DRAFT","BLOCKED","PROGRAMME_CODE_REQUIRED | SUBJECT_CATEGORY_REQUIRED | SLUG_REQUIRED"
"programme_c11965380c4322e5","nanyang-technological-university","SG_NANYANG_TECHNOLOGICAL_UNIVERSITY","南洋理工大学（NTU）","Nanyang Technological University, Singapore","","","","Bachelor of Science in Chemistry and Biological Chemistry with Second Major in Sustainability","","","","","","","","","","An interdisciplinary programme designed to train chemistry majors in soft skills and knowledge in sustainability.","","","","","UNKNOWN","","","","","","","https://www.ntu.edu.sg/education/undergraduate-programme/bachelor-of-science-in-chemistry-and-biological-chemistry-with-second-major-in-sustainability","2026-10-07T04:27:03.812Z","DRAFT","BLOCKED","PROGRAMME_CODE_REQUIRED | SUBJECT_CATEGORY_REQUIRED | SLUG_REQUIRED"
"programme_e0682dda3a994174","nanyang-technological-university","SG_NANYANG_TECHNOLOGICAL_UNIVERSITY","南洋理工大学（NTU）","Nanyang Technological University, Singapore","","","","Bachelor of Engineering in Mechanical Engineering with a Second Major in Society & Urban Systems","","","","Single Degree with 2nd Major","","","","","","The Bachelor of Engineering in Mechanical Engineering with a Second Major in Society & Urban Systems integrates strong engineering fundamentals with interdisciplinary knowledge of urban development and societal systems. The programme equips students with a solid foundation in mechanical engineering principles such as mechanics, thermodynamics, materials, and manufacturing, while also providing insights into how engineering solutions interact with cities, infrastructure, and communities. #1 in Asia and #4 in the world for Mechanical, Aeronautical & Manufacturing, according to the 2025 QS World University Rankings by Subject.","","","","","UNKNOWN","","","","","","","https://www.ntu.edu.sg/admissions/undergraduate/undergraduate-programme/bachelor-of-engineering-in-mechanical-engineering-with-a-second-major-in-society-urban-systems","2026-10-07T04:27:05.359Z","DRAFT","BLOCKED","PROGRAMME_CODE_REQUIRED | SUBJECT_CATEGORY_REQUIRED | SLUG_REQUIRED"
"programme_8b4ea93511054490","nanyang-technological-university","SG_NANYANG_TECHNOLOGICAL_UNIVERSITY","南洋理工大学（NTU）","Nanyang Technological University, Singapore","","","","Bachelor of Engineering in Mechanical Engineering with a Second Major in Society & Urban Systems","","","","","","","","","","The Bachelor of Engineering in Mechanical Engineering with a Second Major in Society &amp; Urban Systems integrates strong engineering fundamentals with interdisciplinary knowledge of urban development and societal systems.","","","","","UNKNOWN","","","","","","","https://www.ntu.edu.sg/education/undergraduate-programme/bachelor-of-engineering-in-mechanical-engineering-with-a-second-major-in-society-urban-systems","2026-10-07T04:27:05.359Z","DRAFT","BLOCKED","PROGRAMME_CODE_REQUIRED | SUBJECT_CATEGORY_REQUIRED | SLUG_REQUIRED"
"programme_716457c50e54fc46","nanyang-technological-university","SG_NANYANG_TECHNOLOGICAL_UNIVERSITY","南洋理工大学（NTU）","Nanyang Technological University, Singapore","","","","Bachelor of Engineering in Environmental Engineering with Second Major in Data Analytics","","","","Single Degree with 2nd Major","","","","","","At NTU-CEE, you will be equipped to build a brighter, greener, and more sustainable world as an environmental engineer, develop additional skills to apply data analytics in real-world projects and decision-making.","","","","","UNKNOWN","","","","","","","https://www.ntu.edu.sg/admissions/undergraduate/undergraduate-programme/bachelor-of-engineering-(environmental-engineering)-with-second-major-in-data-analytics","2026-10-07T04:27:07.659Z","DRAFT","BLOCKED","PROGRAMME_CODE_REQUIRED | SUBJECT_CATEGORY_REQUIRED | SLUG_REQUIRED"
"programme_6d6bcb4e30262fec","nanyang-technological-university","SG_NANYANG_TECHNOLOGICAL_UNIVERSITY","南洋理工大学（NTU）","Nanyang Technological University, Singapore","","","","Bachelor of Engineering in Environmental Engineering with Second Major in Data Analytics","","","","","","","","","","The programme equips Environmental Engineering students with technical competency to integrate applications with data analytics.","","","","","UNKNOWN","","","","","","","https://www.ntu.edu.sg/education/undergraduate-programme/bachelor-of-engineering-(environmental-engineering)-with-second-major-in-data-analytics","2026-10-07T04:27:07.659Z","DRAFT","BLOCKED","PROGRAMME_CODE_REQUIRED | SUBJECT_CATEGORY_REQUIRED | SLUG_REQUIRED"
"programme_27ce3a12625da0b4","nanyang-technological-university","SG_NANYANG_TECHNOLOGICAL_UNIVERSITY","南洋理工大学（NTU）","Nanyang Technological University, Singapore","","","","Bachelor of Engineering in Environmental Engineering with Second Major in Entrepreneurship","","","","Single Degree with 2nd Major","","","","","","At NTU-CEE, you will be equipped to build a brighter, greener, and more sustainable world as an environmental engineer and become an innovation-driven entrepreneur who can contribute to Singapore's Smart Nation goals.","","","","","UNKNOWN","","","","","","","https://www.ntu.edu.sg/admissions/undergraduate/undergraduate-programme/bachelor-of-engineering-in-environmental-engineering-with-a-second-major-in-entrepreneurship","2026-10-07T04:27:09.720Z","DRAFT","BLOCKED","PROGRAMME_CODE_REQUIRED | SUBJECT_CATEGORY_REQUIRED | SLUG_REQUIRED"
"programme_b44d96aca72d2e37","nanyang-technological-university","SG_NANYANG_TECHNOLOGICAL_UNIVERSITY","南洋理工大学（NTU）","Nanyang Technological University, Singapore","","","","Bachelor of Engineering in Environmental Engineering with Second Major in Entrepreneurship","","","","","","","","","","The programme provides Environmental Engineering students with entrepreneurship competency and broaden their understanding in enterprise and innovation.","","","","","UNKNOWN","","","","","","","https://www.ntu.edu.sg/education/undergraduate-programme/bachelor-of-engineering-in-environmental-engineering-with-a-second-major-in-entrepreneurship","2026-10-07T04:27:09.720Z","DRAFT","BLOCKED","PROGRAMME_CODE_REQUIRED | SUBJECT_CATEGORY_REQUIRED | SLUG_REQUIRED"
"programme_37cffaa959ac4a73","nanyang-technological-university","SG_NANYANG_TECHNOLOGICAL_UNIVERSITY","南洋理工大学（NTU）","Nanyang Technological University, Singapore","","","","Bachelor of Engineering in Electrical & Electronic Engineering with Second Major in Society and Urban Systems","","","","Single Degree with 2nd Major","","","","","","The Bachelor of Engineering programme is a professional degree programme with a broad-based and flexible curriculum that integrates theory with industrial practice. #1 in Asia and #4 in the world for Electrical & Electronic Engineering, according to the 2025 QS World University Rankings by Subject.","","","","","UNKNOWN","","","","","","","https://www.ntu.edu.sg/admissions/undergraduate/undergraduate-programme/bachelor-of-engineering-in-electrical-electronic-engineering-with-second-major-in-society-and-urban-systems","2026-10-07T04:27:11.690Z","DRAFT","BLOCKED","PROGRAMME_CODE_REQUIRED | SUBJECT_CATEGORY_REQUIRED | SLUG_REQUIRED"
"programme_c9137dcdadb7dc58","nanyang-technological-university","SG_NANYANG_TECHNOLOGICAL_UNIVERSITY","南洋理工大学（NTU）","Nanyang Technological University, Singapore","","","","Bachelor of Engineering in Electrical & Electronic Engineering with Second Major in Society and Urban Systems","","","","","","","","","","The Bachelor of Engineering programme is a professional degree programme with a broad-based and flexible curriculum that integrates theory with industrial practice","","","","","UNKNOWN","","","","","","","https://www.ntu.edu.sg/education/undergraduate-programme/bachelor-of-engineering-in-electrical-electronic-engineering-with-second-major-in-society-and-urban-systems","2026-10-07T04:27:11.690Z","DRAFT","BLOCKED","PROGRAMME_CODE_REQUIRED | SUBJECT_CATEGORY_REQUIRED | SLUG_REQUIRED"
"programme_b1f297ffb3d8ea08","nanyang-technological-university","SG_NANYANG_TECHNOLOGICAL_UNIVERSITY","南洋理工大学（NTU）","Nanyang Technological University, Singapore","","","","Double Degree in Bachelor of Engineering in Environmental Engineering and Bachelor of Social Science in Economics","","","","Dual/Double Degree","","","","","","At NTU-CEE, you will gain an advanced understanding of the synergy between engineering and economics, enabling you to drive innovation and contribute to national growth across diverse career pathways in both the public and private sectors.","","","","","UNKNOWN","","","","","","","https://www.ntu.edu.sg/admissions/undergraduate/undergraduate-programme/double-degree-in-environmental-engineering-and-economics","2026-10-07T04:27:13.740Z","DRAFT","BLOCKED","PROGRAMME_CODE_REQUIRED | SUBJECT_CATEGORY_REQUIRED | SLUG_REQUIRED"
"programme_652a64d0af4f1da9","nanyang-technological-university","SG_NANYANG_TECHNOLOGICAL_UNIVERSITY","南洋理工大学（NTU）","Nanyang Technological University, Singapore","","","","Double Degree in Bachelor of Engineering in Environmental Engineering and Bachelor of Social Science in Economics","","","","","","","","","","This programme provides education in both Environmental Engineering and Economics, and graduates will be equipped with interdisciplinary proficiencies to address socioeconomics, environmental and technological challenges.","","","","","UNKNOWN","","","","","","","https://www.ntu.edu.sg/education/undergraduate-programme/double-degree-in-environmental-engineering-and-economics","2026-10-07T04:27:13.740Z","DRAFT","BLOCKED","PROGRAMME_CODE_REQUIRED | SUBJECT_CATEGORY_REQUIRED | SLUG_REQUIRED"
"programme_3374897055c85213","nanyang-technological-university","SG_NANYANG_TECHNOLOGICAL_UNIVERSITY","南洋理工大学（NTU）","Nanyang Technological University, Singapore","","","","Bachelor of Engineering in Environmental Engineering with Second Major in Society & Urban Systems","","","","Single Degree with 2nd Major","","","","","","At NTU-CEE, you will be equipped with socio-economic and environmental perspectives to shape sustainable urban environments and pursue impactful careers in urban planning and development.","","","","","UNKNOWN","","","","","","","https://www.ntu.edu.sg/admissions/undergraduate/undergraduate-programme/bachelor-of-engineering-in-environmental-engineering-with-second-major-in-society-urban-systems","2026-10-07T04:27:15.669Z","DRAFT","BLOCKED","PROGRAMME_CODE_REQUIRED | SUBJECT_CATEGORY_REQUIRED | SLUG_REQUIRED"
"programme_c8b48aeab8516992","nanyang-technological-university","SG_NANYANG_TECHNOLOGICAL_UNIVERSITY","南洋理工大学（NTU）","Nanyang Technological University, Singapore","","","","Bachelor of Engineering in Environmental Engineering with Second Major in Society & Urban Systems","","","","","","","","","","The programme equips Environmental Engineering students with socio-economic and environmental perspectives to prepare them for additional career pathways related to Urban Planning.","","","","","UNKNOWN","","","","","","","https://www.ntu.edu.sg/education/undergraduate-programme/bachelor-of-engineering-in-environmental-engineering-with-second-major-in-society-urban-systems","2026-10-07T04:27:15.669Z","DRAFT","BLOCKED","PROGRAMME_CODE_REQUIRED | SUBJECT_CATEGORY_REQUIRED | SLUG_REQUIRED"
"programme_ca8a1707ba845e1a","nanyang-technological-university","SG_NANYANG_TECHNOLOGICAL_UNIVERSITY","南洋理工大学（NTU）","Nanyang Technological University, Singapore","","","","Bachelor of Engineering in Environmental Engineering with Second Major in Business","","","","Single Degree with 2nd Major","","","","","","At NTU-CEE, you will be equipped to build a brighter, greener, and more sustainable world as an environmental engineer, while gaining valuable business perspectives to excel in management and leadership.","","","","","UNKNOWN","","","","","","","https://www.ntu.edu.sg/admissions/undergraduate/undergraduate-programme/bachelor-of-engineering-in-environmental-engineering-with-second-major-in-business","2026-10-07T04:27:17.691Z","DRAFT","BLOCKED","PROGRAMME_CODE_REQUIRED | SUBJECT_CATEGORY_REQUIRED | SLUG_REQUIRED"
"programme_4592f1266c91ce6b","nanyang-technological-university","SG_NANYANG_TECHNOLOGICAL_UNIVERSITY","南洋理工大学（NTU）","Nanyang Technological University, Singapore","","","","Bachelor of Engineering in Environmental Engineering with Second Major in Business","","","","","","","","","","The programme provides Environmental Engineering students with additional business perspectives to enhance students’ proficiency in business management.","","","","","UNKNOWN","","","","","","","https://www.ntu.edu.sg/education/undergraduate-programme/bachelor-of-engineering-in-environmental-engineering-with-second-major-in-business","2026-10-07T04:27:17.691Z","DRAFT","BLOCKED","PROGRAMME_CODE_REQUIRED | SUBJECT_CATEGORY_REQUIRED | SLUG_REQUIRED"
"programme_1107ea81aceb4890","nanyang-technological-university","SG_NANYANG_TECHNOLOGICAL_UNIVERSITY","南洋理工大学（NTU）","Nanyang Technological University, Singapore","","","","Bachelor of Engineering in Civil Engineering with Second Major in Society & Urban Systems","","","","Single Degree with 2nd Major","","","","","","At NTU-CEE, you will be equipped with socio-economic and environmental perspectives to shape sustainable urban environments and pursue impactful careers in urban planning and development. We are #3 in Asia and #9 in the world for Civil & Structural Engineering, according to the 2025 QS World University Rankings by Subject.","","","","","UNKNOWN","","","","","","","https://www.ntu.edu.sg/admissions/undergraduate/undergraduate-programme/bachelor-of-engineering-in-civil-engineering-with-a-second-major-in-society-urban-systems","2026-10-07T04:27:19.749Z","DRAFT","BLOCKED","PROGRAMME_CODE_REQUIRED | SUBJECT_CATEGORY_REQUIRED | SLUG_REQUIRED"
"programme_ada8b636a1424b9f","nanyang-technological-university","SG_NANYANG_TECHNOLOGICAL_UNIVERSITY","南洋理工大学（NTU）","Nanyang Technological University, Singapore","","","","Bachelor of Engineering in Civil Engineering with Second Major in Society & Urban Systems","","","","","","","","","","The programme equips Civil Engineering students with socio-economic and environmental perspectives to prepare them for additional career pathways related to Urban Planning.","","","","","UNKNOWN","","","","","","","https://www.ntu.edu.sg/education/undergraduate-programme/bachelor-of-engineering-in-civil-engineering-with-a-second-major-in-society-urban-systems","2026-10-07T04:27:19.749Z","DRAFT","BLOCKED","PROGRAMME_CODE_REQUIRED | SUBJECT_CATEGORY_REQUIRED | SLUG_REQUIRED"
"programme_1f24c7c8ba4fa9cb","nanyang-technological-university","SG_NANYANG_TECHNOLOGICAL_UNIVERSITY","南洋理工大学（NTU）","Nanyang Technological University, Singapore","","","","Bachelor of Engineering in Environmental Engineering","","","","Single Degree","","","","","","At NTU-CEE, you will develop the knowledge, skills, and networks to create a brighter, greener world — sustainable today and for generations to come.","","","","","UNKNOWN","","","","","","","https://www.ntu.edu.sg/admissions/undergraduate/undergraduate-programme/bachelor-of-engineering-in-environmental-engineering","2026-10-07T04:27:21.713Z","DRAFT","BLOCKED","PROGRAMME_CODE_REQUIRED | SUBJECT_CATEGORY_REQUIRED | SLUG_REQUIRED"
"programme_350100ef0ef93c6b","nanyang-technological-university","SG_NANYANG_TECHNOLOGICAL_UNIVERSITY","南洋理工大学（NTU）","Nanyang Technological University, Singapore","","","","Bachelor of Engineering in Environmental Engineering","","","","","","","","","","The programme provides a unique engineering education that prepares students to address the challenges of infrastructure development and sustainability in future cities.","","","","","UNKNOWN","","","","","","","https://www.ntu.edu.sg/education/undergraduate-programme/bachelor-of-engineering-in-environmental-engineering","2026-10-07T04:27:21.713Z","DRAFT","BLOCKED","PROGRAMME_CODE_REQUIRED | SUBJECT_CATEGORY_REQUIRED | SLUG_REQUIRED"
"programme_8a0a932706fd7b38","nanyang-technological-university","SG_NANYANG_TECHNOLOGICAL_UNIVERSITY","南洋理工大学（NTU）","Nanyang Technological University, Singapore","","","","Bachelor of Science in Chemistry and Biological Chemistry with Second Major in Environmental Science","","","","Single Degree with 2nd Major","","","","","","Combine a strong foundation in chemistry with environmental science to tackle some of the world’s most pressing sustainability challenges. This interdisciplinary programme explores environmental management, earth systems and pollution, equipping students with the knowledge and skills to develop solutions for a more sustainable future.","","","","","UNKNOWN","","","","","","","https://www.ntu.edu.sg/admissions/undergraduate/undergraduate-programme/bachelor-of-science-in-chemistry-and-biological-chemistry-with-second-major-in-environmental-science","2026-10-07T04:27:23.436Z","DRAFT","BLOCKED","PROGRAMME_CODE_REQUIRED | SUBJECT_CATEGORY_REQUIRED | SLUG_REQUIRED"
"programme_793763251b1f5bb7","nanyang-technological-university","SG_NANYANG_TECHNOLOGICAL_UNIVERSITY","南洋理工大学（NTU）","Nanyang Technological University, Singapore","","","","Bachelor of Science in Chemistry and Biological Chemistry with Second Major in Environmental Science","","","","","","","","","","An interdisciplinary programme combining an education in general Chemistry with its special applications to the Earth Sciences and Environmental Management.","","","","","UNKNOWN","","","","","","","https://www.ntu.edu.sg/education/undergraduate-programme/bachelor-of-science-in-chemistry-and-biological-chemistry-with-second-major-in-environmental-science","2026-10-07T04:27:23.436Z","DRAFT","BLOCKED","PROGRAMME_CODE_REQUIRED | SUBJECT_CATEGORY_REQUIRED | SLUG_REQUIRED"
"programme_7f7eb26976c5606b","nanyang-technological-university","SG_NANYANG_TECHNOLOGICAL_UNIVERSITY","南洋理工大学（NTU）","Nanyang Technological University, Singapore","","","","Bachelor of Engineering in Chemical & Biomolecular Engineering with Second Major in Sustainability","","","","Single Degree with 2nd Major","","","","","","We live in a time of large-scale challenges, where climate change, deforestation, biodiversity loss and ocean acidification are no longer only considered from an environmental perspective, but also in terms of social justice, economic development, technological adaptation, and political will. The survival of our growing population depends on the natural resources we continue to overexploit, but there is increasing awareness on how the concept of sustainability strives to address this. By understanding how our environment, economy and society interact, applying this to technological innovation and communicating readily with decision makers, we can maintain the health of our world for the benefit of current and future generations. #3 in Asia and #10 in the world for Chemical Engineering, according to the 2025 QS World University Rankings by Subject.","","","","","UNKNOWN","","","","","","","https://www.ntu.edu.sg/admissions/undergraduate/undergraduate-programme/bachelor-of-engineering-in-chemical---biomolecular-engineering-with-second-major-in-sustainability","2026-10-07T04:27:25.741Z","DRAFT","BLOCKED","PROGRAMME_CODE_REQUIRED | SUBJECT_CATEGORY_REQUIRED | SLUG_REQUIRED"
"programme_11982534f8a7938b","nanyang-technological-university","SG_NANYANG_TECHNOLOGICAL_UNIVERSITY","南洋理工大学（NTU）","Nanyang Technological University, Singapore","","","","Bachelor of Engineering in Chemical & Biomolecular Engineering with Second Major in Sustainability","","","","","","","","","","Chemical and Biomolecular Engineering, NTU, Sustainability, CCEB","","","","","UNKNOWN","","","","","","","https://www.ntu.edu.sg/education/undergraduate-programme/bachelor-of-engineering-in-chemical---biomolecular-engineering-with-second-major-in-sustainability","2026-10-07T04:27:25.741Z","DRAFT","BLOCKED","PROGRAMME_CODE_REQUIRED | SUBJECT_CATEGORY_REQUIRED | SLUG_REQUIRED"
"programme_f51aad738972a040","nanyang-technological-university","SG_NANYANG_TECHNOLOGICAL_UNIVERSITY","南洋理工大学（NTU）","Nanyang Technological University, Singapore","","","","Bachelor of Science in Biological Sciences with Second Major in Future Foods","","","","Single Degree with 2nd Major","","","","","","Develop a strong foundation in Biological Sciences alongside expertise in sustainable food innovation through this interdisciplinary programme. Explore future foods, nutrition, food safety and food technologies while gaining practical skills to address global challenges in sustainability, food security, and the future of food production.","","","","","UNKNOWN","","","","","","","https://www.ntu.edu.sg/admissions/undergraduate/undergraduate-programme/bachelor-of-science-in-biological-sciences-with-second-major-in-future-foods","2026-10-07T04:27:27.452Z","DRAFT","BLOCKED","PROGRAMME_CODE_REQUIRED | SUBJECT_CATEGORY_REQUIRED | SLUG_REQUIRED"
"programme_32121783f88fa729","nanyang-technological-university","SG_NANYANG_TECHNOLOGICAL_UNIVERSITY","南洋理工大学（NTU）","Nanyang Technological University, Singapore","","","","Bachelor of Science in Biological Sciences with Second Major in Future Foods","","","","","","","","","","This programme&nbsp;is to provide students with the foundation and practical tools for understanding the concepts of food sustainability and applying them to real world scenarios.","","","","","UNKNOWN","","","","","","","https://www.ntu.edu.sg/education/undergraduate-programme/bachelor-of-science-in-biological-sciences-with-second-major-in-future-foods","2026-10-07T04:27:27.452Z","DRAFT","BLOCKED","PROGRAMME_CODE_REQUIRED | SUBJECT_CATEGORY_REQUIRED | SLUG_REQUIRED"
"programme_2bf765f2f5df3eb8","nanyang-technological-university","SG_NANYANG_TECHNOLOGICAL_UNIVERSITY","南洋理工大学（NTU）","Nanyang Technological University, Singapore","","","","Bachelor of Engineering in Bioengineering with Second Major in Sustainability","","","","Single Degree with 2nd Major","","","","","","We live in a time of large-scale challenges, where climate change, deforestation, biodiversity loss and ocean acidification are no longer only considered from an environmental perspective, but also in terms of social justice, economic development, technological adaptation, and political will. The survival of our growing population depends on the natural resources we continue to overexploit, but there is increasing awareness on how the concept of sustainability strives to address this. By understanding how our environment, economy and society interact, applying this to technological innovation and communicating readily with decision makers, we can maintain the health of our world for the benefit of current and future generations.","","","","","UNKNOWN","","","","","","","https://www.ntu.edu.sg/admissions/undergraduate/undergraduate-programme/bachelor-of-engineering-in-bioengineering-with-second-major-in-sustainability","2026-10-07T04:27:29.737Z","DRAFT","BLOCKED","PROGRAMME_CODE_REQUIRED | SUBJECT_CATEGORY_REQUIRED | SLUG_REQUIRED"
"programme_885e6005af053ed5","nanyang-technological-university","SG_NANYANG_TECHNOLOGICAL_UNIVERSITY","南洋理工大学（NTU）","Nanyang Technological University, Singapore","","","","Bachelor of Engineering in Bioengineering with Second Major in Sustainability","","","","","","","","","","Bioengineering, Sustainability, NTU","","","","","UNKNOWN","","","","","","","https://www.ntu.edu.sg/education/undergraduate-programme/bachelor-of-engineering-in-bioengineering-with-second-major-in-sustainability","2026-10-07T04:27:29.737Z","DRAFT","BLOCKED","PROGRAMME_CODE_REQUIRED | SUBJECT_CATEGORY_REQUIRED | SLUG_REQUIRED"
"programme_44339886f11e398b","nanyang-technological-university","SG_NANYANG_TECHNOLOGICAL_UNIVERSITY","南洋理工大学（NTU）","Nanyang Technological University, Singapore","","","","Bachelor of Computing (Hons) in Computer Science with a Second Major in Sustainability","","","","Single Degree with 2nd Major","","","","","","At Nanyang Technological University (NTU), the Bachelor of Computing (Hons) in Computer Science with a Second Major in Sustainability programme is jointly offered by the College of Computing and Data Science (CCDS) and the Asian School of the Environment (ASE). This interdisciplinary degree equips students with strong technical foundations in computer science while deepening their understanding of global sustainability challenges and solutions.","","","","","UNKNOWN","","","","","","","https://www.ntu.edu.sg/admissions/undergraduate/undergraduate-programme/bachelor-of-computing-(hons)-in-computer-science-with-a-second-major-in-sustainability","2026-10-07T04:27:31.761Z","DRAFT","BLOCKED","PROGRAMME_CODE_REQUIRED | SUBJECT_CATEGORY_REQUIRED | SLUG_REQUIRED"
"programme_56e4932405d71eac","nanyang-technological-university","SG_NANYANG_TECHNOLOGICAL_UNIVERSITY","南洋理工大学（NTU）","Nanyang Technological University, Singapore","","","","Bachelor of Computing (Hons) in Computer Science with a Second Major in Sustainability","","","","","","","","","","This interdisciplinary degree equips students with strong technical foundations in computer science while deepening their understanding of global sustainability challenges and solutions.","","","","","UNKNOWN","","","","","","","https://www.ntu.edu.sg/education/undergraduate-programme/bachelor-of-computing-(hons)-in-computer-science-with-a-second-major-in-sustainability","2026-10-07T04:27:31.761Z","DRAFT","BLOCKED","PROGRAMME_CODE_REQUIRED | SUBJECT_CATEGORY_REQUIRED | SLUG_REQUIRED"
"programme_9f1a9d3a9b06b1ee","nanyang-technological-university","SG_NANYANG_TECHNOLOGICAL_UNIVERSITY","南洋理工大学（NTU）","Nanyang Technological University, Singapore","","","","Bachelor of Science in Environmental Earth Systems Science with Second Major in Entrepreneurship","","","","Single Degree with 2nd Major","","","","","","Explore environmental challenges while developing the entrepreneurial mindset to create impactful solutions. This programme combines earth systems expertise with innovation, enterprise and technopreneurship, supported by hands-on learning and internship opportunities within the startup ecosystem.","","","","","UNKNOWN","","","","","","","https://www.ntu.edu.sg/admissions/undergraduate/undergraduate-programme/bachelor-of-science-in-environmental-earth-systems-science-with-second-major-in-entrepreneurship","2026-10-07T04:27:33.742Z","DRAFT","BLOCKED","PROGRAMME_CODE_REQUIRED | SUBJECT_CATEGORY_REQUIRED | SLUG_REQUIRED"
"programme_420db957f607d469","nanyang-technological-university","SG_NANYANG_TECHNOLOGICAL_UNIVERSITY","南洋理工大学（NTU）","Nanyang Technological University, Singapore","","","","Bachelor of Science in Environmental Earth Systems Science with Second Major in Entrepreneurship","","","","","","","","","","By understanding how our environment, economy and society interact, applying this to technological innovation and communicating readily with decision makers, we can maintain the health of our world for the benefit of current and future generations.","","","","","UNKNOWN","","","","","","","https://www.ntu.edu.sg/education/undergraduate-programme/bachelor-of-science-in-environmental-earth-systems-science-with-second-major-in-entrepreneurship","2026-10-07T04:27:33.742Z","DRAFT","BLOCKED","PROGRAMME_CODE_REQUIRED | SUBJECT_CATEGORY_REQUIRED | SLUG_REQUIRED"
"programme_742d87833ca99dfc","nanyang-technological-university","SG_NANYANG_TECHNOLOGICAL_UNIVERSITY","南洋理工大学（NTU）","Nanyang Technological University, Singapore","","","","Bachelor of Science in Environmental Earth Systems Science with Second Major in Sustainability","","","","Single Degree with 2nd Major","","","","","","Explore the connections between the environment, society and economy while gaining the knowledge and skills to develop sustainable solutions for complex global challenges. With an interdisciplinary approach spanning sustainability, policy and innovation, you will be equipped to create meaningful impact for future generations.","","","","","UNKNOWN","","","","","","","https://www.ntu.edu.sg/admissions/undergraduate/undergraduate-programme/bachelor-of-science-in-environmental-earth-systems-science-with-second-major-in-sustainability","2026-10-07T04:27:36.406Z","DRAFT","BLOCKED","PROGRAMME_CODE_REQUIRED | SUBJECT_CATEGORY_REQUIRED | SLUG_REQUIRED"
"programme_82ddfad8c768478a","nanyang-technological-university","SG_NANYANG_TECHNOLOGICAL_UNIVERSITY","南洋理工大学（NTU）","Nanyang Technological University, Singapore","","","","Bachelor of Science in Environmental Earth Systems Science with Second Major in Sustainability","","","","","","","","","","By understanding how our environment, economy and society interact, applying this to technological innovation and communicating readily with decision makers, we can maintain the health of our world for the benefit of current and future generations.","","","","","UNKNOWN","","","","","","","https://www.ntu.edu.sg/education/undergraduate-programme/bachelor-of-science-in-environmental-earth-systems-science-with-second-major-in-sustainability","2026-10-07T04:27:36.406Z","DRAFT","BLOCKED","PROGRAMME_CODE_REQUIRED | SUBJECT_CATEGORY_REQUIRED | SLUG_REQUIRED"
"programme_f0330c989bfb1c57","nanyang-technological-university","SG_NANYANG_TECHNOLOGICAL_UNIVERSITY","南洋理工大学（NTU）","Nanyang Technological University, Singapore","","","","Bachelor of Science in Environmental Earth Systems Science with Second Major in Data Analytics","","","","","","","","","","Students will build a strong background in EESS and statistics, algorithms, and data analytics. Our students will stay competitive, with the ability to tackle real-world problems and challenges with innovative techniques in multidisciplinary settings.","","","","","UNKNOWN","","","","","","","https://www.ntu.edu.sg/education/undergraduate-programme/bachelor-of-science-in-environmental-earth-systems-science-with-second-major-in-data-analytics","2026-10-07T04:27:37.757Z","DRAFT","BLOCKED","PROGRAMME_CODE_REQUIRED | SUBJECT_CATEGORY_REQUIRED | SLUG_REQUIRED"
"programme_383c46674ec914fd","nanyang-technological-university","SG_NANYANG_TECHNOLOGICAL_UNIVERSITY","南洋理工大学（NTU）","Nanyang Technological University, Singapore","","","","Bachelor of Science in Biological Sciences with Second Major in Food Science and Technology","","","","Single Degree with 2nd Major","","","","","","This is a prestigious new programme combining the Biological Sciences (Honours) programme with the highly popular Food Sciences and Technology as a 2nd Major, in partnership with the University of Wageningen and School of Chemical and Biomolecular Engineering and School of Physical & Mathematical Sciences in NTU.","","","","","UNKNOWN","","","","","","","https://www.ntu.edu.sg/admissions/undergraduate/undergraduate-programme/bachelor-of-science-in-biological-sciences-with-second-major-in-food-science-and-technology","2026-10-07T04:27:39.503Z","DRAFT","BLOCKED","PROGRAMME_CODE_REQUIRED | SUBJECT_CATEGORY_REQUIRED | SLUG_REQUIRED"
"programme_18306b9d20df7a23","nanyang-technological-university","SG_NANYANG_TECHNOLOGICAL_UNIVERSITY","南洋理工大学（NTU）","Nanyang Technological University, Singapore","","","","Bachelor of Science in Biological Sciences with Second Major in Food Science and Technology","","","","","","","","","","This programme&nbsp;is for students with an interest in biology and wish to gain further understanding on food processes through an engineering and industrial point of view.&nbsp;&nbsp;","","","","","UNKNOWN","","","","","","","https://www.ntu.edu.sg/education/undergraduate-programme/bachelor-of-science-in-biological-sciences-with-second-major-in-food-science-and-technology","2026-10-07T04:27:39.503Z","DRAFT","BLOCKED","PROGRAMME_CODE_REQUIRED | SUBJECT_CATEGORY_REQUIRED | SLUG_REQUIRED"
"programme_9655dd577e0ca119","nanyang-technological-university","SG_NANYANG_TECHNOLOGICAL_UNIVERSITY","南洋理工大学（NTU）","Nanyang Technological University, Singapore","","","","Bachelor of Science in Environmental Earth Systems Science and Public Policy and Global Affairs","","","","Single Degree","","","","","","Gain a strong foundation in environmental earth systems science while exploring public policy, global affairs and international relations. This multidisciplinary programme equips students with leadership, communication and problem-solving skills to address complex environmental challenges and shape sustainable policies in a rapidly changing world.","","","","","UNKNOWN","","","","","","","https://www.ntu.edu.sg/admissions/undergraduate/undergraduate-programme/bachelor-of-science-in-environmental-earth-systems-science-and-public-policy-and-global-affairs","2026-10-07T04:27:41.765Z","DRAFT","BLOCKED","PROGRAMME_CODE_REQUIRED | SUBJECT_CATEGORY_REQUIRED | SLUG_REQUIRED"
"programme_17dd764d8d2f67b9","nanyang-technological-university","SG_NANYANG_TECHNOLOGICAL_UNIVERSITY","南洋理工大学（NTU）","Nanyang Technological University, Singapore","","","","Bachelor of Science in Environmental Earth Systems Science and Public Policy and Global Affairs","","","","","","","","","","Students admitted to this multidisciplinary course will develop a strong background in quantitative environmental earth systems science and communication, public affairs, and international relations.","","","","","UNKNOWN","","","","","","","https://www.ntu.edu.sg/education/undergraduate-programme/bachelor-of-science-in-environmental-earth-systems-science-and-public-policy-and-global-affairs","2026-10-07T04:27:41.765Z","DRAFT","BLOCKED","PROGRAMME_CODE_REQUIRED | SUBJECT_CATEGORY_REQUIRED | SLUG_REQUIRED"
"programme_87fdb34b2fbc6a75","nanyang-technological-university","SG_NANYANG_TECHNOLOGICAL_UNIVERSITY","南洋理工大学（NTU）","Nanyang Technological University, Singapore","","","","Bachelor of Science in Environmental Earth Systems Science","","","","Single Degree","","","","","","Turn your passion for the environment into real-world impact. Integrating Earth science, sustainability, technology and field-based learning, this programme develops the expertise to address environmental challenges and build a more resilient, sustainable world.","","","","","UNKNOWN","","","","","","","https://www.ntu.edu.sg/admissions/undergraduate/undergraduate-programme/bachelor-of-science-in-environmental-earth-systems-science","2026-10-07T04:27:43.528Z","DRAFT","BLOCKED","PROGRAMME_CODE_REQUIRED | SUBJECT_CATEGORY_REQUIRED | SLUG_REQUIRED"
"programme_336ce5599b957c1c","nanyang-technological-university","SG_NANYANG_TECHNOLOGICAL_UNIVERSITY","南洋理工大学（NTU）","Nanyang Technological University, Singapore","","","","Bachelor of Science in Environmental Earth Systems Science","","","","","","","","","","This undergraduate regardless of specialisation, students in the programme will gain a strong background in supporting mathematics and science subjects, modern computing techniques, and the fundamentals of Earth systems science.","","","","","UNKNOWN","","","","","","","https://www.ntu.edu.sg/education/undergraduate-programme/bachelor-of-science-in-environmental-earth-systems-science","2026-10-07T04:27:43.528Z","DRAFT","BLOCKED","PROGRAMME_CODE_REQUIRED | SUBJECT_CATEGORY_REQUIRED | SLUG_REQUIRED"
"programme_df31d0dddb3e97b6","nanyang-technological-university","SG_NANYANG_TECHNOLOGICAL_UNIVERSITY","南洋理工大学（NTU）","Nanyang Technological University, Singapore","","","","Accountancy for Future Leaders - Bachelor of Accountancy (Sustainability Management and Analytics)","","","","Single Degree","","","","","","The Accountancy for Future Leaders (Bachelor of Accountancy in Sustainability Management and Analytics) is a four-year premier programme leading to direct honours. Designed for students aiming to stand out in the accounting profession, this degree is a result of close collaboration with the Accountancy and Corporate Regulatory Authority (ACRA), positioning graduates as the future leaders of business. As the first of its kind in Singapore, our programme features an integrated curriculum weaving together sustainability management, analytics, and a unique internship component. The 30-week internship will be with premier employers recognised as Accredited Training Organisations (ATOs) by ACRA, ensuring adherence to professional standards, abundant accountancy resources, and commitment to career development. The internship provides valuable real-world experience with a competitive stipend, expediting your journey towards becoming a Chartered Accountant (Singapore). This hands-on experience significantly contributes to the mandatory three-year practical experience required for qualification. Moreover, our dynamic curriculum offers exemptions from specific Singapore Chartered Accountant Qualification (SCAQ) professional exams, allowing you to accumulate professional experience seamlessly while pursuing your degree. Take the opportunity to elevate your aspirations, redefine your academic journey, and emerge as a trailblazer in the accountancy world with our forward-thinking programme. Your path to Chartered Accountant (Singapore) status and future business leadership begins here.","","","","","UNKNOWN","","","","","","","https://www.ntu.edu.sg/admissions/undergraduate/undergraduate-programme/accountancy-for-future-leaders-bachelor-of-accountancy-in-sustainability-management-and-analytics","2026-10-07T04:27:45.528Z","DRAFT","BLOCKED","PROGRAMME_CODE_REQUIRED | SUBJECT_CATEGORY_REQUIRED | SLUG_REQUIRED"
"programme_7e6a3a2e43d63e5f","nanyang-technological-university","SG_NANYANG_TECHNOLOGICAL_UNIVERSITY","南洋理工大学（NTU）","Nanyang Technological University, Singapore","","","","Accountancy for Future Leaders - Bachelor of Accountancy (Sustainability Management and Analytics)","","","","","","","","","","Integrates sustainability, analytics, and 30-week internship with premier ATO employers of ACRA. Gain real-world experience and accelerated path to a Chartered Accountant.","","","","","UNKNOWN","","","","","","","https://www.ntu.edu.sg/education/undergraduate-programme/accountancy-for-future-leaders-bachelor-of-accountancy-in-sustainability-management-and-analytics","2026-10-07T04:27:45.528Z","DRAFT","BLOCKED","PROGRAMME_CODE_REQUIRED | SUBJECT_CATEGORY_REQUIRED | SLUG_REQUIRED"
"programme_94536146381d3ce4","nanyang-technological-university","SG_NANYANG_TECHNOLOGICAL_UNIVERSITY","南洋理工大学（NTU）","Nanyang Technological University, Singapore","","","","Bachelor of Business with Second Major in Sustainability","","","","Single Degree with 2nd Major","","","","","","This new second major provides students with the foundation and practical tools for understanding the concepts of sustainability and applying them to real world scenarios. It is designed to follow on sympathetically from the ICC course “Sustainability: Society, Economy and Environment”. The curriculum will be structured according to the three traditional pillars of sustainability: Society, Environment and Economy, colloquially known as People, Planet and Profit. At NTU, the students will then apply this knowledge through two additional pillars of Practice and Policy.","","","","","UNKNOWN","","","","","","","https://www.ntu.edu.sg/admissions/undergraduate/undergraduate-programme/bachelor-of-business-with-second-major-in-sustainability","2026-10-07T04:27:47.547Z","DRAFT","BLOCKED","PROGRAMME_CODE_REQUIRED | SUBJECT_CATEGORY_REQUIRED | SLUG_REQUIRED"
"programme_01af2a89339799e8","nanyang-technological-university","SG_NANYANG_TECHNOLOGICAL_UNIVERSITY","南洋理工大学（NTU）","Nanyang Technological University, Singapore","","","","Bachelor of Business with Second Major in Sustainability","","","","","","","","","","Learn and understand various sustainability concepts and issues so as to enhance students' perspectives in business management and create innovative business solutions for the sustainability industry.","","","","","UNKNOWN","","","","","","","https://www.ntu.edu.sg/education/undergraduate-programme/bachelor-of-business-with-second-major-in-sustainability","2026-10-07T04:27:47.547Z","DRAFT","BLOCKED","PROGRAMME_CODE_REQUIRED | SUBJECT_CATEGORY_REQUIRED | SLUG_REQUIRED"
"programme_91f73df600c80338","nanyang-technological-university","SG_NANYANG_TECHNOLOGICAL_UNIVERSITY","南洋理工大学（NTU）","Nanyang Technological University, Singapore","","","","Bachelor of Accountancy with Second Major in Sustainability","","","","Single Degree with 2nd Major","","","","","","This new second major provides students with the foundation and practical tools for understanding the concepts of sustainability and applying them to real world scenarios. It is designed to follow on sympathetically from the ICC course “Sustainability: Society, Economy and Environment”. The curriculum will be structured according to the three traditional pillars of sustainability: Society, Environment and Economy, colloquially known as People, Planet and Profit. At NTU, the students will then apply this knowledge through two additional pillars of Practice and Policy.","","","","","UNKNOWN","","","","","","","https://www.ntu.edu.sg/admissions/undergraduate/undergraduate-programme/bachelor-of-accountancy-with-second-major-in-sustainability","2026-10-07T04:27:49.560Z","DRAFT","BLOCKED","PROGRAMME_CODE_REQUIRED | SUBJECT_CATEGORY_REQUIRED | SLUG_REQUIRED"
"programme_6bcaf19a86a8439b","nanyang-technological-university","SG_NANYANG_TECHNOLOGICAL_UNIVERSITY","南洋理工大学（NTU）","Nanyang Technological University, Singapore","","","","Bachelor of Accountancy with Second Major in Sustainability","","","","","","","","","","Learn and understand various sustainability concepts and issues so as to enhance students' perspectives in business management and create innovative business solutions for the sustainability industry.","","","","","UNKNOWN","","","","","","","https://www.ntu.edu.sg/education/undergraduate-programme/bachelor-of-accountancy-with-second-major-in-sustainability","2026-10-07T04:27:49.560Z","DRAFT","BLOCKED","PROGRAMME_CODE_REQUIRED | SUBJECT_CATEGORY_REQUIRED | SLUG_REQUIRED"
"programme_f5c80c50ff47557d","nanyang-technological-university","SG_NANYANG_TECHNOLOGICAL_UNIVERSITY","南洋理工大学（NTU）","Nanyang Technological University, Singapore","","","","Bachelor of Arts in Geography and Education","","","","Double major","","","","","","For over 70 years, the National Institute of Education has played a central role in preparing educators who are equipped with disciplinary expertise, research-informed perspectives, and professional competence. NIE’s emphasis on educational research enables teachers to engage critically with environmental, social, and spatial challenges in a rapidly changing world. Within this framework, the Geography major provides a well-rounded education in Geography as an academic discipline, focusing on the three key strands of Human Geography, Physical Geography, and Geographical Techniques. By the end of the programme, you will be equipped with content knowledge in both Human and Physical Geography, as well as technical competencies in data analytics, Geographic Information Systems (GIS), and remote sensing. You will also be trained in field methods. In addition, the department’s flagship Sustainability Learning Lab provides a nurturing platform for student teachers and staff to connect through shared interests in sustainability and sustainable development. NIE is ranked #3 in Asia and #8 globally for Education in the 2025 QS World University Rankings by Subject.","","","","","UNKNOWN","","","","","","","https://www.ntu.edu.sg/admissions/undergraduate/undergraduate-programme/bachelor-of-arts-in-geography-and-education","2026-10-07T04:27:51.562Z","DRAFT","BLOCKED","PROGRAMME_CODE_REQUIRED | SUBJECT_CATEGORY_REQUIRED | SLUG_REQUIRED"
"programme_9202bcdfb98a19bc","nanyang-technological-university","SG_NANYANG_TECHNOLOGICAL_UNIVERSITY","南洋理工大学（NTU）","Nanyang Technological University, Singapore","","","","Bachelor of Arts in Geography and Education","","","","","","","","","","The National Institute of Education (NIE) ensures that our undergraduates are equipped with high-quality skills, knowledge and values that will mould them into top-notch educators.","","","","","UNKNOWN","","","","","","","https://www.ntu.edu.sg/education/undergraduate-programme/bachelor-of-arts-in-geography-and-education","2026-10-07T04:27:51.562Z","DRAFT","BLOCKED","PROGRAMME_CODE_REQUIRED | SUBJECT_CATEGORY_REQUIRED | SLUG_REQUIRED"
"programme_5de0cfb5d6d7d148","nanyang-technological-university","SG_NANYANG_TECHNOLOGICAL_UNIVERSITY","南洋理工大学（NTU）","Nanyang Technological University, Singapore","","","","Bachelor of Arts in Art and Education","","","","Double major","","","","","","Singapore’s education system is internationally recognised for its excellence, and the National Institute of Education (NIE) has been at the heart of this success. For over 70 years, NIE has played a pivotal role in initial teacher preparation and continual professional development, equipping future educators with the skills, knowledge, and values needed to thrive in a dynamic educational landscape. Grounded in strong educational research, NIE prepares teachers and learners alike to adapt confidently to change and innovation. The Art Major is designed to develop learners’ competencies in Visual Art through a strong foundation in studio practice and critical studies. Students engage with a diverse range of visual art courses spanning 2D and 3D media, contemporary digital technologies, and art theories. Learning takes place in well-equipped, purpose-built studios, guided by accomplished artists and experts in the field. The programme culminates in an arts-based research project, where students develop their personal artistic voice and produce a body of work for public exhibition—preparing them to become confident, independent practitioners and reflective educators in the visual arts. NIE is ranked #3 in Asia and #8 globally for Education in the 2025 QS World University Rankings by Subject.","","","","","UNKNOWN","","","","","","","https://www.ntu.edu.sg/admissions/undergraduate/undergraduate-programme/bachelor-of-arts-in-art-and-education","2026-10-07T04:27:53.824Z","DRAFT","BLOCKED","PROGRAMME_CODE_REQUIRED | SUBJECT_CATEGORY_REQUIRED | SLUG_REQUIRED"
"programme_9c212a74cc06ee87","nanyang-technological-university","SG_NANYANG_TECHNOLOGICAL_UNIVERSITY","南洋理工大学（NTU）","Nanyang Technological University, Singapore","","","","Bachelor of Arts in Art and Education","","","","","","","","","","The National Institute of Education (NIE) ensures that our undergraduates are equipped with high-quality skills, knowledge and values that will mould them into top-notch educators.","","","","","UNKNOWN","","","","","","","https://www.ntu.edu.sg/education/undergraduate-programme/bachelor-of-arts-in-art-and-education","2026-10-07T04:27:53.824Z","DRAFT","BLOCKED","PROGRAMME_CODE_REQUIRED | SUBJECT_CATEGORY_REQUIRED | SLUG_REQUIRED"
"programme_430c5d4dfaf02a34","nanyang-technological-university","SG_NANYANG_TECHNOLOGICAL_UNIVERSITY","南洋理工大学（NTU）","Nanyang Technological University, Singapore","","","","Bachelor of Engineering in Electrical and Electronic Engineering (Part-Time)","","","","Single Degree","","","","","","This programme is currently not accepting applications. The Part-Time Bachelor of Engineering (Electrical & Electronic Engineering) degree is designed for those with polytechnic diploma or equivalent qualifications who would like to further their studies on a part-time basis while continuing to work.","","","","","UNKNOWN","","","","","","","https://www.ntu.edu.sg/admissions/undergraduate/undergraduate-programme/bachelor-of-engineering-in-electrical-and-electronic-engineering-(part-time)","2026-10-07T04:27:57.861Z","DRAFT","BLOCKED","PROGRAMME_CODE_REQUIRED | SUBJECT_CATEGORY_REQUIRED | SLUG_REQUIRED"
"programme_e54872c48888e45b","nanyang-technological-university","SG_NANYANG_TECHNOLOGICAL_UNIVERSITY","南洋理工大学（NTU）","Nanyang Technological University, Singapore","","","","Bachelor of Engineering in Electrical and Electronic Engineering (Part-Time)","","","","","","","","","","NTU EEE Part-Time","","","","","UNKNOWN","","","","","","","https://www.ntu.edu.sg/education/undergraduate-programme/bachelor-of-engineering-in-electrical-and-electronic-engineering-(part-time)","2026-10-07T04:27:57.861Z","DRAFT","BLOCKED","PROGRAMME_CODE_REQUIRED | SUBJECT_CATEGORY_REQUIRED | SLUG_REQUIRED"
"programme_0c323828535995fc","sim-global-education","SG_SIM_GLOBAL_EDUCATION","新加坡管理学院（SIM）","Singapore Institute of Management","","","","SINGTEL x SIM AI.DEA (PHASE 1)","","","","","","","","","","Built for senior leaders and decision-makers, this program establishes the strategic clarity required to lead with AI. Participants cut through the hype to identify where AI delivers real business value, how it should align to organisational priorities, and what readiness looks like across people, data, technology, and governance. The course strengthens executive judgement, critical evaluation, and risk-aware decision-making, while grounding leaders in cyber, ethical, and regulatory considerations. By the end of Phase 1, leaders will be positioned to set clear AI ambition, challenge assumptions, and confidently direct secure, high-impact adoption.For enquiries, please reach out to Joan Lim at joanlim@sim.edu.sg","","","","","UNKNOWN","","","","","","","https://www.sim.edu.sg/professional-development/courses/course-listing/ai-dea-phase-1","2026-10-07T04:31:07.698Z","DRAFT","BLOCKED","PROGRAMME_CODE_REQUIRED | SUBJECT_CATEGORY_REQUIRED | SLUG_REQUIRED"
"programme_0763bd3110886c1b","sim-global-education","SG_SIM_GLOBAL_EDUCATION","新加坡管理学院（SIM）","Singapore Institute of Management","","","","SINGTEL x SIM ACADEMY TIKTOK MASTERCLASS","","","","","","","","","","Accelerated by the COVID-19 pandemic, consumers have increasingly shifted their purchasing habits online — favoring the convenience, flexibility, and variety offered by digital platforms. TikTok, with its explosive growth and influence, has quickly become a key player in this space, transforming the way people discover brands, make buying decisions, and engage with content.This 3-Day Accelerator Programme empowers entrepreneurs, marketers, and businesses to harness the power of TikTok for real results — whether it’s building brand visibility, driving traffic, or boosting sales. Through interactive hands-on sessions, participants will master content creation, decode the algorithm, and launch campaigns that convert.Whether you're new to TikTok or looking to scale your digital presence, this programme gives you the tools, strategies, and confidence to grow your business in the mobile-first era.","","","","","UNKNOWN","","","","","","","https://www.sim.edu.sg/professional-development/courses/course-listing/tiktok-masterclass-695cc6a0cac5ac4a68ce6a67d4f7f8f9","2026-10-07T04:31:09.790Z","DRAFT","BLOCKED","PROGRAMME_CODE_REQUIRED | SUBJECT_CATEGORY_REQUIRED | SLUG_REQUIRED"
"programme_d97629371c7d4f55","sim-global-education","SG_SIM_GLOBAL_EDUCATION","新加坡管理学院（SIM）","Singapore Institute of Management","","","","Bachelors Degrees","","","","","","","","","","SIM collaborates with renowned universities globally to offer bachelor's degree programmes in Singapore. Explore our full-time, part-time, and bachelor's degrees here.","","","","","UNKNOWN","","","","","","","https://www.sim.edu.sg/degrees-diplomas/programmes/academic-levels/bachelor","2026-10-07T04:30:02.403Z","DRAFT","BLOCKED","PROGRAMME_CODE_REQUIRED | SUBJECT_CATEGORY_REQUIRED | SLUG_REQUIRED"
"programme_8da09c609cb67384","sim-global-education","SG_SIM_GLOBAL_EDUCATION","新加坡管理学院（SIM）","Singapore Institute of Management","","","","Diploma Courses","","","","","","","","","","SIM's diploma courses in Singapore are designed to offer a well-rounded, focused course of study that provides you with a good foundational understanding of specific fields and exposure to real-world practices.","","","","","UNKNOWN","","","","","","","https://www.sim.edu.sg/degrees-diplomas/programmes/academic-levels/diploma","2026-10-07T04:30:07.470Z","DRAFT","BLOCKED","PROGRAMME_CODE_REQUIRED | SUBJECT_CATEGORY_REQUIRED | SLUG_REQUIRED"
"programme_655e2d88f61b3b5f","sp-jain-singapore","SG_SP_JAIN_SINGAPORE","SP Jain全球管理学院新加坡校区","SP Jain School of Global Management Singapore","","","","Bachelor of Business Administration","","","","","","","","","","SP Jain's Bachelor of Business Administration is a 4-year undergraduate business course. Study in Singapore/Mumbai, Dubai and Sydney. Get Australian degree.","","","","","UNKNOWN","","","","","","","https://www.spjain.sg/programs/undergraduate/bba","2026-10-07T04:28:24.362Z","DRAFT","BLOCKED","PROGRAMME_CODE_REQUIRED | SUBJECT_CATEGORY_REQUIRED | SLUG_REQUIRED"
"programme_0804c0b618eaae15","sp-jain-singapore","SG_SP_JAIN_SINGAPORE","SP Jain全球管理学院新加坡校区","SP Jain School of Global Management Singapore","","","","Bachelor of Data Science","","","","","","","","","","SP Jain's Bachelor of Data Science (BDS) is a 3-year program on campus in Mumbai & Sydney. Learn Machine Learning, Data Mining, Big Data Processing & more.","","","","","UNKNOWN","","","","","","","https://www.spjain.sg/programs/undergraduate/bachelor-of-data-science","2026-10-07T04:28:26.397Z","DRAFT","BLOCKED","PROGRAMME_CODE_REQUIRED | SUBJECT_CATEGORY_REQUIRED | SLUG_REQUIRED"
"programme_dfea3330db4bcb37","sp-jain-singapore","SG_SP_JAIN_SINGAPORE","SP Jain全球管理学院新加坡校区","SP Jain School of Global Management Singapore","","","","Bachelor of Economics","","","","","","","","","","Earn your Bachelor of Economics in just 2.5 years with SP Jain Global. Study in Sydney and graduate career-ready with global insights.","","","","","UNKNOWN","","","","","","","https://www.spjain.sg/programs/undergraduate/bachelor-of-economics","2026-10-07T04:28:27.655Z","DRAFT","BLOCKED","PROGRAMME_CODE_REQUIRED | SUBJECT_CATEGORY_REQUIRED | SLUG_REQUIRED"
"programme_eb5cc3c7242a8c04","sp-jain-singapore","SG_SP_JAIN_SINGAPORE","SP Jain全球管理学院新加坡校区","SP Jain School of Global Management Singapore","","","","BACHELOR OF BUSINESS ADMINISTRATION","","","","","","","","","","Check SP Jain's Bachelor of Business Administration (BBA) program fees, scholarships, accommodation fee, visa charges, payment timeline and more details. ","","","","","UNKNOWN","","","","","","","https://www.spjain.sg/programs/undergraduate/bba/fees","2026-10-07T04:28:39.737Z","DRAFT","BLOCKED","PROGRAMME_CODE_REQUIRED | SUBJECT_CATEGORY_REQUIRED | SLUG_REQUIRED"
"programme_1f4021bbdaf52878","sp-jain-singapore","SG_SP_JAIN_SINGAPORE","SP Jain全球管理学院新加坡校区","SP Jain School of Global Management Singapore","","","","BACHELOR OF BUSINESS ADMINISTRATION","","","","","","","","","","Are you a Year 2/3 transfer student keen to enrol into SP Jain's Bachelor of Business Administration? See the flexible on-campus & online options available","","","","","UNKNOWN","","","","","","","https://www.spjain.sg/programs/undergraduate/bba/flexible-learning-options/are-you-a-year-2-3-transfer-student","2026-10-07T04:28:51.149Z","DRAFT","BLOCKED","PROGRAMME_CODE_REQUIRED | SUBJECT_CATEGORY_REQUIRED | SLUG_REQUIRED"
"programme_04028b50082ca7b8","sp-jain-singapore","SG_SP_JAIN_SINGAPORE","SP Jain全球管理学院新加坡校区","SP Jain School of Global Management Singapore","","","","Bachelor of Business Administration","","","","","","","","","","Learn more about the Bachelor of Business Administration and Bachelor of Data Science program. Appear for an admission evaluation and interview on May 21. Register today!","","","","","UNKNOWN","","","","","","","https://www.spjain.sg/programs/undergraduate/open-day","2026-10-07T04:28:56.422Z","DRAFT","BLOCKED","PROGRAMME_CODE_REQUIRED | SUBJECT_CATEGORY_REQUIRED | SLUG_REQUIRED"
"programme_7199334475a37265","sp-jain-singapore","SG_SP_JAIN_SINGAPORE","SP Jain全球管理学院新加坡校区","SP Jain School of Global Management Singapore","","","","BACHELOR OF DATA SCIENCE: Why SP Jain","","","","","","","","","","Gain in-demand skills in Data Science. Study on campus in Mumbai & Sydney. Get a chance to earn a DASCA certification. Graduate with an Australian degree.","","","","","UNKNOWN","","","","","","","https://www.spjain.sg/programs/undergraduate/bachelor-of-data-science/why-spjain","2026-10-07T04:29:00.032Z","DRAFT","BLOCKED","PROGRAMME_CODE_REQUIRED | SUBJECT_CATEGORY_REQUIRED | SLUG_REQUIRED"
"programme_6742529973e8e4f6","sp-jain-singapore","SG_SP_JAIN_SINGAPORE","SP Jain全球管理学院新加坡校区","SP Jain School of Global Management Singapore","","","","Bachelor of Data Science: Student Learning Outcomes","","","","","","","","","","Graduate with an Australian undergraduate degree and the skills, knowledge and their application that validate the program learning outcomes listed here.","","","","","UNKNOWN","","","","","","","https://www.spjain.sg/programs/undergraduate/bachelor-of-data-science/academics/learning-outcomes","2026-10-07T04:29:02.403Z","DRAFT","BLOCKED","PROGRAMME_CODE_REQUIRED | SUBJECT_CATEGORY_REQUIRED | SLUG_REQUIRED"
"programme_1b5cd92617b80e97","sp-jain-singapore","SG_SP_JAIN_SINGAPORE","SP Jain全球管理学院新加坡校区","SP Jain School of Global Management Singapore","","","","Bachelor of Data Science: Program Structure & Curriculum","","","","","","","","","","Learn about the Bachelor of Data Science's core subjects & projects. Check the curriculum, unit learning outcomes, academic calendars and student handbook.","","","","","UNKNOWN","","","","","","","https://www.spjain.sg/programs/undergraduate/bachelor-of-data-science/academics/program-structure","2026-10-07T04:29:04.368Z","DRAFT","BLOCKED","PROGRAMME_CODE_REQUIRED | SUBJECT_CATEGORY_REQUIRED | SLUG_REQUIRED"
"programme_d149909686c2a741","sp-jain-singapore","SG_SP_JAIN_SINGAPORE","SP Jain全球管理学院新加坡校区","SP Jain School of Global Management Singapore","","","","Bachelor of Data Science: Meet Our Faculty","","","","","","","","","","Meet SP Jain's faculty for the Bachelor of Data Science program. Learn from experts who bring a wealth of research, teaching & industry experience to class.","","","","","UNKNOWN","","","","","","","https://www.spjain.sg/programs/undergraduate/bachelor-of-data-science/academics/faculty","2026-10-07T04:29:06.603Z","DRAFT","BLOCKED","PROGRAMME_CODE_REQUIRED | SUBJECT_CATEGORY_REQUIRED | SLUG_REQUIRED"
"programme_cc63a1e7b35bbd53","sp-jain-singapore","SG_SP_JAIN_SINGAPORE","SP Jain全球管理学院新加坡校区","SP Jain School of Global Management Singapore","","","","Bachelor of Data Science: Fee Structure","","","","","","","","","","Check SP Jain's Bachelor of Data Science (BDS) program fees, scholarships, accommodation fee, visa charges, payment timeline and more details.","","","","","UNKNOWN","","","","","","","https://www.spjain.sg/programs/undergraduate/bachelor-of-data-science/fees","2026-10-07T04:29:08.570Z","DRAFT","BLOCKED","PROGRAMME_CODE_REQUIRED | SUBJECT_CATEGORY_REQUIRED | SLUG_REQUIRED"
"programme_91357324e8467b94","sp-jain-singapore","SG_SP_JAIN_SINGAPORE","SP Jain全球管理学院新加坡校区","SP Jain School of Global Management Singapore","","","","BACHELOR OF DATA SCIENCE","","","","","","","","","","As a Bachelor of Data Science (BDS) student at SP Jain School of Global Management, you will become part of a dynamic, diverse and high-calibre student community leading to unique peer-to-peer learning experiences. We are proud of what our students have achieved. See their success stories.","","","","","UNKNOWN","","","","","","","https://www.spjain.sg/programs/undergraduate/bachelor-of-data-science/students/student-achievements","2026-10-07T04:29:09.870Z","DRAFT","BLOCKED","PROGRAMME_CODE_REQUIRED | SUBJECT_CATEGORY_REQUIRED | SLUG_REQUIRED"
"programme_fefbcdc32076a8a4","sp-jain-singapore","SG_SP_JAIN_SINGAPORE","SP Jain全球管理学院新加坡校区","SP Jain School of Global Management Singapore","","","","Bachelor of Data Science: Student Life at SP Jain","","","","","","","","","","Experience the Bachelor of Data Science (BDS) student life at SP Jain School of Global Management's Mumbai and Sydney campuses.","","","","","UNKNOWN","","","","","","","https://www.spjain.sg/programs/undergraduate/bachelor-of-data-science/students/student-life","2026-10-07T04:29:12.093Z","DRAFT","BLOCKED","PROGRAMME_CODE_REQUIRED | SUBJECT_CATEGORY_REQUIRED | SLUG_REQUIRED"
"programme_bc0c6967b967a67f","sp-jain-singapore","SG_SP_JAIN_SINGAPORE","SP Jain全球管理学院新加坡校区","SP Jain School of Global Management Singapore","","","","Bachelor of Data Science: Boost Your Career Potential","","","","","","","","","","SP Jain's Bachelor of Data Science students have landed jobs in Australia and interned at leading universities and companies. See our success stories.","","","","","UNKNOWN","","","","","","","https://www.spjain.sg/programs/undergraduate/bachelor-of-data-science/students/careers","2026-10-07T04:29:13.873Z","DRAFT","BLOCKED","PROGRAMME_CODE_REQUIRED | SUBJECT_CATEGORY_REQUIRED | SLUG_REQUIRED"
"programme_c51c719bf63b088b","sp-jain-singapore","SG_SP_JAIN_SINGAPORE","SP Jain全球管理学院新加坡校区","SP Jain School of Global Management Singapore","","","","BACHELOR OF ECONOMICS","","","","","","","","","","Graduate with an Australian degree and the skills, knowledge and their application that validate the BEC program learning outcomes listed here.","","","","","UNKNOWN","","","","","","","https://www.spjain.sg/programs/undergraduate/bec/academics/learning-outcomes","2026-10-07T04:29:52.649Z","DRAFT","BLOCKED","PROGRAMME_CODE_REQUIRED | SUBJECT_CATEGORY_REQUIRED | SLUG_REQUIRED"
"programme_8593839e942c52e4","swinburne-university-of-technology","AU_SWINBURNE_UNIVERSITY_OF_TECHNOLOGY","斯威本科技大学","Swinburne University of Technology","","","","Bachelor of Arts","","","","","","","","","","With our Bachelor of Arts, develop key critical thinking and communication skills to put your passion for a better world into a creative, meaningful career.","","","","","UNKNOWN","","","","","","","https://www.swinburne.edu.au/course/undergraduate/bachelor-of-arts/","2026-10-07T04:01:56.156Z","DRAFT","BLOCKED","PROGRAMME_CODE_REQUIRED | SUBJECT_CATEGORY_REQUIRED | SLUG_REQUIRED"
"programme_79ecfdc0e6ca4c59","swinburne-university-of-technology","AU_SWINBURNE_UNIVERSITY_OF_TECHNOLOGY","斯威本科技大学","Swinburne University of Technology","","","","Bachelor of Arts/Bachelor of Applied Innovation","","","","","","","","","","Help shape society and the world we live in with a Bachelor of Arts / Bachelor of Applied Innovation. Learn to make impactful strategic decisions that solve complex challenges.","","","","","UNKNOWN","","","","","","","https://www.swinburne.edu.au/course/undergraduate/bachelor-of-arts-bachelor-of-applied-innovation/","2026-10-07T04:01:59.235Z","DRAFT","BLOCKED","PROGRAMME_CODE_REQUIRED | SUBJECT_CATEGORY_REQUIRED | SLUG_REQUIRED"
"programme_f8dd33b9995bc878","swinburne-university-of-technology","AU_SWINBURNE_UNIVERSITY_OF_TECHNOLOGY","斯威本科技大学","Swinburne University of Technology","","","","Bachelor of Arts/Bachelor of Business","","","","","","","","","","With a double degree in a Bachelor of Arts / Bachelor of Business you’ll become a well rounded business person who understands what’s good for the world.","","","","","UNKNOWN","","","","","","","https://www.swinburne.edu.au/course/undergraduate/bachelor-of-arts-bachelor-of-business/","2026-10-07T04:02:00.171Z","DRAFT","BLOCKED","PROGRAMME_CODE_REQUIRED | SUBJECT_CATEGORY_REQUIRED | SLUG_REQUIRED"
"programme_3eb31dd18ce6d4e1","swinburne-university-of-technology","AU_SWINBURNE_UNIVERSITY_OF_TECHNOLOGY","斯威本科技大学","Swinburne University of Technology","","","","Bachelor of Arts/Bachelor of Psychological Sciences","","","","","","","","","","Earn an APAC-accredited psychology degree and explore social change with a Bachelor of Arts.","","","","","UNKNOWN","","","","","","","https://www.swinburne.edu.au/course/undergraduate/bachelor-of-arts-bachelor-of-psychological-sciences/","2026-10-07T04:02:03.559Z","DRAFT","BLOCKED","PROGRAMME_CODE_REQUIRED | SUBJECT_CATEGORY_REQUIRED | SLUG_REQUIRED"
"programme_7c0df784ac4327f7","swinburne-university-of-technology","AU_SWINBURNE_UNIVERSITY_OF_TECHNOLOGY","斯威本科技大学","Swinburne University of Technology","","","","Bachelor of Laws/Bachelor of Arts","","","","","","","","","","Our Bachelor of Laws / Bachelor of Arts gives you a strong foundation in critical thinking and problem-solving skills for a dynamic future-ready legal career. Be prepared for the legal world of tomorrow, artificial intelligence, big data, cybersecurity and more, with a degree that explores how technology is transforming legal practice. ","","","","","UNKNOWN","","","","","","","https://www.swinburne.edu.au/course/undergraduate/bachelor-of-laws-bachelor-of-arts/","2026-10-07T04:02:05.573Z","DRAFT","BLOCKED","PROGRAMME_CODE_REQUIRED | SUBJECT_CATEGORY_REQUIRED | SLUG_REQUIRED"
"programme_4b958b7c86056149","swinburne-university-of-technology","AU_SWINBURNE_UNIVERSITY_OF_TECHNOLOGY","斯威本科技大学","Swinburne University of Technology","","","","Bachelor of Arts/Bachelor of Science","","","","","","","","","","With a Bachelor of Arts/ Bachelor of Science combine a science specialisation with a deep understanding of the world for a broad scope of exciting careers.","","","","","UNKNOWN","","","","","","","https://www.swinburne.edu.au/course/undergraduate/bachelor-of-arts-bachelor-of-science/","2026-10-07T04:02:07.454Z","DRAFT","BLOCKED","PROGRAMME_CODE_REQUIRED | SUBJECT_CATEGORY_REQUIRED | SLUG_REQUIRED"
"programme_6b4f7a399029666e","swinburne-university-of-technology","AU_SWINBURNE_UNIVERSITY_OF_TECHNOLOGY","斯威本科技大学","Swinburne University of Technology","","","","Bachelor of Arts","","","","","","","","","","In this major you'll develop an understanding of climate change and social justice. Learn the skills to take impactful action and create a more sustainable future.","","","","","UNKNOWN","","","","","","","https://www.swinburne.edu.au/course/undergraduate/bachelor-of-arts/climate-and-social-justice/","2026-10-07T04:02:08.205Z","DRAFT","BLOCKED","PROGRAMME_CODE_REQUIRED | SUBJECT_CATEGORY_REQUIRED | SLUG_REQUIRED"
"programme_9fdb05ba49e9c76e","swinburne-university-of-technology","AU_SWINBURNE_UNIVERSITY_OF_TECHNOLOGY","斯威本科技大学","Swinburne University of Technology","","","","Bachelor of Arts","","","","","","","","","","With our Bachelor of Arts, develop key critical thinking and communication skills to put your passion for a better world into a creative, meaningful career.","","","","","UNKNOWN","","","","","","","https://www.swinburne.edu.au/course/undergraduate/bachelor-of-arts/criminology-and-social-change/","2026-10-07T04:02:10.203Z","DRAFT","BLOCKED","PROGRAMME_CODE_REQUIRED | SUBJECT_CATEGORY_REQUIRED | SLUG_REQUIRED"
"programme_d36882008256a2e4","swinburne-university-of-technology","AU_SWINBURNE_UNIVERSITY_OF_TECHNOLOGY","斯威本科技大学","Swinburne University of Technology","","","","Bachelor of Arts","","","","","","","","","","Examine the ethical issues around how technology is shaping our lives. Learn the skills needed to create policies that protect human rights, social equity and security.","","","","","UNKNOWN","","","","","","","https://www.swinburne.edu.au/course/undergraduate/bachelor-of-arts/ethics-and-technology/","2026-10-07T04:02:13.803Z","DRAFT","BLOCKED","PROGRAMME_CODE_REQUIRED | SUBJECT_CATEGORY_REQUIRED | SLUG_REQUIRED"
"programme_f1f2ab70b4572d97","swinburne-university-of-technology","AU_SWINBURNE_UNIVERSITY_OF_TECHNOLOGY","斯威本科技大学","Swinburne University of Technology","","","","Bachelor of Arts","","","","","","","","","","Learn about Indigenous ways of being and doing and the relevance of Indigenous Knowledge today. Learn and adopt culturally safe practices and apply them to your career.","","","","","UNKNOWN","","","","","","","https://www.swinburne.edu.au/course/undergraduate/bachelor-of-arts/indigenous-studies/","2026-10-07T04:02:15.774Z","DRAFT","BLOCKED","PROGRAMME_CODE_REQUIRED | SUBJECT_CATEGORY_REQUIRED | SLUG_REQUIRED"
"programme_9ad655e2deb36104","swinburne-university-of-technology","AU_SWINBURNE_UNIVERSITY_OF_TECHNOLOGY","斯威本科技大学","Swinburne University of Technology","","","","Bachelor of Arts","","","","","","","","","","Learn to harness the power of words to tell compelling stories that inform and inspire the world. Explore the traditional and latest methods to hone your writing practice.","","","","","UNKNOWN","","","","","","","https://www.swinburne.edu.au/course/undergraduate/bachelor-of-arts/literature-and-creative-writing/","2026-10-07T04:02:17.664Z","DRAFT","BLOCKED","PROGRAMME_CODE_REQUIRED | SUBJECT_CATEGORY_REQUIRED | SLUG_REQUIRED"
"programme_b9e4be5b9b18b74a","swinburne-university-of-technology","AU_SWINBURNE_UNIVERSITY_OF_TECHNOLOGY","斯威本科技大学","Swinburne University of Technology","","","","Bachelor of Arts","","","","","","","","","","Learn how globalisation has transformed our society. Understand international relations. Develop cultural competency skills and open your mind to the world cultures.","","","","","UNKNOWN","","","","","","","https://www.swinburne.edu.au/course/undergraduate/bachelor-of-arts/perspectives-on-globalisation/","2026-10-07T04:02:18.283Z","DRAFT","BLOCKED","PROGRAMME_CODE_REQUIRED | SUBJECT_CATEGORY_REQUIRED | SLUG_REQUIRED"
"programme_6790fd755b9dbf8d","swinburne-university-of-technology","AU_SWINBURNE_UNIVERSITY_OF_TECHNOLOGY","斯威本科技大学","Swinburne University of Technology","","","","Bachelor of Arts","","","","","","","","","","You'll develop a deep understanding of key political concepts such as power, democracy and security in this major. Learn how technology has changed political power.","","","","","UNKNOWN","","","","","","","https://www.swinburne.edu.au/course/undergraduate/bachelor-of-arts/politics-power-and-technology/","2026-10-07T04:02:20.292Z","DRAFT","BLOCKED","PROGRAMME_CODE_REQUIRED | SUBJECT_CATEGORY_REQUIRED | SLUG_REQUIRED"
"programme_390defbe7c8d6f6b","swinburne-university-of-technology","AU_SWINBURNE_UNIVERSITY_OF_TECHNOLOGY","斯威本科技大学","Swinburne University of Technology","","","","Bachelor of Arts","","","","","","","","","","Chart the history of screen technologies and entertainment from cinema to smart phones to VR. Learn to imagine and anticipate what the future of entertainment will be.","","","","","UNKNOWN","","","","","","","https://www.swinburne.edu.au/course/undergraduate/bachelor-of-arts/screen-studies-and-popular-culture/","2026-10-07T04:02:22.299Z","DRAFT","BLOCKED","PROGRAMME_CODE_REQUIRED | SUBJECT_CATEGORY_REQUIRED | SLUG_REQUIRED"
"programme_f81afe012811cf83","swinburne-university-of-technology","AU_SWINBURNE_UNIVERSITY_OF_TECHNOLOGY","斯威本科技大学","Swinburne University of Technology","","","","Bachelor of Arts","","","","","","","","","","Companion handbook for the Bachelor of Arts features extended course information including study structure, course rules, units and special requirements.","","","","","UNKNOWN","","","","","","","https://www.swinburne.edu.au/course/undergraduate/bachelor-of-arts/handbook/","2026-10-07T04:02:26.353Z","DRAFT","BLOCKED","PROGRAMME_CODE_REQUIRED | SUBJECT_CATEGORY_REQUIRED | SLUG_REQUIRED"
"programme_858e8191ab46f56c","swinburne-university-of-technology","AU_SWINBURNE_UNIVERSITY_OF_TECHNOLOGY","斯威本科技大学","Swinburne University of Technology","","","","Bachelor of Health Science/Bachelor of Arts","","","","","","","","","","Impact the health of individuals and the world at large, our Bachelor of Health Science/ Bachelor of Arts will prepare for a rewarding career in the booming health industry.  With core units across multiple fields of health science, explore contemporary how you can help people to live happier healthier lives. Plus, you'll have access to cutting-edge, industry-relevant tech in our campus labs, preparing you with the tech know-how the health industry needs.  ","","","","","UNKNOWN","","","","","","","https://www.swinburne.edu.au/course/undergraduate/bachelor-of-health-science-bachelor-of-arts/","2026-10-07T04:02:29.648Z","DRAFT","BLOCKED","PROGRAMME_CODE_REQUIRED | SUBJECT_CATEGORY_REQUIRED | SLUG_REQUIRED"
"programme_54758deb4490faa1","swinburne-university-of-technology","AU_SWINBURNE_UNIVERSITY_OF_TECHNOLOGY","斯威本科技大学","Swinburne University of Technology","","","","Bachelor of Engineering (Honours)/ Bachelor of Arts","","","","","","","","","","The Engineering/Arts double degree pairs engineering technical expertise with critical and creative reasoning skills. Includes guaranteed industry projects.","","","","","UNKNOWN","","","","","","","https://www.swinburne.edu.au/course/undergraduate/bachelor-of-engineering-honours-bachelor-of-arts/","2026-10-07T04:02:30.339Z","DRAFT","BLOCKED","PROGRAMME_CODE_REQUIRED | SUBJECT_CATEGORY_REQUIRED | SLUG_REQUIRED"
"programme_c544d2628e6a3a6d","swinburne-university-of-technology","AU_SWINBURNE_UNIVERSITY_OF_TECHNOLOGY","斯威本科技大学","Swinburne University of Technology","","","","Bachelor of Media and Communication","","","","","","","","","","This course offers 7 majors. Graduate with real-world skills in the latest communication technologies and media industry practices.","","","","","UNKNOWN","","","","","","","https://www.swinburne.edu.au/course/undergraduate/bachelor-of-media-and-communication/","2026-10-07T04:02:32.343Z","DRAFT","BLOCKED","PROGRAMME_CODE_REQUIRED | SUBJECT_CATEGORY_REQUIRED | SLUG_REQUIRED"
"programme_5bccf35cec223829","swinburne-university-of-technology","AU_SWINBURNE_UNIVERSITY_OF_TECHNOLOGY","斯威本科技大学","Swinburne University of Technology","","","","Bachelor of Criminal Justice and Criminology","","","","","","","","","","Bachelor of Criminal Justice and Criminology is the 1st degree of its kind in Victoria. Study the causes, detection, prevention and sanctioning of criminal behavior.","","","","","UNKNOWN","","","","","","","https://www.swinburne.edu.au/course/undergraduate/bachelor-of-criminal-justice-and-criminology/","2026-10-07T04:02:35.600Z","DRAFT","BLOCKED","PROGRAMME_CODE_REQUIRED | SUBJECT_CATEGORY_REQUIRED | SLUG_REQUIRED"
"programme_7fdefeec4d224038","swinburne-university-of-technology","AU_SWINBURNE_UNIVERSITY_OF_TECHNOLOGY","斯威本科技大学","Swinburne University of Technology","","","","Bachelor of Business","","","","","","","","","","The Bachelor of Business equips graduates with core skills in business, management and operations. Specialise in 1 of 13 Majors. Industry-based learning is guaranteed","","","","","UNKNOWN","","","","","","","https://www.swinburne.edu.au/course/undergraduate/bachelor-of-business/","2026-10-07T04:02:38.224Z","DRAFT","BLOCKED","PROGRAMME_CODE_REQUIRED | SUBJECT_CATEGORY_REQUIRED | SLUG_REQUIRED"
"programme_2592b5188534aa87","swinburne-university-of-technology","AU_SWINBURNE_UNIVERSITY_OF_TECHNOLOGY","斯威本科技大学","Swinburne University of Technology","","","","Bachelor of Arts/Bachelor of Applied Innovation","","","","","","","","","","Help shape society and the world we live in with a Bachelor of Arts / Bachelor of Applied Innovation. Learn to make impactful strategic decisions that solve complex challenges.","","","","","UNKNOWN","","","","","","","https://www.swinburne.edu.au/course/undergraduate/bachelor-of-arts-bachelor-of-applied-innovation/climate-and-social-justice/","2026-10-07T04:02:39.749Z","DRAFT","BLOCKED","PROGRAMME_CODE_REQUIRED | SUBJECT_CATEGORY_REQUIRED | SLUG_REQUIRED"
"programme_67c0a0512dc2b55b","swinburne-university-of-technology","AU_SWINBURNE_UNIVERSITY_OF_TECHNOLOGY","斯威本科技大学","Swinburne University of Technology","","","","Bachelor of Arts/Bachelor of Applied Innovation","","","","","","","","","","Help shape society and the world we live in with a Bachelor of Arts / Bachelor of Applied Innovation. Learn to make impactful strategic decisions that solve complex challenges.","","","","","UNKNOWN","","","","","","","https://www.swinburne.edu.au/course/undergraduate/bachelor-of-arts-bachelor-of-applied-innovation/criminology-and-social-change/","2026-10-07T04:02:41.777Z","DRAFT","BLOCKED","PROGRAMME_CODE_REQUIRED | SUBJECT_CATEGORY_REQUIRED | SLUG_REQUIRED"
"programme_0868c86bcedaa166","swinburne-university-of-technology","AU_SWINBURNE_UNIVERSITY_OF_TECHNOLOGY","斯威本科技大学","Swinburne University of Technology","","","","Bachelor of Arts/Bachelor of Applied Innovation","","","","","","","","","","Help shape society and the world we live in with a Bachelor of Arts / Bachelor of Applied Innovation. Learn to make impactful strategic decisions that solve complex challenges.","","","","","UNKNOWN","","","","","","","https://www.swinburne.edu.au/course/undergraduate/bachelor-of-arts-bachelor-of-applied-innovation/ethics-and-technology/","2026-10-07T04:02:43.777Z","DRAFT","BLOCKED","PROGRAMME_CODE_REQUIRED | SUBJECT_CATEGORY_REQUIRED | SLUG_REQUIRED"
"programme_76d360b3e25bf98c","swinburne-university-of-technology","AU_SWINBURNE_UNIVERSITY_OF_TECHNOLOGY","斯威本科技大学","Swinburne University of Technology","","","","Bachelor of Arts/Bachelor of Applied Innovation","","","","","","","","","","Help shape society and the world we live in with a Bachelor of Arts / Bachelor of Applied Innovation. Learn to make impactful strategic decisions that solve complex challenges.","","","","","UNKNOWN","","","","","","","https://www.swinburne.edu.au/course/undergraduate/bachelor-of-arts-bachelor-of-applied-innovation/indigenous-studies/","2026-10-07T04:02:45.825Z","DRAFT","BLOCKED","PROGRAMME_CODE_REQUIRED | SUBJECT_CATEGORY_REQUIRED | SLUG_REQUIRED"
"programme_1302dcb60b058a68","swinburne-university-of-technology","AU_SWINBURNE_UNIVERSITY_OF_TECHNOLOGY","斯威本科技大学","Swinburne University of Technology","","","","Bachelor of Arts/Bachelor of Applied Innovation","","","","","","","","","","Help shape society and the world we live in with a Bachelor of Arts / Bachelor of Applied Innovation. Learn to make impactful strategic decisions that solve complex challenges.","","","","","UNKNOWN","","","","","","","https://www.swinburne.edu.au/course/undergraduate/bachelor-of-arts-bachelor-of-applied-innovation/literature-and-creative-writing/","2026-10-07T04:02:47.778Z","DRAFT","BLOCKED","PROGRAMME_CODE_REQUIRED | SUBJECT_CATEGORY_REQUIRED | SLUG_REQUIRED"
"programme_747afeab26e62254","swinburne-university-of-technology","AU_SWINBURNE_UNIVERSITY_OF_TECHNOLOGY","斯威本科技大学","Swinburne University of Technology","","","","Bachelor of Arts/Bachelor of Applied Innovation","","","","","","","","","","Help shape society and the world we live in with a Bachelor of Arts / Bachelor of Applied Innovation. Learn to make impactful strategic decisions that solve complex challenges.","","","","","UNKNOWN","","","","","","","https://www.swinburne.edu.au/course/undergraduate/bachelor-of-arts-bachelor-of-applied-innovation/perspectives-on-globalisation/","2026-10-07T04:02:49.765Z","DRAFT","BLOCKED","PROGRAMME_CODE_REQUIRED | SUBJECT_CATEGORY_REQUIRED | SLUG_REQUIRED"
"programme_cd80a2df31de025b","swinburne-university-of-technology","AU_SWINBURNE_UNIVERSITY_OF_TECHNOLOGY","斯威本科技大学","Swinburne University of Technology","","","","Bachelor of Arts/Bachelor of Applied Innovation","","","","","","","","","","Help shape society and the world we live in with a Bachelor of Arts / Bachelor of Applied Innovation. Learn to make impactful strategic decisions that solve complex challenges.","","","","","UNKNOWN","","","","","","","https://www.swinburne.edu.au/course/undergraduate/bachelor-of-arts-bachelor-of-applied-innovation/screen-studies-and-popular-culture/","2026-10-07T04:02:54.160Z","DRAFT","BLOCKED","PROGRAMME_CODE_REQUIRED | SUBJECT_CATEGORY_REQUIRED | SLUG_REQUIRED"
"programme_0207a5d3d28dae85","swinburne-university-of-technology","AU_SWINBURNE_UNIVERSITY_OF_TECHNOLOGY","斯威本科技大学","Swinburne University of Technology","","","","Bachelor of Arts/Bachelor of Applied Innovation","","","","","","","","","","The Course Handbook contains information about Bachelor of Arts / Bachelor of Applied Innovation including units, admission criteria and other helpful information for students of Swinburne University of Technology.","","","","","UNKNOWN","","","","","","","https://www.swinburne.edu.au/course/undergraduate/bachelor-of-arts-bachelor-of-applied-innovation/handbook/","2026-10-07T04:02:54.732Z","DRAFT","BLOCKED","PROGRAMME_CODE_REQUIRED | SUBJECT_CATEGORY_REQUIRED | SLUG_REQUIRED"
"programme_40c86d399a848075","swinburne-university-of-technology","AU_SWINBURNE_UNIVERSITY_OF_TECHNOLOGY","斯威本科技大学","Swinburne University of Technology","","","","Bachelor of Arts/Bachelor of Business","","","","","","","","","","The Course Handbook contains information about Bachelor of Arts / Bachelor of Business including units, admission criteria and other helpful information for students of Swinburne University of Technology.","","","","","UNKNOWN","","","","","","","https://www.swinburne.edu.au/course/undergraduate/bachelor-of-arts-bachelor-of-business/handbook/","2026-10-07T04:02:56.866Z","DRAFT","BLOCKED","PROGRAMME_CODE_REQUIRED | SUBJECT_CATEGORY_REQUIRED | SLUG_REQUIRED"
"programme_8fcbd35e6f605c19","swinburne-university-of-technology","AU_SWINBURNE_UNIVERSITY_OF_TECHNOLOGY","斯威本科技大学","Swinburne University of Technology","","","","Bachelor of Arts/Bachelor of Psychological Sciences","","","","","","","","","","Earn an APAC-accredited psychology degree and explore social change with a Bachelor of Arts.","","","","","UNKNOWN","","","","","","","https://www.swinburne.edu.au/course/undergraduate/bachelor-of-arts-bachelor-of-psychological-sciences/climate-and-social-justice/","2026-10-07T04:03:00.080Z","DRAFT","BLOCKED","PROGRAMME_CODE_REQUIRED | SUBJECT_CATEGORY_REQUIRED | SLUG_REQUIRED"
"programme_5c3b6f3a1ce26c40","swinburne-university-of-technology","AU_SWINBURNE_UNIVERSITY_OF_TECHNOLOGY","斯威本科技大学","Swinburne University of Technology","","","","Bachelor of Arts/Bachelor of Psychological Sciences","","","","","","","","","","Earn an APAC-accredited psychology degree and explore social change with a Bachelor of Arts.","","","","","UNKNOWN","","","","","","","https://www.swinburne.edu.au/course/undergraduate/bachelor-of-arts-bachelor-of-psychological-sciences/ethics-and-technology/","2026-10-07T04:03:04.006Z","DRAFT","BLOCKED","PROGRAMME_CODE_REQUIRED | SUBJECT_CATEGORY_REQUIRED | SLUG_REQUIRED"
"programme_e95ff6ce5a23c8ee","swinburne-university-of-technology","AU_SWINBURNE_UNIVERSITY_OF_TECHNOLOGY","斯威本科技大学","Swinburne University of Technology","","","","Bachelor of Arts/Bachelor of Psychological Sciences","","","","","","","","","","Earn an APAC-accredited psychology degree and explore social change with a Bachelor of Arts.","","","","","UNKNOWN","","","","","","","https://www.swinburne.edu.au/course/undergraduate/bachelor-of-arts-bachelor-of-psychological-sciences/indigenous-studies/","2026-10-07T04:03:06.058Z","DRAFT","BLOCKED","PROGRAMME_CODE_REQUIRED | SUBJECT_CATEGORY_REQUIRED | SLUG_REQUIRED"
"programme_b1568cbea2e43bca","swinburne-university-of-technology","AU_SWINBURNE_UNIVERSITY_OF_TECHNOLOGY","斯威本科技大学","Swinburne University of Technology","","","","Bachelor of Arts/Bachelor of Psychological Sciences","","","","","","","","","","Earn an APAC-accredited psychology degree and explore social change with a Bachelor of Arts.","","","","","UNKNOWN","","","","","","","https://www.swinburne.edu.au/course/undergraduate/bachelor-of-arts-bachelor-of-psychological-sciences/literature-and-creative-writing/","2026-10-07T04:03:08.002Z","DRAFT","BLOCKED","PROGRAMME_CODE_REQUIRED | SUBJECT_CATEGORY_REQUIRED | SLUG_REQUIRED"
"programme_a2ac39ab01e34c98","swinburne-university-of-technology","AU_SWINBURNE_UNIVERSITY_OF_TECHNOLOGY","斯威本科技大学","Swinburne University of Technology","","","","Bachelor of Arts/Bachelor of Psychological Sciences","","","","","","","","","","Learn how to support people in an increasingly complex world by becoming a mental health professional.  This Bachelor of Psychological Sciences degree is accredited by the Australian Psychology Accreditation Council and the first step to becoming a psychologist. You'll study the scope of psychological science and complete a variety of research projects to develop your project management, research and report writing skill set.  Combine with a Bachelor of Arts to widen your knowledge of what drives social change in contemporary society.","","","","","UNKNOWN","","","","","","","https://www.swinburne.edu.au/course/undergraduate/bachelor-of-arts-bachelor-of-psychological-sciences/perspectives-on-globalisation/","2026-10-07T04:03:10.111Z","DRAFT","BLOCKED","PROGRAMME_CODE_REQUIRED | SUBJECT_CATEGORY_REQUIRED | SLUG_REQUIRED"
"programme_7acdfbf5620e25c9","tum-asia","SG_TUM_ASIA","慕尼黑工业大学亚洲校区（TUM Asia）","Technical University of Munich Asia (TUM Asia)","","","","Bachelor of Engineering in Chemical Engineering","","","","Bachelor's Degree Programme","","","","P4Y","","The Bachelor of Engineering in Chemical Engineering is a 4-year full-time joint undergraduate programme delivered in Singapore and awarded jointly by the Technical University of Munich and the Singapore Institute of Technology. The programme equips students with Industry 4.0 skills in chemical engineering, including data engineering, additive manufacturing, laboratory practice and advanced process technologies.","","","","","UNKNOWN","","","","","","","https://tum-asia.edu.sg/undergraduate-studies/chemical-engineering/","2026-10-07T04:28:24.482Z","DRAFT","BLOCKED","PROGRAMME_CODE_REQUIRED | SUBJECT_CATEGORY_REQUIRED | SLUG_REQUIRED"
"programme_94d4d876f6bd53ae","tum-asia","SG_TUM_ASIA","慕尼黑工业大学亚洲校区（TUM Asia）","Technical University of Munich Asia (TUM Asia)","","","","Bachelor of Engineering in Electronics and Data Engineering","","","","Bachelor's Degree Programme","","","","P4Y","","The Bachelor of Engineering in Electronics and Data Engineering is a 4-year full-time joint undergraduate programme delivered in Singapore and awarded jointly by the Technical University of Munich and the Singapore Institute of Technology. The programme combines electronics and data engineering, equipping students with knowledge in semiconductor physics, circuit design, data science, machine learning, sensors, power electronics and advanced digital technologies for the electronics and semiconductor manufacturing sectors.","","","","","UNKNOWN","","","","","","","https://tum-asia.edu.sg/undergraduate-studies/electronics-and-data-engineering/","2026-10-07T04:28:28.060Z","DRAFT","BLOCKED","PROGRAMME_CODE_REQUIRED | SUBJECT_CATEGORY_REQUIRED | SLUG_REQUIRED"
"programme_3d9ac9aa7fc76084","tum-asia","SG_TUM_ASIA","慕尼黑工业大学亚洲校区（TUM Asia）","Technical University of Munich Asia (TUM Asia)","","","","Bachelor of Engineering in Chemical Engineering","","","","Bachelor's Degree Programme","","","","P4Y","","The Bachelor of Engineering in Chemical Engineering is a 4-year full-time joint undergraduate programme delivered in Singapore and awarded jointly by the Technical University of Munich and the Singapore Institute of Technology. The programme equips students with Industry 4.0 skills in chemical engineering, including data engineering, additive manufacturing, laboratory practice and advanced process technologies.","","","","","UNKNOWN","","","","","","","https://tum-asia.edu.sg/cn/undergraduate-studies/chemical-engineering/","2026-10-07T04:28:32.915Z","DRAFT","BLOCKED","PROGRAMME_CODE_REQUIRED | SUBJECT_CATEGORY_REQUIRED | SLUG_REQUIRED"
"programme_f2b88e818863d5e0","tum-asia","SG_TUM_ASIA","慕尼黑工业大学亚洲校区（TUM Asia）","Technical University of Munich Asia (TUM Asia)","","","","Bachelor of Engineering in Electronics and Data Engineering","","","","Bachelor's Degree Programme","","","","P4Y","","The Bachelor of Engineering in Electronics and Data Engineering is a 4-year full-time joint undergraduate programme delivered in Singapore and awarded jointly by the Technical University of Munich and the Singapore Institute of Technology. The programme combines electronics and data engineering, equipping students with knowledge in semiconductor physics, circuit design, data science, machine learning, sensors, power electronics and advanced digital technologies for the electronics and semiconductor manufacturing sectors.","","","","","UNKNOWN","","","","","","","https://tum-asia.edu.sg/cn/undergraduate-studies/electronics-and-data-engineering/","2026-10-07T04:28:36.031Z","DRAFT","BLOCKED","PROGRAMME_CODE_REQUIRED | SUBJECT_CATEGORY_REQUIRED | SLUG_REQUIRED"
"programme_5c1664afc69ae3ba","university-of-birmingham","GB_UNIVERSITY_OF_BIRMINGHAM","伯明翰大学","University of Birmingham","","","","Geotechnical Engineering MSc","","","","Postgraduate","","","","","","Our Geotechnical Engineering course provides advanced training to civil engineers and geologists who wish to widen their knowledge or to specialise in the field of geotechnical engineering.","","","","","UNKNOWN","","","","","","","https://www.birmingham.ac.uk/study/postgraduate/subjects/civil-engineering-courses/geotechnical-engineering-msc","2026-10-07T04:05:50.261Z","DRAFT","BLOCKED","PROGRAMME_CODE_REQUIRED | SUBJECT_CATEGORY_REQUIRED | SLUG_REQUIRED"
"programme_de681db4568f28fb","university-of-birmingham","GB_UNIVERSITY_OF_BIRMINGHAM","伯明翰大学","University of Birmingham","","","","Computer Science BSc (Dubai)","","","","Undergraduate","","","","","","Looking for a BSc Computer Science course? Our programme offers the opportunity to learn about all kinds of computational systems, covering their design, development, and application. Apply now.","","","","","UNKNOWN","","","","","","","https://www.birmingham.ac.uk/dubai/study/undergraduate/subjects/computer-science-courses/computer-science-bsc","2026-10-07T04:06:13.795Z","DRAFT","BLOCKED","PROGRAMME_CODE_REQUIRED | SUBJECT_CATEGORY_REQUIRED | SLUG_REQUIRED"
"programme_879b184493eb746c","university-of-cambridge","GB_UNIVERSITY_OF_CAMBRIDGE","剑桥大学","University of Cambridge","","","","Engineering, BA (Hons) and MEng","","","","Undergraduate","","","","","","Take your first step to becoming a Chartered Engineer. Gain the knowledge to solve real-world problems and apply your skills to projects and on placement.","","","","","UNKNOWN","","","","","","","https://www.undergraduate.study.cam.ac.uk/courses/engineering-ba-hons-meng","2026-10-07T05:50:41.506Z","DRAFT","BLOCKED","PROGRAMME_CODE_REQUIRED | SUBJECT_CATEGORY_REQUIRED | SLUG_REQUIRED"
"programme_c404f4f2c2f074a1","university-of-cambridge","GB_UNIVERSITY_OF_CAMBRIDGE","剑桥大学","University of Cambridge","","","","Archaeology, BA (Hons)","","","","Undergraduate","","","","","","Fascinated by human history, evolution and cultures? Our flexible course covers archaeology, biological anthropology, Egyptology and Assyriology.","","","","","UNKNOWN","","","","","","","https://www.undergraduate.study.cam.ac.uk/courses/archaeology-ba-hons","2026-10-07T05:50:43.550Z","DRAFT","BLOCKED","PROGRAMME_CODE_REQUIRED | SUBJECT_CATEGORY_REQUIRED | SLUG_REQUIRED"
"programme_821943c67dd62a3e","university-of-cambridge","GB_UNIVERSITY_OF_CAMBRIDGE","剑桥大学","University of Cambridge","","","","Medicine (Graduate course), MB and BChir","","","","Undergraduate","","","","","","A 4-year course for graduates in any discipline looking to move into medicine. Study core medical science alongside clinical placements.","","","","","UNKNOWN","","","","","","","https://www.undergraduate.study.cam.ac.uk/courses/medicine-graduate-course-mb-bchir","2026-10-07T05:50:45.577Z","DRAFT","BLOCKED","PROGRAMME_CODE_REQUIRED | SUBJECT_CATEGORY_REQUIRED | SLUG_REQUIRED"
"programme_26300d3645f03f81","university-of-cambridge","GB_UNIVERSITY_OF_CAMBRIDGE","剑桥大学","University of Cambridge","","","","Medicine, MB and BChir","","","","Undergraduate","","","","","","Take your first step to a career in medicine. Gain scientific knowledge and skills, then apply them on clinical placements in hospitals and GP practices.","","","","","UNKNOWN","","","","","","","https://www.undergraduate.study.cam.ac.uk/courses/medicine-mb-bchir","2026-10-07T05:50:47.573Z","DRAFT","BLOCKED","PROGRAMME_CODE_REQUIRED | SUBJECT_CATEGORY_REQUIRED | SLUG_REQUIRED"
"programme_84cf29e91d2ddac3","university-of-cambridge","GB_UNIVERSITY_OF_CAMBRIDGE","剑桥大学","University of Cambridge","","","","Classics, BA (Hons)","","","","Undergraduate","","","","","","Explore the history and culture of Ancient Greece and Rome. Learn Latin and Greek, and pick from options including art, philosophy and linguistics.","","","","","UNKNOWN","","","","","","","https://www.undergraduate.study.cam.ac.uk/courses/classics-ba-hons","2026-10-07T05:50:49.524Z","DRAFT","BLOCKED","PROGRAMME_CODE_REQUIRED | SUBJECT_CATEGORY_REQUIRED | SLUG_REQUIRED"
"programme_04d558259e698b80","university-of-cambridge","GB_UNIVERSITY_OF_CAMBRIDGE","剑桥大学","University of Cambridge","","","","Modern and Medieval Languages, BA (Hons)","","","","Undergraduate","","","","","","Choose from a range of languages, including French, German, Russian and Spanish. Spend a year abroad immersing yourself in the culture.","","","","","UNKNOWN","","","","","","","https://www.undergraduate.study.cam.ac.uk/courses/modern-medieval-languages-ba-hons","2026-10-07T05:50:51.597Z","DRAFT","BLOCKED","PROGRAMME_CODE_REQUIRED | SUBJECT_CATEGORY_REQUIRED | SLUG_REQUIRED"
"programme_1a62faa0eb2948e0","university-of-cambridge","GB_UNIVERSITY_OF_CAMBRIDGE","剑桥大学","University of Cambridge","","","","Theology, Religion, and Philosophy of Religion, BA (Hons)","","","","Undergraduate","","","","","","Explore a range of approaches to faith, including history, philosophy and literature. Study a scriptural language and choose from a broad range of options.","","","","","UNKNOWN","","","","","","","https://www.undergraduate.study.cam.ac.uk/courses/theology-religion-philosophy-of-religion-ba-hons","2026-10-07T05:50:53.580Z","DRAFT","BLOCKED","PROGRAMME_CODE_REQUIRED | SUBJECT_CATEGORY_REQUIRED | SLUG_REQUIRED"
"programme_4c7fecfe874b14eb","university-of-cambridge","GB_UNIVERSITY_OF_CAMBRIDGE","剑桥大学","University of Cambridge","","","","Asian and Middle Eastern Studies, BA (Hons)","","","","Undergraduate","","","","","","Explore the languages and cultures of Asia and the Middle East, including Chinese, Japanese and Arabic. Spend a year abroad immersing yourself in the culture.","","","","","UNKNOWN","","","","","","","https://www.undergraduate.study.cam.ac.uk/courses/asian-middle-eastern-studies-ba-hons","2026-10-07T05:50:55.540Z","DRAFT","BLOCKED","PROGRAMME_CODE_REQUIRED | SUBJECT_CATEGORY_REQUIRED | SLUG_REQUIRED"
"programme_b60a6e346c3379f9","university-of-cambridge","GB_UNIVERSITY_OF_CAMBRIDGE","剑桥大学","University of Cambridge","","","","English, BA (Hons)","","","","Undergraduate","","","","","","Develop your critical skills and expand your imagination. Pick from options including Medieval texts, postcolonial literature and visual culture.","","","","","UNKNOWN","","","","","","","https://www.undergraduate.study.cam.ac.uk/courses/english-ba-hons","2026-10-07T05:50:59.734Z","DRAFT","BLOCKED","PROGRAMME_CODE_REQUIRED | SUBJECT_CATEGORY_REQUIRED | SLUG_REQUIRED"
"programme_6dcd6abe68ddf57e","university-of-cambridge","GB_UNIVERSITY_OF_CAMBRIDGE","剑桥大学","University of Cambridge","","","","Anglo-Saxon, Norse, and Celtic, BA (Hons)","","","","Undergraduate","","","","","","Explore the history, literature and languages of early medieval Britain, Ireland and Scandinavia, from Celtic languages to Viking exploits.","","","","","UNKNOWN","","","","","","","https://www.undergraduate.study.cam.ac.uk/courses/anglo-saxon-norse-celtic-ba-hons","2026-10-07T05:51:01.619Z","DRAFT","BLOCKED","PROGRAMME_CODE_REQUIRED | SUBJECT_CATEGORY_REQUIRED | SLUG_REQUIRED"
"programme_f7b9f8c3cc20ef8a","university-of-cambridge","GB_UNIVERSITY_OF_CAMBRIDGE","剑桥大学","University of Cambridge","","","","Human, Social, and Political Sciences, BA (Hons)","","","","Undergraduate","","","","","","Study politics and international relations, social anthropology and sociology. Specialise in 1 or 2 subjects. Options include religious studies or criminology.","","","","","UNKNOWN","","","","","","","https://www.undergraduate.study.cam.ac.uk/courses/human-social-political-sciences-ba-hons","2026-10-07T05:51:03.603Z","DRAFT","BLOCKED","PROGRAMME_CODE_REQUIRED | SUBJECT_CATEGORY_REQUIRED | SLUG_REQUIRED"
"programme_80bd6fa909f550a9","university-of-cambridge","GB_UNIVERSITY_OF_CAMBRIDGE","剑桥大学","University of Cambridge","","","","Architecture, BA (Hons) and MArch","","","","Undergraduate","","","","","","Take your first step to qualifying as an architect. Combine arts, sciences and creativity, mixing studio work with architectural theory, design and more.","","","","","UNKNOWN","","","","","","","https://www.undergraduate.study.cam.ac.uk/courses/architecture-ba-hons-march","2026-10-07T05:51:05.624Z","DRAFT","BLOCKED","PROGRAMME_CODE_REQUIRED | SUBJECT_CATEGORY_REQUIRED | SLUG_REQUIRED"
"programme_7a0c1eaea6435997","university-of-cambridge","GB_UNIVERSITY_OF_CAMBRIDGE","剑桥大学","University of Cambridge","","","","Design, BA (Hons) and MDes","","","","Undergraduate","","","","","","Explore a mix of architecture, engineering and materials science to design solutions to global problems. Combine studio work, workshops and theory.","","","","","UNKNOWN","","","","","","","https://www.undergraduate.study.cam.ac.uk/courses/design-ba-hons-mdes","2026-10-07T05:51:07.597Z","DRAFT","BLOCKED","PROGRAMME_CODE_REQUIRED | SUBJECT_CATEGORY_REQUIRED | SLUG_REQUIRED"
"programme_4e46205af6b14b6d","university-of-cambridge","GB_UNIVERSITY_OF_CAMBRIDGE","剑桥大学","University of Cambridge","","","","History of Art, BA (Hons)","","","","Undergraduate","","","","","","Explore art history and architecture from the Middle Ages to the 21st century. Learn about art criticism and how art is displayed and experienced.","","","","","UNKNOWN","","","","","","","https://www.undergraduate.study.cam.ac.uk/courses/history-of-art-ba-hons","2026-10-07T05:51:09.630Z","DRAFT","BLOCKED","PROGRAMME_CODE_REQUIRED | SUBJECT_CATEGORY_REQUIRED | SLUG_REQUIRED"
"programme_77e049206ce75843","university-of-cambridge","GB_UNIVERSITY_OF_CAMBRIDGE","剑桥大学","University of Cambridge","","","","Natural Sciences, BA (Hons) and MSci","","","","Undergraduate","","","","","","Study science, choosing from fields including biology, chemistry and physics. Explore broadly, or specialise in an area such as genetics or astrophysics.","","","","","UNKNOWN","","","","","","","https://www.undergraduate.study.cam.ac.uk/courses/natural-sciences-ba-hons-msci","2026-10-07T05:51:11.611Z","DRAFT","BLOCKED","PROGRAMME_CODE_REQUIRED | SUBJECT_CATEGORY_REQUIRED | SLUG_REQUIRED"
"programme_47cb12bf2715af32","university-of-cambridge","GB_UNIVERSITY_OF_CAMBRIDGE","剑桥大学","University of Cambridge","","","","Chemical Engineering and Biotechnology, BA (Hons) and MEng","","","","Undergraduate","","","","","","Gain the product and process design skills to help solve humanity's greatest challenges. Take your first step to becoming a Chartered Engineer.","","","","","UNKNOWN","","","","","","","https://www.undergraduate.study.cam.ac.uk/courses/chemical-engineering-biotechnology-ba-hons-meng","2026-10-07T05:51:15.621Z","DRAFT","BLOCKED","PROGRAMME_CODE_REQUIRED | SUBJECT_CATEGORY_REQUIRED | SLUG_REQUIRED"
"programme_9619d2f51f2aaddc","university-of-cambridge","GB_UNIVERSITY_OF_CAMBRIDGE","剑桥大学","University of Cambridge","","","","Computer Science, BA (Hons) and MEng","","","","Undergraduate","","","","","","Gain the skills to work on the technology of the future. Explore programming, interaction design and AI, and show your creativity with projects.","","","","","UNKNOWN","","","","","","","https://www.undergraduate.study.cam.ac.uk/courses/computer-science-ba-hons-meng","2026-10-07T05:51:17.639Z","DRAFT","BLOCKED","PROGRAMME_CODE_REQUIRED | SUBJECT_CATEGORY_REQUIRED | SLUG_REQUIRED"
"programme_ce4538beffa6fec2","university-of-cambridge","GB_UNIVERSITY_OF_CAMBRIDGE","剑桥大学","University of Cambridge","","","","Law, BA (Hons)","","","","Undergraduate","","","","","","Take your first step to qualifying as a solicitor or barrister. Known as an LLB at other universities, our course covers English law and more.","","","","","UNKNOWN","","","","","","","https://www.undergraduate.study.cam.ac.uk/courses/law-ba-hons","2026-10-07T05:51:19.471Z","DRAFT","BLOCKED","PROGRAMME_CODE_REQUIRED | SUBJECT_CATEGORY_REQUIRED | SLUG_REQUIRED"
"programme_a78d76faea0546b8","university-of-cambridge","GB_UNIVERSITY_OF_CAMBRIDGE","剑桥大学","University of Cambridge","","","","Education, BA (Hons)","","","","Undergraduate","","","","","","Explore what education means in childhood and beyond, the development of the mind and learning in different socioeconomic and political contexts.","","","","","UNKNOWN","","","","","","","https://www.undergraduate.study.cam.ac.uk/courses/education-ba-hons","2026-10-07T05:51:21.658Z","DRAFT","BLOCKED","PROGRAMME_CODE_REQUIRED | SUBJECT_CATEGORY_REQUIRED | SLUG_REQUIRED"
"programme_c6ecf69c8b02d598","university-of-cambridge","GB_UNIVERSITY_OF_CAMBRIDGE","剑桥大学","University of Cambridge","","","","Economics, BA (Hons)","","","","Undergraduate","","","","","","Explore core economics alongside its historical and political context. Gain statistical and analytical skills and learn to work with data.","","","","","UNKNOWN","","","","","","","https://www.undergraduate.study.cam.ac.uk/courses/economics-ba-hons","2026-10-07T05:51:23.665Z","DRAFT","BLOCKED","PROGRAMME_CODE_REQUIRED | SUBJECT_CATEGORY_REQUIRED | SLUG_REQUIRED"
"programme_98530b0f185b1ad3","university-of-cambridge","GB_UNIVERSITY_OF_CAMBRIDGE","剑桥大学","University of Cambridge","","","","Environment, Law, and Economics, BA (Hons)","","","","Undergraduate","","","","","","Previously called Land Economy. Learn how law and economics relate to built and natural environments. Explore topics like international development and real estate.","","","","","UNKNOWN","","","","","","","https://www.undergraduate.study.cam.ac.uk/courses/environment-law-economics-ba-hons","2026-10-07T05:51:25.688Z","DRAFT","BLOCKED","PROGRAMME_CODE_REQUIRED | SUBJECT_CATEGORY_REQUIRED | SLUG_REQUIRED"
"programme_64a2a9cccc6ac4ae","university-of-cambridge","GB_UNIVERSITY_OF_CAMBRIDGE","剑桥大学","University of Cambridge","","","","Linguistics, BA (Hons)","","","","Undergraduate","","","","","","Are you fascinated by human language? Study sound, structure and meaning, and explore options such as language acquisition and variation.","","","","","UNKNOWN","","","","","","","https://www.undergraduate.study.cam.ac.uk/courses/linguistics-ba-hons","2026-10-07T05:51:27.811Z","DRAFT","BLOCKED","PROGRAMME_CODE_REQUIRED | SUBJECT_CATEGORY_REQUIRED | SLUG_REQUIRED"
"programme_06b806b1f1e00b67","university-of-cambridge","GB_UNIVERSITY_OF_CAMBRIDGE","剑桥大学","University of Cambridge","","","","Geography, BA (Hons)","","","","Undergraduate","","","","","","Explore human and physical geography. Study the biggest global challenges we face, such as pandemics, inequality and the climate emergency.","","","","","UNKNOWN","","","","","","","https://www.undergraduate.study.cam.ac.uk/courses/geography-ba-hons","2026-10-07T05:51:29.750Z","DRAFT","BLOCKED","PROGRAMME_CODE_REQUIRED | SUBJECT_CATEGORY_REQUIRED | SLUG_REQUIRED"
"programme_746ed2bcf0f60b8f","university-of-cambridge","GB_UNIVERSITY_OF_CAMBRIDGE","剑桥大学","University of Cambridge","","","","History and Modern Languages, BA (Hons)","","","","Undergraduate","","","","","","Explore literature, history and culture in a modern language alongside the study of history. Spend a year abroad perfecting your language skills.","","","","","UNKNOWN","","","","","","","https://www.undergraduate.study.cam.ac.uk/courses/history-modern-languages-ba-hons","2026-10-07T05:51:31.736Z","DRAFT","BLOCKED","PROGRAMME_CODE_REQUIRED | SUBJECT_CATEGORY_REQUIRED | SLUG_REQUIRED"
"programme_bbd29c3ab9df0bf8","university-of-cambridge","GB_UNIVERSITY_OF_CAMBRIDGE","剑桥大学","University of Cambridge","","","","Linguistics and Modern Languages, BA (Hons)","","","","Undergraduate","","","","","","Combine the study of linguistics with one modern language Options include French and Spanish. Explore the scientifics of language and study abroad.","","","","","UNKNOWN","","","","","","","https://www.undergraduate.study.cam.ac.uk/courses/linguistics-modern-languages-ba-hons","2026-10-07T05:51:33.749Z","DRAFT","BLOCKED","PROGRAMME_CODE_REQUIRED | SUBJECT_CATEGORY_REQUIRED | SLUG_REQUIRED"
"programme_8337c69cb8ae9842","university-of-cambridge","GB_UNIVERSITY_OF_CAMBRIDGE","剑桥大学","University of Cambridge","","","","History, BA (Hons)","","","","Undergraduate","","","","","","Explore 3,000 years of history from all around the world. Choose from options including British history, Ancient Greece and modern Africa.","","","","","UNKNOWN","","","","","","","https://www.undergraduate.study.cam.ac.uk/courses/history-ba-hons","2026-10-07T05:51:35.815Z","DRAFT","BLOCKED","PROGRAMME_CODE_REQUIRED | SUBJECT_CATEGORY_REQUIRED | SLUG_REQUIRED"
"programme_87ff3deea3d204b6","university-of-cambridge","GB_UNIVERSITY_OF_CAMBRIDGE","剑桥大学","University of Cambridge","","","","History and Politics, BA (Hons)","","","","Undergraduate","","","","","","Explore both history and politics, choosing from options such as American history, political thought and international relations.","","","","","UNKNOWN","","","","","","","https://www.undergraduate.study.cam.ac.uk/courses/history-politics-ba-hons","2026-10-07T05:51:37.709Z","DRAFT","BLOCKED","PROGRAMME_CODE_REQUIRED | SUBJECT_CATEGORY_REQUIRED | SLUG_REQUIRED"
"programme_7a2945687acfb19a","university-of-cambridge","GB_UNIVERSITY_OF_CAMBRIDGE","剑桥大学","University of Cambridge","","","","Mathematics, BA (Hons) and MMath","","","","Undergraduate","","","","","","Explore maths, from statistics and number theory to general relativity and cryptography. Study pure and applied mathematics, or combine maths with physics.","","","","","UNKNOWN","","","","","","","https://www.undergraduate.study.cam.ac.uk/courses/mathematics-ba-hons-mmath","2026-10-07T05:51:39.842Z","DRAFT","BLOCKED","PROGRAMME_CODE_REQUIRED | SUBJECT_CATEGORY_REQUIRED | SLUG_REQUIRED"
"programme_b4bc0d37acb60d26","university-of-cambridge","GB_UNIVERSITY_OF_CAMBRIDGE","剑桥大学","University of Cambridge","","","","Music, BA (Hons)","","","","Undergraduate","","","","","","Study areas such as music theory and history, or develop your composition skills. Focus on your interests, from pop music to developing as a performer.","","","","","UNKNOWN","","","","","","","https://www.undergraduate.study.cam.ac.uk/courses/music-ba-hons","2026-10-07T05:51:41.713Z","DRAFT","BLOCKED","PROGRAMME_CODE_REQUIRED | SUBJECT_CATEGORY_REQUIRED | SLUG_REQUIRED"
"programme_701ec8f2515d3bd2","university-of-cambridge","GB_UNIVERSITY_OF_CAMBRIDGE","剑桥大学","University of Cambridge","","","","Philosophy, BA (Hons)","","","","Undergraduate","","","","","","Explore metaphysics, ethics, meaning, logic and more. Specialise in areas such as political philosophy, Greek and Roman philosophy or aesthetics.","","","","","UNKNOWN","","","","","","","https://www.undergraduate.study.cam.ac.uk/courses/philosophy-ba-hons","2026-10-07T05:51:43.754Z","DRAFT","BLOCKED","PROGRAMME_CODE_REQUIRED | SUBJECT_CATEGORY_REQUIRED | SLUG_REQUIRED"
"programme_32406681d92558fa","university-of-cambridge","GB_UNIVERSITY_OF_CAMBRIDGE","剑桥大学","University of Cambridge","","","","Psychological and Behavioural Sciences, BA (Hons)","","","","Undergraduate","","","","","","Take your first step to a career in psychology. Explore experimental psychology, social and developmental psychology, neuroscience and more.","","","","","UNKNOWN","","","","","","","https://www.undergraduate.study.cam.ac.uk/courses/psychological-behavioural-sciences-ba-hons","2026-10-07T05:51:45.733Z","DRAFT","BLOCKED","PROGRAMME_CODE_REQUIRED | SUBJECT_CATEGORY_REQUIRED | SLUG_REQUIRED"
"programme_242cb8ffa34b6366","university-of-queensland","AU_UNIVERSITY_OF_QUEENSLAND","昆士兰大学","The University of Queensland","","","","Bachelor of Advanced Business (Honours)","","","","","","","","","","Combine advanced coursework and authentic learning experiences to succeed in top-tier business, strategy and consulting roles.","","","","","UNKNOWN","","","","","","","https://study.uq.edu.au/study-options/programs/bachelor-advanced-business-honours-2139","2026-10-07T03:58:00.623Z","DRAFT","BLOCKED","PROGRAMME_CODE_REQUIRED | SUBJECT_CATEGORY_REQUIRED | SLUG_REQUIRED"
"programme_3b969d9d4aea562e","university-of-queensland","AU_UNIVERSITY_OF_QUEENSLAND","昆士兰大学","The University of Queensland","","","","Bachelor of Advanced Finance and Economics (Honours)","","","","","","","","","","Become a leading economist, investment banker, fund manager or consultant. Work at the trading desk of a global bank, a private equity firm, an economic consultancy or the Reserve Bank.","","","","","UNKNOWN","","","","","","","https://study.uq.edu.au/study-options/programs/bachelor-advanced-finance-and-economics-honours-2140","2026-10-07T03:58:02.411Z","DRAFT","BLOCKED","PROGRAMME_CODE_REQUIRED | SUBJECT_CATEGORY_REQUIRED | SLUG_REQUIRED"
"programme_f51dc001b4318ac0","university-of-queensland","AU_UNIVERSITY_OF_QUEENSLAND","昆士兰大学","The University of Queensland","","","","Bachelor of Advanced Humanities (Honours)","","","","","","","","","","Examine complex global and cultural issues through interdisciplinary humanities study.","","","","","UNKNOWN","","","","","","","https://study.uq.edu.au/study-options/programs/bachelor-advanced-humanities-honours-2414","2026-10-07T03:58:04.640Z","DRAFT","BLOCKED","PROGRAMME_CODE_REQUIRED | SUBJECT_CATEGORY_REQUIRED | SLUG_REQUIRED"
"programme_07c83afc3b6b31d7","university-of-queensland","AU_UNIVERSITY_OF_QUEENSLAND","昆士兰大学","The University of Queensland","","","","Bachelor of Advanced Science (Honours)","","","","","","","","","","Take your scientific potential to the next level and sharpen your critical thinking and analytical skills for a career in research and industry with this elite 4-year program.","","","","","UNKNOWN","","","","","","","https://study.uq.edu.au/study-options/programs/bachelor-advanced-science-honours-2516","2026-10-07T03:58:07.857Z","DRAFT","BLOCKED","PROGRAMME_CODE_REQUIRED | SUBJECT_CATEGORY_REQUIRED | SLUG_REQUIRED"
"programme_d7195f32b4cac006","university-of-queensland","AU_UNIVERSITY_OF_QUEENSLAND","昆士兰大学","The University of Queensland","","","","Bachelor of Agribusiness","","","","","","","","","","Prepare for a successful business career in the thriving agricultural industry.","","","","","UNKNOWN","","","","","","","https://study.uq.edu.au/study-options/programs/bachelor-agribusiness-2007","2026-10-07T03:58:09.735Z","DRAFT","BLOCKED","PROGRAMME_CODE_REQUIRED | SUBJECT_CATEGORY_REQUIRED | SLUG_REQUIRED"
"programme_cc49bff4aa14f3db","university-of-queensland","AU_UNIVERSITY_OF_QUEENSLAND","昆士兰大学","The University of Queensland","","","","Graduate Certificate in Agribusiness","","","","","","","","","","Develop a keen market focus, commercial awareness, and an innovative and international outlook to succeed in the food and fibre industries.","","","","","UNKNOWN","","","","","","","https://study.uq.edu.au/study-options/programs/graduate-certificate-agribusiness-5007","2026-10-07T03:58:12.178Z","DRAFT","BLOCKED","PROGRAMME_CODE_REQUIRED | SUBJECT_CATEGORY_REQUIRED | SLUG_REQUIRED"
"programme_df4cb4a445a79d70","university-of-queensland","AU_UNIVERSITY_OF_QUEENSLAND","昆士兰大学","The University of Queensland","","","","Graduate Diploma in Agribusiness","","","","","","","","","","Develop a keen market focus, commercial awareness, and an innovative and international outlook to succeed in the food and fibre industries.","","","","","UNKNOWN","","","","","","","https://study.uq.edu.au/study-options/programs/graduate-diploma-agribusiness-5736","2026-10-07T03:58:14.608Z","DRAFT","BLOCKED","PROGRAMME_CODE_REQUIRED | SUBJECT_CATEGORY_REQUIRED | SLUG_REQUIRED"
"programme_16c76b4f02943a35","university-of-queensland","AU_UNIVERSITY_OF_QUEENSLAND","昆士兰大学","The University of Queensland","","","","Master of Agribusiness","","","","","","","","","","Develop a keen market focus, commercial awareness, and an innovative and international outlook to succeed in the food and fibre industries.","","","","","UNKNOWN","","","","","","","https://study.uq.edu.au/study-options/programs/master-agribusiness-5562","2026-10-07T03:58:16.493Z","DRAFT","BLOCKED","PROGRAMME_CODE_REQUIRED | SUBJECT_CATEGORY_REQUIRED | SLUG_REQUIRED"
"programme_5c7c4b49add4ab03","university-of-queensland","AU_UNIVERSITY_OF_QUEENSLAND","昆士兰大学","The University of Queensland","","","","Bachelors of Agribusiness / Agricultural Science","","","","","","","","","","Build a career shaping the future of agriculture, food systems and agribusiness.","","","","","UNKNOWN","","","","","","","https://study.uq.edu.au/study-options/programs/bachelors-agribusiness-agricultural-science-2584","2026-10-07T03:58:18.404Z","DRAFT","BLOCKED","PROGRAMME_CODE_REQUIRED | SUBJECT_CATEGORY_REQUIRED | SLUG_REQUIRED"
"programme_0f2880cc28aa8c47","university-of-queensland","AU_UNIVERSITY_OF_QUEENSLAND","昆士兰大学","The University of Queensland","","","","Bachelor of Agricultural Science","","","","","","","","","","Build a career shaping the future of agriculture and food systems.","","","","","UNKNOWN","","","","","","","https://study.uq.edu.au/study-options/programs/bachelor-agricultural-science-2583","2026-10-07T03:58:20.857Z","DRAFT","BLOCKED","PROGRAMME_CODE_REQUIRED | SUBJECT_CATEGORY_REQUIRED | SLUG_REQUIRED"
"programme_374768b6dc76a735","university-of-queensland","AU_UNIVERSITY_OF_QUEENSLAND","昆士兰大学","The University of Queensland","","","","Graduate Certificate in Agricultural Science","","","","","","","","","","Gain the skills to tackle global environmental challenges and improve agricultural practices anywhere in the world.","","","","","UNKNOWN","","","","","","","https://study.uq.edu.au/study-options/programs/graduate-certificate-agricultural-science-5561","2026-10-07T03:58:22.783Z","DRAFT","BLOCKED","PROGRAMME_CODE_REQUIRED | SUBJECT_CATEGORY_REQUIRED | SLUG_REQUIRED"
"programme_2f2095cfd98ed2b7","university-of-queensland","AU_UNIVERSITY_OF_QUEENSLAND","昆士兰大学","The University of Queensland","","","","Graduate Diploma in Agricultural Science","","","","","","","","","","Gain the skills to tackle global environmental challenges and improve agricultural practices anywhere in the world.","","","","","UNKNOWN","","","","","","","https://study.uq.edu.au/study-options/programs/graduate-diploma-agricultural-science-5737","2026-10-07T03:58:24.838Z","DRAFT","BLOCKED","PROGRAMME_CODE_REQUIRED | SUBJECT_CATEGORY_REQUIRED | SLUG_REQUIRED"
"programme_a6590339efdae493","university-of-queensland","AU_UNIVERSITY_OF_QUEENSLAND","昆士兰大学","The University of Queensland","","","","Master of Agricultural Science","","","","","","","","","","Master the science to tackle global environmental challenges and improve agricultural practices anywhere in the world.","","","","","UNKNOWN","","","","","","","https://study.uq.edu.au/study-options/programs/master-agricultural-science-5564","2026-10-07T03:58:26.698Z","DRAFT","BLOCKED","PROGRAMME_CODE_REQUIRED | SUBJECT_CATEGORY_REQUIRED | SLUG_REQUIRED"
"programme_e09baae347ef341c","university-of-queensland","AU_UNIVERSITY_OF_QUEENSLAND","昆士兰大学","The University of Queensland","","","","Bachelor of Agricultural Science (Honours)","","","","","","","","","","Deepen your knowledge, enhance your research skills, and prepare for a dynamic career in agricultural research or industry leadership.","","","","","UNKNOWN","","","","","","","https://study.uq.edu.au/study-options/programs/bachelor-agricultural-science-honours-2450","2026-10-07T03:58:28.245Z","DRAFT","BLOCKED","PROGRAMME_CODE_REQUIRED | SUBJECT_CATEGORY_REQUIRED | SLUG_REQUIRED"
"programme_48c35719ca1ff2ac","university-of-queensland","AU_UNIVERSITY_OF_QUEENSLAND","昆士兰大学","The University of Queensland","","","","Graduate Certificate in Animal Science","","","","","","","","","","Advance your skills with leading animal science courses and develop specialisations for further study.","","","","","UNKNOWN","","","","","","","https://study.uq.edu.au/study-options/programs/graduate-certificate-animal-science-5565","2026-10-07T03:58:30.622Z","DRAFT","BLOCKED","PROGRAMME_CODE_REQUIRED | SUBJECT_CATEGORY_REQUIRED | SLUG_REQUIRED"
"programme_1f74598b206462e9","university-of-queensland","AU_UNIVERSITY_OF_QUEENSLAND","昆士兰大学","The University of Queensland","","","","Master of Animal Science","","","","","","","","","","Master core skills in animal science to meet the global challenges associated with feeding the world and maintaining the environment.","","","","","UNKNOWN","","","","","","","https://study.uq.edu.au/study-options/programs/master-animal-science-5571","2026-10-07T03:58:31.093Z","DRAFT","BLOCKED","PROGRAMME_CODE_REQUIRED | SUBJECT_CATEGORY_REQUIRED | SLUG_REQUIRED"
"programme_f8a7ce530c8505a5","university-of-queensland","AU_UNIVERSITY_OF_QUEENSLAND","昆士兰大学","The University of Queensland","","","","Graduate Certificate in Applied Linguistics","","","","","","","","","","Examine language structure, use and learning across diverse cultural and social contexts.","","","","","UNKNOWN","","","","","","","https://study.uq.edu.au/study-options/programs/graduate-certificate-applied-linguistics-5463","2026-10-07T03:58:35.076Z","DRAFT","BLOCKED","PROGRAMME_CODE_REQUIRED | SUBJECT_CATEGORY_REQUIRED | SLUG_REQUIRED"
"programme_d5ba7767d6964bef","university-of-queensland","AU_UNIVERSITY_OF_QUEENSLAND","昆士兰大学","The University of Queensland","","","","Master of Applied Linguistics","","","","","","","","","","Analyse language use and learning through advanced study of linguistics and communication.","","","","","UNKNOWN","","","","","","","https://study.uq.edu.au/study-options/programs/master-applied-linguistics-5592","2026-10-07T03:58:37.544Z","DRAFT","BLOCKED","PROGRAMME_CODE_REQUIRED | SUBJECT_CATEGORY_REQUIRED | SLUG_REQUIRED"
"programme_40eeaeb7a06b3ffd","university-of-queensland","AU_UNIVERSITY_OF_QUEENSLAND","昆士兰大学","The University of Queensland","","","","Bachelor of Architectural Design","","","","","","","","","","Design a sustainable and inclusive future through architecture.","","","","","UNKNOWN","","","","","","","https://study.uq.edu.au/study-options/programs/bachelor-architectural-design-2550","2026-10-07T03:58:39.609Z","DRAFT","BLOCKED","PROGRAMME_CODE_REQUIRED | SUBJECT_CATEGORY_REQUIRED | SLUG_REQUIRED"
"programme_60f770e2670a07a0","university-of-queensland","AU_UNIVERSITY_OF_QUEENSLAND","昆士兰大学","The University of Queensland","","","","Master of Architecture","","","","","","","","","","Develop the advanced design, technical and professional skills relevant to the practice of architecture and advancing originality and creativity in the field.","","","","","UNKNOWN","","","","","","","https://study.uq.edu.au/study-options/programs/master-architecture-5429","2026-10-07T03:58:41.677Z","DRAFT","BLOCKED","PROGRAMME_CODE_REQUIRED | SUBJECT_CATEGORY_REQUIRED | SLUG_REQUIRED"
"programme_8a6087a97693998a","university-of-queensland","AU_UNIVERSITY_OF_QUEENSLAND","昆士兰大学","The University of Queensland","","","","Bachelor of Arts","","","","","","","","","","Discover your passion as you explore diverse humanities, arts and social science fields and develop skills that transfer across industries and roles.","","","","","UNKNOWN","","","","","","","https://study.uq.edu.au/study-options/programs/bachelor-arts-2000","2026-10-07T03:58:44.434Z","DRAFT","BLOCKED","PROGRAMME_CODE_REQUIRED | SUBJECT_CATEGORY_REQUIRED | SLUG_REQUIRED"
"programme_31f5bce1a781951b","university-of-queensland","AU_UNIVERSITY_OF_QUEENSLAND","昆士兰大学","The University of Queensland","","","","Diploma in Arts","","","","","","","","","","Step into a pathway that supports progression into a range of arts-related degrees and careers.","","","","","UNKNOWN","","","","","","","https://study.uq.edu.au/study-options/programs/diploma-arts-2320","2026-10-07T03:58:47.306Z","DRAFT","BLOCKED","PROGRAMME_CODE_REQUIRED | SUBJECT_CATEGORY_REQUIRED | SLUG_REQUIRED"
"programme_03ee854018715cac","university-of-queensland","AU_UNIVERSITY_OF_QUEENSLAND","昆士兰大学","The University of Queensland","","","","Bachelors of Arts / Education (Secondary)","","","","","","","","","","Combine humanities study with teacher training to teach subjects like English, history, or languages.","","","","","UNKNOWN","","","","","","","https://study.uq.edu.au/study-options/programs/bachelors-arts-education-secondary-2066","2026-10-07T03:58:50.536Z","DRAFT","BLOCKED","PROGRAMME_CODE_REQUIRED | SUBJECT_CATEGORY_REQUIRED | SLUG_REQUIRED"
"programme_bd9975aa5cf50a6f","university-of-queensland","AU_UNIVERSITY_OF_QUEENSLAND","昆士兰大学","The University of Queensland","","","","Bachelors of Arts / Laws (Honours)","","","","","","","","","","Discover your passion through arts disciplines that provide the skills to succeed, while developing advanced legal knowledge, transferable skills and professional networks.","","","","","UNKNOWN","","","","","","","https://study.uq.edu.au/study-options/programs/bachelors-arts-laws-honours-2142","2026-10-07T03:58:53.513Z","DRAFT","BLOCKED","PROGRAMME_CODE_REQUIRED | SUBJECT_CATEGORY_REQUIRED | SLUG_REQUIRED"
"programme_efe44d987f8ba971","university-of-queensland","AU_UNIVERSITY_OF_QUEENSLAND","昆士兰大学","The University of Queensland","","","","Bachelors of Arts / Social Science","","","","","","","","","","Explore human behaviour and culture through complementary study across arts and social sciences.","","","","","UNKNOWN","","","","","","","https://study.uq.edu.au/study-options/programs/bachelors-arts-social-science-2505","2026-10-07T05:55:30.616Z","DRAFT","BLOCKED","PROGRAMME_CODE_REQUIRED | SUBJECT_CATEGORY_REQUIRED | SLUG_REQUIRED"
"programme_b1f8721f16d8b731","university-of-queensland","AU_UNIVERSITY_OF_QUEENSLAND","昆士兰大学","The University of Queensland","","","","Bachelors of Arts / Tourism, Hospitality and Event Management","","","","","","","","","","Discover your passion through arts disciplines that provide the skills to succeed, while developing the business acumen and professional abilities to create exceptional tourism experiences.","","","","","UNKNOWN","","","","","","","https://study.uq.edu.au/study-options/programs/bachelors-arts-tourism-hospitality-and-event-management-2474","2026-10-07T05:55:30.888Z","DRAFT","BLOCKED","PROGRAMME_CODE_REQUIRED | SUBJECT_CATEGORY_REQUIRED | SLUG_REQUIRED"
"programme_0a34540c19a0cf28","university-of-queensland","AU_UNIVERSITY_OF_QUEENSLAND","昆士兰大学","The University of Queensland","","","","Bachelor of Arts (Honours)","","","","","","","","","","Investigate specialised topics through independent research that deepens expertise in your chosen discipline.","","","","","UNKNOWN","","","","","","","https://study.uq.edu.au/study-options/programs/bachelor-arts-honours-2052","2026-10-07T05:55:32.794Z","DRAFT","BLOCKED","PROGRAMME_CODE_REQUIRED | SUBJECT_CATEGORY_REQUIRED | SLUG_REQUIRED"
"programme_5d8b52b34516452e","university-of-queensland","AU_UNIVERSITY_OF_QUEENSLAND","昆士兰大学","The University of Queensland","","","","Graduate Certificate in Arts in Interpreting","","","","","","","","","","Develop interpreting skills for real-time communication across languages and settings.","","","","","UNKNOWN","","","","","","","https://study.uq.edu.au/study-options/programs/graduate-certificate-arts-interpreting-5749","2026-10-07T05:55:34.813Z","DRAFT","BLOCKED","PROGRAMME_CODE_REQUIRED | SUBJECT_CATEGORY_REQUIRED | SLUG_REQUIRED"
"programme_f524f789b0f60c78","university-of-queensland","AU_UNIVERSITY_OF_QUEENSLAND","昆士兰大学","The University of Queensland","","","","Graduate Certificate in Arts in Translation","","","","","","","","","","Build translation skills to accurately convey meaning across languages and formats.","","","","","UNKNOWN","","","","","","","https://study.uq.edu.au/study-options/programs/graduate-certificate-arts-translation-5750","2026-10-07T05:55:36.882Z","DRAFT","BLOCKED","PROGRAMME_CODE_REQUIRED | SUBJECT_CATEGORY_REQUIRED | SLUG_REQUIRED"
"programme_4f623ca270f62f17","university-of-queensland","AU_UNIVERSITY_OF_QUEENSLAND","昆士兰大学","The University of Queensland","","","","Graduate Diploma in Arts in Translation and Interpreting","","","","","","","","","","Develop advanced translation and interpreting capabilities through intensive training.","","","","","UNKNOWN","","","","","","","https://study.uq.edu.au/study-options/programs/graduate-diploma-arts-translation-and-interpreting-5751","2026-10-07T05:55:40.335Z","DRAFT","BLOCKED","PROGRAMME_CODE_REQUIRED | SUBJECT_CATEGORY_REQUIRED | SLUG_REQUIRED"
"programme_1bebe25f060d17b7","university-of-queensland","AU_UNIVERSITY_OF_QUEENSLAND","昆士兰大学","The University of Queensland","","","","Bachelor of Biomedical Science","","","","","","","","","","Discover the latest in globally relevant biomedical practices, and gain the theoretical and hands-on skills needed to prepare yourself for a dynamic career in modern medical science.","","","","","UNKNOWN","","","","","","","https://study.uq.edu.au/study-options/programs/bachelor-biomedical-science-2546","2026-10-07T05:55:40.861Z","DRAFT","BLOCKED","PROGRAMME_CODE_REQUIRED | SUBJECT_CATEGORY_REQUIRED | SLUG_REQUIRED"
"programme_2c6e9f13b6294270","university-of-queensland","AU_UNIVERSITY_OF_QUEENSLAND","昆士兰大学","The University of Queensland","","","","Bachelors of Biomedical Science / Science","","","","","","","","","","Get set to contribute to breakthroughs in the medical sciences and healthcare by combining interdisciplinary scientific knowledge and key practical skills with an in-depth understanding of biomedical science.","","","","","UNKNOWN","","","","","","","https://study.uq.edu.au/study-options/programs/bachelors-biomedical-science-science-2547","2026-10-07T05:55:42.937Z","DRAFT","BLOCKED","PROGRAMME_CODE_REQUIRED | SUBJECT_CATEGORY_REQUIRED | SLUG_REQUIRED"
"programme_a3450b853c7941ba","university-of-queensland","AU_UNIVERSITY_OF_QUEENSLAND","昆士兰大学","The University of Queensland","","","","Bachelor of Biomedical Science (Honours)","","","","","","","","","","Extend your knowledge in Biomedical Science through an independent research project and open doors to further study options as you prepare yourself for a career at the forefront of modern healthcare.","","","","","UNKNOWN","","","","","","","https://study.uq.edu.au/study-options/programs/bachelor-biomedical-science-honours-2423","2026-10-07T05:55:44.931Z","DRAFT","BLOCKED","PROGRAMME_CODE_REQUIRED | SUBJECT_CATEGORY_REQUIRED | SLUG_REQUIRED"
"programme_fc27b184d2e9db94","university-of-queensland","AU_UNIVERSITY_OF_QUEENSLAND","昆士兰大学","The University of Queensland","","","","Bachelor of Biotechnology","","","","","","","","","","Want to help feed, fuel and heal the planet? Combine life sciences with specialised practical training and entrepreneurial skills to join a fast-evolving industry improving global health and wellbeing.","","","","","UNKNOWN","","","","","","","https://study.uq.edu.au/study-options/programs/bachelor-biotechnology-2456","2026-10-07T05:55:46.908Z","DRAFT","BLOCKED","PROGRAMME_CODE_REQUIRED | SUBJECT_CATEGORY_REQUIRED | SLUG_REQUIRED"
"programme_cee606dfb72e10e9","university-of-queensland","AU_UNIVERSITY_OF_QUEENSLAND","昆士兰大学","The University of Queensland","","","","Bachelor of Biotechnology (Honours)","","","","","","","","","","Pioneer new frontiers in health, agriculture, science, engineering and beyond.","","","","","UNKNOWN","","","","","","","https://study.uq.edu.au/study-options/programs/bachelor-biotechnology-honours-2457","2026-10-07T05:55:50.765Z","DRAFT","BLOCKED","PROGRAMME_CODE_REQUIRED | SUBJECT_CATEGORY_REQUIRED | SLUG_REQUIRED"
"programme_38517379fa5758e9","university-of-queensland","AU_UNIVERSITY_OF_QUEENSLAND","昆士兰大学","The University of Queensland","","","","Bachelor of Built Environment and Design (Honours)","","","","","","","","","","Prepare for postgraduate research or further study, as well as specialist research and industry roles across architecture, design and planning.","","","","","UNKNOWN","","","","","","","https://study.uq.edu.au/study-options/programs/bachelor-built-environment-and-design-honours-2581","2026-10-07T05:55:52.305Z","DRAFT","BLOCKED","PROGRAMME_CODE_REQUIRED | SUBJECT_CATEGORY_REQUIRED | SLUG_REQUIRED"
"programme_b80f82ab0a899a30","university-of-queensland","AU_UNIVERSITY_OF_QUEENSLAND","昆士兰大学","The University of Queensland","","","","Bachelor of Business Management","","","","","","","","","","Unlock diverse career opportunities across industries by developing a broad range of essential business skills.","","","","","UNKNOWN","","","","","","","https://study.uq.edu.au/study-options/programs/bachelor-business-management-2171","2026-10-07T05:55:53.011Z","DRAFT","BLOCKED","PROGRAMME_CODE_REQUIRED | SUBJECT_CATEGORY_REQUIRED | SLUG_REQUIRED"
"programme_4a80a7feb580fef1","university-of-queensland","AU_UNIVERSITY_OF_QUEENSLAND","昆士兰大学","The University of Queensland","","","","Bachelors of Business Management / Arts","","","","","","","","","","Increase your employment opportunities by combining a comprehensive understanding of business principles and practices with a respected arts qualification.","","","","","UNKNOWN","","","","","","","https://study.uq.edu.au/study-options/programs/bachelors-business-management-arts-2175","2026-10-07T05:55:54.949Z","DRAFT","BLOCKED","PROGRAMME_CODE_REQUIRED | SUBJECT_CATEGORY_REQUIRED | SLUG_REQUIRED"
"programme_10921f6ebf797eba","university-of-queensland","AU_UNIVERSITY_OF_QUEENSLAND","昆士兰大学","The University of Queensland","","","","Bachelors of Business Management / Commerce","","","","","","","","","","Looking for a head start in business with a focus on financial services? This dual program provides a foundation in business management while developing your financial literacy and analytical skills.","","","","","UNKNOWN","","","","","","","https://study.uq.edu.au/study-options/programs/bachelors-business-management-commerce-2180","2026-10-07T05:55:56.959Z","DRAFT","BLOCKED","PROGRAMME_CODE_REQUIRED | SUBJECT_CATEGORY_REQUIRED | SLUG_REQUIRED"
"programme_0970d42631bf0db9","university-of-queensland","AU_UNIVERSITY_OF_QUEENSLAND","昆士兰大学","The University of Queensland","","","","Bachelors of Business Management / Communication","","","","","","","","","","Prepare yourself for a career as a business leader in the contemporary information society and economy.","","","","","UNKNOWN","","","","","","","https://study.uq.edu.au/study-options/programs/bachelors-business-management-communication-2509","2026-10-07T05:55:58.960Z","DRAFT","BLOCKED","PROGRAMME_CODE_REQUIRED | SUBJECT_CATEGORY_REQUIRED | SLUG_REQUIRED"
"programme_a62afe9b621e3776","university-of-queensland","AU_UNIVERSITY_OF_QUEENSLAND","昆士兰大学","The University of Queensland","","","","Bachelors of Business Management / Design","","","","","","","","","","Be prepared for a future in business and gain specialist capabilities in problem identification, critical thinking and designing for purpose.","","","","","UNKNOWN","","","","","","","https://study.uq.edu.au/study-options/programs/bachelors-business-management-design-2554","2026-10-07T05:56:01.043Z","DRAFT","BLOCKED","PROGRAMME_CODE_REQUIRED | SUBJECT_CATEGORY_REQUIRED | SLUG_REQUIRED"
"programme_5c9e340f2632eb1c","university-of-queensland","AU_UNIVERSITY_OF_QUEENSLAND","昆士兰大学","The University of Queensland","","","","Bachelor of Business Management / Diploma in Languages","","","","","","","","","","Become a leader who thrives in dynamic, competitive global environments by combining business knowledge with in-demand language skills and cultural understanding.","","","","","UNKNOWN","","","","","","","https://study.uq.edu.au/study-options/programs/bachelor-business-management-diploma-languages-2543","2026-10-07T05:56:05.329Z","DRAFT","BLOCKED","PROGRAMME_CODE_REQUIRED | SUBJECT_CATEGORY_REQUIRED | SLUG_REQUIRED"
"programme_150ae1ed32e2f040","university-of-queensland","AU_UNIVERSITY_OF_QUEENSLAND","昆士兰大学","The University of Queensland","","","","Bachelors of Business Management / Economics","","","","","","","","","","Prepare to lead and develop businesses across all sectors. Learn to think like an economist by understanding how people make decisions, how markets operate, and how the world works.","","","","","UNKNOWN","","","","","","","https://study.uq.edu.au/study-options/programs/bachelors-business-management-economics-2181","2026-10-07T05:56:05.554Z","DRAFT","BLOCKED","PROGRAMME_CODE_REQUIRED | SUBJECT_CATEGORY_REQUIRED | SLUG_REQUIRED"
"programme_7331c0352b97ba41","university-of-queensland","AU_UNIVERSITY_OF_QUEENSLAND","昆士兰大学","The University of Queensland","","","","Bachelors of Business Management / Education (Secondary)","","","","","","","","","","Guide our future leaders by becoming qualified to teach business and economics in high schools.","","","","","UNKNOWN","","","","","","","https://study.uq.edu.au/study-options/programs/bachelors-business-management-education-secondary-2298","2026-10-07T05:56:07.588Z","DRAFT","BLOCKED","PROGRAMME_CODE_REQUIRED | SUBJECT_CATEGORY_REQUIRED | SLUG_REQUIRED"
"programme_19c7cd353111092d","university-of-queensland","AU_UNIVERSITY_OF_QUEENSLAND","昆士兰大学","The University of Queensland","","","","Master of Arts in Translation and Interpreting","","","","","","","","","","Qualify as a professional Chinese-English or Japanese-English translator and interpreter.","","","","","UNKNOWN","","","","","","","https://study.uq.edu.au/study-options/programs/master-arts-translation-and-interpreting-5752","2026-10-07T05:56:09.526Z","DRAFT","BLOCKED","PROGRAMME_CODE_REQUIRED | SUBJECT_CATEGORY_REQUIRED | SLUG_REQUIRED"
"programme_8805eda252a5b71a","university-of-queensland","AU_UNIVERSITY_OF_QUEENSLAND","昆士兰大学","The University of Queensland","","","","Master of Audiology Studies","","","","","","","","","","Qualify as an entry level audiologist in 2 years and be prepared for a rewarding career as a clinical audiologist.","","","","","UNKNOWN","","","","","","","https://study.uq.edu.au/study-options/programs/master-audiology-studies-5145","2026-10-07T05:56:11.524Z","DRAFT","BLOCKED","PROGRAMME_CODE_REQUIRED | SUBJECT_CATEGORY_REQUIRED | SLUG_REQUIRED"
"programme_7e11b38f5b4df280","university-of-queensland","AU_UNIVERSITY_OF_QUEENSLAND","昆士兰大学","The University of Queensland","","","","Master of Bioengineering (Professional)","","","","","","","","","","Bioengineer the future and develop the expertise to solve complex biological challenges.","","","","","UNKNOWN","","","","","","","https://study.uq.edu.au/study-options/programs/master-bioengineering-professional-5761","2026-10-07T05:56:13.513Z","DRAFT","BLOCKED","PROGRAMME_CODE_REQUIRED | SUBJECT_CATEGORY_REQUIRED | SLUG_REQUIRED"
"programme_52a0a18123453a96","university-of-queensland","AU_UNIVERSITY_OF_QUEENSLAND","昆士兰大学","The University of Queensland","","","","Graduate Certificate in Bioinformatics","","","","","","","","","","Expand your skill-set with advanced bioinformatics courses and develop specialisations for further study.","","","","","UNKNOWN","","","","","","","https://study.uq.edu.au/study-options/programs/graduate-certificate-bioinformatics-5557","2026-10-07T05:56:15.568Z","DRAFT","BLOCKED","PROGRAMME_CODE_REQUIRED | SUBJECT_CATEGORY_REQUIRED | SLUG_REQUIRED"
"programme_a7b8635479747536","university-of-queensland","AU_UNIVERSITY_OF_QUEENSLAND","昆士兰大学","The University of Queensland","","","","Graduate Diploma in Bioinformatics","","","","","","","","","","Expand your skill-set with advanced bioinformatics courses and develop specialisations for further study.","","","","","UNKNOWN","","","","","","","https://study.uq.edu.au/study-options/programs/graduate-diploma-bioinformatics-5754","2026-10-07T05:56:19.276Z","DRAFT","BLOCKED","PROGRAMME_CODE_REQUIRED | SUBJECT_CATEGORY_REQUIRED | SLUG_REQUIRED"
"programme_ac38648111cf906f","university-of-queensland","AU_UNIVERSITY_OF_QUEENSLAND","昆士兰大学","The University of Queensland","","","","Master of Bioinformatics","","","","","","","","","","Capitalise on the expanding demand for bioinformaticians with an interdisciplinary skill-set that will make you employable anywhere in the world.","","","","","UNKNOWN","","","","","","","https://study.uq.edu.au/study-options/programs/master-bioinformatics-5755","2026-10-07T05:56:19.552Z","DRAFT","BLOCKED","PROGRAMME_CODE_REQUIRED | SUBJECT_CATEGORY_REQUIRED | SLUG_REQUIRED"
"programme_1a075c9b32e8eff4","university-of-queensland","AU_UNIVERSITY_OF_QUEENSLAND","昆士兰大学","The University of Queensland","","","","Master of Bioinformatics Research Extensive","","","","","","","","","","Capitalise on the expanding demand for bioinformaticians with an interdisciplinary skill-set and research expertise that will make you employable anywhere in the world.","","","","","UNKNOWN","","","","","","","https://study.uq.edu.au/study-options/programs/master-bioinformatics-research-extensive-5598","2026-10-07T05:56:21.549Z","DRAFT","BLOCKED","PROGRAMME_CODE_REQUIRED | SUBJECT_CATEGORY_REQUIRED | SLUG_REQUIRED"
"programme_dbacc363caccc304","university-of-queensland","AU_UNIVERSITY_OF_QUEENSLAND","昆士兰大学","The University of Queensland","","","","Graduate Certificate in Biostatistics","","","","","","","","","","Learn how to develop and apply statistical methods to different sets of health data so you can make important contributions to research and evidence-based practice.","","","","","UNKNOWN","","","","","","","https://study.uq.edu.au/study-options/programs/graduate-certificate-biostatistics-5497","2026-10-07T05:56:23.623Z","DRAFT","BLOCKED","PROGRAMME_CODE_REQUIRED | SUBJECT_CATEGORY_REQUIRED | SLUG_REQUIRED"
"programme_973ce9c6a1f6f3ef","university-of-queensland","AU_UNIVERSITY_OF_QUEENSLAND","昆士兰大学","The University of Queensland","","","","Graduate Diploma in Biostatistics","","","","","","","","","","Refine your understanding of biostatistical concepts and methods, and gain in-demand skills in medical research and healthcare.","","","","","UNKNOWN","","","","","","","https://study.uq.edu.au/study-options/programs/graduate-diploma-biostatistics-5498","2026-10-07T05:56:25.636Z","DRAFT","BLOCKED","PROGRAMME_CODE_REQUIRED | SUBJECT_CATEGORY_REQUIRED | SLUG_REQUIRED"
"programme_2365078dac4aa053","university-of-queensland","AU_UNIVERSITY_OF_QUEENSLAND","昆士兰大学","The University of Queensland","","","","Master of Biostatistics","","","","","","","","","","The Master of Biostatistics will teach you the specialised application of statistics to the field of health that will enable you to make important contributions to research and evidence-based practice.","","","","","UNKNOWN","","","","","","","https://study.uq.edu.au/study-options/programs/master-biostatistics-5500","2026-10-07T05:56:27.562Z","DRAFT","BLOCKED","PROGRAMME_CODE_REQUIRED | SUBJECT_CATEGORY_REQUIRED | SLUG_REQUIRED"
"programme_8d5d77207de1787d","university-of-queensland","AU_UNIVERSITY_OF_QUEENSLAND","昆士兰大学","The University of Queensland","","","","Graduate Certificate in Biotechnology","","","","","","","","","","Equip yourself with the scientific skills and business, legal and regulatory understanding needed to translate discoveries from the laboratory to real life.","","","","","UNKNOWN","","","","","","","https://study.uq.edu.au/study-options/programs/graduate-certificate-biotechnology-5013","2026-10-07T05:56:29.635Z","DRAFT","BLOCKED","PROGRAMME_CODE_REQUIRED | SUBJECT_CATEGORY_REQUIRED | SLUG_REQUIRED"
"programme_53ff5ca93dfe1672","university-of-queensland","AU_UNIVERSITY_OF_QUEENSLAND","昆士兰大学","The University of Queensland","","","","Graduate Diploma in Biotechnology","","","","","","","","","","Equip yourself with the scientific skills and business, legal and regulatory understanding needed to translate discoveries from the laboratory to real life.","","","","","UNKNOWN","","","","","","","https://study.uq.edu.au/study-options/programs/graduate-diploma-biotechnology-5119","2026-10-07T05:56:31.615Z","DRAFT","BLOCKED","PROGRAMME_CODE_REQUIRED | SUBJECT_CATEGORY_REQUIRED | SLUG_REQUIRED"
"programme_a22ad9ca581f8a40","university-of-queensland","AU_UNIVERSITY_OF_QUEENSLAND","昆士兰大学","The University of Queensland","","","","Master of Biotechnology","","","","","","","","","","Equip yourself with advanced scientific skills and the business, legal and regulatory understanding needed to translate discoveries from the laboratory to real life.","","","","","UNKNOWN","","","","","","","https://study.uq.edu.au/study-options/programs/master-biotechnology-5599","2026-10-07T05:56:33.570Z","DRAFT","BLOCKED","PROGRAMME_CODE_REQUIRED | SUBJECT_CATEGORY_REQUIRED | SLUG_REQUIRED"
"programme_46539aee902d4b6b","university-of-queensland","AU_UNIVERSITY_OF_QUEENSLAND","昆士兰大学","The University of Queensland","","","","Master of Biotechnology Research Extensive","","","","","","","","","","Equip yourself with advanced scientific skills and the business, legal and regulatory understanding needed to translate discoveries from the laboratory to real life.","","","","","UNKNOWN","","","","","","","https://study.uq.edu.au/study-options/programs/master-biotechnology-research-extensive-5627","2026-10-07T05:56:35.629Z","DRAFT","BLOCKED","PROGRAMME_CODE_REQUIRED | SUBJECT_CATEGORY_REQUIRED | SLUG_REQUIRED"
"programme_b2410adf6fd1230d","university-of-queensland","AU_UNIVERSITY_OF_QUEENSLAND","昆士兰大学","The University of Queensland","","","","Graduate Certificate in Business","","","","","","","","","","Gain in-demand knowledge and capabilities to become a business leader, ready to succeed in any field.","","","","","UNKNOWN","","","","","","","https://study.uq.edu.au/study-options/programs/graduate-certificate-business-5248","2026-10-07T05:56:37.577Z","DRAFT","BLOCKED","PROGRAMME_CODE_REQUIRED | SUBJECT_CATEGORY_REQUIRED | SLUG_REQUIRED"
"programme_1e36a0fddac26989","university-of-queensland","AU_UNIVERSITY_OF_QUEENSLAND","昆士兰大学","The University of Queensland","","","","Master of Business","","","","","","","","","","Hone your business skills and build specialist knowledge to accelerate your career in any field.","","","","","UNKNOWN","","","","","","","https://study.uq.edu.au/study-options/programs/master-business-5583","2026-10-07T05:56:39.657Z","DRAFT","BLOCKED","PROGRAMME_CODE_REQUIRED | SUBJECT_CATEGORY_REQUIRED | SLUG_REQUIRED"
"programme_9edf6204e2787305","university-of-queensland","AU_UNIVERSITY_OF_QUEENSLAND","昆士兰大学","The University of Queensland","","","","Doctor of Philosophy","","","","","","","","","","A Doctor of Philosophy (PhD) is an internationally recognised graduate research program that will enable you to become an independent researcher.","","","","","UNKNOWN","","","","","","","https://study.uq.edu.au/study-options/programs/doctor-philosophy-7516","2026-10-07T05:56:41.583Z","DRAFT","BLOCKED","PROGRAMME_CODE_REQUIRED | SUBJECT_CATEGORY_REQUIRED | SLUG_REQUIRED"
"programme_2fbae088a14eac89","university-of-queensland","AU_UNIVERSITY_OF_QUEENSLAND","昆士兰大学","The University of Queensland","","","","Master of Philosophy","","","","","","","","","","A Master of Philosophy (MPhil) is an internationally recognised graduate research degree.","","","","","UNKNOWN","","","","","","","https://study.uq.edu.au/study-options/programs/master-philosophy-7500","2026-10-07T05:56:43.596Z","DRAFT","BLOCKED","PROGRAMME_CODE_REQUIRED | SUBJECT_CATEGORY_REQUIRED | SLUG_REQUIRED"
"programme_eb01a6d5d8529018","university-of-queensland","AU_UNIVERSITY_OF_QUEENSLAND","昆士兰大学","The University of Queensland","","","","Doctor of Veterinary Clinical Science","","","","","","","","","","The Doctor of Veterinary Clinical Science is our veterinary residency program, designed to prepare already qualified veterinarians to meet the credentials for specialist certification.","","","","","UNKNOWN","","","","","","","https://study.uq.edu.au/study-options/programs/doctor-veterinary-clinical-science-7603","2026-10-07T05:56:45.605Z","DRAFT","BLOCKED","PROGRAMME_CODE_REQUIRED | SUBJECT_CATEGORY_REQUIRED | SLUG_REQUIRED"
"programme_56ddc040f76dc507","university-of-southampton","GB_UNIVERSITY_OF_SOUTHAMPTON","南安普顿大学","University of Southampton","","","","BSc Accounting and Finance degree","","","","","","","","","","Learn the financial essentials on this accredited BSc Accounting and Finance degree led by experts. Develop a strong understanding of investment and finance.","","","","","UNKNOWN","","","","","","","https://www.southampton.ac.uk/courses/accounting-finance-degree-bsc","2026-10-07T04:08:04.531Z","DRAFT","BLOCKED","PROGRAMME_CODE_REQUIRED | SUBJECT_CATEGORY_REQUIRED | SLUG_REQUIRED"
"programme_df45c779169b1d5e","university-of-southampton","GB_UNIVERSITY_OF_SOUTHAMPTON","南安普顿大学","University of Southampton","","","","MSc Accounting and Finance degree","","","","","","","","","","Discover our MSc Accounting and Finance master’s degree at the University of Southampton. You’ll learn accounting, auditing, governance, finance, and tax.","","","","","UNKNOWN","","","","","","","https://www.southampton.ac.uk/courses/accounting-finance-masters-msc","2026-10-07T04:08:07.240Z","DRAFT","BLOCKED","PROGRAMME_CODE_REQUIRED | SUBJECT_CATEGORY_REQUIRED | SLUG_REQUIRED"
"programme_26f2c85656982b97","university-of-sydney","AU_UNIVERSITY_OF_SYDNEY","悉尼大学","The University of Sydney","","","","Bachelor of Engineering Honours (Civil Engineering)","","","","Undergraduate","","","","","","","","","","","UNKNOWN","","","","","","","https://www.sydney.edu.au/courses/courses/uc/bachelor-of-engineering-honours-civil-engineering2.html","2026-10-07T03:57:42.590Z","DRAFT","BLOCKED","PROGRAMME_CODE_REQUIRED | SUBJECT_CATEGORY_REQUIRED | SLUG_REQUIRED"
"programme_d2cab8ad2084e9ce","university-of-sydney","AU_UNIVERSITY_OF_SYDNEY","悉尼大学","The University of Sydney","","","","Master of Professional Engineering (Civil Engineering)","","","","Postgraduate","","","","","","","","","","","UNKNOWN","","","","","","","https://www.sydney.edu.au/courses/courses/pc/master-of-professional-engineering-civil-engineering.html","2026-10-07T03:57:44.530Z","DRAFT","BLOCKED","PROGRAMME_CODE_REQUIRED | SUBJECT_CATEGORY_REQUIRED | SLUG_REQUIRED"
"programme_d877b2fccc607372","university-of-sydney","AU_UNIVERSITY_OF_SYDNEY","悉尼大学","The University of Sydney","","","","Master of Professional Engineering (Accelerated)(Civil Engineering)","","","","Postgraduate","","","","","","","","","","","UNKNOWN","","","","","","","https://www.sydney.edu.au/courses/courses/pc/master-of-professional-engineering-accelerated-civil-engineering.html","2026-10-07T03:57:46.517Z","DRAFT","BLOCKED","PROGRAMME_CODE_REQUIRED | SUBJECT_CATEGORY_REQUIRED | SLUG_REQUIRED"
"programme_51a304bc3ce875b0","university-of-sydney","AU_UNIVERSITY_OF_SYDNEY","悉尼大学","The University of Sydney","","","","Master of Engineering (Civil Engineering)","","","","Postgraduate","","","","","","","","","","","UNKNOWN","","","","","","","https://www.sydney.edu.au/courses/courses/pc/master-of-engineering-civil-engineering0.html","2026-10-07T03:58:08.830Z","DRAFT","BLOCKED","PROGRAMME_CODE_REQUIRED | SUBJECT_CATEGORY_REQUIRED | SLUG_REQUIRED"
"programme_61c9ea735b1a53e2","university-of-sydney","AU_UNIVERSITY_OF_SYDNEY","悉尼大学","The University of Sydney","","","","Bachelor of Education (Primary)","","","","Undergraduate","","","","","","","","","","","UNKNOWN","","","","","","","https://www.sydney.edu.au/courses/courses/uc/bachelor-of-education-primary0.html","2026-10-07T03:58:28.707Z","DRAFT","BLOCKED","PROGRAMME_CODE_REQUIRED | SUBJECT_CATEGORY_REQUIRED | SLUG_REQUIRED"
"programme_8fdbee8e36451da6","university-of-sydney","AU_UNIVERSITY_OF_SYDNEY","悉尼大学","The University of Sydney","","","","Master of Teaching (Primary)","","","","Postgraduate","","","","","","","","","","","UNKNOWN","","","","","","","https://www.sydney.edu.au/courses/courses/pc/master-of-teaching-primary.html","2026-10-07T03:58:30.535Z","DRAFT","BLOCKED","PROGRAMME_CODE_REQUIRED | SUBJECT_CATEGORY_REQUIRED | SLUG_REQUIRED"
"programme_6e848cb2ff5bbc76","university-of-technology-sydney","AU_UNIVERSITY_OF_TECHNOLOGY_SYDNEY","悉尼科技大学（UTS）","University of Technology Sydney","","","","Bachelor of Communication in Digital and Social Media Bachelor of Creative Intelligence and Innovation","","","","","","","","","","Develop solutions to digital communication challenges with a transdisciplinary approach and industry experience.","","","","","UNKNOWN","","","","","","","https://www.uts.edu.au/courses/bachelor-of-communication-in-digital-and-social-media-bachelor-of-creative-intelligence-and-innovation","2026-10-07T03:59:42.683Z","DRAFT","BLOCKED","PROGRAMME_CODE_REQUIRED | SUBJECT_CATEGORY_REQUIRED | SLUG_REQUIRED"
"programme_c1f675ba3434280f","university-of-technology-sydney","AU_UNIVERSITY_OF_TECHNOLOGY_SYDNEY","悉尼科技大学（UTS）","University of Technology Sydney","","","","Bachelor of Sport and Exercise Science (Honours)","","","","","","","","","","Study the Bachelor of Sport and Exercise Science (Honours) at UTS. Develop research skills and build expertise for further academic study.","","","","","UNKNOWN","","","","","","","https://www.uts.edu.au/courses/bachelor-of-sport-and-exercise-science-honours","2026-10-07T03:59:54.501Z","DRAFT","BLOCKED","PROGRAMME_CODE_REQUIRED | SUBJECT_CATEGORY_REQUIRED | SLUG_REQUIRED"
"programme_79bc6f6c3605dd93","university-of-technology-sydney","AU_UNIVERSITY_OF_TECHNOLOGY_SYDNEY","悉尼科技大学（UTS）","University of Technology Sydney","","","","Bachelor of Marine Biology and Climate Change","","","","","","","","","","Study marine ecosystems and climate change, developing field, lab and data skills for careers in conservation, research, policy and coastal management in Australia.","","","","","UNKNOWN","","","","","","","https://www.uts.edu.au/courses/bachelor-of-marine-biology-and-climate-change","2026-10-07T03:59:56.524Z","DRAFT","BLOCKED","PROGRAMME_CODE_REQUIRED | SUBJECT_CATEGORY_REQUIRED | SLUG_REQUIRED"
"programme_b2cba1737b7a99b8","university-of-technology-sydney","AU_UNIVERSITY_OF_TECHNOLOGY_SYDNEY","悉尼科技大学（UTS）","University of Technology Sydney","","","","Bachelor of Information Technology (Co-op)","","","","","","","","","","Study IT at UTS with paid industry placements and a scholarship. Build advanced technical skills, gain real experience and graduate ready for careers in tech and innovation.","","","","","UNKNOWN","","","","","","","https://www.uts.edu.au/courses/bachelor-of-information-technology-co-op","2026-10-07T03:59:58.606Z","DRAFT","BLOCKED","PROGRAMME_CODE_REQUIRED | SUBJECT_CATEGORY_REQUIRED | SLUG_REQUIRED"
"programme_e9165ec3371c72d3","university-of-technology-sydney","AU_UNIVERSITY_OF_TECHNOLOGY_SYDNEY","悉尼科技大学（UTS）","University of Technology Sydney","","","","Bachelor of Nursing","","","","","","","","","","Study a Bachelor of Nursing at UTS and build clinical skills through hands-on placements. Prepare for a career in diverse healthcare settings with broad real-world experience.","","","","","UNKNOWN","","","","","","","https://www.uts.edu.au/courses/bachelor-of-nursing","2026-10-07T04:00:00.389Z","DRAFT","BLOCKED","PROGRAMME_CODE_REQUIRED | SUBJECT_CATEGORY_REQUIRED | SLUG_REQUIRED"
"programme_9dd6ded2b0ed91d1","university-of-technology-sydney","AU_UNIVERSITY_OF_TECHNOLOGY_SYDNEY","悉尼科技大学（UTS）","University of Technology Sydney","","","","Diploma in Fashion and Sustainability","","","","","","","","","","Get the foundations you need for an exciting fashion career and open up a pathway to further study.","","","","","UNKNOWN","","","","","","","https://www.uts.edu.au/courses/diploma-in-fashion-and-sustainability","2026-10-07T04:00:06.539Z","DRAFT","BLOCKED","PROGRAMME_CODE_REQUIRED | SUBJECT_CATEGORY_REQUIRED | SLUG_REQUIRED"
"programme_fd6056e39dd13a3c","university-of-technology-sydney","AU_UNIVERSITY_OF_TECHNOLOGY_SYDNEY","悉尼科技大学（UTS）","University of Technology Sydney","","","","Bachelor of Business","","","","","","","","","","Build job-ready skills through a flexible business degree with majors in marketing, finance, accounting, management and more at UTS.","","","","","UNKNOWN","","","","","","","https://www.uts.edu.au/courses/bachelor-of-business","2026-10-07T04:00:10.808Z","DRAFT","BLOCKED","PROGRAMME_CODE_REQUIRED | SUBJECT_CATEGORY_REQUIRED | SLUG_REQUIRED"
"programme_4ffd0ad4e835dd8c","university-of-technology-sydney","AU_UNIVERSITY_OF_TECHNOLOGY_SYDNEY","悉尼科技大学（UTS）","University of Technology Sydney","","","","Master of Pharmacy","","","","","","","","","","Develop skills in clinical decision-making, medicines management and patient-centred care across diverse health settings.","","","","","UNKNOWN","","","","","","","https://www.uts.edu.au/courses/master-of-pharmacy","2026-10-07T05:59:20.554Z","DRAFT","BLOCKED","PROGRAMME_CODE_REQUIRED | SUBJECT_CATEGORY_REQUIRED | SLUG_REQUIRED"
"programme_85f45a0135ad952f","university-of-technology-sydney","AU_UNIVERSITY_OF_TECHNOLOGY_SYDNEY","悉尼科技大学（UTS）","University of Technology Sydney","","","","Bachelor of Design in Fashion and Textiles","","","","","","","","","","Shape the trends of tomorrow and design your own future in the vibrant, electric world of fashion.","","","","","UNKNOWN","","","","","","","https://www.uts.edu.au/courses/bachelor-of-design-in-fashion-and-textiles","2026-10-07T05:59:22.676Z","DRAFT","BLOCKED","PROGRAMME_CODE_REQUIRED | SUBJECT_CATEGORY_REQUIRED | SLUG_REQUIRED"
"programme_773ac170a5d999d0","university-of-technology-sydney","AU_UNIVERSITY_OF_TECHNOLOGY_SYDNEY","悉尼科技大学（UTS）","University of Technology Sydney","","","","Bachelor of Engineering (Honours) Bachelor of Science","","","","","","","","","","Combine engineering and science at UTS. Build strong technical foundations and research skills with hands-on learning and industry-focused experience.","","","","","UNKNOWN","","","","","","","https://www.uts.edu.au/courses/bachelor-of-engineering-honours-bachelor-of-science","2026-10-07T05:59:24.747Z","DRAFT","BLOCKED","PROGRAMME_CODE_REQUIRED | SUBJECT_CATEGORY_REQUIRED | SLUG_REQUIRED"
"programme_7bb0b6af49b1a192","university-of-technology-sydney","AU_UNIVERSITY_OF_TECHNOLOGY_SYDNEY","悉尼科技大学（UTS）","University of Technology Sydney","","","","Master of Data Science and Innovation","","","","","","","","","","Postgraduate degree developing advanced data science expertise and innovation skills, integrating analytics, machine learning and strategy for industry practice.","","","","","UNKNOWN","","","","","","","https://www.uts.edu.au/courses/master-of-data-science-and-innovation","2026-10-07T05:59:26.748Z","DRAFT","BLOCKED","PROGRAMME_CODE_REQUIRED | SUBJECT_CATEGORY_REQUIRED | SLUG_REQUIRED"
"programme_30eb178de4480d31","university-of-technology-sydney","AU_UNIVERSITY_OF_TECHNOLOGY_SYDNEY","悉尼科技大学（UTS）","University of Technology Sydney","","","","Bachelor of Creative Intelligence and Innovation","","","","","","","","","","Transdisciplinary degree where students work on complex real-world challenges with industry, building creative, strategic and collaborative capabilities for work.","","","","","UNKNOWN","","","","","","","https://www.uts.edu.au/courses/bachelor-of-creative-intelligence-and-innovation","2026-10-07T05:59:28.805Z","DRAFT","BLOCKED","PROGRAMME_CODE_REQUIRED | SUBJECT_CATEGORY_REQUIRED | SLUG_REQUIRED"
"programme_0b09d4ee889f183d","university-of-technology-sydney","AU_UNIVERSITY_OF_TECHNOLOGY_SYDNEY","悉尼科技大学（UTS）","University of Technology Sydney","","","","Bachelor of Design in Fashion and Textiles Bachelor of Creative Intelligence and Innovation","","","","","","","","","","This course is tailored for aspiring fashion and textiles professionals seeking to hone their design skills with a forward-thinking approach. Choose this...","","","","","UNKNOWN","","","","","","","https://www.uts.edu.au/courses/bachelor-of-design-in-fashion-and-textiles-bachelor-of-creative-intelligence-and-innovation","2026-10-07T05:59:30.778Z","DRAFT","BLOCKED","PROGRAMME_CODE_REQUIRED | SUBJECT_CATEGORY_REQUIRED | SLUG_REQUIRED"
"programme_79e678441bd02ce4","university-of-technology-sydney","AU_UNIVERSITY_OF_TECHNOLOGY_SYDNEY","悉尼科技大学（UTS）","University of Technology Sydney","","","","Bachelor of Design in Visual Communication Bachelor of Creative Intelligence and Innovation","","","","","","","","","","This course is designed for aspiring visual communication professionals seeking to master the interplay between design, culture, and media. Choose this course...","","","","","UNKNOWN","","","","","","","https://www.uts.edu.au/courses/bachelor-of-design-in-visual-communication-bachelor-of-creative-intelligence-and-innovation","2026-10-07T05:59:33.009Z","DRAFT","BLOCKED","PROGRAMME_CODE_REQUIRED | SUBJECT_CATEGORY_REQUIRED | SLUG_REQUIRED"
"programme_2d449465b22d4470","university-of-technology-sydney","AU_UNIVERSITY_OF_TECHNOLOGY_SYDNEY","悉尼科技大学（UTS）","University of Technology Sydney","","","","Bachelor of Sport and Exercise Science Bachelor of Creative Intelligence and Innovation","","","","","","","","","","Prepare for a dynamic career in sport science, combining physical activity services with innovative problem-solving.","","","","","UNKNOWN","","","","","","","https://www.uts.edu.au/courses/bachelor-of-sport-and-exercise-science-bachelor-of-creative-intelligence-and-innovation","2026-10-07T05:59:34.863Z","DRAFT","BLOCKED","PROGRAMME_CODE_REQUIRED | SUBJECT_CATEGORY_REQUIRED | SLUG_REQUIRED"
"programme_b09e9ee54703e678","university-of-technology-sydney","AU_UNIVERSITY_OF_TECHNOLOGY_SYDNEY","悉尼科技大学（UTS）","University of Technology Sydney","","","","Graduate Certificate in Diabetes Education and Management","","","","","","","","","","Advance diabetes education and management skills. Study evidence-based care, patient assessment and self-management support for diverse clinical settings.","","","","","UNKNOWN","","","","","","","https://www.uts.edu.au/courses/graduate-certificate-in-diabetes-education-and-management","2026-10-07T05:59:36.813Z","DRAFT","BLOCKED","PROGRAMME_CODE_REQUIRED | SUBJECT_CATEGORY_REQUIRED | SLUG_REQUIRED"
"programme_f3e66cf9bc2d222e","university-of-technology-sydney","AU_UNIVERSITY_OF_TECHNOLOGY_SYDNEY","悉尼科技大学（UTS）","University of Technology Sydney","","","","Doctor of Philosophy (PhD Thesis: Orthoptics)","","","","","","","","","","Lead advancements in eye care and vision therapy.","","","","","UNKNOWN","","","","","","","https://www.uts.edu.au/courses/doctor-of-philosophy-phd-thesis-orthoptics","2026-10-07T05:59:38.708Z","DRAFT","BLOCKED","PROGRAMME_CODE_REQUIRED | SUBJECT_CATEGORY_REQUIRED | SLUG_REQUIRED"
"programme_03f3975ceea5ce16","university-of-technology-sydney","AU_UNIVERSITY_OF_TECHNOLOGY_SYDNEY","悉尼科技大学（UTS）","University of Technology Sydney","","","","Bachelor of Science Master of Teaching in Secondary Education","","","","","","","","","","Prepare for a dynamic teaching career with deep disciplinary knowledge and practical experience in science.","","","","","UNKNOWN","","","","","","","https://www.uts.edu.au/courses/bachelor-of-science-master-of-teaching-in-secondary-education","2026-10-07T05:59:40.845Z","DRAFT","BLOCKED","PROGRAMME_CODE_REQUIRED | SUBJECT_CATEGORY_REQUIRED | SLUG_REQUIRED"
"programme_60947a9f453ceab5","university-of-technology-sydney","AU_UNIVERSITY_OF_TECHNOLOGY_SYDNEY","悉尼科技大学（UTS）","University of Technology Sydney","","","","Doctor of Philosophy","","","","","","","","","","Pioneer new frontiers and innovate new technologies that are backed by science.","","","","","UNKNOWN","","","","","","","https://www.uts.edu.au/courses/doctor-of-philosophy-phd-thesis-science","2026-10-07T05:59:42.751Z","DRAFT","BLOCKED","PROGRAMME_CODE_REQUIRED | SUBJECT_CATEGORY_REQUIRED | SLUG_REQUIRED"
"programme_1d70ac923e181c75","university-of-technology-sydney","AU_UNIVERSITY_OF_TECHNOLOGY_SYDNEY","悉尼科技大学（UTS）","University of Technology Sydney","","","","Bachelor of Mathematical Sciences (Honours)","","","","","","","","","","An advanced honours year in mathematical sciences, developing research, analytical and problem-solving skills for careers in data science, finance, technology or further study.","","","","","UNKNOWN","","","","","","","https://www.uts.edu.au/courses/bachelor-of-mathematical-sciences-honours","2026-10-07T05:59:44.821Z","DRAFT","BLOCKED","PROGRAMME_CODE_REQUIRED | SUBJECT_CATEGORY_REQUIRED | SLUG_REQUIRED"
"programme_0134292be7fda487","university-of-technology-sydney","AU_UNIVERSITY_OF_TECHNOLOGY_SYDNEY","悉尼科技大学（UTS）","University of Technology Sydney","","","","Bachelor of Forensic Science Bachelor of Creative Intelligence and Innovation","","","","","","","","","","Prepare for a specialist career in forensic science with comprehensive training in innovation and creativity.","","","","","UNKNOWN","","","","","","","https://www.uts.edu.au/courses/bachelor-of-forensic-science-bachelor-of-creative-intelligence-and-innovation","2026-10-07T05:59:46.879Z","DRAFT","BLOCKED","PROGRAMME_CODE_REQUIRED | SUBJECT_CATEGORY_REQUIRED | SLUG_REQUIRED"
"programme_6a0ccc4715498f09","university-of-technology-sydney","AU_UNIVERSITY_OF_TECHNOLOGY_SYDNEY","悉尼科技大学（UTS）","University of Technology Sydney","","","","Bachelor of Information Systems Bachelor of Business","","","","","","","","","","Equip yourself with information systems and business skills for a dynamic career in technology management.","","","","","UNKNOWN","","","","","","","https://www.uts.edu.au/courses/bachelor-of-information-systems-bachelor-of-business","2026-10-07T05:59:48.810Z","DRAFT","BLOCKED","PROGRAMME_CODE_REQUIRED | SUBJECT_CATEGORY_REQUIRED | SLUG_REQUIRED"
"programme_fe0a8b2ba384c35f","university-of-technology-sydney","AU_UNIVERSITY_OF_TECHNOLOGY_SYDNEY","悉尼科技大学（UTS）","University of Technology Sydney","","","","Master of Interaction Design (Extension)","","","","","","","","","","Learn specialised skills in this rapidly advancing field.","","","","","UNKNOWN","","","","","","","https://www.uts.edu.au/courses/master-of-interaction-design-extension","2026-10-07T05:59:50.692Z","DRAFT","BLOCKED","PROGRAMME_CODE_REQUIRED | SUBJECT_CATEGORY_REQUIRED | SLUG_REQUIRED"
"programme_ad0a1ef2b8203d40","university-of-technology-sydney","AU_UNIVERSITY_OF_TECHNOLOGY_SYDNEY","悉尼科技大学（UTS）","University of Technology Sydney","","","","Doctor of Philosophy (PhD Thesis: Analytics)","","","","","","","","","","Undertake a PhD in Thesis Analytics at UTS. Conduct advanced research in data analytics, machine learning and decision systems with industry relevance.","","","","","UNKNOWN","","","","","","","https://www.uts.edu.au/courses/doctor-of-philosophy-phd-thesis-analytics","2026-10-07T05:59:52.711Z","DRAFT","BLOCKED","PROGRAMME_CODE_REQUIRED | SUBJECT_CATEGORY_REQUIRED | SLUG_REQUIRED"
"programme_1cd14b63771f88d7","university-of-technology-sydney","AU_UNIVERSITY_OF_TECHNOLOGY_SYDNEY","悉尼科技大学（UTS）","University of Technology Sydney","","","","Bachelor of Nursing Bachelor of Creative Intelligence and Innovation","","","","","","","","","","Combine nursing with creative intelligence at UTS. Build clinical capability and future-focused problem-solving skills for complex health settings.","","","","","UNKNOWN","","","","","","","https://www.uts.edu.au/courses/bachelor-of-nursing-bachelor-of-creative-intelligence-and-innovation","2026-10-07T05:59:56.862Z","DRAFT","BLOCKED","PROGRAMME_CODE_REQUIRED | SUBJECT_CATEGORY_REQUIRED | SLUG_REQUIRED"
"programme_92be05ee0b6b5765","university-of-technology-sydney","AU_UNIVERSITY_OF_TECHNOLOGY_SYDNEY","悉尼科技大学（UTS）","University of Technology Sydney","","","","Bachelor of Nursing (Honours)","","","","","","","","","","Extend your nursing expertise with the Bachelor of Nursing (Honours) at UTS. Build advanced research and analytical skills through an independent research project.","","","","","UNKNOWN","","","","","","","https://www.uts.edu.au/courses/bachelor-of-nursing-honours","2026-10-07T05:59:58.825Z","DRAFT","BLOCKED","PROGRAMME_CODE_REQUIRED | SUBJECT_CATEGORY_REQUIRED | SLUG_REQUIRED"
"programme_bc1d0d591289e580","university-of-technology-sydney","AU_UNIVERSITY_OF_TECHNOLOGY_SYDNEY","悉尼科技大学（UTS）","University of Technology Sydney","","","","Bachelor of Midwifery","","","","","","","","","","Study the Bachelor of Midwifery at UTS. Build clinical skills through real placements and graduate eligible for registration with the Nursing and Midwifery Board of Australia.","","","","","UNKNOWN","","","","","","","https://www.uts.edu.au/courses/bachelor-of-midwifery","2026-10-07T06:00:00.795Z","DRAFT","BLOCKED","PROGRAMME_CODE_REQUIRED | SUBJECT_CATEGORY_REQUIRED | SLUG_REQUIRED"
"programme_95193662d801bd58","university-of-technology-sydney","AU_UNIVERSITY_OF_TECHNOLOGY_SYDNEY","悉尼科技大学（UTS）","University of Technology Sydney","","","","Bachelor of Economics Master of Teaching in Secondary Education","","","","","","","","","","Prepare for a teaching career in Economics and Business Studies with our combined program.","","","","","UNKNOWN","","","","","","","https://www.uts.edu.au/courses/bachelor-of-economics-master-of-teaching-in-secondary-education","2026-10-07T06:00:03.012Z","DRAFT","BLOCKED","PROGRAMME_CODE_REQUIRED | SUBJECT_CATEGORY_REQUIRED | SLUG_REQUIRED"
"programme_58f088b25bf836e4","university-of-technology-sydney","AU_UNIVERSITY_OF_TECHNOLOGY_SYDNEY","悉尼科技大学（UTS）","University of Technology Sydney","","","","Bachelor of Economics","","","","","","","","","","Study economics at UTS and develop expertise in economic policy, behavioural economics and data analysis to tackle real-world challenges.","","","","","UNKNOWN","","","","","","","https://www.uts.edu.au/courses/bachelor-of-economics","2026-10-07T06:00:07.238Z","DRAFT","BLOCKED","PROGRAMME_CODE_REQUIRED | SUBJECT_CATEGORY_REQUIRED | SLUG_REQUIRED"
"programme_398545ef391149e6","university-of-technology-sydney","AU_UNIVERSITY_OF_TECHNOLOGY_SYDNEY","悉尼科技大学（UTS）","University of Technology Sydney","","","","Bachelor of Business Bachelor of Laws","","","","","","","","","","Combined undergraduate degree integrating business, management and law, developing commercial, legal and professional skills for leadership across industry roles.","","","","","UNKNOWN","","","","","","","https://www.uts.edu.au/courses/bachelor-of-business-bachelor-of-laws","2026-10-07T06:00:08.872Z","DRAFT","BLOCKED","PROGRAMME_CODE_REQUIRED | SUBJECT_CATEGORY_REQUIRED | SLUG_REQUIRED"
"programme_a2a0471aad94694f","university-of-technology-sydney","AU_UNIVERSITY_OF_TECHNOLOGY_SYDNEY","悉尼科技大学（UTS）","University of Technology Sydney","","","","Master of Business Analytics","","","","","","","","","","Study business analytics at UTS and develop expertise in data analytics, visualisation, machine learning and strategic decision-making.","","","","","UNKNOWN","","","","","","","https://www.uts.edu.au/courses/master-of-business-analytics","2026-10-07T06:00:36.256Z","DRAFT","BLOCKED","PROGRAMME_CODE_REQUIRED | SUBJECT_CATEGORY_REQUIRED | SLUG_REQUIRED"
"programme_f208e0e61ff3223d","university-of-technology-sydney","AU_UNIVERSITY_OF_TECHNOLOGY_SYDNEY","悉尼科技大学（UTS）","University of Technology Sydney","","","","Graduate Certificate in Business Analytics","","","","","","","","","","Be at the forefront of our data-driven world and achieve commercial and business success.","","","","","UNKNOWN","","","","","","","https://www.uts.edu.au/courses/graduate-certificate-in-business-analytics","2026-10-07T06:00:38.443Z","DRAFT","BLOCKED","PROGRAMME_CODE_REQUIRED | SUBJECT_CATEGORY_REQUIRED | SLUG_REQUIRED"
"programme_df6df18569d925b4","university-of-technology-sydney","AU_UNIVERSITY_OF_TECHNOLOGY_SYDNEY","悉尼科技大学（UTS）","University of Technology Sydney","","","","Bachelor of Business (Honours)","","","","","","","","","","Advance your study in the disciplinary areas of accounting, finance and economics, management or marketing.","","","","","UNKNOWN","","","","","","","https://www.uts.edu.au/courses/bachelor-of-business-honours","2026-10-07T06:00:40.352Z","DRAFT","BLOCKED","PROGRAMME_CODE_REQUIRED | SUBJECT_CATEGORY_REQUIRED | SLUG_REQUIRED"
"programme_1a3d2a5e989e4cbd","university-of-western-australia","AU_UNIVERSITY_OF_WESTERN_AUSTRALIA","西澳大学","The University of Western Australia","","","","Doctor of Philosophy","","","","","","","","","","The Doctor of Philosophy (PhD) is the University's flagship research degree, which can be taken in any discipline area in the University, providing that appropriate supervision and resources are available.","","","","","UNKNOWN","","","","","","","https://www.uwa.edu.au/study/courses/doctor-of-philosophy","2026-10-07T05:57:50.173Z","DRAFT","BLOCKED","PROGRAMME_CODE_REQUIRED | SUBJECT_CATEGORY_REQUIRED | SLUG_REQUIRED"
"programme_15c71b8559782fd9","university-of-western-australia","AU_UNIVERSITY_OF_WESTERN_AUSTRALIA","西澳大学","The University of Western Australia","","","","Master of Philosophy","","","","","","","","","","The Master of Philosophy (MPhil) is a program of independent, supervised research and is assessed solely on the basis of a thesis.","","","","","UNKNOWN","","","","","","","https://www.uwa.edu.au/study/courses/master-of-philosophy","2026-10-07T05:57:52.190Z","DRAFT","BLOCKED","PROGRAMME_CODE_REQUIRED | SUBJECT_CATEGORY_REQUIRED | SLUG_REQUIRED"
"programme_35d52797e29c9f49","university-of-western-australia","AU_UNIVERSITY_OF_WESTERN_AUSTRALIA","西澳大学","The University of Western Australia","","","","Doctor of Dental Medicine","","","","","","","","","","Home to WA's only tertiary Dental School, UWA has trained future dentists for more than 75 years. Taught by dedicated staff in state-of-the-art facilities.","","","","","UNKNOWN","","","","","","","https://www.uwa.edu.au/study/courses/doctor-of-dental-medicine","2026-10-07T05:57:54.318Z","DRAFT","BLOCKED","PROGRAMME_CODE_REQUIRED | SUBJECT_CATEGORY_REQUIRED | SLUG_REQUIRED"
"programme_186f3334306818ed","university-of-western-australia","AU_UNIVERSITY_OF_WESTERN_AUSTRALIA","西澳大学","The University of Western Australia","","","","Doctor of Medicine","","","","","","","","","","Doctor of Medicine (MD) graduates from UWA will be committed to the wellbeing of the patient, community and society as responsible, accountable, scholarly, capable, caring and culturally safe doctors.","","","","","UNKNOWN","","","","","","","https://www.uwa.edu.au/study/courses/doctor-of-MEDICINE","2026-10-07T05:57:56.341Z","DRAFT","BLOCKED","PROGRAMME_CODE_REQUIRED | SUBJECT_CATEGORY_REQUIRED | SLUG_REQUIRED"
"programme_7e09605b8606cbbe","university-of-western-australia","AU_UNIVERSITY_OF_WESTERN_AUSTRALIA","西澳大学","The University of Western Australia","","","","Doctor of Podiatric Medicine","","","","","","","","","","The Doctor of Podiatric Medicine degree is a comprehensive course designed to produce highly trained and competent podiatrists who are well prepared to enter clinical practice as primary contact health care practitioners in the diagnosis and treatment of conditions affecting the foot and ankle.","","","","","UNKNOWN","","","","","","","https://www.uwa.edu.au/study/courses/doctor-of-podiatric-medicine","2026-10-07T05:57:58.400Z","DRAFT","BLOCKED","PROGRAMME_CODE_REQUIRED | SUBJECT_CATEGORY_REQUIRED | SLUG_REQUIRED"
"programme_966561a695418396","university-of-western-australia","AU_UNIVERSITY_OF_WESTERN_AUSTRALIA","西澳大学","The University of Western Australia","","","","Master of Architecture","","","","","","","","","","Construct your career with a Master of Architecture.","","","","","UNKNOWN","","","","","","","https://www.uwa.edu.au/study/courses/master-of-architecture","2026-10-07T05:58:00.319Z","DRAFT","BLOCKED","PROGRAMME_CODE_REQUIRED | SUBJECT_CATEGORY_REQUIRED | SLUG_REQUIRED"
"programme_9cea39e69b9ef1f2","university-of-western-australia","AU_UNIVERSITY_OF_WESTERN_AUSTRALIA","西澳大学","The University of Western Australia","","","","Master of Landscape Architecture","","","","","","","","","","Bridge the worlds of art and science with a career in landscape architecture.","","","","","UNKNOWN","","","","","","","https://www.uwa.edu.au/study/courses/master-of-landscape-architecture","2026-10-07T05:58:02.276Z","DRAFT","BLOCKED","PROGRAMME_CODE_REQUIRED | SUBJECT_CATEGORY_REQUIRED | SLUG_REQUIRED"
"programme_fc61b44d9dba2098","university-of-western-australia","AU_UNIVERSITY_OF_WESTERN_AUSTRALIA","西澳大学","The University of Western Australia","","","","Master of Public Health","","","","","","","","","","This 1.5 year course can include a dissertation or practicum. It provides graduates with a suitable background and generalist qualification for a career in Public Health.","","","","","UNKNOWN","","","","","","","https://www.uwa.edu.au/study/courses/master-of-public-health","2026-10-07T05:58:04.298Z","DRAFT","BLOCKED","PROGRAMME_CODE_REQUIRED | SUBJECT_CATEGORY_REQUIRED | SLUG_REQUIRED"
"programme_3bcb882d4f960115","university-of-western-australia","AU_UNIVERSITY_OF_WESTERN_AUSTRALIA","西澳大学","The University of Western Australia","","","","Master of Public Health - Coursework","","","","","","","","","","This two-year course is ideal for international students and can include a dissertation and practicum. It provides graduates with a suitable background and generalist qualification for a career in Public Health.","","","","","UNKNOWN","","","","","","","https://www.uwa.edu.au/study/courses/master-of-public-health-specialisation","2026-10-07T05:58:06.277Z","DRAFT","BLOCKED","PROGRAMME_CODE_REQUIRED | SUBJECT_CATEGORY_REQUIRED | SLUG_REQUIRED"
"programme_960f6ce3be668d71","university-of-western-australia","AU_UNIVERSITY_OF_WESTERN_AUSTRALIA","西澳大学","The University of Western Australia","","","","Master of Translation Studies","","","","","","","","","","Gain world-class specialised translation training between English and one of ten Asian and European languages.","","","","","UNKNOWN","","","","","","","https://www.uwa.edu.au/study/courses/master-of-translation-studies","2026-10-07T05:58:08.385Z","DRAFT","BLOCKED","PROGRAMME_CODE_REQUIRED | SUBJECT_CATEGORY_REQUIRED | SLUG_REQUIRED"
"programme_f3c1e28f56a82e13","university-of-western-australia","AU_UNIVERSITY_OF_WESTERN_AUSTRALIA","西澳大学","The University of Western Australia","","","","Architecture","","","","","","","","","","Architecture is the conceptualisation and design of built forms in response to social, economic, environmental and technological needs.","","","","","UNKNOWN","","","","","","","https://www.uwa.edu.au/study/courses/architecture","2026-10-07T05:58:10.337Z","DRAFT","BLOCKED","PROGRAMME_CODE_REQUIRED | SUBJECT_CATEGORY_REQUIRED | SLUG_REQUIRED"
"programme_045cc14c0fcb3429","university-of-western-australia","AU_UNIVERSITY_OF_WESTERN_AUSTRALIA","西澳大学","The University of Western Australia","","","","Master of Business Analytics","","","","","","","","","","The recent explosion of available data, together with advances in technology, makes data leverage critical for better business decisions. Lead the way with a Master of Business Analytics at UWA.","","","","","UNKNOWN","","","","","","","https://www.uwa.edu.au/study/courses/master-of-business-analytics","2026-10-07T05:58:16.311Z","DRAFT","BLOCKED","PROGRAMME_CODE_REQUIRED | SUBJECT_CATEGORY_REQUIRED | SLUG_REQUIRED"
"programme_0271e040c72f12dc","university-of-western-australia","AU_UNIVERSITY_OF_WESTERN_AUSTRALIA","西澳大学","The University of Western Australia","","","","Master of Information Technology","","","","","","","","","","Gain advanced information technology skills to engage at the cutting edge of global technology solutions.","","","","","UNKNOWN","","","","","","","https://www.uwa.edu.au/study/courses/master-of-information-technology","2026-10-07T05:58:20.421Z","DRAFT","BLOCKED","PROGRAMME_CODE_REQUIRED | SUBJECT_CATEGORY_REQUIRED | SLUG_REQUIRED"
"programme_b6003cc9516cb29b","university-of-western-australia","AU_UNIVERSITY_OF_WESTERN_AUSTRALIA","西澳大学","The University of Western Australia","","","","Cybersecurity","","","","","","","","","","With a major in Cybersecurity from UWA, you’ll be ready for a range of specialist cybersecurity roles.","","","","","UNKNOWN","","","","","","","https://www.uwa.edu.au/study/courses/cybersecurity","2026-10-07T05:58:22.277Z","DRAFT","BLOCKED","PROGRAMME_CODE_REQUIRED | SUBJECT_CATEGORY_REQUIRED | SLUG_REQUIRED"
"programme_dd5d47675dc3e098","university-of-western-australia","AU_UNIVERSITY_OF_WESTERN_AUSTRALIA","西澳大学","The University of Western Australia","","","","Master of Teaching (Secondary)","","","","","","","","","","Expand your career. Learn alongside world-class thought leaders and develop the skills and knowledge to lead tomorrow's generation","","","","","UNKNOWN","","","","","","","https://www.uwa.edu.au/study/courses/master-of-teaching-secondary","2026-10-07T05:58:28.297Z","DRAFT","BLOCKED","PROGRAMME_CODE_REQUIRED | SUBJECT_CATEGORY_REQUIRED | SLUG_REQUIRED"
"programme_97527a86d940c867","university-of-western-australia","AU_UNIVERSITY_OF_WESTERN_AUSTRALIA","西澳大学","The University of Western Australia","","","","Master of Offshore and Coastal Engineering","","","","","","","","","","The Master of Offshore and Coastal Engineering prepares graduates from engineering backgrounds with the knowledge and practical skills to lead innovation in offshore and coastal engineering.","","","","","UNKNOWN","","","","","","","https://www.uwa.edu.au/study/courses/master-of-offshore-and-coastal-engineering","2026-10-07T05:58:34.347Z","DRAFT","BLOCKED","PROGRAMME_CODE_REQUIRED | SUBJECT_CATEGORY_REQUIRED | SLUG_REQUIRED"
"programme_87bac833914a111a","university-of-western-australia","AU_UNIVERSITY_OF_WESTERN_AUSTRALIA","西澳大学","The University of Western Australia","","","","Doctor of Medicine","","","","","","","","","","Doctor of Medicine (MD) graduates from UWA will be committed to the wellbeing of the patient, community and society as responsible, accountable, scholarly, capable, caring and culturally safe doctors.","","","","","UNKNOWN","","","","","","","https://www.uwa.edu.au/study/courses/doctor-of-medicine","2026-10-07T05:58:40.473Z","DRAFT","BLOCKED","PROGRAMME_CODE_REQUIRED | SUBJECT_CATEGORY_REQUIRED | SLUG_REQUIRED"
"programme_9935a85a68d44835","university-of-western-australia","AU_UNIVERSITY_OF_WESTERN_AUSTRALIA","西澳大学","The University of Western Australia","","","","Master of Strategic Communication","","","","","","","","","","Do you want to be the trusted senior communications adviser in your company?","","","","","UNKNOWN","","","","","","","https://www.uwa.edu.au/study/courses/master-of-strategic-communication","2026-10-07T05:58:46.450Z","DRAFT","BLOCKED","PROGRAMME_CODE_REQUIRED | SUBJECT_CATEGORY_REQUIRED | SLUG_REQUIRED"
"programme_946d5ec0470dcdac","university-of-western-australia","AU_UNIVERSITY_OF_WESTERN_AUSTRALIA","西澳大学","The University of Western Australia","","","","Business Analytics","","","","","","","","","","Combine knowledge in statistics and programming with practical applications to inform real-world business and economic decisions.","","","","","UNKNOWN","","","","","","","https://www.uwa.edu.au/study/Courses/Business-Analytics","2026-10-07T05:59:00.535Z","DRAFT","BLOCKED","PROGRAMME_CODE_REQUIRED | SUBJECT_CATEGORY_REQUIRED | SLUG_REQUIRED"
"programme_8cae29a8f982cc8e","university-of-western-australia","AU_UNIVERSITY_OF_WESTERN_AUSTRALIA","西澳大学","The University of Western Australia","","","","Master of Mining and Energy Law","","","","","","","","","","Do you want to lead in the global resources sector? This master's course provides the understanding you need to pursue careers in the mining and energy industries.","","","","","UNKNOWN","","","","","","","https://www.uwa.edu.au/study/courses/master-of-mining-and-energy-law","2026-10-07T05:59:04.489Z","DRAFT","BLOCKED","PROGRAMME_CODE_REQUIRED | SUBJECT_CATEGORY_REQUIRED | SLUG_REQUIRED"
"programme_25bc2eaab01800f9","university-of-western-australia","AU_UNIVERSITY_OF_WESTERN_AUSTRALIA","西澳大学","The University of Western Australia","","","","Juris Doctor","","","","","","","","","","The Juris Doctor gives you the knowledge and skills necessary to have a long and successful career in law.","","","","","UNKNOWN","","","","","","","https://www.uwa.edu.au/study/courses/juris-doctor","2026-10-07T05:59:06.555Z","DRAFT","BLOCKED","PROGRAMME_CODE_REQUIRED | SUBJECT_CATEGORY_REQUIRED | SLUG_REQUIRED"
"programme_f9e6d82b082c487f","university-of-western-australia","AU_UNIVERSITY_OF_WESTERN_AUSTRALIA","西澳大学","The University of Western Australia","","","","Master of Fine Arts","","","","","","","","","","Pursue your passion with a supervised research and arts practice experience.","","","","","UNKNOWN","","","","","","","https://www.uwa.edu.au/study/courses/master-of-fine-arts","2026-10-07T05:59:10.425Z","DRAFT","BLOCKED","PROGRAMME_CODE_REQUIRED | SUBJECT_CATEGORY_REQUIRED | SLUG_REQUIRED"
"programme_9173526cf57dcc86","university-of-western-australia","AU_UNIVERSITY_OF_WESTERN_AUSTRALIA","西澳大学","The University of Western Australia","","","","Physics","","","","","","","","","","Physics examines the world around us at the most fundamental level, from the origin and fate of the universe to the behaviour of matter on sub-atomic length scales and everything in between.","","","","","UNKNOWN","","","","","","","https://www.uwa.edu.au/study/Courses/Physics","2026-10-07T05:59:12.519Z","DRAFT","BLOCKED","PROGRAMME_CODE_REQUIRED | SUBJECT_CATEGORY_REQUIRED | SLUG_REQUIRED"
"programme_87353e6361c5437e","university-of-western-australia","AU_UNIVERSITY_OF_WESTERN_AUSTRALIA","西澳大学","The University of Western Australia","","","","Fine Arts","","","","","","","","","","Fine Arts is the creative exploration of ideas and the formation of concepts within the unique imaginative field of making art.","","","","","UNKNOWN","","","","","","","https://www.uwa.edu.au/study/Courses/Fine-Arts","2026-10-07T05:59:14.574Z","DRAFT","BLOCKED","PROGRAMME_CODE_REQUIRED | SUBJECT_CATEGORY_REQUIRED | SLUG_REQUIRED"
"programme_623d3f004dbbb48a","university-of-western-australia","AU_UNIVERSITY_OF_WESTERN_AUSTRALIA","西澳大学","The University of Western Australia","","","","Bachelor of Marine Science and Master of Environmental Science","","","","","","","","","","Gain specialised knowledge of marine life and a solid understanding of the physical processes across our coastal marine environments.","","","","","UNKNOWN","","","","","","","https://www.uwa.edu.au/study/courses/bachelor-of-marine-science-and-master-of-environmental-science","2026-10-07T05:59:24.383Z","DRAFT","BLOCKED","PROGRAMME_CODE_REQUIRED | SUBJECT_CATEGORY_REQUIRED | SLUG_REQUIRED"
"programme_b6b0ea96ffd72864","university-of-western-australia","AU_UNIVERSITY_OF_WESTERN_AUSTRALIA","西澳大学","The University of Western Australia","","","","Marine Science (Extended Major)","","","","","","","","","","This extended major will expose you to the full breadth of the marine science discipline, allowing deeper understanding of both the physical and biological components through the Marine Biology and Coastal Processes majors.","","","","","UNKNOWN","","","","","","","https://www.uwa.edu.au/study/courses/marine-science-extended-major","2026-10-07T05:59:28.119Z","DRAFT","BLOCKED","PROGRAMME_CODE_REQUIRED | SUBJECT_CATEGORY_REQUIRED | SLUG_REQUIRED"
"programme_941f9ea874454859","university-of-western-australia","AU_UNIVERSITY_OF_WESTERN_AUSTRALIA","西澳大学","The University of Western Australia","","","","Chemistry","","","","","","","","","","Chemistry is the study of reactions and interactions between atoms, compounds and ions. It provides the foundation for jobs in nanotechnology, pharmaceuticals, biotech, materials science, energy and resources, the environment, and agriculture.","","","","","UNKNOWN","","","","","","","https://www.uwa.edu.au/study/Courses/Chemistry","2026-10-07T05:59:30.144Z","DRAFT","BLOCKED","PROGRAMME_CODE_REQUIRED | SUBJECT_CATEGORY_REQUIRED | SLUG_REQUIRED"
"programme_8ee72842734fb7a2","university-of-western-australia","AU_UNIVERSITY_OF_WESTERN_AUSTRALIA","西澳大学","The University of Western Australia","","","","Graduate Certificate in Business Psychology Online","","","","","","","","","","Develop your skills to apply psychological knowledge to create better workplaces.","","","","","UNKNOWN","","","","","","","https://www.uwa.edu.au/study/courses/graduate-certificate-in-business-psychology-online","2026-10-07T05:59:32.211Z","DRAFT","BLOCKED","PROGRAMME_CODE_REQUIRED | SUBJECT_CATEGORY_REQUIRED | SLUG_REQUIRED"
"programme_b1bbf89709079897","university-of-western-australia","AU_UNIVERSITY_OF_WESTERN_AUSTRALIA","西澳大学","The University of Western Australia","","","","Psychological and Behavioural Sciences","","","","","","","","","","Psychology is a fascinating and diverse area of study that seeks to answer questions about how and why people behave the way they do.","","","","","UNKNOWN","","","","","","","https://www.uwa.edu.au/study/courses/psychological-and-behavioural-sciences","2026-10-07T05:59:34.323Z","DRAFT","BLOCKED","PROGRAMME_CODE_REQUIRED | SUBJECT_CATEGORY_REQUIRED | SLUG_REQUIRED"
"programme_aa02a8cee9382a8f","university-of-western-australia","AU_UNIVERSITY_OF_WESTERN_AUSTRALIA","西澳大学","The University of Western Australia","","","","Master of Professional Psychology coursework","","","","","","","","","","Preparing you for registration with practical training, placements, and rural and remote readiness.","","","","","UNKNOWN","","","","","","","https://www.uwa.edu.au/study/courses/master-of-professional-psychology-coursework","2026-10-07T05:59:40.379Z","DRAFT","BLOCKED","PROGRAMME_CODE_REQUIRED | SUBJECT_CATEGORY_REQUIRED | SLUG_REQUIRED"
"programme_5b0243442047296f","university-of-western-australia","AU_UNIVERSITY_OF_WESTERN_AUSTRALIA","西澳大学","The University of Western Australia","","","","Automation and Robotics Engineering","","","","","","","","","","Become an industry-ready automation and robotics engineer with real-world experience in just four years. Graduate with the key skills and qualities employers need in new engineers to succeed in their rapidly evolving sectors","","","","","UNKNOWN","","","","","","","https://www.uwa.edu.au/study/courses/automation-and-robotics-engineering","2026-10-07T05:59:42.241Z","DRAFT","BLOCKED","PROGRAMME_CODE_REQUIRED | SUBJECT_CATEGORY_REQUIRED | SLUG_REQUIRED"
"programme_1f2ca58084e123d9","university-of-western-australia","AU_UNIVERSITY_OF_WESTERN_AUSTRALIA","西澳大学","The University of Western Australia","","","","Biomedical Engineering","","","","","","","","","","Biomedical Engineering takes engineering design and principles together with computing, mathematics, life sciences and medicine to improve diagnosis, treatment and prevention of disease and disability.","","","","","UNKNOWN","","","","","","","https://www.uwa.edu.au/study/courses/biomedical-engineering","2026-10-07T05:59:44.249Z","DRAFT","BLOCKED","PROGRAMME_CODE_REQUIRED | SUBJECT_CATEGORY_REQUIRED | SLUG_REQUIRED"
"programme_661e3aaf89fc6632","university-of-western-australia","AU_UNIVERSITY_OF_WESTERN_AUSTRALIA","西澳大学","The University of Western Australia","","","","Chemical Engineering","","","","","","","","","","Become an industry-ready chemical engineer with real-world experience in just four years. Graduate with the key skills and qualities employers need in new engineers to succeed in their rapidly evolving sectors","","","","","UNKNOWN","","","","","","","https://www.uwa.edu.au/study/courses/chemical-engineering","2026-10-07T05:59:46.451Z","DRAFT","BLOCKED","PROGRAMME_CODE_REQUIRED | SUBJECT_CATEGORY_REQUIRED | SLUG_REQUIRED"
"programme_6b5a966533d8e5ec","university-of-western-australia","AU_UNIVERSITY_OF_WESTERN_AUSTRALIA","西澳大学","The University of Western Australia","","","","Civil Engineering","","","","","","","","","","Become an industry-ready civil engineer with real-world experience in just four years. Graduate with the key skills and qualities employers need in new engineers to succeed in their rapidly evolving sectors","","","","","UNKNOWN","","","","","","","https://www.uwa.edu.au/study/courses/civil-engineering","2026-10-07T05:59:48.292Z","DRAFT","BLOCKED","PROGRAMME_CODE_REQUIRED | SUBJECT_CATEGORY_REQUIRED | SLUG_REQUIRED"
"programme_223ccb5bd7cad8c7","university-of-western-australia","AU_UNIVERSITY_OF_WESTERN_AUSTRALIA","西澳大学","The University of Western Australia","","","","Electrical and Electronic Engineering","","","","","","","","","","Become an industry-ready electrical and electronic engineer with real-world experience in just four years. Graduate with the key skills and qualities employers need in new engineers to succeed in their rapidly evolving sectors","","","","","UNKNOWN","","","","","","","https://www.uwa.edu.au/study/courses/electrical-and-electronic-engineering","2026-10-07T05:59:50.298Z","DRAFT","BLOCKED","PROGRAMME_CODE_REQUIRED | SUBJECT_CATEGORY_REQUIRED | SLUG_REQUIRED"
"programme_6134ef922290420d","university-of-western-australia","AU_UNIVERSITY_OF_WESTERN_AUSTRALIA","西澳大学","The University of Western Australia","","","","Environmental Engineering","","","","","","","","","","Become an industry-ready environmental engineer with real-world experience in just four years. Graduate with the key skills and qualities employers need in new engineers to succeed in their rapidly evolving sectors","","","","","UNKNOWN","","","","","","","https://www.uwa.edu.au/study/courses/environmental-engineering","2026-10-07T05:59:52.470Z","DRAFT","BLOCKED","PROGRAMME_CODE_REQUIRED | SUBJECT_CATEGORY_REQUIRED | SLUG_REQUIRED"
"programme_e5389d27e3a515ab","university-of-western-australia","AU_UNIVERSITY_OF_WESTERN_AUSTRALIA","西澳大学","The University of Western Australia","","","","Mechanical Engineering","","","","","","","","","","Become an industry-ready mechanical engineer with real-world experience in just four years. Graduate with the key skills and qualities employers need in new engineers to succeed in their rapidly evolving sectors","","","","","UNKNOWN","","","","","","","https://www.uwa.edu.au/study/courses/mechanical-engineering","2026-10-07T05:59:54.402Z","DRAFT","BLOCKED","PROGRAMME_CODE_REQUIRED | SUBJECT_CATEGORY_REQUIRED | SLUG_REQUIRED"
"programme_52d51c1d42ae9f2a","university-of-western-australia","AU_UNIVERSITY_OF_WESTERN_AUSTRALIA","西澳大学","The University of Western Australia","","","","Mining Engineering","","","","","","","","","","Become an industry-ready mining engineer with real-world experience in just four years. Graduate with the key skills and qualities employers need in new engineers to succeed in their rapidly evolving sectors","","","","","UNKNOWN","","","","","","","https://www.uwa.edu.au/study/courses/mining-engineering","2026-10-07T05:59:56.270Z","DRAFT","BLOCKED","PROGRAMME_CODE_REQUIRED | SUBJECT_CATEGORY_REQUIRED | SLUG_REQUIRED"
"programme_8567fe987e2b0b4d","university-of-western-australia","AU_UNIVERSITY_OF_WESTERN_AUSTRALIA","西澳大学","The University of Western Australia","","","","Software Engineering","","","","","","","","","","Become an industry-ready software engineer with real-world experience in just four years. Graduate with the key skills and qualities employers need in new engineers to succeed in their rapidly evolving sectors","","","","","UNKNOWN","","","","","","","https://www.uwa.edu.au/study/courses/software-engineering","2026-10-07T05:59:58.349Z","DRAFT","BLOCKED","PROGRAMME_CODE_REQUIRED | SUBJECT_CATEGORY_REQUIRED | SLUG_REQUIRED"
"programme_529f223357ece7b8","university-of-western-australia","AU_UNIVERSITY_OF_WESTERN_AUSTRALIA","西澳大学","The University of Western Australia","","","","Accounting","","","","","","","","","","Speak the language of business as you learn to summarise, analyse and interpret financial information for shareholders, managers and other stakeholders.","","","","","UNKNOWN","","","","","","","https://www.uwa.edu.au/study/courses/accounting","2026-10-07T06:00:00.526Z","DRAFT","BLOCKED","PROGRAMME_CODE_REQUIRED | SUBJECT_CATEGORY_REQUIRED | SLUG_REQUIRED"
"programme_5c495b627f502734","university-of-western-australia","AU_UNIVERSITY_OF_WESTERN_AUSTRALIA","西澳大学","The University of Western Australia","","","","Business Law","","","","","","","","","","Business Law is an ideal major for anyone planning a career in the business or government sectors. This major also lays the foundations for a successful postgraduate studies in law.","","","","","UNKNOWN","","","","","","","https://www.uwa.edu.au/study/courses/business-law","2026-10-07T06:00:02.431Z","DRAFT","BLOCKED","PROGRAMME_CODE_REQUIRED | SUBJECT_CATEGORY_REQUIRED | SLUG_REQUIRED"
"programme_f979c1d3b3bd2ad4","university-of-western-australia","AU_UNIVERSITY_OF_WESTERN_AUSTRALIA","西澳大学","The University of Western Australia","","","","Business Economics single major","","","","","","","","","","With a major in Business Economics, you'll gain an understanding of the way the world works, from the stock market to national economies and the world economy.","","","","","UNKNOWN","","","","","","","https://www.uwa.edu.au/study/courses/business-economics","2026-10-07T06:00:04.547Z","DRAFT","BLOCKED","PROGRAMME_CODE_REQUIRED | SUBJECT_CATEGORY_REQUIRED | SLUG_REQUIRED"
"programme_a6ab64328dc37ea5","university-of-wollongong","AU_UNIVERSITY_OF_WOLLONGONG","伍伦贡大学","University of Wollongong","","","","Bachelor of Arts","","","","","","","","","","Follow your passions. Think critically about our changing world. Open doors to diverse career opportunities.","","","","","UNKNOWN","","","","","","","https://www.uow.edu.au/study/courses/bachelor-of-arts/","2026-10-07T04:00:23.718Z","DRAFT","BLOCKED","PROGRAMME_CODE_REQUIRED | SUBJECT_CATEGORY_REQUIRED | SLUG_REQUIRED"
"programme_2ca87af26844871f","university-of-wollongong","AU_UNIVERSITY_OF_WOLLONGONG","伍伦贡大学","University of Wollongong","","","","Bachelor of Arts - Bachelor of Business","","","","","","","","","","Enhance your career prospects with a double degree in Arts and Business at UOW. Develop essential skills and insights for success in a competitive job market.","","","","","UNKNOWN","","","","","","","https://www.uow.edu.au/study/courses/bachelor-of-arts---bachelor-of-business/","2026-10-07T04:00:27.730Z","DRAFT","BLOCKED","PROGRAMME_CODE_REQUIRED | SUBJECT_CATEGORY_REQUIRED | SLUG_REQUIRED"
"programme_472b8c231ebb4d77","university-of-wollongong","AU_UNIVERSITY_OF_WOLLONGONG","伍伦贡大学","University of Wollongong","","","","Bachelor of Arts - Bachelor of Communication and Media","","","","","","","","","","Develop essential skills in analysis, media production, and problem-solving for a successful career. Study a double degree in Arts and Communication at UOW.","","","","","UNKNOWN","","","","","","","https://www.uow.edu.au/study/courses/bachelor-of-arts---bachelor-of-communication-and-media/","2026-10-07T04:00:31.731Z","DRAFT","BLOCKED","PROGRAMME_CODE_REQUIRED | SUBJECT_CATEGORY_REQUIRED | SLUG_REQUIRED"
"programme_6000c0ddc91631fc","university-of-wollongong","AU_UNIVERSITY_OF_WOLLONGONG","伍伦贡大学","University of Wollongong","","","","Bachelor of Arts - Bachelor of International Studies","","","","","","","","","","Understand global challenges. Open doors to diverse careers. Create impact across borders. ","","","","","UNKNOWN","","","","","","","https://www.uow.edu.au/study/courses/bachelor-of-arts---bachelor-of-international-studies/","2026-10-07T04:00:35.758Z","DRAFT","BLOCKED","PROGRAMME_CODE_REQUIRED | SUBJECT_CATEGORY_REQUIRED | SLUG_REQUIRED"
"programme_6b61ebbaa8fac0fc","university-of-wollongong","AU_UNIVERSITY_OF_WOLLONGONG","伍伦贡大学","University of Wollongong","","","","Bachelor of Arts - Bachelor of Laws","","","","","","","","","","Experience a comprehensive legal education while honing critical skills for a successful career in today's world. Explore a double degree in Arts & Law at UOW.","","","","","UNKNOWN","","","","","","","https://www.uow.edu.au/study/courses/bachelor-of-arts---bachelor-of-laws/","2026-10-07T04:00:39.777Z","DRAFT","BLOCKED","PROGRAMME_CODE_REQUIRED | SUBJECT_CATEGORY_REQUIRED | SLUG_REQUIRED"
"programme_2f1c3468e0cd46e1","university-of-wollongong","AU_UNIVERSITY_OF_WOLLONGONG","伍伦贡大学","University of Wollongong","","","","Bachelor of Arts (Community, Culture and Environment)","","","","","","","","","","Follow your passions. Think critically about our changing world. Open doors to diverse career opportunities.","","","","","UNKNOWN","","","","","","","https://www.uow.edu.au/study/courses/bachelor-of-arts/?major=44093","2026-10-07T04:00:43.771Z","DRAFT","BLOCKED","PROGRAMME_CODE_REQUIRED | SUBJECT_CATEGORY_REQUIRED | SLUG_REQUIRED"
"programme_8c60649c1ac8ddfb","university-of-wollongong","AU_UNIVERSITY_OF_WOLLONGONG","伍伦贡大学","University of Wollongong","","","","Bachelor of Arts (English Literatures)","","","","","","","","","","Follow your passions. Think critically about our changing world. Open doors to diverse career opportunities.","","","","","UNKNOWN","","","","","","","https://www.uow.edu.au/study/courses/bachelor-of-arts/?major=44036","2026-10-07T04:00:47.788Z","DRAFT","BLOCKED","PROGRAMME_CODE_REQUIRED | SUBJECT_CATEGORY_REQUIRED | SLUG_REQUIRED"
"programme_c14878aff52cd99d","university-of-wollongong","AU_UNIVERSITY_OF_WOLLONGONG","伍伦贡大学","University of Wollongong","","","","Bachelor of Arts (Geography)","","","","","","","","","","Follow your passions. Think critically about our changing world. Open doors to diverse career opportunities.","","","","","UNKNOWN","","","","","","","https://www.uow.edu.au/study/courses/bachelor-of-arts/?major=45340","2026-10-07T04:00:51.826Z","DRAFT","BLOCKED","PROGRAMME_CODE_REQUIRED | SUBJECT_CATEGORY_REQUIRED | SLUG_REQUIRED"
"programme_a836a8db65227591","university-of-wollongong","AU_UNIVERSITY_OF_WOLLONGONG","伍伦贡大学","University of Wollongong","","","","Bachelor of Arts (Global Communications)","","","","","","","","","","Follow your passions. Think critically about our changing world. Open doors to diverse career opportunities.","","","","","UNKNOWN","","","","","","","https://www.uow.edu.au/study/courses/bachelor-of-arts/?major=45527","2026-10-07T04:00:55.827Z","DRAFT","BLOCKED","PROGRAMME_CODE_REQUIRED | SUBJECT_CATEGORY_REQUIRED | SLUG_REQUIRED"
"programme_02a11e9ac29a0c62","university-of-wollongong","AU_UNIVERSITY_OF_WOLLONGONG","伍伦贡大学","University of Wollongong","","","","Bachelor of Arts (History)","","","","","","","","","","Follow your passions. Think critically about our changing world. Open doors to diverse career opportunities.","","","","","UNKNOWN","","","","","","","https://www.uow.edu.au/study/courses/bachelor-of-arts/?major=44138","2026-10-07T04:00:59.885Z","DRAFT","BLOCKED","PROGRAMME_CODE_REQUIRED | SUBJECT_CATEGORY_REQUIRED | SLUG_REQUIRED"
"programme_9e040c1cfcdb44ed","university-of-wollongong","AU_UNIVERSITY_OF_WOLLONGONG","伍伦贡大学","University of Wollongong","","","","Bachelor of Arts","","","","","","","","","","Follow your passions. Think critically about our changing world. Open doors to diverse career opportunities.","","","","","UNKNOWN","","","","","","","https://www.uow.edu.au/study/courses/bachelor-of-arts/?addCourse=410100","2026-10-07T04:01:22.638Z","DRAFT","BLOCKED","PROGRAMME_CODE_REQUIRED | SUBJECT_CATEGORY_REQUIRED | SLUG_REQUIRED"
"programme_e88e8a1990bed730","university-of-wollongong","AU_UNIVERSITY_OF_WOLLONGONG","伍伦贡大学","University of Wollongong","","","","Bachelor of Arts","","","","","","","","","","Follow your passions. Think critically about our changing world. Open doors to diverse career opportunities.","","","","","UNKNOWN","","","","","","","https://www.uow.edu.au/study/courses/bachelor-of-arts/?major=deciding&students=international&campus=Wollongong&year=2026","2026-10-07T04:01:26.388Z","DRAFT","BLOCKED","PROGRAMME_CODE_REQUIRED | SUBJECT_CATEGORY_REQUIRED | SLUG_REQUIRED"
"programme_7c2475f6661cf1fc","university-of-wollongong","AU_UNIVERSITY_OF_WOLLONGONG","伍伦贡大学","University of Wollongong","","","","Bachelor of Arts (Creative Writing)","","","","","","","","","","Follow your passions. Think critically about our changing world. Open doors to diverse career opportunities.","","","","","UNKNOWN","","","","","","","https://www.uow.edu.au/study/courses/bachelor-of-arts/?major=45835&students=international&campus=Wollongong&year=2026","2026-10-07T04:01:28.391Z","DRAFT","BLOCKED","PROGRAMME_CODE_REQUIRED | SUBJECT_CATEGORY_REQUIRED | SLUG_REQUIRED"
"programme_76aaef7175cacc7c","university-of-wollongong","AU_UNIVERSITY_OF_WOLLONGONG","伍伦贡大学","University of Wollongong","","","","Bachelor of Arts (English Literatures)","","","","","","","","","","Follow your passions. Think critically about our changing world. Open doors to diverse career opportunities.","","","","","UNKNOWN","","","","","","","https://www.uow.edu.au/study/courses/bachelor-of-arts/?major=44036&students=international&campus=Wollongong&year=2026","2026-10-07T04:01:30.394Z","DRAFT","BLOCKED","PROGRAMME_CODE_REQUIRED | SUBJECT_CATEGORY_REQUIRED | SLUG_REQUIRED"
"programme_ab433bc3ce03e237","university-of-wollongong","AU_UNIVERSITY_OF_WOLLONGONG","伍伦贡大学","University of Wollongong","","","","Bachelor of Arts (Geography)","","","","","","","","","","Follow your passions. Think critically about our changing world. Open doors to diverse career opportunities.","","","","","UNKNOWN","","","","","","","https://www.uow.edu.au/study/courses/bachelor-of-arts/?major=45340&students=international&campus=Wollongong&year=2026","2026-10-07T04:01:32.428Z","DRAFT","BLOCKED","PROGRAMME_CODE_REQUIRED | SUBJECT_CATEGORY_REQUIRED | SLUG_REQUIRED"
"programme_da46eeb23c0c07d9","university-of-wollongong","AU_UNIVERSITY_OF_WOLLONGONG","伍伦贡大学","University of Wollongong","","","","Bachelor of Arts (Global Communications)","","","","","","","","","","Follow your passions. Think critically about our changing world. Open doors to diverse career opportunities.","","","","","UNKNOWN","","","","","","","https://www.uow.edu.au/study/courses/bachelor-of-arts/?major=45527&students=international&campus=Wollongong&year=2026","2026-10-07T04:01:34.419Z","DRAFT","BLOCKED","PROGRAMME_CODE_REQUIRED | SUBJECT_CATEGORY_REQUIRED | SLUG_REQUIRED"
"programme_88f2398c32a7fa69","university-of-wollongong","AU_UNIVERSITY_OF_WOLLONGONG","伍伦贡大学","University of Wollongong","","","","Bachelor of Arts (History)","","","","","","","","","","Follow your passions. Think critically about our changing world. Open doors to diverse career opportunities.","","","","","UNKNOWN","","","","","","","https://www.uow.edu.au/study/courses/bachelor-of-arts/?major=44138&students=international&campus=Wollongong&year=2026","2026-10-07T04:01:36.439Z","DRAFT","BLOCKED","PROGRAMME_CODE_REQUIRED | SUBJECT_CATEGORY_REQUIRED | SLUG_REQUIRED"
"programme_1c4ad2d5c2e08570","university-of-wollongong","AU_UNIVERSITY_OF_WOLLONGONG","伍伦贡大学","University of Wollongong","","","","Bachelor of Arts (Indigenous Studies)","","","","","","","","","","Follow your passions. Think critically about our changing world. Open doors to diverse career opportunities.","","","","","UNKNOWN","","","","","","","https://www.uow.edu.au/study/courses/bachelor-of-arts/?major=44098&students=international&campus=Wollongong&year=2026","2026-10-07T04:01:38.450Z","DRAFT","BLOCKED","PROGRAMME_CODE_REQUIRED | SUBJECT_CATEGORY_REQUIRED | SLUG_REQUIRED"
"programme_b569dc1621da0db7","university-of-wollongong","AU_UNIVERSITY_OF_WOLLONGONG","伍伦贡大学","University of Wollongong","","","","Bachelor of Arts (International Relations)","","","","","","","","","","Follow your passions. Think critically about our changing world. Open doors to diverse career opportunities.","","","","","UNKNOWN","","","","","","","https://www.uow.edu.au/study/courses/bachelor-of-arts/?major=44142&students=international&campus=Wollongong&year=2026","2026-10-07T04:01:40.472Z","DRAFT","BLOCKED","PROGRAMME_CODE_REQUIRED | SUBJECT_CATEGORY_REQUIRED | SLUG_REQUIRED"
"programme_18404abe574e7aa8","university-of-wollongong","AU_UNIVERSITY_OF_WOLLONGONG","伍伦贡大学","University of Wollongong","","","","Bachelor of Arts (Legal Studies)","","","","","","","","","","Follow your passions. Think critically about our changing world. Open doors to diverse career opportunities.","","","","","UNKNOWN","","","","","","","https://www.uow.edu.au/study/courses/bachelor-of-arts/?major=44161&students=international&campus=Wollongong&year=2026","2026-10-07T04:01:42.457Z","DRAFT","BLOCKED","PROGRAMME_CODE_REQUIRED | SUBJECT_CATEGORY_REQUIRED | SLUG_REQUIRED"
"programme_a1d555c9502ad836","university-of-wollongong","AU_UNIVERSITY_OF_WOLLONGONG","伍伦贡大学","University of Wollongong","","","","Bachelor of Arts (Performance and Theatre)","","","","","","","","","","Follow your passions. Think critically about our changing world. Open doors to diverse career opportunities.","","","","","UNKNOWN","","","","","","","https://www.uow.edu.au/study/courses/bachelor-of-arts/?major=45830&students=international&campus=Wollongong&year=2026","2026-10-07T04:01:44.480Z","DRAFT","BLOCKED","PROGRAMME_CODE_REQUIRED | SUBJECT_CATEGORY_REQUIRED | SLUG_REQUIRED"
"programme_f1d0f2a04346e3ab","unsw-sydney","AU_UNSW_SYDNEY","新南威尔士大学（UNSW Sydney）","UNSW Sydney","","","","Bachelor of Science","","Environmental Management & Sciences","","Undergraduate","","Face-to-face (includes blended)","36","3 Year(s)","","Discover how a science degree can unlock a world of possibilities. UNSW Sydney helps unearth your passion from oceanography to neuroscience, biotech to anatomy.","","","","","UNKNOWN","","","","","","","https://www.unsw.edu.au/study/undergraduate/bachelor-of-science","2026-10-07T04:00:44.349Z","DRAFT","BLOCKED","PROGRAMME_CODE_REQUIRED | SUBJECT_CATEGORY_REQUIRED | SLUG_REQUIRED"
"programme_ee25141f465cb8e5","unsw-sydney","AU_UNSW_SYDNEY","新南威尔士大学（UNSW Sydney）","UNSW Sydney","","","","Bachelor of Advanced Science Honours","","Environmental Management & Sciences","","Undergraduate","","Face-to-face (includes blended)","48","4 Year(s)","","The Bachelor of Advanced Science (Honours) gives you the flexibility to explore different science disciplines to find the path that’s right for you.  ","","","","","UNKNOWN","","","","","","","https://www.unsw.edu.au/study/undergraduate/bachelor-of-advanced-science-honours","2026-10-07T04:00:54.359Z","DRAFT","BLOCKED","PROGRAMME_CODE_REQUIRED | SUBJECT_CATEGORY_REQUIRED | SLUG_REQUIRED"
"programme_1b1aec4437f2acd8","unsw-sydney","AU_UNSW_SYDNEY","新南威尔士大学（UNSW Sydney）","UNSW Sydney","","","","University Preparation Program","","DVC (Academic) Board of Studies","","Undergraduate","","Face-to-face (includes blended)","12","1 Year","","Get uni-ready with our University Preparation Program. You'll gain the foundational skills needed for undergraduate study.","","","","","UNKNOWN","","","","","","","https://www.unsw.edu.au/study/undergraduate/university-preparation-program","2026-10-07T04:01:04.359Z","DRAFT","BLOCKED","PROGRAMME_CODE_REQUIRED | SUBJECT_CATEGORY_REQUIRED | SLUG_REQUIRED"
"programme_0eb33c542b714387","unsw-sydney","AU_UNSW_SYDNEY","新南威尔士大学（UNSW Sydney）","UNSW Sydney","","","","Bachelor of Science Honours","","Faculty of Science","","Undergraduate","","Face-to-face (includes blended)","12","1 Year(s)","","Pursue a science career and study the Bachelor of Science (Hons). Choose from 29 specialisations at UNSW Sydney—#1 Australian uni attended by start-up founders.","","","","","UNKNOWN","","","","","","","https://www.unsw.edu.au/study/undergraduate/bachelor-of-science-honours","2026-10-07T04:01:14.424Z","DRAFT","BLOCKED","PROGRAMME_CODE_REQUIRED | SUBJECT_CATEGORY_REQUIRED | SLUG_REQUIRED"
"programme_d121d47a74fbdee0","unsw-sydney","AU_UNSW_SYDNEY","新南威尔士大学（UNSW Sydney）","UNSW Sydney","","","","Bachelor of Psychological Science Honours","","Medicine & Health Science","","Undergraduate","","Face-to-face (includes blended), Research","12","1 Year(s)","","Deepen your knowledge psychology approaches with the UNSW Bachelor of Psychological Science (Honours). Australian Psychology Accreditation Council accredited.","","","","","UNKNOWN","","","","","","","https://www.unsw.edu.au/study/undergraduate/bachelor-of-psychological-science-honours","2026-10-07T04:01:24.391Z","DRAFT","BLOCKED","PROGRAMME_CODE_REQUIRED | SUBJECT_CATEGORY_REQUIRED | SLUG_REQUIRED"
