"programmeCandidateId","universitySourceKey","sectionType","titleZh","titleEn","bodyZh","bodyEn","sortOrder","sourceUrl","sourceCheckedAt","status"
"programme_1b0aac5c8a2e5385","adelaide-university","OVERVIEW","","Overview","","This course has been developed by our student recruitment team to provide career counsellors and teachers with insider knowledge about key university concepts. We hope that these tools can help you assist your students in their transition from school to university a little easier!","0","https://catalog.adelaide.edu.au/browse/dr/courses/adelaide-edu","2026-10-07T05:57:24.203Z","DRAFT"
"programme_9cc6056a094b0306","adelaide-university","OVERVIEW","","Overview","","ComPass 2024 Farm Animal Welfare","0","https://catalog.adelaide.edu.au/browse/pace/compass2024/courses/compass-2024-farm-animal-welfare","2026-10-07T05:57:26.167Z","DRAFT"
"programme_aa45cc9780b61662","adelaide-university","OVERVIEW","","Overview","","ComPass 2024 Module 1: Animal Ethics - Aseptic Technique","0","https://catalog.adelaide.edu.au/browse/pace/compass2024/courses/compass-2024-module-1-animal-ethics-aseptic-technique","2026-10-07T05:57:28.326Z","DRAFT"
"programme_78fa37b1d2b0abb3","adelaide-university","OVERVIEW","","Overview","","ComPass 2024 Module 2: Animal Ethics - Minimally Invasive Techniques Without Anaesthesia, Including Wildlife Trapping","0","https://catalog.adelaide.edu.au/browse/pace/compass2024/courses/compass-2024-module-2-animal-ethics-minimally-invasive-techniques-without-anaesthesia-including-wildlife-trapping","2026-10-07T05:57:30.202Z","DRAFT"
"programme_03c0a6195b9fea75","adelaide-university","OVERVIEW","","Overview","","ComPass 2024 Module 3: Animal Ethics - Anesthesia for Minor Procedures","0","https://catalog.adelaide.edu.au/browse/pace/compass2024/courses/compass-2024-module-3-animal-ethics-anesthesia-for-minor-procedures","2026-10-07T05:57:32.226Z","DRAFT"
"programme_d2b7174957ed8cbb","adelaide-university","OVERVIEW","","Overview","","ComPass 2024 Module 4: Animal Ethics - Anesthesia for Major Procedures","0","https://catalog.adelaide.edu.au/browse/pace/compass2024/courses/compass-2024-module-4-animal-ethics-anesthesia-for-major-procedures","2026-10-07T05:57:34.234Z","DRAFT"
"programme_299f8184917eecf2","adelaide-university","OVERVIEW","","Overview","","ComPass 2024 Module 5: Animal Ethics - Surgery Principles, Methods and Materials","0","https://catalog.adelaide.edu.au/browse/pace/compass2024/courses/compass-2024-module-5-animal-ethics-surgery-principles-methods-and-materials","2026-10-07T05:57:36.231Z","DRAFT"
"programme_c0e5e12010a0ad9f","adelaide-university","OVERVIEW","","Overview","","ComPass 2024 Module 6: Animal Ethics - Performing a Systematic Post-Mortem Examination","0","https://catalog.adelaide.edu.au/browse/pace/compass2024/courses/compass-2024-module-6-animal-ethics-performing-a-systematic-post-mortem-examination","2026-10-07T05:57:38.202Z","DRAFT"
"programme_e18edfb4f3e59fe9","adelaide-university","OVERVIEW","","Overview","","ComPass 2024 Module 7: Animal Ethics - Establishing and Managing a Rodent Breeding Colony","0","https://catalog.adelaide.edu.au/browse/pace/compass2024/courses/compass-2024-module-7-animal-ethics","2026-10-07T05:57:40.251Z","DRAFT"
"programme_51efb8fa9651b059","adelaide-university","OVERVIEW","","Overview","","ComPass 2024 Module 8: Animal Ethics - Maximising Welfare and Behavioural Assessment in Research Animals","0","https://catalog.adelaide.edu.au/browse/pace/compass2024/courses/compass-2024-module-8-animal-ethics-maximising-welfare-and-behavioural-assessment-in-research-animals","2026-10-07T05:57:42.206Z","DRAFT"
"programme_c68ec651fdf5cf05","adelaide-university","OVERVIEW","","Overview","","ComPass 2024 Training Materials for Becoming a Laboratory Animal Veterinarian, a University Veterinarian or Animal Welfare Officer","0","https://catalog.adelaide.edu.au/browse/pace/compass2024/courses/compass-2024-training-materials-for-becoming-a-laboratory-animal-veterinarian-a-university-veterinarian-or-animal-welfare-officer","2026-10-07T05:57:44.207Z","DRAFT"
"programme_501cc4a1eddca301","adelaide-university","OVERVIEW","","Overview","","ComPass 2024 Training Materials for Minimally Invasive Procedures in Research Animals","0","https://catalog.adelaide.edu.au/browse/pace/compass2024/courses/compass-2024-training-materials-for-minimally-invasive-procedures-in-research-animals","2026-10-07T05:57:46.300Z","DRAFT"
"programme_348fa8d1c8e87bb8","adelaide-university","OVERVIEW","","Overview","","ComPass 2024 Training Materials for Performing Aseptic Technique, Surgical Skills, Suturing and Euthanasia Methods","0","https://catalog.adelaide.edu.au/browse/pace/compass2024/courses/compass-2024-training-materials-for-performing-aseptic-technique-surgical-skills-suturing-and-euthanasia-methods","2026-10-07T05:57:48.227Z","DRAFT"
"programme_8d855918a5a868d7","adelaide-university","OVERVIEW","","Overview","","ComPass 2024 Wildlife 1 - Researchers' and AEC Members Guide to Improved Welfare","0","https://catalog.adelaide.edu.au/browse/pace/compass2024/courses/compass-2024-wildlife-1---researchers-and-aec-members-guide-to-improved-welfare","2026-10-07T05:57:50.260Z","DRAFT"
"programme_481b9ffce47bf759","adelaide-university","OVERVIEW","","Overview","","ComPass 2024 Wildlife 2 - Researchers' and AEC Members Guide to Improved Welfare","0","https://catalog.adelaide.edu.au/browse/pace/compass2024/courses/compass-2024-wildlife-2-researchers-and-aec-members-guide-to-improved-welfare","2026-10-07T05:57:52.324Z","DRAFT"
"programme_ec57318c7bcb9402","adelaide-university","OVERVIEW","","Overview","","Core ComPass Training for AEC Members and Animal Users 2024","0","https://catalog.adelaide.edu.au/browse/pace/compass2024/courses/core-compass-training-for-aec-members-and-animal-users-2024","2026-10-07T05:57:54.261Z","DRAFT"
"programme_a893348add821ea8","adelaide-university","OVERVIEW","","Overview","","Our world is increasingly becoming dependent on technology and the volume of data generated and shared across the Internet between people, devices, and software is exploding. Technology adoption use is growing across all areas of life and a number of fields - including work and play, banking, medicine, education and more. Due to the growth in technology use, vast amounts of information are being stored & shared across digital devices - requiring evolving security measures and responsible use.","0","https://catalog.adelaide.edu.au/browse/pace/courses/cyber-security-awareness---primary-years","2026-10-07T05:57:56.351Z","DRAFT"
"programme_1ef59c224e88e9fa","adelaide-university","OVERVIEW","","Overview","","Our world is increasingly becoming dependent on technology and the volume of data generated and shared across the Internet between people, devices, and software is exploding. Technology adoption use is growing across all areas of life and a number of fields - including work and play, banking, medicine, education and more. Due to the growth in technology use, vast amounts of information are being stored & shared across digital devices - requiring evolving security measures and responsible use.","0","https://catalog.adelaide.edu.au/browse/pace/courses/cyber-security-awareness---secondary-years","2026-10-07T05:57:58.338Z","DRAFT"
"programme_09659ef70f57cf79","adelaide-university","OVERVIEW","","Overview","","Learn about the Foundation to Year 6 Australian Curriculum: Digital Technologies (V9.0) and gather a range of practical classroom resources.","0","https://catalog.adelaide.edu.au/browse/ecms/cser-stem/courses/decoding-dt-primary-v9","2026-10-07T05:58:00.316Z","DRAFT"
"programme_f1f8fd0bcb4c6b87","adelaide-university","OVERVIEW","","Overview","","This course is designed to build your confidence in integrating the Foundation to Year 6 Australian Curriculum: Digital Technologies with other subject areas and to incorporate the Australian Curriculum cross-curriculum priorities. Join us to find out the power of Digital Technologies to solve ""X""!","0","https://catalog.adelaide.edu.au/browse/ecms/cser-stem/courses/digital-technologies-x-for-the-primary-years-2023","2026-10-07T05:58:02.374Z","DRAFT"
"programme_95d92a62e643a398","adelaide-university","OVERVIEW","","Overview","","The University of Adelaide's Engage@Adelaide is a course that provides students with the information they need to transition confidently to tertiary study.","0","https://catalog.adelaide.edu.au/browse/dr/courses/engageadelaide","2026-10-07T05:58:04.352Z","DRAFT"
"programme_878839d54b44c4d9","adelaide-university","OVERVIEW","","Overview","","The University of Adelaide's Online FirstGEN Program is a support course for students who identify as the first in their family to attend university.","0","https://catalog.adelaide.edu.au/browse/dr/courses/firstgen","2026-10-07T05:58:06.338Z","DRAFT"
"programme_b7096da70a1e5729","adelaide-university","OVERVIEW","","Overview","","Gain access to exclusive workshops, networking events, information and materials throughout Year 12 in the field of Health.","0","https://catalog.adelaide.edu.au/browse/dr/courses/health-academy-year-12","2026-10-07T05:58:08.328Z","DRAFT"
"programme_9117e60aeacf50e0","adelaide-university","OVERVIEW","","Overview","","Gain access to exclusive workshops, networking events, information and materials throughout Year 12 in the fields of Humanities, Arts, Language, and Education.","0","https://catalog.adelaide.edu.au/browse/dr/courses/humanities-academy-year-12","2026-10-07T05:58:10.307Z","DRAFT"
"programme_09f25c41408c0970","adelaide-university","OVERVIEW","","Overview","","This course will equip you with a range of teaching and learning activities, links to quality resources, evidence-based pedagogies and practices for teaching maths and numeracy all in one course for educators of Year 3 to Year 6.","0","https://catalog.adelaide.edu.au/browse/ecms/cser-stem/courses/maths-in-schools-online-3-6-v9-0","2026-10-07T05:58:12.557Z","DRAFT"
"programme_2f7128e090998a39","adelaide-university","OVERVIEW","","Overview","","This course will equip you with a range of teaching and learning activities, links to quality resources, evidence-based pedagogies and practices for teaching maths and numeracy all in one course for educators of Year 7 to Year 10.","0","https://catalog.adelaide.edu.au/browse/ecms/cser-stem/courses/maths-in-schools-online-7-10-v9-0","2026-10-07T05:58:14.963Z","DRAFT"
"programme_b44c3453cb99436e","adelaide-university","OVERVIEW","","Overview","","This course will equip you with a range of teaching and learning activities, links to quality resources, evidence-based pedagogies and practices for teaching maths and numeracy all in one course for educators of Foundation to Year 2.","0","https://catalog.adelaide.edu.au/browse/ecms/cser-stem/courses/maths-in-schools-online-f-2-v9","2026-10-07T05:58:16.591Z","DRAFT"
"programme_bd12a719f2a05abf","adelaide-university","OVERVIEW","","Overview","","Teacher resources to support the delivery of University of Adelaide STEM Academy workshops.","0","https://catalog.adelaide.edu.au/browse/dr/courses/stem-academy-teacher-resources","2026-10-07T05:58:18.369Z","DRAFT"
"programme_c3b6836bdd640abd","adelaide-university","OVERVIEW","","Overview","","Gain access to exclusive workshops, networking events, information and materials throughout Year 12 in the field of STEM.","0","https://catalog.adelaide.edu.au/browse/dr/courses/stem-academy-year-12","2026-10-07T05:58:20.344Z","DRAFT"
"programme_5336e5f7b31776bd","adelaide-university","OVERVIEW","","Overview","","AI is transforming technologies and industries. Learn about what AI is, how it works and how you can prepare your students and teach about AI in the classroom with links to the Australian Curriculum (v9.0).","0","https://catalog.adelaide.edu.au/browse/ecms/cser-stem/courses/ai-primary-v90","2026-10-07T05:58:22.403Z","DRAFT"
"programme_03a1947ea68aceea","adelaide-university","OVERVIEW","","Overview","","AI is transforming technologies and industries. Learn about what AI is, how it works and how you can prepare your students and teach about AI in the classroom with links to the Australian Curriculum (v9.0).","0","https://catalog.adelaide.edu.au/browse/ecms/cser-stem/courses/ai-secondary-v90","2026-10-07T05:58:24.595Z","DRAFT"
"programme_0ad9375e0859fc67","adelaide-university","OVERVIEW","","Overview","","PG Prep","0","https://catalog.adelaide.edu.au/courses/pg-prep","2026-10-07T05:58:27.482Z","DRAFT"
"programme_257ae5fc2dceeb4b","adelaide-university","OVERVIEW","","Overview","","This course equips students with essential skills for tertiary learning, focusing on research and resource evaluation, referencing, and academic writing.","0","https://catalog.adelaide.edu.au/browse/domestic-pathways/courses/tertiary-education-strategies","2026-10-07T05:58:29.796Z","DRAFT"
"programme_a59b167f73dfe200","adelaide-university","OVERVIEW","","Overview","","Elevate your career with a Doctor of Philosophy (PhD) at Adelaide University. Lead groundbreaking research and make a lasting impact in your field.  ","0","https://adelaide.edu.au/study/degrees/doctor-of-philosophy/","2026-10-07T06:02:34.332Z","DRAFT"
"programme_6b199e07f540be99","adelaide-university","OVERVIEW","","Overview","","Challenge yourself with a Master of Philosophy at Adelaide University. Engage in independent research, sharpen your critical thinking and contribute to groundbreaking discoveries.  ","0","https://adelaide.edu.au/study/degrees/master-of-philosophy/","2026-10-07T06:02:36.327Z","DRAFT"
"programme_66af82fb19821884","adelaide-university","OVERVIEW","","Overview","","Take your career to the next level with a Master of Research at Adelaide University. Explore innovative topics, gain expertise and contribute to groundbreaking discoveries that will shape our future. ","0","https://adelaide.edu.au/study/degrees/master-of-research/","2026-10-07T06:02:38.238Z","DRAFT"
"programme_c3473fbb1e6da047","adelaide-university","OVERVIEW","","Overview","","Explore Earth’s past, fossils and formations with a Bachelor of Science (Honours) majoring in Geology and Palaeontology at Adelaide University.","0","https://adelaide.edu.au/study/degrees/2026/bachelor-of-science-honours-geology-and-palaeontology/dom/","2026-10-07T06:03:41.403Z","DRAFT"
"programme_42243e71955c98e5","adelaide-university","OVERVIEW","","Overview","","Deepen your knowledge of Earth and its systems and accelerate your scientific career with a Bachelor of Science (Honours) at Adelaide University.","0","https://adelaide.edu.au/study/degrees/2026/bachelor-of-science-honours-geology-and-earth-resources/dom/","2026-10-07T06:03:43.553Z","DRAFT"
"programme_aef496c8b091c83d","adelaide-university","OVERVIEW","","Overview","","Advance your expertise in Earth sciences with a Bachelor of Science (Honours) majoring in Geophysics. Gain hands-on research experience, develop advanced physics-based skills, and prepare for diverse careers in geoscience, industry or further postgraduate study.","0","https://adelaide.edu.au/study/degrees/2026/bachelor-of-science-honours-geophysics/dom/","2026-10-07T06:03:45.885Z","DRAFT"
"programme_c8fa9e20eca397e4","adelaide-university","OVERVIEW","","Overview","","Learn how to tackle Earth’s most pressing challenges and build competitive skills with Adelaide University’s Bachelor of Science (Honours) majoring in Geology.","0","https://adelaide.edu.au/study/degrees/2026/bachelor-of-science-honours-geology/dom/","2026-10-07T06:03:48.053Z","DRAFT"
"programme_95dd6b012db502ae","adelaide-university","OVERVIEW","","Overview","","Shape public policy and help businesses and governments make decisions. Solve social, behavioural and economic issues with our Bachelor of Economics (Honours).","0","https://adelaide.edu.au/study/degrees/2026/bachelor-of-economics-honours/dom/","2026-10-07T06:03:52.045Z","DRAFT"
"programme_b03ea20a2d85c86b","adelaide-university","OVERVIEW","","Overview","","Shape policy, advocate for others, and lead with the law. Adelaide University’s Bachelor of Laws (Honours), Bachelor of Economics equips for your future career. ","0","https://adelaide.edu.au/study/degrees/2026/bachelor-of-laws-honours-bachelor-of-economics-honours/dom/","2026-10-07T06:03:54.446Z","DRAFT"
"programme_fa04472fa69e4cc3","carnegie-mellon-university","OVERVIEW","","Overview","","Information on undergraduate music performance programs at the Carnegie Mellon University School of Music.","0","https://www.cmu.edu/cfa/music/programs/undergraduate-programs/bfa-music-performance.html","2026-10-07T04:25:29.223Z","DRAFT"
"programme_5194f9167da49e55","curtin-university","OVERVIEW","","Overview","","Tailor your Commerce degree to your career goals and graduate with internationally recognised skillsets.","0","https://www.curtin.edu.au/study/offering/course-ug-bachelor-of-commerce--b-comrce/","2026-10-07T04:01:13.911Z","DRAFT"
"programme_64d2e3a1233eea59","curtin-university","OVERVIEW","","Overview","","Future-proof your business career by gaining the expertise to solve tough problems, with the confidence to put your solutions into practice.","0","https://www.curtin.edu.au/study/offering/course-ug-bachelor-of-innovation--b-innov/","2026-10-07T04:01:16.392Z","DRAFT"
"programme_d3bde72b750612a8","curtin-university","OVERVIEW","","Overview","","Gain the qualification you need to teach primary school-aged children in Australia.","0","https://www.curtin.edu.au/study/offering/course-ug-bachelor-of-education-primary-education--b-edpr/","2026-10-07T04:01:18.864Z","DRAFT"
"programme_27ff8d28c74bcce9","curtin-university","OVERVIEW","","Overview","","Ideal for imaginative individuals, these courses develop your creativity and critical thinking.","0","https://www.curtin.edu.au/study/offering/course-ug-bachelor-of-arts--b-arts/","2026-10-07T04:01:21.450Z","DRAFT"
"programme_c0cf9386a95a5994","curtin-university","OVERVIEW","","Overview","","Discover how the human mind thinks and why we behave as we do.","0","https://www.curtin.edu.au/study/offering/course-ug-bachelor-of-psychology--b-psych/","2026-10-07T04:01:26.425Z","DRAFT"
"programme_b6d9e66af4a4c1ff","curtin-university","OVERVIEW","","Overview","","At Curtin, you will develop your engineering skills in our purpose-built facilities, so that you are ready to work as a professional engineer as soon as you graduate.","0","https://www.curtin.edu.au/study/offering/course-ug-bachelor-of-engineering-honours--bh-engr/","2026-10-07T04:01:28.987Z","DRAFT"
"programme_f8eb4b24c44857fb","curtin-university","OVERVIEW","","Overview","","Learn the STEM skills that are central to science and technology innovation, and are vital for the careers of the future.","0","https://www.curtin.edu.au/study/offering/course-ug-bachelor-of-science-science--b-scnce/","2026-10-07T04:01:31.482Z","DRAFT"
"programme_1471afb8152cee2e","curtin-university","OVERVIEW","","Overview","","Gain the skills required for a diverse international career, through knowledge of the world's most spoken first language.","0","https://www.curtin.edu.au/study/offering/course-ug-chinese-major-ba--mjru-chnse/","2026-10-07T04:01:35.683Z","DRAFT"
"programme_d4fbd903cc7856f1","curtin-university","OVERVIEW","","Overview","","Develop your writing skills in fiction, poetry and experimental and emerging genres.","0","https://www.curtin.edu.au/study/offering/course-ug-creative-writing-major-ba--mjru-crwr1/","2026-10-07T04:01:38.369Z","DRAFT"
"programme_d54ea1bbf5029025","curtin-university","OVERVIEW","","Overview","","Explore the human side of the internet and graduate ready for roles in digital and social media strategy.","0","https://www.curtin.edu.au/study/offering/course-ug-digital-and-social-media-major-ba--mjru-netcm/","2026-10-07T04:01:40.563Z","DRAFT"
"programme_02a91be3b1be9334","kaplan-singapore","OVERVIEW","","Overview","","Kaplan offers Preparatory Course For Singapore CA Qualification","0","https://www.kaplan.com.sg/financial-certification/sca-preparatory-course-for-singapore-ca-qualification","2026-10-07T04:30:46.479Z","DRAFT"
"programme_b83a7fdffd865c16","kaplan-singapore","OVERVIEW","","Overview","","Study the Certificate in English Level 1 (E-Learning) at Kaplan (Singapore). Build English foundations online at your own pace. Enrol today.","0","https://www.kaplan.com.sg/academic-levels/preparatory-courses/certificate-in-english-level-1-elearning","2026-10-07T04:30:52.858Z","DRAFT"
"programme_1316320d2c5bbd85","kaplan-singapore","OVERVIEW","","Overview","","Kaplan offers Certificate in English Level 2 (E-Learning)","0","https://www.kaplan.com.sg/academic-levels/preparatory-courses/certificate-in-english-level-2-elearning","2026-10-07T04:30:54.992Z","DRAFT"
"programme_9f54ed21624c0209","kaplan-singapore","OVERVIEW","","Overview","","Kaplan offers Certificate in English Level 3 (E-Learning)","0","https://www.kaplan.com.sg/academic-levels/preparatory-courses/certificate-in-english-level-3-elearning","2026-10-07T04:30:57.003Z","DRAFT"
"programme_03254d72ade1b7e1","kaplan-singapore","OVERVIEW","","Overview","","Kaplan offers Certificate in English Level 4 (E-Learning)","0","https://www.kaplan.com.sg/academic-levels/preparatory-courses/certificate-in-english-level-4-elearning","2026-10-07T04:31:01.533Z","DRAFT"
"programme_03dfd79a4006fe1b","kaplan-singapore","OVERVIEW","","Overview","","Kaplan offers Certificate in English Level 5 (E-Learning)","0","https://www.kaplan.com.sg/academic-levels/preparatory-courses/certificate-in-english-level-5-elearning","2026-10-07T04:31:02.424Z","DRAFT"
"programme_7dbb17390dffa979","kaplan-singapore","OVERVIEW","","Overview","","Kaplan offers Diploma in Professional Business English","0","https://www.kaplan.com.sg/academic-levels/preparatory-courses/diploma-professional-business-english","2026-10-07T04:31:04.380Z","DRAFT"
"programme_91202f049678e3ca","kaplan-singapore","OVERVIEW","","Overview","","Kaplan offers a preparatory course for IGSCE (Cambridge International General Certificate of Secondary Education). Enrol now to prepare for IGCSE in Singapore!","0","https://www.kaplan.com.sg/preparatory-course/igcse-preparatory-course-for-cambridge-international-general-certificate-of-secondary-education-igcse-examination","2026-10-07T04:31:08.770Z","DRAFT"
"programme_97c0e94f16f647f8","nanyang-technological-university","OVERVIEW","","Overview","","At NTU-CEE, you will be equipped to build a brighter, greener, and more sustainable world as an environmental engineer, understand concepts of food sustainability and apply them to real-world situations.","0","https://www.ntu.edu.sg/education/undergraduate-programme/bachelor-of-engineering-in-environmental-engineering-with-second-major-in-future-foods","2026-10-07T04:26:49.621Z","DRAFT"
"programme_5c9806cd9c8dfe1c","nanyang-technological-university","OVERVIEW","","Overview","","The programme equips Environmental Engineering students with understanding concepts of food sustainability and apply them to real-world situations.","0","https://www.ntu.edu.sg/education/undergraduate-programme/bachelor-of-engineering-in-environmental-engineering-with-second-major-in-future-foods","2026-10-07T04:26:49.621Z","DRAFT"
"programme_4bf809e3cb116bb4","nanyang-technological-university","OVERVIEW","","Overview","","The Bachelor of Engineering programme is a professional degree programme with a broad-based and flexible curriculum that integrates theory with industrial practice.","0","https://www.ntu.edu.sg/education/undergraduate-programme/bachelor-of-engineering-in-information-engineering-and-media-(iem)-with-second-major-in-sustainability","2026-10-07T04:26:51.730Z","DRAFT"
"programme_30b9c80d71a6bceb","nanyang-technological-university","OVERVIEW","","Overview","","This is a professional degree programme with a broad-based and flexible curriculum that integrates theory with industrial practice.","0","https://www.ntu.edu.sg/education/undergraduate-programme/bachelor-of-engineering-in-information-engineering-and-media-(iem)-with-second-major-in-sustainability","2026-10-07T04:26:51.730Z","DRAFT"
"programme_e7dfa4b5584ad251","nanyang-technological-university","OVERVIEW","","Overview","","The Bachelor of Engineering programme is a professional degree programme with a broad-based and flexible curriculum that integrates theory with industrial practice. #1 in Asia and #4 in the world for Electrical & Electronic Engineering, according to the 2025 QS World University Rankings by Subject.","0","https://www.ntu.edu.sg/education/undergraduate-programme/bachelor-of-engineering-in-electrical---electronic-engineering-with-second-major-in-sustainability","2026-10-07T04:26:53.696Z","DRAFT"
"programme_901bf65cd04b9132","nanyang-technological-university","OVERVIEW","","Overview","","The Bachelor of Engineering programme is a professional degree programme with a broad-based and flexible curriculum that integrates theory with industrial practice.","0","https://www.ntu.edu.sg/education/undergraduate-programme/bachelor-of-engineering-in-electrical---electronic-engineering-with-second-major-in-sustainability","2026-10-07T04:26:53.696Z","DRAFT"
"programme_0fb7d8f65c79876e","nanyang-technological-university","OVERVIEW","","Overview","","The Bachelor of Engineering in Robotics with a Second Major in Society and Urban Systems equips students with a strong foundation in robotics design, control, and automation, while also developing interdisciplinary knowledge on how technology interacts with social structures and urban environments. Graduates will be able to design innovative robotic solutions that address real-world challenges in cities and communities, bridging engineering expertise with societal and urban development insights. #1 in Asia and #4 in the world for Mechanical, Aeronautical & Manufacturing, according to the 2025 QS World University Rankings by Subject.","0","https://www.ntu.edu.sg/education/undergraduate-programme/bachelor-of-engineering-in-robotics-with-a-second-major-in-society-urban-systems","2026-10-07T04:26:55.900Z","DRAFT"
"programme_dc96c21c9080c5c5","nanyang-technological-university","OVERVIEW","","Overview","","The Bachelor of Engineering in Robotics (B.Eng. in Robotics) at Nanyang Technological University (NTU) is a cutting-edge programme designed to equip students with essential robotics fundamentals and advanced skills.","0","https://www.ntu.edu.sg/education/undergraduate-programme/bachelor-of-engineering-in-robotics-with-a-second-major-in-society-urban-systems","2026-10-07T04:26:55.900Z","DRAFT"
"programme_5a82e1cfad8e553d","nanyang-technological-university","OVERVIEW","","Overview","","Combine the strengths of synthetic chemistry and process engineering in Singapore’s first programme of its kind. Spanning molecular to industrial-scale processes, this interdisciplinary degree equips students to innovate in pharmaceuticals, energy, materials and advanced manufacturing while developing expertise in sustainability, research and engineering design.","0","https://www.ntu.edu.sg/education/undergraduate-programme/bachelor-of-engineering-science-with-double-majors-in-process-engineering-and-synthetic-chemistry","2026-10-07T04:26:57.321Z","DRAFT"
"programme_ecea106c333320a7","nanyang-technological-university","OVERVIEW","","Overview","","This programme merges Synthetic Chemistry and Process Engineering, offering a comprehensive grasp of chemical processes from molecular to industrial scales to address complex challenges and foster innovation in various manufacturing sectors.","0","https://www.ntu.edu.sg/education/undergraduate-programme/bachelor-of-engineering-science-with-double-majors-in-process-engineering-and-synthetic-chemistry","2026-10-07T04:26:57.321Z","DRAFT"
"programme_35ae9f19699a0bc5","nanyang-technological-university","OVERVIEW","","Overview","","At NTU-CEE, you will be equipped with the knowledge and skills to advance sustainable practices in environmental engineering, ensuring healthier environments and contributing to a more liveable world for present and future generations.","0","https://www.ntu.edu.sg/education/undergraduate-programme/bachelor-of-engineering-in-environmental-engineering-with-a-second-major-in-sustainability","2026-10-07T04:26:59.735Z","DRAFT"
"programme_ef900635fe5b0cd8","nanyang-technological-university","OVERVIEW","","Overview","","At NTU-CEE, you will be equipped with the knowledge and skills to advance sustainable practices in environmental engineering, ensuring healthier environments and contributing to a more liveable world for present and future generations.","0","https://www.ntu.edu.sg/education/undergraduate-programme/bachelor-of-engineering-in-environmental-engineering-with-a-second-major-in-sustainability","2026-10-07T04:26:59.735Z","DRAFT"
"programme_ba1fde2664493782","nanyang-technological-university","OVERVIEW","","Overview","","At NTU-CEE, you will be equipped with the knowledge and skills to advance sustainable practices in civil engineering, ensuring healthier environments and contributing to a more liveable world for present and future generations. We are #3 in Asia and #9 in the world for Civil & Structural Engineering, according to the 2025 QS World University Rankings by Subject.","0","https://www.ntu.edu.sg/education/undergraduate-programme/bachelor-of-engineering-in-civil-engineering-with-second-major-in-sustainability","2026-10-07T04:27:01.708Z","DRAFT"
"programme_c269310eb1def74d","nanyang-technological-university","OVERVIEW","","Overview","","Today’s Civil Engineers contribute to the liveability and sustainability of our environment.","0","https://www.ntu.edu.sg/education/undergraduate-programme/bachelor-of-engineering-in-civil-engineering-with-second-major-in-sustainability","2026-10-07T04:27:01.708Z","DRAFT"
"programme_4200b2824bdc5153","nanyang-technological-university","OVERVIEW","","Overview","","Develop a strong foundation in chemistry and biological chemistry while gaining the interdisciplinary knowledge needed to address sustainability challenges. This programme explores the connections between science, society and the environment, equipping you to create innovative solutions for a more sustainable and resilient future.","0","https://www.ntu.edu.sg/education/undergraduate-programme/bachelor-of-science-in-chemistry-and-biological-chemistry-with-second-major-in-sustainability","2026-10-07T04:27:03.812Z","DRAFT"
"programme_c11965380c4322e5","nanyang-technological-university","OVERVIEW","","Overview","","An interdisciplinary programme designed to train chemistry majors in soft skills and knowledge in sustainability.","0","https://www.ntu.edu.sg/education/undergraduate-programme/bachelor-of-science-in-chemistry-and-biological-chemistry-with-second-major-in-sustainability","2026-10-07T04:27:03.812Z","DRAFT"
"programme_e0682dda3a994174","nanyang-technological-university","OVERVIEW","","Overview","","The Bachelor of Engineering in Mechanical Engineering with a Second Major in Society & Urban Systems integrates strong engineering fundamentals with interdisciplinary knowledge of urban development and societal systems. The programme equips students with a solid foundation in mechanical engineering principles such as mechanics, thermodynamics, materials, and manufacturing, while also providing insights into how engineering solutions interact with cities, infrastructure, and communities. #1 in Asia and #4 in the world for Mechanical, Aeronautical & Manufacturing, according to the 2025 QS World University Rankings by Subject.","0","https://www.ntu.edu.sg/education/undergraduate-programme/bachelor-of-engineering-in-mechanical-engineering-with-a-second-major-in-society-urban-systems","2026-10-07T04:27:05.359Z","DRAFT"
"programme_8b4ea93511054490","nanyang-technological-university","OVERVIEW","","Overview","","The Bachelor of Engineering in Mechanical Engineering with a Second Major in Society &amp; Urban Systems integrates strong engineering fundamentals with interdisciplinary knowledge of urban development and societal systems.","0","https://www.ntu.edu.sg/education/undergraduate-programme/bachelor-of-engineering-in-mechanical-engineering-with-a-second-major-in-society-urban-systems","2026-10-07T04:27:05.359Z","DRAFT"
"programme_716457c50e54fc46","nanyang-technological-university","OVERVIEW","","Overview","","At NTU-CEE, you will be equipped to build a brighter, greener, and more sustainable world as an environmental engineer, develop additional skills to apply data analytics in real-world projects and decision-making.","0","https://www.ntu.edu.sg/education/undergraduate-programme/bachelor-of-engineering-(environmental-engineering)-with-second-major-in-data-analytics","2026-10-07T04:27:07.659Z","DRAFT"
"programme_6d6bcb4e30262fec","nanyang-technological-university","OVERVIEW","","Overview","","The programme equips Environmental Engineering students with technical competency to integrate applications with data analytics.","0","https://www.ntu.edu.sg/education/undergraduate-programme/bachelor-of-engineering-(environmental-engineering)-with-second-major-in-data-analytics","2026-10-07T04:27:07.659Z","DRAFT"
"programme_27ce3a12625da0b4","nanyang-technological-university","OVERVIEW","","Overview","","At NTU-CEE, you will be equipped to build a brighter, greener, and more sustainable world as an environmental engineer and become an innovation-driven entrepreneur who can contribute to Singapore's Smart Nation goals.","0","https://www.ntu.edu.sg/education/undergraduate-programme/bachelor-of-engineering-in-environmental-engineering-with-a-second-major-in-entrepreneurship","2026-10-07T04:27:09.720Z","DRAFT"
"programme_b44d96aca72d2e37","nanyang-technological-university","OVERVIEW","","Overview","","The programme provides Environmental Engineering students with entrepreneurship competency and broaden their understanding in enterprise and innovation.","0","https://www.ntu.edu.sg/education/undergraduate-programme/bachelor-of-engineering-in-environmental-engineering-with-a-second-major-in-entrepreneurship","2026-10-07T04:27:09.720Z","DRAFT"
"programme_37cffaa959ac4a73","nanyang-technological-university","OVERVIEW","","Overview","","The Bachelor of Engineering programme is a professional degree programme with a broad-based and flexible curriculum that integrates theory with industrial practice. #1 in Asia and #4 in the world for Electrical & Electronic Engineering, according to the 2025 QS World University Rankings by Subject.","0","https://www.ntu.edu.sg/education/undergraduate-programme/bachelor-of-engineering-in-electrical-electronic-engineering-with-second-major-in-society-and-urban-systems","2026-10-07T04:27:11.690Z","DRAFT"
"programme_c9137dcdadb7dc58","nanyang-technological-university","OVERVIEW","","Overview","","The Bachelor of Engineering programme is a professional degree programme with a broad-based and flexible curriculum that integrates theory with industrial practice","0","https://www.ntu.edu.sg/education/undergraduate-programme/bachelor-of-engineering-in-electrical-electronic-engineering-with-second-major-in-society-and-urban-systems","2026-10-07T04:27:11.690Z","DRAFT"
"programme_b1f297ffb3d8ea08","nanyang-technological-university","OVERVIEW","","Overview","","At NTU-CEE, you will gain an advanced understanding of the synergy between engineering and economics, enabling you to drive innovation and contribute to national growth across diverse career pathways in both the public and private sectors.","0","https://www.ntu.edu.sg/education/undergraduate-programme/double-degree-in-environmental-engineering-and-economics","2026-10-07T04:27:13.740Z","DRAFT"
"programme_652a64d0af4f1da9","nanyang-technological-university","OVERVIEW","","Overview","","This programme provides education in both Environmental Engineering and Economics, and graduates will be equipped with interdisciplinary proficiencies to address socioeconomics, environmental and technological challenges.","0","https://www.ntu.edu.sg/education/undergraduate-programme/double-degree-in-environmental-engineering-and-economics","2026-10-07T04:27:13.740Z","DRAFT"
"programme_3374897055c85213","nanyang-technological-university","OVERVIEW","","Overview","","At NTU-CEE, you will be equipped with socio-economic and environmental perspectives to shape sustainable urban environments and pursue impactful careers in urban planning and development.","0","https://www.ntu.edu.sg/education/undergraduate-programme/bachelor-of-engineering-in-environmental-engineering-with-second-major-in-society-urban-systems","2026-10-07T04:27:15.669Z","DRAFT"
"programme_c8b48aeab8516992","nanyang-technological-university","OVERVIEW","","Overview","","The programme equips Environmental Engineering students with socio-economic and environmental perspectives to prepare them for additional career pathways related to Urban Planning.","0","https://www.ntu.edu.sg/education/undergraduate-programme/bachelor-of-engineering-in-environmental-engineering-with-second-major-in-society-urban-systems","2026-10-07T04:27:15.669Z","DRAFT"
"programme_ca8a1707ba845e1a","nanyang-technological-university","OVERVIEW","","Overview","","At NTU-CEE, you will be equipped to build a brighter, greener, and more sustainable world as an environmental engineer, while gaining valuable business perspectives to excel in management and leadership.","0","https://www.ntu.edu.sg/education/undergraduate-programme/bachelor-of-engineering-in-environmental-engineering-with-second-major-in-business","2026-10-07T04:27:17.691Z","DRAFT"
"programme_4592f1266c91ce6b","nanyang-technological-university","OVERVIEW","","Overview","","The programme provides Environmental Engineering students with additional business perspectives to enhance students’ proficiency in business management.","0","https://www.ntu.edu.sg/education/undergraduate-programme/bachelor-of-engineering-in-environmental-engineering-with-second-major-in-business","2026-10-07T04:27:17.691Z","DRAFT"
"programme_1107ea81aceb4890","nanyang-technological-university","OVERVIEW","","Overview","","At NTU-CEE, you will be equipped with socio-economic and environmental perspectives to shape sustainable urban environments and pursue impactful careers in urban planning and development. We are #3 in Asia and #9 in the world for Civil & Structural Engineering, according to the 2025 QS World University Rankings by Subject.","0","https://www.ntu.edu.sg/education/undergraduate-programme/bachelor-of-engineering-in-civil-engineering-with-a-second-major-in-society-urban-systems","2026-10-07T04:27:19.749Z","DRAFT"
"programme_ada8b636a1424b9f","nanyang-technological-university","OVERVIEW","","Overview","","The programme equips Civil Engineering students with socio-economic and environmental perspectives to prepare them for additional career pathways related to Urban Planning.","0","https://www.ntu.edu.sg/education/undergraduate-programme/bachelor-of-engineering-in-civil-engineering-with-a-second-major-in-society-urban-systems","2026-10-07T04:27:19.749Z","DRAFT"
"programme_1f24c7c8ba4fa9cb","nanyang-technological-university","OVERVIEW","","Overview","","At NTU-CEE, you will develop the knowledge, skills, and networks to create a brighter, greener world — sustainable today and for generations to come.","0","https://www.ntu.edu.sg/education/undergraduate-programme/bachelor-of-engineering-in-environmental-engineering","2026-10-07T04:27:21.713Z","DRAFT"
"programme_350100ef0ef93c6b","nanyang-technological-university","OVERVIEW","","Overview","","The programme provides a unique engineering education that prepares students to address the challenges of infrastructure development and sustainability in future cities.","0","https://www.ntu.edu.sg/education/undergraduate-programme/bachelor-of-engineering-in-environmental-engineering","2026-10-07T04:27:21.713Z","DRAFT"
"programme_8a0a932706fd7b38","nanyang-technological-university","OVERVIEW","","Overview","","Combine a strong foundation in chemistry with environmental science to tackle some of the world’s most pressing sustainability challenges. This interdisciplinary programme explores environmental management, earth systems and pollution, equipping students with the knowledge and skills to develop solutions for a more sustainable future.","0","https://www.ntu.edu.sg/education/undergraduate-programme/bachelor-of-science-in-chemistry-and-biological-chemistry-with-second-major-in-environmental-science","2026-10-07T04:27:23.436Z","DRAFT"
"programme_793763251b1f5bb7","nanyang-technological-university","OVERVIEW","","Overview","","An interdisciplinary programme combining an education in general Chemistry with its special applications to the Earth Sciences and Environmental Management.","0","https://www.ntu.edu.sg/education/undergraduate-programme/bachelor-of-science-in-chemistry-and-biological-chemistry-with-second-major-in-environmental-science","2026-10-07T04:27:23.436Z","DRAFT"
"programme_7f7eb26976c5606b","nanyang-technological-university","OVERVIEW","","Overview","","We live in a time of large-scale challenges, where climate change, deforestation, biodiversity loss and ocean acidification are no longer only considered from an environmental perspective, but also in terms of social justice, economic development, technological adaptation, and political will. The survival of our growing population depends on the natural resources we continue to overexploit, but there is increasing awareness on how the concept of sustainability strives to address this. By understanding how our environment, economy and society interact, applying this to technological innovation and communicating readily with decision makers, we can maintain the health of our world for the benefit of current and future generations. #3 in Asia and #10 in the world for Chemical Engineering, according to the 2025 QS World University Rankings by Subject.","0","https://www.ntu.edu.sg/education/undergraduate-programme/bachelor-of-engineering-in-chemical---biomolecular-engineering-with-second-major-in-sustainability","2026-10-07T04:27:25.741Z","DRAFT"
"programme_11982534f8a7938b","nanyang-technological-university","OVERVIEW","","Overview","","Chemical and Biomolecular Engineering, NTU, Sustainability, CCEB","0","https://www.ntu.edu.sg/education/undergraduate-programme/bachelor-of-engineering-in-chemical---biomolecular-engineering-with-second-major-in-sustainability","2026-10-07T04:27:25.741Z","DRAFT"
"programme_f51aad738972a040","nanyang-technological-university","OVERVIEW","","Overview","","Develop a strong foundation in Biological Sciences alongside expertise in sustainable food innovation through this interdisciplinary programme. Explore future foods, nutrition, food safety and food technologies while gaining practical skills to address global challenges in sustainability, food security, and the future of food production.","0","https://www.ntu.edu.sg/education/undergraduate-programme/bachelor-of-science-in-biological-sciences-with-second-major-in-future-foods","2026-10-07T04:27:27.452Z","DRAFT"
"programme_32121783f88fa729","nanyang-technological-university","OVERVIEW","","Overview","","This programme&nbsp;is to provide students with the foundation and practical tools for understanding the concepts of food sustainability and applying them to real world scenarios.","0","https://www.ntu.edu.sg/education/undergraduate-programme/bachelor-of-science-in-biological-sciences-with-second-major-in-future-foods","2026-10-07T04:27:27.452Z","DRAFT"
"programme_2bf765f2f5df3eb8","nanyang-technological-university","OVERVIEW","","Overview","","We live in a time of large-scale challenges, where climate change, deforestation, biodiversity loss and ocean acidification are no longer only considered from an environmental perspective, but also in terms of social justice, economic development, technological adaptation, and political will. The survival of our growing population depends on the natural resources we continue to overexploit, but there is increasing awareness on how the concept of sustainability strives to address this. By understanding how our environment, economy and society interact, applying this to technological innovation and communicating readily with decision makers, we can maintain the health of our world for the benefit of current and future generations.","0","https://www.ntu.edu.sg/education/undergraduate-programme/bachelor-of-engineering-in-bioengineering-with-second-major-in-sustainability","2026-10-07T04:27:29.737Z","DRAFT"
"programme_885e6005af053ed5","nanyang-technological-university","OVERVIEW","","Overview","","Bioengineering, Sustainability, NTU","0","https://www.ntu.edu.sg/education/undergraduate-programme/bachelor-of-engineering-in-bioengineering-with-second-major-in-sustainability","2026-10-07T04:27:29.737Z","DRAFT"
"programme_44339886f11e398b","nanyang-technological-university","OVERVIEW","","Overview","","At Nanyang Technological University (NTU), the Bachelor of Computing (Hons) in Computer Science with a Second Major in Sustainability programme is jointly offered by the College of Computing and Data Science (CCDS) and the Asian School of the Environment (ASE). This interdisciplinary degree equips students with strong technical foundations in computer science while deepening their understanding of global sustainability challenges and solutions.","0","https://www.ntu.edu.sg/education/undergraduate-programme/bachelor-of-computing-(hons)-in-computer-science-with-a-second-major-in-sustainability","2026-10-07T04:27:31.761Z","DRAFT"
"programme_56e4932405d71eac","nanyang-technological-university","OVERVIEW","","Overview","","This interdisciplinary degree equips students with strong technical foundations in computer science while deepening their understanding of global sustainability challenges and solutions.","0","https://www.ntu.edu.sg/education/undergraduate-programme/bachelor-of-computing-(hons)-in-computer-science-with-a-second-major-in-sustainability","2026-10-07T04:27:31.761Z","DRAFT"
"programme_9f1a9d3a9b06b1ee","nanyang-technological-university","OVERVIEW","","Overview","","Explore environmental challenges while developing the entrepreneurial mindset to create impactful solutions. This programme combines earth systems expertise with innovation, enterprise and technopreneurship, supported by hands-on learning and internship opportunities within the startup ecosystem.","0","https://www.ntu.edu.sg/education/undergraduate-programme/bachelor-of-science-in-environmental-earth-systems-science-with-second-major-in-entrepreneurship","2026-10-07T04:27:33.742Z","DRAFT"
"programme_420db957f607d469","nanyang-technological-university","OVERVIEW","","Overview","","By understanding how our environment, economy and society interact, applying this to technological innovation and communicating readily with decision makers, we can maintain the health of our world for the benefit of current and future generations.","0","https://www.ntu.edu.sg/education/undergraduate-programme/bachelor-of-science-in-environmental-earth-systems-science-with-second-major-in-entrepreneurship","2026-10-07T04:27:33.742Z","DRAFT"
"programme_742d87833ca99dfc","nanyang-technological-university","OVERVIEW","","Overview","","Explore the connections between the environment, society and economy while gaining the knowledge and skills to develop sustainable solutions for complex global challenges. With an interdisciplinary approach spanning sustainability, policy and innovation, you will be equipped to create meaningful impact for future generations.","0","https://www.ntu.edu.sg/education/undergraduate-programme/bachelor-of-science-in-environmental-earth-systems-science-with-second-major-in-sustainability","2026-10-07T04:27:36.406Z","DRAFT"
"programme_82ddfad8c768478a","nanyang-technological-university","OVERVIEW","","Overview","","By understanding how our environment, economy and society interact, applying this to technological innovation and communicating readily with decision makers, we can maintain the health of our world for the benefit of current and future generations.","0","https://www.ntu.edu.sg/education/undergraduate-programme/bachelor-of-science-in-environmental-earth-systems-science-with-second-major-in-sustainability","2026-10-07T04:27:36.406Z","DRAFT"
"programme_f0330c989bfb1c57","nanyang-technological-university","OVERVIEW","","Overview","","Students will build a strong background in EESS and statistics, algorithms, and data analytics. Our students will stay competitive, with the ability to tackle real-world problems and challenges with innovative techniques in multidisciplinary settings.","0","https://www.ntu.edu.sg/education/undergraduate-programme/bachelor-of-science-in-environmental-earth-systems-science-with-second-major-in-data-analytics","2026-10-07T04:27:37.757Z","DRAFT"
"programme_383c46674ec914fd","nanyang-technological-university","OVERVIEW","","Overview","","This is a prestigious new programme combining the Biological Sciences (Honours) programme with the highly popular Food Sciences and Technology as a 2nd Major, in partnership with the University of Wageningen and School of Chemical and Biomolecular Engineering and School of Physical & Mathematical Sciences in NTU.","0","https://www.ntu.edu.sg/education/undergraduate-programme/bachelor-of-science-in-biological-sciences-with-second-major-in-food-science-and-technology","2026-10-07T04:27:39.503Z","DRAFT"
"programme_18306b9d20df7a23","nanyang-technological-university","OVERVIEW","","Overview","","This programme&nbsp;is for students with an interest in biology and wish to gain further understanding on food processes through an engineering and industrial point of view.&nbsp;&nbsp;","0","https://www.ntu.edu.sg/education/undergraduate-programme/bachelor-of-science-in-biological-sciences-with-second-major-in-food-science-and-technology","2026-10-07T04:27:39.503Z","DRAFT"
"programme_9655dd577e0ca119","nanyang-technological-university","OVERVIEW","","Overview","","Gain a strong foundation in environmental earth systems science while exploring public policy, global affairs and international relations. This multidisciplinary programme equips students with leadership, communication and problem-solving skills to address complex environmental challenges and shape sustainable policies in a rapidly changing world.","0","https://www.ntu.edu.sg/education/undergraduate-programme/bachelor-of-science-in-environmental-earth-systems-science-and-public-policy-and-global-affairs","2026-10-07T04:27:41.765Z","DRAFT"
"programme_17dd764d8d2f67b9","nanyang-technological-university","OVERVIEW","","Overview","","Students admitted to this multidisciplinary course will develop a strong background in quantitative environmental earth systems science and communication, public affairs, and international relations.","0","https://www.ntu.edu.sg/education/undergraduate-programme/bachelor-of-science-in-environmental-earth-systems-science-and-public-policy-and-global-affairs","2026-10-07T04:27:41.765Z","DRAFT"
"programme_87fdb34b2fbc6a75","nanyang-technological-university","OVERVIEW","","Overview","","Turn your passion for the environment into real-world impact. Integrating Earth science, sustainability, technology and field-based learning, this programme develops the expertise to address environmental challenges and build a more resilient, sustainable world.","0","https://www.ntu.edu.sg/education/undergraduate-programme/bachelor-of-science-in-environmental-earth-systems-science","2026-10-07T04:27:43.528Z","DRAFT"
"programme_336ce5599b957c1c","nanyang-technological-university","OVERVIEW","","Overview","","This undergraduate regardless of specialisation, students in the programme will gain a strong background in supporting mathematics and science subjects, modern computing techniques, and the fundamentals of Earth systems science.","0","https://www.ntu.edu.sg/education/undergraduate-programme/bachelor-of-science-in-environmental-earth-systems-science","2026-10-07T04:27:43.528Z","DRAFT"
"programme_df31d0dddb3e97b6","nanyang-technological-university","OVERVIEW","","Overview","","The Accountancy for Future Leaders (Bachelor of Accountancy in Sustainability Management and Analytics) is a four-year premier programme leading to direct honours. Designed for students aiming to stand out in the accounting profession, this degree is a result of close collaboration with the Accountancy and Corporate Regulatory Authority (ACRA), positioning graduates as the future leaders of business. As the first of its kind in Singapore, our programme features an integrated curriculum weaving together sustainability management, analytics, and a unique internship component. The 30-week internship will be with premier employers recognised as Accredited Training Organisations (ATOs) by ACRA, ensuring adherence to professional standards, abundant accountancy resources, and commitment to career development. The internship provides valuable real-world experience with a competitive stipend, expediting your journey towards becoming a Chartered Accountant (Singapore). This hands-on experience significantly contributes to the mandatory three-year practical experience required for qualification. Moreover, our dynamic curriculum offers exemptions from specific Singapore Chartered Accountant Qualification (SCAQ) professional exams, allowing you to accumulate professional experience seamlessly while pursuing your degree. Take the opportunity to elevate your aspirations, redefine your academic journey, and emerge as a trailblazer in the accountancy world with our forward-thinking programme. Your path to Chartered Accountant (Singapore) status and future business leadership begins here.","0","https://www.ntu.edu.sg/education/undergraduate-programme/accountancy-for-future-leaders-bachelor-of-accountancy-in-sustainability-management-and-analytics","2026-10-07T04:27:45.528Z","DRAFT"
"programme_7e6a3a2e43d63e5f","nanyang-technological-university","OVERVIEW","","Overview","","Integrates sustainability, analytics, and 30-week internship with premier ATO employers of ACRA. Gain real-world experience and accelerated path to a Chartered Accountant.","0","https://www.ntu.edu.sg/education/undergraduate-programme/accountancy-for-future-leaders-bachelor-of-accountancy-in-sustainability-management-and-analytics","2026-10-07T04:27:45.528Z","DRAFT"
"programme_94536146381d3ce4","nanyang-technological-university","OVERVIEW","","Overview","","This new second major provides students with the foundation and practical tools for understanding the concepts of sustainability and applying them to real world scenarios. It is designed to follow on sympathetically from the ICC course “Sustainability: Society, Economy and Environment”. The curriculum will be structured according to the three traditional pillars of sustainability: Society, Environment and Economy, colloquially known as People, Planet and Profit. At NTU, the students will then apply this knowledge through two additional pillars of Practice and Policy.","0","https://www.ntu.edu.sg/education/undergraduate-programme/bachelor-of-business-with-second-major-in-sustainability","2026-10-07T04:27:47.547Z","DRAFT"
"programme_01af2a89339799e8","nanyang-technological-university","OVERVIEW","","Overview","","Learn and understand various sustainability concepts and issues so as to enhance students' perspectives in business management and create innovative business solutions for the sustainability industry.","0","https://www.ntu.edu.sg/education/undergraduate-programme/bachelor-of-business-with-second-major-in-sustainability","2026-10-07T04:27:47.547Z","DRAFT"
"programme_91f73df600c80338","nanyang-technological-university","OVERVIEW","","Overview","","This new second major provides students with the foundation and practical tools for understanding the concepts of sustainability and applying them to real world scenarios. It is designed to follow on sympathetically from the ICC course “Sustainability: Society, Economy and Environment”. The curriculum will be structured according to the three traditional pillars of sustainability: Society, Environment and Economy, colloquially known as People, Planet and Profit. At NTU, the students will then apply this knowledge through two additional pillars of Practice and Policy.","0","https://www.ntu.edu.sg/education/undergraduate-programme/bachelor-of-accountancy-with-second-major-in-sustainability","2026-10-07T04:27:49.560Z","DRAFT"
"programme_6bcaf19a86a8439b","nanyang-technological-university","OVERVIEW","","Overview","","Learn and understand various sustainability concepts and issues so as to enhance students' perspectives in business management and create innovative business solutions for the sustainability industry.","0","https://www.ntu.edu.sg/education/undergraduate-programme/bachelor-of-accountancy-with-second-major-in-sustainability","2026-10-07T04:27:49.560Z","DRAFT"
"programme_f5c80c50ff47557d","nanyang-technological-university","OVERVIEW","","Overview","","For over 70 years, the National Institute of Education has played a central role in preparing educators who are equipped with disciplinary expertise, research-informed perspectives, and professional competence. NIE’s emphasis on educational research enables teachers to engage critically with environmental, social, and spatial challenges in a rapidly changing world. Within this framework, the Geography major provides a well-rounded education in Geography as an academic discipline, focusing on the three key strands of Human Geography, Physical Geography, and Geographical Techniques. By the end of the programme, you will be equipped with content knowledge in both Human and Physical Geography, as well as technical competencies in data analytics, Geographic Information Systems (GIS), and remote sensing. You will also be trained in field methods. In addition, the department’s flagship Sustainability Learning Lab provides a nurturing platform for student teachers and staff to connect through shared interests in sustainability and sustainable development. NIE is ranked #3 in Asia and #8 globally for Education in the 2025 QS World University Rankings by Subject.","0","https://www.ntu.edu.sg/education/undergraduate-programme/bachelor-of-arts-in-geography-and-education","2026-10-07T04:27:51.562Z","DRAFT"
"programme_9202bcdfb98a19bc","nanyang-technological-university","OVERVIEW","","Overview","","The National Institute of Education (NIE) ensures that our undergraduates are equipped with high-quality skills, knowledge and values that will mould them into top-notch educators.","0","https://www.ntu.edu.sg/education/undergraduate-programme/bachelor-of-arts-in-geography-and-education","2026-10-07T04:27:51.562Z","DRAFT"
"programme_5de0cfb5d6d7d148","nanyang-technological-university","OVERVIEW","","Overview","","Singapore’s education system is internationally recognised for its excellence, and the National Institute of Education (NIE) has been at the heart of this success. For over 70 years, NIE has played a pivotal role in initial teacher preparation and continual professional development, equipping future educators with the skills, knowledge, and values needed to thrive in a dynamic educational landscape. Grounded in strong educational research, NIE prepares teachers and learners alike to adapt confidently to change and innovation. The Art Major is designed to develop learners’ competencies in Visual Art through a strong foundation in studio practice and critical studies. Students engage with a diverse range of visual art courses spanning 2D and 3D media, contemporary digital technologies, and art theories. Learning takes place in well-equipped, purpose-built studios, guided by accomplished artists and experts in the field. The programme culminates in an arts-based research project, where students develop their personal artistic voice and produce a body of work for public exhibition—preparing them to become confident, independent practitioners and reflective educators in the visual arts. NIE is ranked #3 in Asia and #8 globally for Education in the 2025 QS World University Rankings by Subject.","0","https://www.ntu.edu.sg/education/undergraduate-programme/bachelor-of-arts-in-art-and-education","2026-10-07T04:27:53.824Z","DRAFT"
"programme_9c212a74cc06ee87","nanyang-technological-university","OVERVIEW","","Overview","","The National Institute of Education (NIE) ensures that our undergraduates are equipped with high-quality skills, knowledge and values that will mould them into top-notch educators.","0","https://www.ntu.edu.sg/education/undergraduate-programme/bachelor-of-arts-in-art-and-education","2026-10-07T04:27:53.824Z","DRAFT"
"programme_430c5d4dfaf02a34","nanyang-technological-university","OVERVIEW","","Overview","","This programme is currently not accepting applications. The Part-Time Bachelor of Engineering (Electrical & Electronic Engineering) degree is designed for those with polytechnic diploma or equivalent qualifications who would like to further their studies on a part-time basis while continuing to work.","0","https://www.ntu.edu.sg/education/undergraduate-programme/bachelor-of-engineering-in-electrical-and-electronic-engineering-(part-time)","2026-10-07T04:27:57.861Z","DRAFT"
"programme_e54872c48888e45b","nanyang-technological-university","OVERVIEW","","Overview","","NTU EEE Part-Time","0","https://www.ntu.edu.sg/education/undergraduate-programme/bachelor-of-engineering-in-electrical-and-electronic-engineering-(part-time)","2026-10-07T04:27:57.861Z","DRAFT"
"programme_0c323828535995fc","sim-global-education","OVERVIEW","","Overview","","Built for senior leaders and decision-makers, this program establishes the strategic clarity required to lead with AI. Participants cut through the hype to identify where AI delivers real business value, how it should align to organisational priorities, and what readiness looks like across people, data, technology, and governance. The course strengthens executive judgement, critical evaluation, and risk-aware decision-making, while grounding leaders in cyber, ethical, and regulatory considerations. By the end of Phase 1, leaders will be positioned to set clear AI ambition, challenge assumptions, and confidently direct secure, high-impact adoption.For enquiries, please reach out to Joan Lim at joanlim@sim.edu.sg","0","https://www.sim.edu.sg/professional-development/courses/course-listing/ai-dea-phase-1","2026-10-07T04:31:07.698Z","DRAFT"
"programme_0763bd3110886c1b","sim-global-education","OVERVIEW","","Overview","","Accelerated by the COVID-19 pandemic, consumers have increasingly shifted their purchasing habits online — favoring the convenience, flexibility, and variety offered by digital platforms. TikTok, with its explosive growth and influence, has quickly become a key player in this space, transforming the way people discover brands, make buying decisions, and engage with content.This 3-Day Accelerator Programme empowers entrepreneurs, marketers, and businesses to harness the power of TikTok for real results — whether it’s building brand visibility, driving traffic, or boosting sales. Through interactive hands-on sessions, participants will master content creation, decode the algorithm, and launch campaigns that convert.Whether you're new to TikTok or looking to scale your digital presence, this programme gives you the tools, strategies, and confidence to grow your business in the mobile-first era.","0","https://www.sim.edu.sg/professional-development/courses/course-listing/tiktok-masterclass-695cc6a0cac5ac4a68ce6a67d4f7f8f9","2026-10-07T04:31:09.790Z","DRAFT"
"programme_d97629371c7d4f55","sim-global-education","OVERVIEW","","Overview","","SIM collaborates with renowned universities globally to offer bachelor's degree programmes in Singapore. Explore our full-time, part-time, and bachelor's degrees here.","0","https://www.sim.edu.sg/degrees-diplomas/programmes/academic-levels/bachelor","2026-10-07T04:30:02.403Z","DRAFT"
"programme_8da09c609cb67384","sim-global-education","OVERVIEW","","Overview","","SIM's diploma courses in Singapore are designed to offer a well-rounded, focused course of study that provides you with a good foundational understanding of specific fields and exposure to real-world practices.","0","https://www.sim.edu.sg/degrees-diplomas/programmes/academic-levels/diploma","2026-10-07T04:30:07.470Z","DRAFT"
"programme_655e2d88f61b3b5f","sp-jain-singapore","OVERVIEW","","Overview","","SP Jain's Bachelor of Business Administration is a 4-year undergraduate business course. Study in Singapore/Mumbai, Dubai and Sydney. Get Australian degree.","0","https://www.spjain.sg/programs/undergraduate/bba","2026-10-07T04:28:24.362Z","DRAFT"
"programme_0804c0b618eaae15","sp-jain-singapore","OVERVIEW","","Overview","","SP Jain's Bachelor of Data Science (BDS) is a 3-year program on campus in Mumbai & Sydney. Learn Machine Learning, Data Mining, Big Data Processing & more.","0","https://www.spjain.sg/programs/undergraduate/bachelor-of-data-science","2026-10-07T04:28:26.397Z","DRAFT"
"programme_dfea3330db4bcb37","sp-jain-singapore","OVERVIEW","","Overview","","Earn your Bachelor of Economics in just 2.5 years with SP Jain Global. Study in Sydney and graduate career-ready with global insights.","0","https://www.spjain.sg/programs/undergraduate/bachelor-of-economics","2026-10-07T04:28:27.655Z","DRAFT"
"programme_eb5cc3c7242a8c04","sp-jain-singapore","OVERVIEW","","Overview","","Check SP Jain's Bachelor of Business Administration (BBA) program fees, scholarships, accommodation fee, visa charges, payment timeline and more details. ","0","https://www.spjain.sg/programs/undergraduate/bba/fees","2026-10-07T04:28:39.737Z","DRAFT"
"programme_1f4021bbdaf52878","sp-jain-singapore","OVERVIEW","","Overview","","Are you a Year 2/3 transfer student keen to enrol into SP Jain's Bachelor of Business Administration? See the flexible on-campus & online options available","0","https://www.spjain.sg/programs/undergraduate/bba/flexible-learning-options/are-you-a-year-2-3-transfer-student","2026-10-07T04:28:51.149Z","DRAFT"
"programme_04028b50082ca7b8","sp-jain-singapore","OVERVIEW","","Overview","","Learn more about the Bachelor of Business Administration and Bachelor of Data Science program. Appear for an admission evaluation and interview on May 21. Register today!","0","https://www.spjain.sg/programs/undergraduate/open-day","2026-10-07T04:28:56.422Z","DRAFT"
"programme_7199334475a37265","sp-jain-singapore","OVERVIEW","","Overview","","Gain in-demand skills in Data Science. Study on campus in Mumbai & Sydney. Get a chance to earn a DASCA certification. Graduate with an Australian degree.","0","https://www.spjain.sg/programs/undergraduate/bachelor-of-data-science/why-spjain","2026-10-07T04:29:00.032Z","DRAFT"
"programme_6742529973e8e4f6","sp-jain-singapore","OVERVIEW","","Overview","","Graduate with an Australian undergraduate degree and the skills, knowledge and their application that validate the program learning outcomes listed here.","0","https://www.spjain.sg/programs/undergraduate/bachelor-of-data-science/academics/learning-outcomes","2026-10-07T04:29:02.403Z","DRAFT"
"programme_1b5cd92617b80e97","sp-jain-singapore","OVERVIEW","","Overview","","Learn about the Bachelor of Data Science's core subjects & projects. Check the curriculum, unit learning outcomes, academic calendars and student handbook.","0","https://www.spjain.sg/programs/undergraduate/bachelor-of-data-science/academics/program-structure","2026-10-07T04:29:04.368Z","DRAFT"
"programme_d149909686c2a741","sp-jain-singapore","OVERVIEW","","Overview","","Meet SP Jain's faculty for the Bachelor of Data Science program. Learn from experts who bring a wealth of research, teaching & industry experience to class.","0","https://www.spjain.sg/programs/undergraduate/bachelor-of-data-science/academics/faculty","2026-10-07T04:29:06.603Z","DRAFT"
"programme_cc63a1e7b35bbd53","sp-jain-singapore","OVERVIEW","","Overview","","Check SP Jain's Bachelor of Data Science (BDS) program fees, scholarships, accommodation fee, visa charges, payment timeline and more details.","0","https://www.spjain.sg/programs/undergraduate/bachelor-of-data-science/fees","2026-10-07T04:29:08.570Z","DRAFT"
"programme_91357324e8467b94","sp-jain-singapore","OVERVIEW","","Overview","","As a Bachelor of Data Science (BDS) student at SP Jain School of Global Management, you will become part of a dynamic, diverse and high-calibre student community leading to unique peer-to-peer learning experiences. We are proud of what our students have achieved. See their success stories.","0","https://www.spjain.sg/programs/undergraduate/bachelor-of-data-science/students/student-achievements","2026-10-07T04:29:09.870Z","DRAFT"
"programme_fefbcdc32076a8a4","sp-jain-singapore","OVERVIEW","","Overview","","Experience the Bachelor of Data Science (BDS) student life at SP Jain School of Global Management's Mumbai and Sydney campuses.","0","https://www.spjain.sg/programs/undergraduate/bachelor-of-data-science/students/student-life","2026-10-07T04:29:12.093Z","DRAFT"
"programme_bc0c6967b967a67f","sp-jain-singapore","OVERVIEW","","Overview","","SP Jain's Bachelor of Data Science students have landed jobs in Australia and interned at leading universities and companies. See our success stories.","0","https://www.spjain.sg/programs/undergraduate/bachelor-of-data-science/students/careers","2026-10-07T04:29:13.873Z","DRAFT"
"programme_c51c719bf63b088b","sp-jain-singapore","OVERVIEW","","Overview","","Graduate with an Australian degree and the skills, knowledge and their application that validate the BEC program learning outcomes listed here.","0","https://www.spjain.sg/programs/undergraduate/bec/academics/learning-outcomes","2026-10-07T04:29:52.649Z","DRAFT"
"programme_8593839e942c52e4","swinburne-university-of-technology","OVERVIEW","","Overview","","With our Bachelor of Arts, develop key critical thinking and communication skills to put your passion for a better world into a creative, meaningful career.","0","https://www.swinburne.edu.au/course/undergraduate/bachelor-of-arts/","2026-10-07T04:01:56.156Z","DRAFT"
"programme_79ecfdc0e6ca4c59","swinburne-university-of-technology","OVERVIEW","","Overview","","Help shape society and the world we live in with a Bachelor of Arts / Bachelor of Applied Innovation. Learn to make impactful strategic decisions that solve complex challenges.","0","https://www.swinburne.edu.au/course/undergraduate/bachelor-of-arts-bachelor-of-applied-innovation/","2026-10-07T04:01:59.235Z","DRAFT"
"programme_f8dd33b9995bc878","swinburne-university-of-technology","OVERVIEW","","Overview","","With a double degree in a Bachelor of Arts / Bachelor of Business you’ll become a well rounded business person who understands what’s good for the world.","0","https://www.swinburne.edu.au/course/undergraduate/bachelor-of-arts-bachelor-of-business/","2026-10-07T04:02:00.171Z","DRAFT"
"programme_3eb31dd18ce6d4e1","swinburne-university-of-technology","OVERVIEW","","Overview","","Earn an APAC-accredited psychology degree and explore social change with a Bachelor of Arts.","0","https://www.swinburne.edu.au/course/undergraduate/bachelor-of-arts-bachelor-of-psychological-sciences/","2026-10-07T04:02:03.559Z","DRAFT"
"programme_7c0df784ac4327f7","swinburne-university-of-technology","OVERVIEW","","Overview","","Our Bachelor of Laws / Bachelor of Arts gives you a strong foundation in critical thinking and problem-solving skills for a dynamic future-ready legal career. Be prepared for the legal world of tomorrow, artificial intelligence, big data, cybersecurity and more, with a degree that explores how technology is transforming legal practice. ","0","https://www.swinburne.edu.au/course/undergraduate/bachelor-of-laws-bachelor-of-arts/","2026-10-07T04:02:05.573Z","DRAFT"
"programme_4b958b7c86056149","swinburne-university-of-technology","OVERVIEW","","Overview","","With a Bachelor of Arts/ Bachelor of Science combine a science specialisation with a deep understanding of the world for a broad scope of exciting careers.","0","https://www.swinburne.edu.au/course/undergraduate/bachelor-of-arts-bachelor-of-science/","2026-10-07T04:02:07.454Z","DRAFT"
"programme_6b4f7a399029666e","swinburne-university-of-technology","OVERVIEW","","Overview","","In this major you'll develop an understanding of climate change and social justice. Learn the skills to take impactful action and create a more sustainable future.","0","https://www.swinburne.edu.au/course/undergraduate/bachelor-of-arts/climate-and-social-justice/","2026-10-07T04:02:08.205Z","DRAFT"
"programme_9fdb05ba49e9c76e","swinburne-university-of-technology","OVERVIEW","","Overview","","With our Bachelor of Arts, develop key critical thinking and communication skills to put your passion for a better world into a creative, meaningful career.","0","https://www.swinburne.edu.au/course/undergraduate/bachelor-of-arts/criminology-and-social-change/","2026-10-07T04:02:10.203Z","DRAFT"
"programme_d36882008256a2e4","swinburne-university-of-technology","OVERVIEW","","Overview","","Examine the ethical issues around how technology is shaping our lives. Learn the skills needed to create policies that protect human rights, social equity and security.","0","https://www.swinburne.edu.au/course/undergraduate/bachelor-of-arts/ethics-and-technology/","2026-10-07T04:02:13.803Z","DRAFT"
"programme_f1f2ab70b4572d97","swinburne-university-of-technology","OVERVIEW","","Overview","","Learn about Indigenous ways of being and doing and the relevance of Indigenous Knowledge today. Learn and adopt culturally safe practices and apply them to your career.","0","https://www.swinburne.edu.au/course/undergraduate/bachelor-of-arts/indigenous-studies/","2026-10-07T04:02:15.774Z","DRAFT"
"programme_9ad655e2deb36104","swinburne-university-of-technology","OVERVIEW","","Overview","","Learn to harness the power of words to tell compelling stories that inform and inspire the world. Explore the traditional and latest methods to hone your writing practice.","0","https://www.swinburne.edu.au/course/undergraduate/bachelor-of-arts/literature-and-creative-writing/","2026-10-07T04:02:17.664Z","DRAFT"
"programme_b9e4be5b9b18b74a","swinburne-university-of-technology","OVERVIEW","","Overview","","Learn how globalisation has transformed our society. Understand international relations. Develop cultural competency skills and open your mind to the world cultures.","0","https://www.swinburne.edu.au/course/undergraduate/bachelor-of-arts/perspectives-on-globalisation/","2026-10-07T04:02:18.283Z","DRAFT"
"programme_6790fd755b9dbf8d","swinburne-university-of-technology","OVERVIEW","","Overview","","You'll develop a deep understanding of key political concepts such as power, democracy and security in this major. Learn how technology has changed political power.","0","https://www.swinburne.edu.au/course/undergraduate/bachelor-of-arts/politics-power-and-technology/","2026-10-07T04:02:20.292Z","DRAFT"
"programme_390defbe7c8d6f6b","swinburne-university-of-technology","OVERVIEW","","Overview","","Chart the history of screen technologies and entertainment from cinema to smart phones to VR. Learn to imagine and anticipate what the future of entertainment will be.","0","https://www.swinburne.edu.au/course/undergraduate/bachelor-of-arts/screen-studies-and-popular-culture/","2026-10-07T04:02:22.299Z","DRAFT"
"programme_f81afe012811cf83","swinburne-university-of-technology","OVERVIEW","","Overview","","Companion handbook for the Bachelor of Arts features extended course information including study structure, course rules, units and special requirements.","0","https://www.swinburne.edu.au/course/undergraduate/bachelor-of-arts/handbook/","2026-10-07T04:02:26.353Z","DRAFT"
"programme_858e8191ab46f56c","swinburne-university-of-technology","OVERVIEW","","Overview","","Impact the health of individuals and the world at large, our Bachelor of Health Science/ Bachelor of Arts will prepare for a rewarding career in the booming health industry.  With core units across multiple fields of health science, explore contemporary how you can help people to live happier healthier lives. Plus, you'll have access to cutting-edge, industry-relevant tech in our campus labs, preparing you with the tech know-how the health industry needs.  ","0","https://www.swinburne.edu.au/course/undergraduate/bachelor-of-health-science-bachelor-of-arts/","2026-10-07T04:02:29.648Z","DRAFT"
"programme_54758deb4490faa1","swinburne-university-of-technology","OVERVIEW","","Overview","","The Engineering/Arts double degree pairs engineering technical expertise with critical and creative reasoning skills. Includes guaranteed industry projects.","0","https://www.swinburne.edu.au/course/undergraduate/bachelor-of-engineering-honours-bachelor-of-arts/","2026-10-07T04:02:30.339Z","DRAFT"
"programme_c544d2628e6a3a6d","swinburne-university-of-technology","OVERVIEW","","Overview","","This course offers 7 majors. Graduate with real-world skills in the latest communication technologies and media industry practices.","0","https://www.swinburne.edu.au/course/undergraduate/bachelor-of-media-and-communication/","2026-10-07T04:02:32.343Z","DRAFT"
"programme_5bccf35cec223829","swinburne-university-of-technology","OVERVIEW","","Overview","","Bachelor of Criminal Justice and Criminology is the 1st degree of its kind in Victoria. Study the causes, detection, prevention and sanctioning of criminal behavior.","0","https://www.swinburne.edu.au/course/undergraduate/bachelor-of-criminal-justice-and-criminology/","2026-10-07T04:02:35.600Z","DRAFT"
"programme_7fdefeec4d224038","swinburne-university-of-technology","OVERVIEW","","Overview","","The Bachelor of Business equips graduates with core skills in business, management and operations. Specialise in 1 of 13 Majors. Industry-based learning is guaranteed","0","https://www.swinburne.edu.au/course/undergraduate/bachelor-of-business/","2026-10-07T04:02:38.224Z","DRAFT"
"programme_2592b5188534aa87","swinburne-university-of-technology","OVERVIEW","","Overview","","Help shape society and the world we live in with a Bachelor of Arts / Bachelor of Applied Innovation. Learn to make impactful strategic decisions that solve complex challenges.","0","https://www.swinburne.edu.au/course/undergraduate/bachelor-of-arts-bachelor-of-applied-innovation/climate-and-social-justice/","2026-10-07T04:02:39.749Z","DRAFT"
"programme_67c0a0512dc2b55b","swinburne-university-of-technology","OVERVIEW","","Overview","","Help shape society and the world we live in with a Bachelor of Arts / Bachelor of Applied Innovation. Learn to make impactful strategic decisions that solve complex challenges.","0","https://www.swinburne.edu.au/course/undergraduate/bachelor-of-arts-bachelor-of-applied-innovation/criminology-and-social-change/","2026-10-07T04:02:41.777Z","DRAFT"
"programme_0868c86bcedaa166","swinburne-university-of-technology","OVERVIEW","","Overview","","Help shape society and the world we live in with a Bachelor of Arts / Bachelor of Applied Innovation. Learn to make impactful strategic decisions that solve complex challenges.","0","https://www.swinburne.edu.au/course/undergraduate/bachelor-of-arts-bachelor-of-applied-innovation/ethics-and-technology/","2026-10-07T04:02:43.777Z","DRAFT"
"programme_76d360b3e25bf98c","swinburne-university-of-technology","OVERVIEW","","Overview","","Help shape society and the world we live in with a Bachelor of Arts / Bachelor of Applied Innovation. Learn to make impactful strategic decisions that solve complex challenges.","0","https://www.swinburne.edu.au/course/undergraduate/bachelor-of-arts-bachelor-of-applied-innovation/indigenous-studies/","2026-10-07T04:02:45.825Z","DRAFT"
"programme_1302dcb60b058a68","swinburne-university-of-technology","OVERVIEW","","Overview","","Help shape society and the world we live in with a Bachelor of Arts / Bachelor of Applied Innovation. Learn to make impactful strategic decisions that solve complex challenges.","0","https://www.swinburne.edu.au/course/undergraduate/bachelor-of-arts-bachelor-of-applied-innovation/literature-and-creative-writing/","2026-10-07T04:02:47.778Z","DRAFT"
"programme_747afeab26e62254","swinburne-university-of-technology","OVERVIEW","","Overview","","Help shape society and the world we live in with a Bachelor of Arts / Bachelor of Applied Innovation. Learn to make impactful strategic decisions that solve complex challenges.","0","https://www.swinburne.edu.au/course/undergraduate/bachelor-of-arts-bachelor-of-applied-innovation/perspectives-on-globalisation/","2026-10-07T04:02:49.765Z","DRAFT"
"programme_cd80a2df31de025b","swinburne-university-of-technology","OVERVIEW","","Overview","","Help shape society and the world we live in with a Bachelor of Arts / Bachelor of Applied Innovation. Learn to make impactful strategic decisions that solve complex challenges.","0","https://www.swinburne.edu.au/course/undergraduate/bachelor-of-arts-bachelor-of-applied-innovation/screen-studies-and-popular-culture/","2026-10-07T04:02:54.160Z","DRAFT"
"programme_0207a5d3d28dae85","swinburne-university-of-technology","OVERVIEW","","Overview","","The Course Handbook contains information about Bachelor of Arts / Bachelor of Applied Innovation including units, admission criteria and other helpful information for students of Swinburne University of Technology.","0","https://www.swinburne.edu.au/course/undergraduate/bachelor-of-arts-bachelor-of-applied-innovation/handbook/","2026-10-07T04:02:54.732Z","DRAFT"
"programme_40c86d399a848075","swinburne-university-of-technology","OVERVIEW","","Overview","","The Course Handbook contains information about Bachelor of Arts / Bachelor of Business including units, admission criteria and other helpful information for students of Swinburne University of Technology.","0","https://www.swinburne.edu.au/course/undergraduate/bachelor-of-arts-bachelor-of-business/handbook/","2026-10-07T04:02:56.866Z","DRAFT"
"programme_8fcbd35e6f605c19","swinburne-university-of-technology","OVERVIEW","","Overview","","Earn an APAC-accredited psychology degree and explore social change with a Bachelor of Arts.","0","https://www.swinburne.edu.au/course/undergraduate/bachelor-of-arts-bachelor-of-psychological-sciences/climate-and-social-justice/","2026-10-07T04:03:00.080Z","DRAFT"
"programme_5c3b6f3a1ce26c40","swinburne-university-of-technology","OVERVIEW","","Overview","","Earn an APAC-accredited psychology degree and explore social change with a Bachelor of Arts.","0","https://www.swinburne.edu.au/course/undergraduate/bachelor-of-arts-bachelor-of-psychological-sciences/ethics-and-technology/","2026-10-07T04:03:04.006Z","DRAFT"
"programme_e95ff6ce5a23c8ee","swinburne-university-of-technology","OVERVIEW","","Overview","","Earn an APAC-accredited psychology degree and explore social change with a Bachelor of Arts.","0","https://www.swinburne.edu.au/course/undergraduate/bachelor-of-arts-bachelor-of-psychological-sciences/indigenous-studies/","2026-10-07T04:03:06.058Z","DRAFT"
"programme_b1568cbea2e43bca","swinburne-university-of-technology","OVERVIEW","","Overview","","Earn an APAC-accredited psychology degree and explore social change with a Bachelor of Arts.","0","https://www.swinburne.edu.au/course/undergraduate/bachelor-of-arts-bachelor-of-psychological-sciences/literature-and-creative-writing/","2026-10-07T04:03:08.002Z","DRAFT"
"programme_a2ac39ab01e34c98","swinburne-university-of-technology","OVERVIEW","","Overview","","Learn how to support people in an increasingly complex world by becoming a mental health professional.  This Bachelor of Psychological Sciences degree is accredited by the Australian Psychology Accreditation Council and the first step to becoming a psychologist. You'll study the scope of psychological science and complete a variety of research projects to develop your project management, research and report writing skill set.  Combine with a Bachelor of Arts to widen your knowledge of what drives social change in contemporary society.","0","https://www.swinburne.edu.au/course/undergraduate/bachelor-of-arts-bachelor-of-psychological-sciences/perspectives-on-globalisation/","2026-10-07T04:03:10.111Z","DRAFT"
"programme_7acdfbf5620e25c9","tum-asia","OVERVIEW","","Overview","","The Bachelor of Engineering in Chemical Engineering is a 4-year full-time joint undergraduate programme delivered in Singapore and awarded jointly by the Technical University of Munich and the Singapore Institute of Technology. The programme equips students with Industry 4.0 skills in chemical engineering, including data engineering, additive manufacturing, laboratory practice and advanced process technologies.","0","https://tum-asia.edu.sg/undergraduate-studies/chemical-engineering/","2026-10-07T04:28:24.482Z","DRAFT"
"programme_94d4d876f6bd53ae","tum-asia","OVERVIEW","","Overview","","The Bachelor of Engineering in Electronics and Data Engineering is a 4-year full-time joint undergraduate programme delivered in Singapore and awarded jointly by the Technical University of Munich and the Singapore Institute of Technology. The programme combines electronics and data engineering, equipping students with knowledge in semiconductor physics, circuit design, data science, machine learning, sensors, power electronics and advanced digital technologies for the electronics and semiconductor manufacturing sectors.","0","https://tum-asia.edu.sg/undergraduate-studies/electronics-and-data-engineering/","2026-10-07T04:28:28.060Z","DRAFT"
"programme_3d9ac9aa7fc76084","tum-asia","OVERVIEW","","Overview","","The Bachelor of Engineering in Chemical Engineering is a 4-year full-time joint undergraduate programme delivered in Singapore and awarded jointly by the Technical University of Munich and the Singapore Institute of Technology. The programme equips students with Industry 4.0 skills in chemical engineering, including data engineering, additive manufacturing, laboratory practice and advanced process technologies.","0","https://tum-asia.edu.sg/cn/undergraduate-studies/chemical-engineering/","2026-10-07T04:28:32.915Z","DRAFT"
"programme_f2b88e818863d5e0","tum-asia","OVERVIEW","","Overview","","The Bachelor of Engineering in Electronics and Data Engineering is a 4-year full-time joint undergraduate programme delivered in Singapore and awarded jointly by the Technical University of Munich and the Singapore Institute of Technology. The programme combines electronics and data engineering, equipping students with knowledge in semiconductor physics, circuit design, data science, machine learning, sensors, power electronics and advanced digital technologies for the electronics and semiconductor manufacturing sectors.","0","https://tum-asia.edu.sg/cn/undergraduate-studies/electronics-and-data-engineering/","2026-10-07T04:28:36.031Z","DRAFT"
"programme_5c1664afc69ae3ba","university-of-birmingham","OVERVIEW","","Overview","","Our Geotechnical Engineering course provides advanced training to civil engineers and geologists who wish to widen their knowledge or to specialise in the field of geotechnical engineering.","0","https://www.birmingham.ac.uk/study/visit-us/campus-tours","2026-10-07T04:05:50.261Z","DRAFT"
"programme_de681db4568f28fb","university-of-birmingham","OVERVIEW","","Overview","","Looking for a BSc Computer Science course? Our programme offers the opportunity to learn about all kinds of computational systems, covering their design, development, and application. Apply now.","0","https://www.birmingham.ac.uk/study/undergraduate/subjects/computer-science-courses","2026-10-07T04:06:13.795Z","DRAFT"
"programme_879b184493eb746c","university-of-cambridge","OVERVIEW","","Overview","","Take your first step to becoming a Chartered Engineer. Gain the knowledge to solve real-world problems and apply your skills to projects and on placement.","0","https://www.undergraduate.study.cam.ac.uk/courses/engineering-ba-hons-meng","2026-10-07T05:50:41.506Z","DRAFT"
"programme_c404f4f2c2f074a1","university-of-cambridge","OVERVIEW","","Overview","","Fascinated by human history, evolution and cultures? Our flexible course covers archaeology, biological anthropology, Egyptology and Assyriology.","0","https://www.undergraduate.study.cam.ac.uk/courses/archaeology-ba-hons","2026-10-07T05:50:43.550Z","DRAFT"
"programme_821943c67dd62a3e","university-of-cambridge","OVERVIEW","","Overview","","A 4-year course for graduates in any discipline looking to move into medicine. Study core medical science alongside clinical placements.","0","https://www.undergraduate.study.cam.ac.uk/courses/medicine-graduate-course-mb-bchir","2026-10-07T05:50:45.577Z","DRAFT"
"programme_26300d3645f03f81","university-of-cambridge","OVERVIEW","","Overview","","Take your first step to a career in medicine. Gain scientific knowledge and skills, then apply them on clinical placements in hospitals and GP practices.","0","https://www.undergraduate.study.cam.ac.uk/courses/medicine-mb-bchir","2026-10-07T05:50:47.573Z","DRAFT"
"programme_84cf29e91d2ddac3","university-of-cambridge","OVERVIEW","","Overview","","Explore the history and culture of Ancient Greece and Rome. Learn Latin and Greek, and pick from options including art, philosophy and linguistics.","0","https://www.undergraduate.study.cam.ac.uk/courses/classics-ba-hons","2026-10-07T05:50:49.524Z","DRAFT"
"programme_04d558259e698b80","university-of-cambridge","OVERVIEW","","Overview","","Choose from a range of languages, including French, German, Russian and Spanish. Spend a year abroad immersing yourself in the culture.","0","https://www.undergraduate.study.cam.ac.uk/courses/modern-medieval-languages-ba-hons","2026-10-07T05:50:51.597Z","DRAFT"
"programme_1a62faa0eb2948e0","university-of-cambridge","OVERVIEW","","Overview","","Explore a range of approaches to faith, including history, philosophy and literature. Study a scriptural language and choose from a broad range of options.","0","https://www.undergraduate.study.cam.ac.uk/courses/theology-religion-philosophy-of-religion-ba-hons","2026-10-07T05:50:53.580Z","DRAFT"
"programme_4c7fecfe874b14eb","university-of-cambridge","OVERVIEW","","Overview","","Explore the languages and cultures of Asia and the Middle East, including Chinese, Japanese and Arabic. Spend a year abroad immersing yourself in the culture.","0","https://www.undergraduate.study.cam.ac.uk/courses/asian-middle-eastern-studies-ba-hons","2026-10-07T05:50:55.540Z","DRAFT"
"programme_b60a6e346c3379f9","university-of-cambridge","OVERVIEW","","Overview","","Develop your critical skills and expand your imagination. Pick from options including Medieval texts, postcolonial literature and visual culture.","0","https://www.undergraduate.study.cam.ac.uk/courses/english-ba-hons","2026-10-07T05:50:59.734Z","DRAFT"
"programme_6dcd6abe68ddf57e","university-of-cambridge","OVERVIEW","","Overview","","Explore the history, literature and languages of early medieval Britain, Ireland and Scandinavia, from Celtic languages to Viking exploits.","0","https://www.undergraduate.study.cam.ac.uk/courses/anglo-saxon-norse-celtic-ba-hons","2026-10-07T05:51:01.619Z","DRAFT"
"programme_f7b9f8c3cc20ef8a","university-of-cambridge","OVERVIEW","","Overview","","Study politics and international relations, social anthropology and sociology. Specialise in 1 or 2 subjects. Options include religious studies or criminology.","0","https://www.undergraduate.study.cam.ac.uk/courses/human-social-political-sciences-ba-hons","2026-10-07T05:51:03.603Z","DRAFT"
"programme_80bd6fa909f550a9","university-of-cambridge","OVERVIEW","","Overview","","Take your first step to qualifying as an architect. Combine arts, sciences and creativity, mixing studio work with architectural theory, design and more.","0","https://www.undergraduate.study.cam.ac.uk/courses/architecture-ba-hons-march","2026-10-07T05:51:05.624Z","DRAFT"
"programme_7a0c1eaea6435997","university-of-cambridge","OVERVIEW","","Overview","","Explore a mix of architecture, engineering and materials science to design solutions to global problems. Combine studio work, workshops and theory.","0","https://www.undergraduate.study.cam.ac.uk/courses/design-ba-hons-mdes","2026-10-07T05:51:07.597Z","DRAFT"
"programme_4e46205af6b14b6d","university-of-cambridge","OVERVIEW","","Overview","","Explore art history and architecture from the Middle Ages to the 21st century. Learn about art criticism and how art is displayed and experienced.","0","https://www.undergraduate.study.cam.ac.uk/courses/history-of-art-ba-hons","2026-10-07T05:51:09.630Z","DRAFT"
"programme_77e049206ce75843","university-of-cambridge","OVERVIEW","","Overview","","Study science, choosing from fields including biology, chemistry and physics. Explore broadly, or specialise in an area such as genetics or astrophysics.","0","https://www.undergraduate.study.cam.ac.uk/courses/natural-sciences-ba-hons-msci","2026-10-07T05:51:11.611Z","DRAFT"
"programme_47cb12bf2715af32","university-of-cambridge","OVERVIEW","","Overview","","Gain the product and process design skills to help solve humanity's greatest challenges. Take your first step to becoming a Chartered Engineer.","0","https://www.undergraduate.study.cam.ac.uk/courses/chemical-engineering-biotechnology-ba-hons-meng","2026-10-07T05:51:15.621Z","DRAFT"
"programme_9619d2f51f2aaddc","university-of-cambridge","OVERVIEW","","Overview","","Gain the skills to work on the technology of the future. Explore programming, interaction design and AI, and show your creativity with projects.","0","https://www.undergraduate.study.cam.ac.uk/courses/computer-science-ba-hons-meng","2026-10-07T05:51:17.639Z","DRAFT"
"programme_ce4538beffa6fec2","university-of-cambridge","OVERVIEW","","Overview","","Take your first step to qualifying as a solicitor or barrister. Known as an LLB at other universities, our course covers English law and more.","0","https://www.undergraduate.study.cam.ac.uk/courses/law-ba-hons","2026-10-07T05:51:19.471Z","DRAFT"
"programme_a78d76faea0546b8","university-of-cambridge","OVERVIEW","","Overview","","Explore what education means in childhood and beyond, the development of the mind and learning in different socioeconomic and political contexts.","0","https://www.undergraduate.study.cam.ac.uk/courses/education-ba-hons","2026-10-07T05:51:21.658Z","DRAFT"
"programme_c6ecf69c8b02d598","university-of-cambridge","OVERVIEW","","Overview","","Explore core economics alongside its historical and political context. Gain statistical and analytical skills and learn to work with data.","0","https://www.undergraduate.study.cam.ac.uk/courses/economics-ba-hons","2026-10-07T05:51:23.665Z","DRAFT"
"programme_98530b0f185b1ad3","university-of-cambridge","OVERVIEW","","Overview","","Previously called Land Economy. Learn how law and economics relate to built and natural environments. Explore topics like international development and real estate.","0","https://www.undergraduate.study.cam.ac.uk/courses/environment-law-economics-ba-hons","2026-10-07T05:51:25.688Z","DRAFT"
"programme_64a2a9cccc6ac4ae","university-of-cambridge","OVERVIEW","","Overview","","Are you fascinated by human language? Study sound, structure and meaning, and explore options such as language acquisition and variation.","0","https://www.undergraduate.study.cam.ac.uk/courses/linguistics-ba-hons","2026-10-07T05:51:27.811Z","DRAFT"
"programme_06b806b1f1e00b67","university-of-cambridge","OVERVIEW","","Overview","","Explore human and physical geography. Study the biggest global challenges we face, such as pandemics, inequality and the climate emergency.","0","https://www.undergraduate.study.cam.ac.uk/courses/geography-ba-hons","2026-10-07T05:51:29.750Z","DRAFT"
"programme_746ed2bcf0f60b8f","university-of-cambridge","OVERVIEW","","Overview","","Explore literature, history and culture in a modern language alongside the study of history. Spend a year abroad perfecting your language skills.","0","https://www.undergraduate.study.cam.ac.uk/courses/history-modern-languages-ba-hons","2026-10-07T05:51:31.736Z","DRAFT"
"programme_bbd29c3ab9df0bf8","university-of-cambridge","OVERVIEW","","Overview","","Combine the study of linguistics with one modern language Options include French and Spanish. Explore the scientifics of language and study abroad.","0","https://www.undergraduate.study.cam.ac.uk/courses/linguistics-modern-languages-ba-hons","2026-10-07T05:51:33.749Z","DRAFT"
"programme_8337c69cb8ae9842","university-of-cambridge","OVERVIEW","","Overview","","Explore 3,000 years of history from all around the world. Choose from options including British history, Ancient Greece and modern Africa.","0","https://www.undergraduate.study.cam.ac.uk/courses/history-ba-hons","2026-10-07T05:51:35.815Z","DRAFT"
"programme_87ff3deea3d204b6","university-of-cambridge","OVERVIEW","","Overview","","Explore both history and politics, choosing from options such as American history, political thought and international relations.","0","https://www.undergraduate.study.cam.ac.uk/courses/history-politics-ba-hons","2026-10-07T05:51:37.709Z","DRAFT"
"programme_7a2945687acfb19a","university-of-cambridge","OVERVIEW","","Overview","","Explore maths, from statistics and number theory to general relativity and cryptography. Study pure and applied mathematics, or combine maths with physics.","0","https://www.undergraduate.study.cam.ac.uk/courses/mathematics-ba-hons-mmath","2026-10-07T05:51:39.842Z","DRAFT"
"programme_b4bc0d37acb60d26","university-of-cambridge","OVERVIEW","","Overview","","Study areas such as music theory and history, or develop your composition skills. Focus on your interests, from pop music to developing as a performer.","0","https://www.undergraduate.study.cam.ac.uk/courses/music-ba-hons","2026-10-07T05:51:41.713Z","DRAFT"
"programme_701ec8f2515d3bd2","university-of-cambridge","OVERVIEW","","Overview","","Explore metaphysics, ethics, meaning, logic and more. Specialise in areas such as political philosophy, Greek and Roman philosophy or aesthetics.","0","https://www.undergraduate.study.cam.ac.uk/courses/philosophy-ba-hons","2026-10-07T05:51:43.754Z","DRAFT"
"programme_32406681d92558fa","university-of-cambridge","OVERVIEW","","Overview","","Take your first step to a career in psychology. Explore experimental psychology, social and developmental psychology, neuroscience and more.","0","https://www.undergraduate.study.cam.ac.uk/courses/psychological-behavioural-sciences-ba-hons","2026-10-07T05:51:45.733Z","DRAFT"
"programme_242cb8ffa34b6366","university-of-queensland","OVERVIEW","","Overview","","Combine advanced coursework and authentic learning experiences to succeed in top-tier business, strategy and consulting roles.","0","https://study.uq.edu.au/study-options/programs/bachelor-advanced-business-honours-2139","2026-10-07T03:58:00.623Z","DRAFT"
"programme_3b969d9d4aea562e","university-of-queensland","OVERVIEW","","Overview","","Become a leading economist, investment banker, fund manager or consultant. Work at the trading desk of a global bank, a private equity firm, an economic consultancy or the Reserve Bank.","0","https://study.uq.edu.au/study-options/programs/bachelor-advanced-finance-and-economics-honours-2140","2026-10-07T03:58:02.411Z","DRAFT"
"programme_f51dc001b4318ac0","university-of-queensland","OVERVIEW","","Overview","","Examine complex global and cultural issues through interdisciplinary humanities study.","0","https://study.uq.edu.au/study-options/programs/bachelor-advanced-humanities-honours-2414","2026-10-07T03:58:04.640Z","DRAFT"
"programme_07c83afc3b6b31d7","university-of-queensland","OVERVIEW","","Overview","","Take your scientific potential to the next level and sharpen your critical thinking and analytical skills for a career in research and industry with this elite 4-year program.","0","https://study.uq.edu.au/study-options/programs/bachelor-advanced-science-honours-2516","2026-10-07T03:58:07.857Z","DRAFT"
"programme_d7195f32b4cac006","university-of-queensland","OVERVIEW","","Overview","","Prepare for a successful business career in the thriving agricultural industry.","0","https://study.uq.edu.au/study-options/programs/bachelor-agribusiness-2007","2026-10-07T03:58:09.735Z","DRAFT"
"programme_cc49bff4aa14f3db","university-of-queensland","OVERVIEW","","Overview","","Develop a keen market focus, commercial awareness, and an innovative and international outlook to succeed in the food and fibre industries.","0","https://study.uq.edu.au/study-options/programs/graduate-certificate-agribusiness-5007","2026-10-07T03:58:12.178Z","DRAFT"
"programme_df4cb4a445a79d70","university-of-queensland","OVERVIEW","","Overview","","Develop a keen market focus, commercial awareness, and an innovative and international outlook to succeed in the food and fibre industries.","0","https://study.uq.edu.au/study-options/programs/graduate-diploma-agribusiness-5736","2026-10-07T03:58:14.608Z","DRAFT"
"programme_16c76b4f02943a35","university-of-queensland","OVERVIEW","","Overview","","Develop a keen market focus, commercial awareness, and an innovative and international outlook to succeed in the food and fibre industries.","0","https://study.uq.edu.au/study-options/programs/master-agribusiness-5562","2026-10-07T03:58:16.493Z","DRAFT"
"programme_5c7c4b49add4ab03","university-of-queensland","OVERVIEW","","Overview","","Build a career shaping the future of agriculture, food systems and agribusiness.","0","https://study.uq.edu.au/study-options/programs/bachelors-agribusiness-agricultural-science-2584","2026-10-07T03:58:18.404Z","DRAFT"
"programme_0f2880cc28aa8c47","university-of-queensland","OVERVIEW","","Overview","","Build a career shaping the future of agriculture and food systems.","0","https://study.uq.edu.au/study-options/programs/bachelor-agricultural-science-2583","2026-10-07T03:58:20.857Z","DRAFT"
"programme_374768b6dc76a735","university-of-queensland","OVERVIEW","","Overview","","Gain the skills to tackle global environmental challenges and improve agricultural practices anywhere in the world.","0","https://study.uq.edu.au/study-options/programs/graduate-certificate-agricultural-science-5561","2026-10-07T03:58:22.783Z","DRAFT"
"programme_2f2095cfd98ed2b7","university-of-queensland","OVERVIEW","","Overview","","Gain the skills to tackle global environmental challenges and improve agricultural practices anywhere in the world.","0","https://study.uq.edu.au/study-options/programs/graduate-diploma-agricultural-science-5737","2026-10-07T03:58:24.838Z","DRAFT"
"programme_a6590339efdae493","university-of-queensland","OVERVIEW","","Overview","","Master the science to tackle global environmental challenges and improve agricultural practices anywhere in the world.","0","https://study.uq.edu.au/study-options/programs/master-agricultural-science-5564","2026-10-07T03:58:26.698Z","DRAFT"
"programme_e09baae347ef341c","university-of-queensland","OVERVIEW","","Overview","","Deepen your knowledge, enhance your research skills, and prepare for a dynamic career in agricultural research or industry leadership.","0","https://study.uq.edu.au/study-options/programs/bachelor-agricultural-science-honours-2450","2026-10-07T03:58:28.245Z","DRAFT"
"programme_48c35719ca1ff2ac","university-of-queensland","OVERVIEW","","Overview","","Advance your skills with leading animal science courses and develop specialisations for further study.","0","https://study.uq.edu.au/study-options/programs/graduate-certificate-animal-science-5565","2026-10-07T03:58:30.622Z","DRAFT"
"programme_1f74598b206462e9","university-of-queensland","OVERVIEW","","Overview","","Master core skills in animal science to meet the global challenges associated with feeding the world and maintaining the environment.","0","https://study.uq.edu.au/study-options/programs/master-animal-science-5571","2026-10-07T03:58:31.093Z","DRAFT"
"programme_f8a7ce530c8505a5","university-of-queensland","OVERVIEW","","Overview","","Examine language structure, use and learning across diverse cultural and social contexts.","0","https://study.uq.edu.au/study-options/programs/graduate-certificate-applied-linguistics-5463","2026-10-07T03:58:35.076Z","DRAFT"
"programme_d5ba7767d6964bef","university-of-queensland","OVERVIEW","","Overview","","Analyse language use and learning through advanced study of linguistics and communication.","0","https://study.uq.edu.au/study-options/programs/master-applied-linguistics-5592","2026-10-07T03:58:37.544Z","DRAFT"
"programme_40eeaeb7a06b3ffd","university-of-queensland","OVERVIEW","","Overview","","Design a sustainable and inclusive future through architecture.","0","https://study.uq.edu.au/study-options/programs/bachelor-architectural-design-2550","2026-10-07T03:58:39.609Z","DRAFT"
"programme_60f770e2670a07a0","university-of-queensland","OVERVIEW","","Overview","","Develop the advanced design, technical and professional skills relevant to the practice of architecture and advancing originality and creativity in the field.","0","https://study.uq.edu.au/study-options/programs/master-architecture-5429","2026-10-07T03:58:41.677Z","DRAFT"
"programme_8a6087a97693998a","university-of-queensland","OVERVIEW","","Overview","","Discover your passion as you explore diverse humanities, arts and social science fields and develop skills that transfer across industries and roles.","0","https://study.uq.edu.au/study-options/programs/bachelor-arts-2000","2026-10-07T03:58:44.434Z","DRAFT"
"programme_31f5bce1a781951b","university-of-queensland","OVERVIEW","","Overview","","Step into a pathway that supports progression into a range of arts-related degrees and careers.","0","https://study.uq.edu.au/study-options/programs/diploma-arts-2320","2026-10-07T03:58:47.306Z","DRAFT"
"programme_03ee854018715cac","university-of-queensland","OVERVIEW","","Overview","","Combine humanities study with teacher training to teach subjects like English, history, or languages.","0","https://study.uq.edu.au/study-options/programs/bachelors-arts-education-secondary-2066","2026-10-07T03:58:50.536Z","DRAFT"
"programme_bd9975aa5cf50a6f","university-of-queensland","OVERVIEW","","Overview","","Discover your passion through arts disciplines that provide the skills to succeed, while developing advanced legal knowledge, transferable skills and professional networks.","0","https://study.uq.edu.au/study-options/programs/bachelors-arts-laws-honours-2142","2026-10-07T03:58:53.513Z","DRAFT"
"programme_efe44d987f8ba971","university-of-queensland","OVERVIEW","","Overview","","Explore human behaviour and culture through complementary study across arts and social sciences.","0","https://study.uq.edu.au/study-options/programs/bachelors-arts-social-science-2505","2026-10-07T05:55:30.616Z","DRAFT"
"programme_b1f8721f16d8b731","university-of-queensland","OVERVIEW","","Overview","","Discover your passion through arts disciplines that provide the skills to succeed, while developing the business acumen and professional abilities to create exceptional tourism experiences.","0","https://study.uq.edu.au/study-options/programs/bachelors-arts-tourism-hospitality-and-event-management-2474","2026-10-07T05:55:30.888Z","DRAFT"
"programme_0a34540c19a0cf28","university-of-queensland","OVERVIEW","","Overview","","Investigate specialised topics through independent research that deepens expertise in your chosen discipline.","0","https://study.uq.edu.au/study-options/programs/bachelor-arts-honours-2052","2026-10-07T05:55:32.794Z","DRAFT"
"programme_5d8b52b34516452e","university-of-queensland","OVERVIEW","","Overview","","Develop interpreting skills for real-time communication across languages and settings.","0","https://study.uq.edu.au/study-options/programs/graduate-certificate-arts-interpreting-5749","2026-10-07T05:55:34.813Z","DRAFT"
"programme_f524f789b0f60c78","university-of-queensland","OVERVIEW","","Overview","","Build translation skills to accurately convey meaning across languages and formats.","0","https://study.uq.edu.au/study-options/programs/graduate-certificate-arts-translation-5750","2026-10-07T05:55:36.882Z","DRAFT"
"programme_4f623ca270f62f17","university-of-queensland","OVERVIEW","","Overview","","Develop advanced translation and interpreting capabilities through intensive training.","0","https://study.uq.edu.au/study-options/programs/graduate-diploma-arts-translation-and-interpreting-5751","2026-10-07T05:55:40.335Z","DRAFT"
"programme_1bebe25f060d17b7","university-of-queensland","OVERVIEW","","Overview","","Discover the latest in globally relevant biomedical practices, and gain the theoretical and hands-on skills needed to prepare yourself for a dynamic career in modern medical science.","0","https://study.uq.edu.au/study-options/programs/bachelor-biomedical-science-2546","2026-10-07T05:55:40.861Z","DRAFT"
"programme_2c6e9f13b6294270","university-of-queensland","OVERVIEW","","Overview","","Get set to contribute to breakthroughs in the medical sciences and healthcare by combining interdisciplinary scientific knowledge and key practical skills with an in-depth understanding of biomedical science.","0","https://study.uq.edu.au/study-options/programs/bachelors-biomedical-science-science-2547","2026-10-07T05:55:42.937Z","DRAFT"
"programme_a3450b853c7941ba","university-of-queensland","OVERVIEW","","Overview","","Extend your knowledge in Biomedical Science through an independent research project and open doors to further study options as you prepare yourself for a career at the forefront of modern healthcare.","0","https://study.uq.edu.au/study-options/programs/bachelor-biomedical-science-honours-2423","2026-10-07T05:55:44.931Z","DRAFT"
"programme_fc27b184d2e9db94","university-of-queensland","OVERVIEW","","Overview","","Want to help feed, fuel and heal the planet? Combine life sciences with specialised practical training and entrepreneurial skills to join a fast-evolving industry improving global health and wellbeing.","0","https://study.uq.edu.au/study-options/programs/bachelor-biotechnology-2456","2026-10-07T05:55:46.908Z","DRAFT"
"programme_cee606dfb72e10e9","university-of-queensland","OVERVIEW","","Overview","","Pioneer new frontiers in health, agriculture, science, engineering and beyond.","0","https://study.uq.edu.au/study-options/programs/bachelor-biotechnology-honours-2457","2026-10-07T05:55:50.765Z","DRAFT"
"programme_38517379fa5758e9","university-of-queensland","OVERVIEW","","Overview","","Prepare for postgraduate research or further study, as well as specialist research and industry roles across architecture, design and planning.","0","https://study.uq.edu.au/study-options/programs/bachelor-built-environment-and-design-honours-2581","2026-10-07T05:55:52.305Z","DRAFT"
"programme_b80f82ab0a899a30","university-of-queensland","OVERVIEW","","Overview","","Unlock diverse career opportunities across industries by developing a broad range of essential business skills.","0","https://study.uq.edu.au/study-options/programs/bachelor-business-management-2171","2026-10-07T05:55:53.011Z","DRAFT"
"programme_4a80a7feb580fef1","university-of-queensland","OVERVIEW","","Overview","","Increase your employment opportunities by combining a comprehensive understanding of business principles and practices with a respected arts qualification.","0","https://study.uq.edu.au/study-options/programs/bachelors-business-management-arts-2175","2026-10-07T05:55:54.949Z","DRAFT"
"programme_10921f6ebf797eba","university-of-queensland","OVERVIEW","","Overview","","Looking for a head start in business with a focus on financial services? This dual program provides a foundation in business management while developing your financial literacy and analytical skills.","0","https://study.uq.edu.au/study-options/programs/bachelors-business-management-commerce-2180","2026-10-07T05:55:56.959Z","DRAFT"
"programme_0970d42631bf0db9","university-of-queensland","OVERVIEW","","Overview","","Prepare yourself for a career as a business leader in the contemporary information society and economy.","0","https://study.uq.edu.au/study-options/programs/bachelors-business-management-communication-2509","2026-10-07T05:55:58.960Z","DRAFT"
"programme_a62afe9b621e3776","university-of-queensland","OVERVIEW","","Overview","","Be prepared for a future in business and gain specialist capabilities in problem identification, critical thinking and designing for purpose.","0","https://study.uq.edu.au/study-options/programs/bachelors-business-management-design-2554","2026-10-07T05:56:01.043Z","DRAFT"
"programme_5c9e340f2632eb1c","university-of-queensland","OVERVIEW","","Overview","","Become a leader who thrives in dynamic, competitive global environments by combining business knowledge with in-demand language skills and cultural understanding.","0","https://study.uq.edu.au/study-options/programs/bachelor-business-management-diploma-languages-2543","2026-10-07T05:56:05.329Z","DRAFT"
"programme_150ae1ed32e2f040","university-of-queensland","OVERVIEW","","Overview","","Prepare to lead and develop businesses across all sectors. Learn to think like an economist by understanding how people make decisions, how markets operate, and how the world works.","0","https://study.uq.edu.au/study-options/programs/bachelors-business-management-economics-2181","2026-10-07T05:56:05.554Z","DRAFT"
"programme_7331c0352b97ba41","university-of-queensland","OVERVIEW","","Overview","","Guide our future leaders by becoming qualified to teach business and economics in high schools.","0","https://study.uq.edu.au/study-options/programs/bachelors-business-management-education-secondary-2298","2026-10-07T05:56:07.588Z","DRAFT"
"programme_19c7cd353111092d","university-of-queensland","OVERVIEW","","Overview","","Qualify as a professional Chinese-English or Japanese-English translator and interpreter.","0","https://study.uq.edu.au/study-options/programs/master-arts-translation-and-interpreting-5752","2026-10-07T05:56:09.526Z","DRAFT"
"programme_8805eda252a5b71a","university-of-queensland","OVERVIEW","","Overview","","Qualify as an entry level audiologist in 2 years and be prepared for a rewarding career as a clinical audiologist.","0","https://study.uq.edu.au/study-options/programs/master-audiology-studies-5145","2026-10-07T05:56:11.524Z","DRAFT"
"programme_7e11b38f5b4df280","university-of-queensland","OVERVIEW","","Overview","","Bioengineer the future and develop the expertise to solve complex biological challenges.","0","https://study.uq.edu.au/study-options/programs/master-bioengineering-professional-5761","2026-10-07T05:56:13.513Z","DRAFT"
"programme_52a0a18123453a96","university-of-queensland","OVERVIEW","","Overview","","Expand your skill-set with advanced bioinformatics courses and develop specialisations for further study.","0","https://study.uq.edu.au/study-options/programs/graduate-certificate-bioinformatics-5557","2026-10-07T05:56:15.568Z","DRAFT"
"programme_a7b8635479747536","university-of-queensland","OVERVIEW","","Overview","","Expand your skill-set with advanced bioinformatics courses and develop specialisations for further study.","0","https://study.uq.edu.au/study-options/programs/graduate-diploma-bioinformatics-5754","2026-10-07T05:56:19.276Z","DRAFT"
"programme_ac38648111cf906f","university-of-queensland","OVERVIEW","","Overview","","Capitalise on the expanding demand for bioinformaticians with an interdisciplinary skill-set that will make you employable anywhere in the world.","0","https://study.uq.edu.au/study-options/programs/master-bioinformatics-5755","2026-10-07T05:56:19.552Z","DRAFT"
"programme_1a075c9b32e8eff4","university-of-queensland","OVERVIEW","","Overview","","Capitalise on the expanding demand for bioinformaticians with an interdisciplinary skill-set and research expertise that will make you employable anywhere in the world.","0","https://study.uq.edu.au/study-options/programs/master-bioinformatics-research-extensive-5598","2026-10-07T05:56:21.549Z","DRAFT"
"programme_dbacc363caccc304","university-of-queensland","OVERVIEW","","Overview","","Learn how to develop and apply statistical methods to different sets of health data so you can make important contributions to research and evidence-based practice.","0","https://study.uq.edu.au/study-options/programs/graduate-certificate-biostatistics-5497","2026-10-07T05:56:23.623Z","DRAFT"
"programme_973ce9c6a1f6f3ef","university-of-queensland","OVERVIEW","","Overview","","Refine your understanding of biostatistical concepts and methods, and gain in-demand skills in medical research and healthcare.","0","https://study.uq.edu.au/study-options/programs/graduate-diploma-biostatistics-5498","2026-10-07T05:56:25.636Z","DRAFT"
"programme_2365078dac4aa053","university-of-queensland","OVERVIEW","","Overview","","The Master of Biostatistics will teach you the specialised application of statistics to the field of health that will enable you to make important contributions to research and evidence-based practice.","0","https://study.uq.edu.au/study-options/programs/master-biostatistics-5500","2026-10-07T05:56:27.562Z","DRAFT"
"programme_8d5d77207de1787d","university-of-queensland","OVERVIEW","","Overview","","Equip yourself with the scientific skills and business, legal and regulatory understanding needed to translate discoveries from the laboratory to real life.","0","https://study.uq.edu.au/study-options/programs/graduate-certificate-biotechnology-5013","2026-10-07T05:56:29.635Z","DRAFT"
"programme_53ff5ca93dfe1672","university-of-queensland","OVERVIEW","","Overview","","Equip yourself with the scientific skills and business, legal and regulatory understanding needed to translate discoveries from the laboratory to real life.","0","https://study.uq.edu.au/study-options/programs/graduate-diploma-biotechnology-5119","2026-10-07T05:56:31.615Z","DRAFT"
"programme_a22ad9ca581f8a40","university-of-queensland","OVERVIEW","","Overview","","Equip yourself with advanced scientific skills and the business, legal and regulatory understanding needed to translate discoveries from the laboratory to real life.","0","https://study.uq.edu.au/study-options/programs/master-biotechnology-5599","2026-10-07T05:56:33.570Z","DRAFT"
"programme_46539aee902d4b6b","university-of-queensland","OVERVIEW","","Overview","","Equip yourself with advanced scientific skills and the business, legal and regulatory understanding needed to translate discoveries from the laboratory to real life.","0","https://study.uq.edu.au/study-options/programs/master-biotechnology-research-extensive-5627","2026-10-07T05:56:35.629Z","DRAFT"
"programme_b2410adf6fd1230d","university-of-queensland","OVERVIEW","","Overview","","Gain in-demand knowledge and capabilities to become a business leader, ready to succeed in any field.","0","https://study.uq.edu.au/study-options/programs/graduate-certificate-business-5248","2026-10-07T05:56:37.577Z","DRAFT"
"programme_1e36a0fddac26989","university-of-queensland","OVERVIEW","","Overview","","Hone your business skills and build specialist knowledge to accelerate your career in any field.","0","https://study.uq.edu.au/study-options/programs/master-business-5583","2026-10-07T05:56:39.657Z","DRAFT"
"programme_9edf6204e2787305","university-of-queensland","OVERVIEW","","Overview","","A Doctor of Philosophy (PhD) is an internationally recognised graduate research program that will enable you to become an independent researcher.","0","https://study.uq.edu.au/study-options/programs/doctor-philosophy-7516","2026-10-07T05:56:41.583Z","DRAFT"
"programme_2fbae088a14eac89","university-of-queensland","OVERVIEW","","Overview","","A Master of Philosophy (MPhil) is an internationally recognised graduate research degree.","0","https://study.uq.edu.au/study-options/programs/master-philosophy-7500","2026-10-07T05:56:43.596Z","DRAFT"
"programme_eb01a6d5d8529018","university-of-queensland","OVERVIEW","","Overview","","The Doctor of Veterinary Clinical Science is our veterinary residency program, designed to prepare already qualified veterinarians to meet the credentials for specialist certification.","0","https://study.uq.edu.au/study-options/programs/doctor-veterinary-clinical-science-7603","2026-10-07T05:56:45.605Z","DRAFT"
"programme_56ddc040f76dc507","university-of-southampton","OVERVIEW","","Overview","","Learn the financial essentials on this accredited BSc Accounting and Finance degree led by experts. Develop a strong understanding of investment and finance.","0","https://www.southampton.ac.uk/courses/accounting-finance-degree-bsc","2026-10-07T04:08:04.531Z","DRAFT"
"programme_df45c779169b1d5e","university-of-southampton","OVERVIEW","","Overview","","Discover our MSc Accounting and Finance master’s degree at the University of Southampton. You’ll learn accounting, auditing, governance, finance, and tax.","0","https://www.southampton.ac.uk/courses/accounting-finance-masters-msc","2026-10-07T04:08:07.240Z","DRAFT"
"programme_6e848cb2ff5bbc76","university-of-technology-sydney","OVERVIEW","","Overview","","Develop solutions to digital communication challenges with a transdisciplinary approach and industry experience.","0","https://www.uts.edu.au/courses/bachelor-of-communication-in-digital-and-social-media-bachelor-of-creative-intelligence-and-innovation","2026-10-07T03:59:42.683Z","DRAFT"
"programme_c1f675ba3434280f","university-of-technology-sydney","OVERVIEW","","Overview","","Study the Bachelor of Sport and Exercise Science (Honours) at UTS. Develop research skills and build expertise for further academic study.","0","https://www.uts.edu.au/courses/bachelor-of-sport-and-exercise-science-honours","2026-10-07T03:59:54.501Z","DRAFT"
"programme_79bc6f6c3605dd93","university-of-technology-sydney","OVERVIEW","","Overview","","Study marine ecosystems and climate change, developing field, lab and data skills for careers in conservation, research, policy and coastal management in Australia.","0","https://www.uts.edu.au/courses/bachelor-of-marine-biology-and-climate-change","2026-10-07T03:59:56.524Z","DRAFT"
"programme_b2cba1737b7a99b8","university-of-technology-sydney","OVERVIEW","","Overview","","Study IT at UTS with paid industry placements and a scholarship. Build advanced technical skills, gain real experience and graduate ready for careers in tech and innovation.","0","https://www.uts.edu.au/courses/bachelor-of-information-technology-co-op","2026-10-07T03:59:58.606Z","DRAFT"
"programme_e9165ec3371c72d3","university-of-technology-sydney","OVERVIEW","","Overview","","Study a Bachelor of Nursing at UTS and build clinical skills through hands-on placements. Prepare for a career in diverse healthcare settings with broad real-world experience.","0","https://www.uts.edu.au/courses/bachelor-of-nursing","2026-10-07T04:00:00.389Z","DRAFT"
"programme_9dd6ded2b0ed91d1","university-of-technology-sydney","OVERVIEW","","Overview","","Get the foundations you need for an exciting fashion career and open up a pathway to further study.","0","https://www.uts.edu.au/courses/diploma-in-fashion-and-sustainability","2026-10-07T04:00:06.539Z","DRAFT"
"programme_fd6056e39dd13a3c","university-of-technology-sydney","OVERVIEW","","Overview","","Build job-ready skills through a flexible business degree with majors in marketing, finance, accounting, management and more at UTS.","0","https://www.uts.edu.au/courses/bachelor-of-business","2026-10-07T04:00:10.808Z","DRAFT"
"programme_4ffd0ad4e835dd8c","university-of-technology-sydney","OVERVIEW","","Overview","","Develop skills in clinical decision-making, medicines management and patient-centred care across diverse health settings.","0","https://www.uts.edu.au/courses/master-of-pharmacy","2026-10-07T05:59:20.554Z","DRAFT"
"programme_85f45a0135ad952f","university-of-technology-sydney","OVERVIEW","","Overview","","Shape the trends of tomorrow and design your own future in the vibrant, electric world of fashion.","0","https://www.uts.edu.au/courses/bachelor-of-design-in-fashion-and-textiles","2026-10-07T05:59:22.676Z","DRAFT"
"programme_773ac170a5d999d0","university-of-technology-sydney","OVERVIEW","","Overview","","Combine engineering and science at UTS. Build strong technical foundations and research skills with hands-on learning and industry-focused experience.","0","https://www.uts.edu.au/courses/bachelor-of-engineering-honours-bachelor-of-science","2026-10-07T05:59:24.747Z","DRAFT"
"programme_7bb0b6af49b1a192","university-of-technology-sydney","OVERVIEW","","Overview","","Postgraduate degree developing advanced data science expertise and innovation skills, integrating analytics, machine learning and strategy for industry practice.","0","https://www.uts.edu.au/courses/master-of-data-science-and-innovation","2026-10-07T05:59:26.748Z","DRAFT"
"programme_30eb178de4480d31","university-of-technology-sydney","OVERVIEW","","Overview","","Transdisciplinary degree where students work on complex real-world challenges with industry, building creative, strategic and collaborative capabilities for work.","0","https://www.uts.edu.au/courses/bachelor-of-creative-intelligence-and-innovation","2026-10-07T05:59:28.805Z","DRAFT"
"programme_0b09d4ee889f183d","university-of-technology-sydney","OVERVIEW","","Overview","","This course is tailored for aspiring fashion and textiles professionals seeking to hone their design skills with a forward-thinking approach. Choose this...","0","https://www.uts.edu.au/courses/bachelor-of-design-in-fashion-and-textiles-bachelor-of-creative-intelligence-and-innovation","2026-10-07T05:59:30.778Z","DRAFT"
"programme_79e678441bd02ce4","university-of-technology-sydney","OVERVIEW","","Overview","","This course is designed for aspiring visual communication professionals seeking to master the interplay between design, culture, and media. Choose this course...","0","https://www.uts.edu.au/courses/bachelor-of-design-in-visual-communication-bachelor-of-creative-intelligence-and-innovation","2026-10-07T05:59:33.009Z","DRAFT"
"programme_2d449465b22d4470","university-of-technology-sydney","OVERVIEW","","Overview","","Prepare for a dynamic career in sport science, combining physical activity services with innovative problem-solving.","0","https://www.uts.edu.au/courses/bachelor-of-sport-and-exercise-science-bachelor-of-creative-intelligence-and-innovation","2026-10-07T05:59:34.863Z","DRAFT"
"programme_b09e9ee54703e678","university-of-technology-sydney","OVERVIEW","","Overview","","Advance diabetes education and management skills. Study evidence-based care, patient assessment and self-management support for diverse clinical settings.","0","https://www.uts.edu.au/courses/graduate-certificate-in-diabetes-education-and-management","2026-10-07T05:59:36.813Z","DRAFT"
"programme_f3e66cf9bc2d222e","university-of-technology-sydney","OVERVIEW","","Overview","","Lead advancements in eye care and vision therapy.","0","https://www.uts.edu.au/courses/doctor-of-philosophy-phd-thesis-orthoptics","2026-10-07T05:59:38.708Z","DRAFT"
"programme_03f3975ceea5ce16","university-of-technology-sydney","OVERVIEW","","Overview","","Prepare for a dynamic teaching career with deep disciplinary knowledge and practical experience in science.","0","https://www.uts.edu.au/courses/bachelor-of-science-master-of-teaching-in-secondary-education","2026-10-07T05:59:40.845Z","DRAFT"
"programme_60947a9f453ceab5","university-of-technology-sydney","OVERVIEW","","Overview","","Pioneer new frontiers and innovate new technologies that are backed by science.","0","https://www.uts.edu.au/courses/doctor-of-philosophy-phd-thesis-science","2026-10-07T05:59:42.751Z","DRAFT"
"programme_1d70ac923e181c75","university-of-technology-sydney","OVERVIEW","","Overview","","An advanced honours year in mathematical sciences, developing research, analytical and problem-solving skills for careers in data science, finance, technology or further study.","0","https://www.uts.edu.au/courses/bachelor-of-mathematical-sciences-honours","2026-10-07T05:59:44.821Z","DRAFT"
"programme_0134292be7fda487","university-of-technology-sydney","OVERVIEW","","Overview","","Prepare for a specialist career in forensic science with comprehensive training in innovation and creativity.","0","https://www.uts.edu.au/courses/bachelor-of-forensic-science-bachelor-of-creative-intelligence-and-innovation","2026-10-07T05:59:46.879Z","DRAFT"
"programme_6a0ccc4715498f09","university-of-technology-sydney","OVERVIEW","","Overview","","Equip yourself with information systems and business skills for a dynamic career in technology management.","0","https://www.uts.edu.au/courses/bachelor-of-information-systems-bachelor-of-business","2026-10-07T05:59:48.810Z","DRAFT"
"programme_fe0a8b2ba384c35f","university-of-technology-sydney","OVERVIEW","","Overview","","Learn specialised skills in this rapidly advancing field.","0","https://www.uts.edu.au/courses/master-of-interaction-design-extension","2026-10-07T05:59:50.692Z","DRAFT"
"programme_ad0a1ef2b8203d40","university-of-technology-sydney","OVERVIEW","","Overview","","Undertake a PhD in Thesis Analytics at UTS. Conduct advanced research in data analytics, machine learning and decision systems with industry relevance.","0","https://www.uts.edu.au/courses/doctor-of-philosophy-phd-thesis-analytics","2026-10-07T05:59:52.711Z","DRAFT"
"programme_1cd14b63771f88d7","university-of-technology-sydney","OVERVIEW","","Overview","","Combine nursing with creative intelligence at UTS. Build clinical capability and future-focused problem-solving skills for complex health settings.","0","https://www.uts.edu.au/courses/bachelor-of-nursing-bachelor-of-creative-intelligence-and-innovation","2026-10-07T05:59:56.862Z","DRAFT"
"programme_92be05ee0b6b5765","university-of-technology-sydney","OVERVIEW","","Overview","","Extend your nursing expertise with the Bachelor of Nursing (Honours) at UTS. Build advanced research and analytical skills through an independent research project.","0","https://www.uts.edu.au/courses/bachelor-of-nursing-honours","2026-10-07T05:59:58.825Z","DRAFT"
"programme_bc1d0d591289e580","university-of-technology-sydney","OVERVIEW","","Overview","","Study the Bachelor of Midwifery at UTS. Build clinical skills through real placements and graduate eligible for registration with the Nursing and Midwifery Board of Australia.","0","https://www.uts.edu.au/courses/bachelor-of-midwifery","2026-10-07T06:00:00.795Z","DRAFT"
"programme_95193662d801bd58","university-of-technology-sydney","OVERVIEW","","Overview","","Prepare for a teaching career in Economics and Business Studies with our combined program.","0","https://www.uts.edu.au/courses/bachelor-of-economics-master-of-teaching-in-secondary-education","2026-10-07T06:00:03.012Z","DRAFT"
"programme_58f088b25bf836e4","university-of-technology-sydney","OVERVIEW","","Overview","","Study economics at UTS and develop expertise in economic policy, behavioural economics and data analysis to tackle real-world challenges.","0","https://www.uts.edu.au/courses/bachelor-of-economics","2026-10-07T06:00:07.238Z","DRAFT"
"programme_398545ef391149e6","university-of-technology-sydney","OVERVIEW","","Overview","","Combined undergraduate degree integrating business, management and law, developing commercial, legal and professional skills for leadership across industry roles.","0","https://www.uts.edu.au/courses/bachelor-of-business-bachelor-of-laws","2026-10-07T06:00:08.872Z","DRAFT"
"programme_a2a0471aad94694f","university-of-technology-sydney","OVERVIEW","","Overview","","Study business analytics at UTS and develop expertise in data analytics, visualisation, machine learning and strategic decision-making.","0","https://www.uts.edu.au/courses/master-of-business-analytics","2026-10-07T06:00:36.256Z","DRAFT"
"programme_f208e0e61ff3223d","university-of-technology-sydney","OVERVIEW","","Overview","","Be at the forefront of our data-driven world and achieve commercial and business success.","0","https://www.uts.edu.au/courses/graduate-certificate-in-business-analytics","2026-10-07T06:00:38.443Z","DRAFT"
"programme_df6df18569d925b4","university-of-technology-sydney","OVERVIEW","","Overview","","Advance your study in the disciplinary areas of accounting, finance and economics, management or marketing.","0","https://www.uts.edu.au/courses/bachelor-of-business-honours","2026-10-07T06:00:40.352Z","DRAFT"
"programme_1a3d2a5e989e4cbd","university-of-western-australia","OVERVIEW","","Overview","","The Doctor of Philosophy (PhD) is the University's flagship research degree, which can be taken in any discipline area in the University, providing that appropriate supervision and resources are available.","0","https://www.uwa.edu.au/study/courses/doctor-of-philosophy","2026-10-07T05:57:50.173Z","DRAFT"
"programme_15c71b8559782fd9","university-of-western-australia","OVERVIEW","","Overview","","The Master of Philosophy (MPhil) is a program of independent, supervised research and is assessed solely on the basis of a thesis.","0","https://www.uwa.edu.au/study/courses/master-of-philosophy","2026-10-07T05:57:52.190Z","DRAFT"
"programme_35d52797e29c9f49","university-of-western-australia","OVERVIEW","","Overview","","Home to WA's only tertiary Dental School, UWA has trained future dentists for more than 75 years. Taught by dedicated staff in state-of-the-art facilities.","0","https://www.uwa.edu.au/study/courses/doctor-of-dental-medicine","2026-10-07T05:57:54.318Z","DRAFT"
"programme_186f3334306818ed","university-of-western-australia","OVERVIEW","","Overview","","Doctor of Medicine (MD) graduates from UWA will be committed to the wellbeing of the patient, community and society as responsible, accountable, scholarly, capable, caring and culturally safe doctors.","0","https://www.uwa.edu.au/study/courses/doctor-of-MEDICINE","2026-10-07T05:57:56.341Z","DRAFT"
"programme_7e09605b8606cbbe","university-of-western-australia","OVERVIEW","","Overview","","The Doctor of Podiatric Medicine degree is a comprehensive course designed to produce highly trained and competent podiatrists who are well prepared to enter clinical practice as primary contact health care practitioners in the diagnosis and treatment of conditions affecting the foot and ankle.","0","https://www.uwa.edu.au/study/courses/doctor-of-podiatric-medicine","2026-10-07T05:57:58.400Z","DRAFT"
"programme_966561a695418396","university-of-western-australia","OVERVIEW","","Overview","","Construct your career with a Master of Architecture.","0","https://www.uwa.edu.au/study/courses/master-of-architecture","2026-10-07T05:58:00.319Z","DRAFT"
"programme_9cea39e69b9ef1f2","university-of-western-australia","OVERVIEW","","Overview","","Bridge the worlds of art and science with a career in landscape architecture.","0","https://www.uwa.edu.au/study/courses/master-of-landscape-architecture","2026-10-07T05:58:02.276Z","DRAFT"
"programme_fc61b44d9dba2098","university-of-western-australia","OVERVIEW","","Overview","","This 1.5 year course can include a dissertation or practicum. It provides graduates with a suitable background and generalist qualification for a career in Public Health.","0","https://www.uwa.edu.au/study/courses/master-of-public-health","2026-10-07T05:58:04.298Z","DRAFT"
"programme_3bcb882d4f960115","university-of-western-australia","OVERVIEW","","Overview","","This two-year course is ideal for international students and can include a dissertation and practicum. It provides graduates with a suitable background and generalist qualification for a career in Public Health.","0","https://www.uwa.edu.au/study/courses/master-of-public-health-specialisation","2026-10-07T05:58:06.277Z","DRAFT"
"programme_960f6ce3be668d71","university-of-western-australia","OVERVIEW","","Overview","","Gain world-class specialised translation training between English and one of ten Asian and European languages.","0","https://www.uwa.edu.au/study/courses/master-of-translation-studies","2026-10-07T05:58:08.385Z","DRAFT"
"programme_f3c1e28f56a82e13","university-of-western-australia","OVERVIEW","","Overview","","Architecture is the conceptualisation and design of built forms in response to social, economic, environmental and technological needs.","0","https://www.uwa.edu.au/study/courses/architecture","2026-10-07T05:58:10.337Z","DRAFT"
"programme_045cc14c0fcb3429","university-of-western-australia","OVERVIEW","","Overview","","The recent explosion of available data, together with advances in technology, makes data leverage critical for better business decisions. Lead the way with a Master of Business Analytics at UWA.","0","https://www.uwa.edu.au/study/courses/master-of-business-analytics","2026-10-07T05:58:16.311Z","DRAFT"
"programme_0271e040c72f12dc","university-of-western-australia","OVERVIEW","","Overview","","Gain advanced information technology skills to engage at the cutting edge of global technology solutions.","0","https://www.uwa.edu.au/study/courses/master-of-information-technology","2026-10-07T05:58:20.421Z","DRAFT"
"programme_b6003cc9516cb29b","university-of-western-australia","OVERVIEW","","Overview","","With a major in Cybersecurity from UWA, you’ll be ready for a range of specialist cybersecurity roles.","0","https://www.uwa.edu.au/study/courses/cybersecurity","2026-10-07T05:58:22.277Z","DRAFT"
"programme_dd5d47675dc3e098","university-of-western-australia","OVERVIEW","","Overview","","Expand your career. Learn alongside world-class thought leaders and develop the skills and knowledge to lead tomorrow's generation","0","https://www.uwa.edu.au/study/courses/master-of-teaching-secondary","2026-10-07T05:58:28.297Z","DRAFT"
"programme_97527a86d940c867","university-of-western-australia","OVERVIEW","","Overview","","The Master of Offshore and Coastal Engineering prepares graduates from engineering backgrounds with the knowledge and practical skills to lead innovation in offshore and coastal engineering.","0","https://www.uwa.edu.au/study/courses/master-of-offshore-and-coastal-engineering","2026-10-07T05:58:34.347Z","DRAFT"
"programme_87bac833914a111a","university-of-western-australia","OVERVIEW","","Overview","","Doctor of Medicine (MD) graduates from UWA will be committed to the wellbeing of the patient, community and society as responsible, accountable, scholarly, capable, caring and culturally safe doctors.","0","https://www.uwa.edu.au/study/courses/doctor-of-medicine","2026-10-07T05:58:40.473Z","DRAFT"
"programme_9935a85a68d44835","university-of-western-australia","OVERVIEW","","Overview","","Do you want to be the trusted senior communications adviser in your company?","0","https://www.uwa.edu.au/study/courses/master-of-strategic-communication","2026-10-07T05:58:46.450Z","DRAFT"
"programme_946d5ec0470dcdac","university-of-western-australia","OVERVIEW","","Overview","","Combine knowledge in statistics and programming with practical applications to inform real-world business and economic decisions.","0","https://www.uwa.edu.au/study/Courses/Business-Analytics","2026-10-07T05:59:00.535Z","DRAFT"
"programme_8cae29a8f982cc8e","university-of-western-australia","OVERVIEW","","Overview","","Do you want to lead in the global resources sector? This master's course provides the understanding you need to pursue careers in the mining and energy industries.","0","https://www.uwa.edu.au/study/courses/master-of-mining-and-energy-law","2026-10-07T05:59:04.489Z","DRAFT"
"programme_25bc2eaab01800f9","university-of-western-australia","OVERVIEW","","Overview","","The Juris Doctor gives you the knowledge and skills necessary to have a long and successful career in law.","0","https://www.uwa.edu.au/study/courses/juris-doctor","2026-10-07T05:59:06.555Z","DRAFT"
"programme_f9e6d82b082c487f","university-of-western-australia","OVERVIEW","","Overview","","Pursue your passion with a supervised research and arts practice experience.","0","https://www.uwa.edu.au/study/courses/master-of-fine-arts","2026-10-07T05:59:10.425Z","DRAFT"
"programme_9173526cf57dcc86","university-of-western-australia","OVERVIEW","","Overview","","Physics examines the world around us at the most fundamental level, from the origin and fate of the universe to the behaviour of matter on sub-atomic length scales and everything in between.","0","https://www.uwa.edu.au/study/Courses/Physics","2026-10-07T05:59:12.519Z","DRAFT"
"programme_87353e6361c5437e","university-of-western-australia","OVERVIEW","","Overview","","Fine Arts is the creative exploration of ideas and the formation of concepts within the unique imaginative field of making art.","0","https://www.uwa.edu.au/study/Courses/Fine-Arts","2026-10-07T05:59:14.574Z","DRAFT"
"programme_623d3f004dbbb48a","university-of-western-australia","OVERVIEW","","Overview","","Gain specialised knowledge of marine life and a solid understanding of the physical processes across our coastal marine environments.","0","https://www.uwa.edu.au/study/courses/bachelor-of-marine-science-and-master-of-environmental-science","2026-10-07T05:59:24.383Z","DRAFT"
"programme_b6b0ea96ffd72864","university-of-western-australia","OVERVIEW","","Overview","","This extended major will expose you to the full breadth of the marine science discipline, allowing deeper understanding of both the physical and biological components through the Marine Biology and Coastal Processes majors.","0","https://www.uwa.edu.au/study/courses/marine-science-extended-major","2026-10-07T05:59:28.119Z","DRAFT"
"programme_941f9ea874454859","university-of-western-australia","OVERVIEW","","Overview","","Chemistry is the study of reactions and interactions between atoms, compounds and ions. It provides the foundation for jobs in nanotechnology, pharmaceuticals, biotech, materials science, energy and resources, the environment, and agriculture.","0","https://www.uwa.edu.au/study/Courses/Chemistry","2026-10-07T05:59:30.144Z","DRAFT"
"programme_8ee72842734fb7a2","university-of-western-australia","OVERVIEW","","Overview","","Develop your skills to apply psychological knowledge to create better workplaces.","0","https://www.uwa.edu.au/study/courses/graduate-certificate-in-business-psychology-online","2026-10-07T05:59:32.211Z","DRAFT"
"programme_b1bbf89709079897","university-of-western-australia","OVERVIEW","","Overview","","Psychology is a fascinating and diverse area of study that seeks to answer questions about how and why people behave the way they do.","0","https://www.uwa.edu.au/study/courses/psychological-and-behavioural-sciences","2026-10-07T05:59:34.323Z","DRAFT"
"programme_aa02a8cee9382a8f","university-of-western-australia","OVERVIEW","","Overview","","Preparing you for registration with practical training, placements, and rural and remote readiness.","0","https://www.uwa.edu.au/study/courses/master-of-professional-psychology-coursework","2026-10-07T05:59:40.379Z","DRAFT"
"programme_5b0243442047296f","university-of-western-australia","OVERVIEW","","Overview","","Become an industry-ready automation and robotics engineer with real-world experience in just four years. Graduate with the key skills and qualities employers need in new engineers to succeed in their rapidly evolving sectors","0","https://www.uwa.edu.au/study/courses/automation-and-robotics-engineering","2026-10-07T05:59:42.241Z","DRAFT"
"programme_1f2ca58084e123d9","university-of-western-australia","OVERVIEW","","Overview","","Biomedical Engineering takes engineering design and principles together with computing, mathematics, life sciences and medicine to improve diagnosis, treatment and prevention of disease and disability.","0","https://www.uwa.edu.au/study/courses/biomedical-engineering","2026-10-07T05:59:44.249Z","DRAFT"
"programme_661e3aaf89fc6632","university-of-western-australia","OVERVIEW","","Overview","","Become an industry-ready chemical engineer with real-world experience in just four years. Graduate with the key skills and qualities employers need in new engineers to succeed in their rapidly evolving sectors","0","https://www.uwa.edu.au/study/courses/chemical-engineering","2026-10-07T05:59:46.451Z","DRAFT"
"programme_6b5a966533d8e5ec","university-of-western-australia","OVERVIEW","","Overview","","Become an industry-ready civil engineer with real-world experience in just four years. Graduate with the key skills and qualities employers need in new engineers to succeed in their rapidly evolving sectors","0","https://www.uwa.edu.au/study/courses/civil-engineering","2026-10-07T05:59:48.292Z","DRAFT"
"programme_223ccb5bd7cad8c7","university-of-western-australia","OVERVIEW","","Overview","","Become an industry-ready electrical and electronic engineer with real-world experience in just four years. Graduate with the key skills and qualities employers need in new engineers to succeed in their rapidly evolving sectors","0","https://www.uwa.edu.au/study/courses/electrical-and-electronic-engineering","2026-10-07T05:59:50.298Z","DRAFT"
"programme_6134ef922290420d","university-of-western-australia","OVERVIEW","","Overview","","Become an industry-ready environmental engineer with real-world experience in just four years. Graduate with the key skills and qualities employers need in new engineers to succeed in their rapidly evolving sectors","0","https://www.uwa.edu.au/study/courses/environmental-engineering","2026-10-07T05:59:52.470Z","DRAFT"
"programme_e5389d27e3a515ab","university-of-western-australia","OVERVIEW","","Overview","","Become an industry-ready mechanical engineer with real-world experience in just four years. Graduate with the key skills and qualities employers need in new engineers to succeed in their rapidly evolving sectors","0","https://www.uwa.edu.au/study/courses/mechanical-engineering","2026-10-07T05:59:54.402Z","DRAFT"
"programme_52d51c1d42ae9f2a","university-of-western-australia","OVERVIEW","","Overview","","Become an industry-ready mining engineer with real-world experience in just four years. Graduate with the key skills and qualities employers need in new engineers to succeed in their rapidly evolving sectors","0","https://www.uwa.edu.au/study/courses/mining-engineering","2026-10-07T05:59:56.270Z","DRAFT"
"programme_8567fe987e2b0b4d","university-of-western-australia","OVERVIEW","","Overview","","Become an industry-ready software engineer with real-world experience in just four years. Graduate with the key skills and qualities employers need in new engineers to succeed in their rapidly evolving sectors","0","https://www.uwa.edu.au/study/courses/software-engineering","2026-10-07T05:59:58.349Z","DRAFT"
"programme_529f223357ece7b8","university-of-western-australia","OVERVIEW","","Overview","","Speak the language of business as you learn to summarise, analyse and interpret financial information for shareholders, managers and other stakeholders.","0","https://www.uwa.edu.au/study/courses/accounting","2026-10-07T06:00:00.526Z","DRAFT"
"programme_5c495b627f502734","university-of-western-australia","OVERVIEW","","Overview","","Business Law is an ideal major for anyone planning a career in the business or government sectors. This major also lays the foundations for a successful postgraduate studies in law.","0","https://www.uwa.edu.au/study/courses/business-law","2026-10-07T06:00:02.431Z","DRAFT"
"programme_f979c1d3b3bd2ad4","university-of-western-australia","OVERVIEW","","Overview","","With a major in Business Economics, you'll gain an understanding of the way the world works, from the stock market to national economies and the world economy.","0","https://www.uwa.edu.au/study/courses/business-economics","2026-10-07T06:00:04.547Z","DRAFT"
"programme_a6ab64328dc37ea5","university-of-wollongong","OVERVIEW","","Overview","","Follow your passions. Think critically about our changing world. Open doors to diverse career opportunities.","0","https://www.uow.edu.au/study/courses/bachelor-of-arts/","2026-10-07T04:00:23.718Z","DRAFT"
"programme_2ca87af26844871f","university-of-wollongong","OVERVIEW","","Overview","","Enhance your career prospects with a double degree in Arts and Business at UOW. Develop essential skills and insights for success in a competitive job market.","0","https://www.uow.edu.au/study/courses/bachelor-of-arts---bachelor-of-business/","2026-10-07T04:00:27.730Z","DRAFT"
"programme_472b8c231ebb4d77","university-of-wollongong","OVERVIEW","","Overview","","Develop essential skills in analysis, media production, and problem-solving for a successful career. Study a double degree in Arts and Communication at UOW.","0","https://www.uow.edu.au/study/courses/bachelor-of-arts---bachelor-of-communication-and-media/","2026-10-07T04:00:31.731Z","DRAFT"
"programme_6000c0ddc91631fc","university-of-wollongong","OVERVIEW","","Overview","","Understand global challenges. Open doors to diverse careers. Create impact across borders. ","0","https://www.uow.edu.au/study/courses/bachelor-of-arts---bachelor-of-international-studies/","2026-10-07T04:00:35.758Z","DRAFT"
"programme_6b61ebbaa8fac0fc","university-of-wollongong","OVERVIEW","","Overview","","Experience a comprehensive legal education while honing critical skills for a successful career in today's world. Explore a double degree in Arts & Law at UOW.","0","https://www.uow.edu.au/study/courses/bachelor-of-arts---bachelor-of-laws/","2026-10-07T04:00:39.777Z","DRAFT"
"programme_2f1c3468e0cd46e1","university-of-wollongong","OVERVIEW","","Overview","","Follow your passions. Think critically about our changing world. Open doors to diverse career opportunities.","0","https://www.uow.edu.au/study/courses/bachelor-of-arts/?major=44093","2026-10-07T04:00:43.771Z","DRAFT"
"programme_8c60649c1ac8ddfb","university-of-wollongong","OVERVIEW","","Overview","","Follow your passions. Think critically about our changing world. Open doors to diverse career opportunities.","0","https://www.uow.edu.au/study/courses/bachelor-of-arts/?major=44036","2026-10-07T04:00:47.788Z","DRAFT"
"programme_c14878aff52cd99d","university-of-wollongong","OVERVIEW","","Overview","","Follow your passions. Think critically about our changing world. Open doors to diverse career opportunities.","0","https://www.uow.edu.au/study/courses/bachelor-of-arts/?major=45340","2026-10-07T04:00:51.826Z","DRAFT"
"programme_a836a8db65227591","university-of-wollongong","OVERVIEW","","Overview","","Follow your passions. Think critically about our changing world. Open doors to diverse career opportunities.","0","https://www.uow.edu.au/study/courses/bachelor-of-arts/?major=45527","2026-10-07T04:00:55.827Z","DRAFT"
"programme_02a11e9ac29a0c62","university-of-wollongong","OVERVIEW","","Overview","","Follow your passions. Think critically about our changing world. Open doors to diverse career opportunities.","0","https://www.uow.edu.au/study/courses/bachelor-of-arts/?major=44138","2026-10-07T04:00:59.885Z","DRAFT"
"programme_9e040c1cfcdb44ed","university-of-wollongong","OVERVIEW","","Overview","","Follow your passions. Think critically about our changing world. Open doors to diverse career opportunities.","0","https://www.uow.edu.au/study/courses/bachelor-of-arts/?addCourse=410100","2026-10-07T04:01:22.638Z","DRAFT"
"programme_e88e8a1990bed730","university-of-wollongong","OVERVIEW","","Overview","","Follow your passions. Think critically about our changing world. Open doors to diverse career opportunities.","0","https://www.uow.edu.au/study/courses/bachelor-of-arts/?major=deciding&students=international&campus=Wollongong&year=2026","2026-10-07T04:01:26.388Z","DRAFT"
"programme_7c2475f6661cf1fc","university-of-wollongong","OVERVIEW","","Overview","","Follow your passions. Think critically about our changing world. Open doors to diverse career opportunities.","0","https://www.uow.edu.au/study/courses/bachelor-of-arts/?major=45835&students=international&campus=Wollongong&year=2026","2026-10-07T04:01:28.391Z","DRAFT"
"programme_76aaef7175cacc7c","university-of-wollongong","OVERVIEW","","Overview","","Follow your passions. Think critically about our changing world. Open doors to diverse career opportunities.","0","https://www.uow.edu.au/study/courses/bachelor-of-arts/?major=44036&students=international&campus=Wollongong&year=2026","2026-10-07T04:01:30.394Z","DRAFT"
"programme_ab433bc3ce03e237","university-of-wollongong","OVERVIEW","","Overview","","Follow your passions. Think critically about our changing world. Open doors to diverse career opportunities.","0","https://www.uow.edu.au/study/courses/bachelor-of-arts/?major=45340&students=international&campus=Wollongong&year=2026","2026-10-07T04:01:32.428Z","DRAFT"
"programme_da46eeb23c0c07d9","university-of-wollongong","OVERVIEW","","Overview","","Follow your passions. Think critically about our changing world. Open doors to diverse career opportunities.","0","https://www.uow.edu.au/study/courses/bachelor-of-arts/?major=45527&students=international&campus=Wollongong&year=2026","2026-10-07T04:01:34.419Z","DRAFT"
"programme_88f2398c32a7fa69","university-of-wollongong","OVERVIEW","","Overview","","Follow your passions. Think critically about our changing world. Open doors to diverse career opportunities.","0","https://www.uow.edu.au/study/courses/bachelor-of-arts/?major=44138&students=international&campus=Wollongong&year=2026","2026-10-07T04:01:36.439Z","DRAFT"
"programme_1c4ad2d5c2e08570","university-of-wollongong","OVERVIEW","","Overview","","Follow your passions. Think critically about our changing world. Open doors to diverse career opportunities.","0","https://www.uow.edu.au/study/courses/bachelor-of-arts/?major=44098&students=international&campus=Wollongong&year=2026","2026-10-07T04:01:38.450Z","DRAFT"
"programme_b569dc1621da0db7","university-of-wollongong","OVERVIEW","","Overview","","Follow your passions. Think critically about our changing world. Open doors to diverse career opportunities.","0","https://www.uow.edu.au/study/courses/bachelor-of-arts/?major=44142&students=international&campus=Wollongong&year=2026","2026-10-07T04:01:40.472Z","DRAFT"
"programme_18404abe574e7aa8","university-of-wollongong","OVERVIEW","","Overview","","Follow your passions. Think critically about our changing world. Open doors to diverse career opportunities.","0","https://www.uow.edu.au/study/courses/bachelor-of-arts/?major=44161&students=international&campus=Wollongong&year=2026","2026-10-07T04:01:42.457Z","DRAFT"
"programme_a1d555c9502ad836","university-of-wollongong","OVERVIEW","","Overview","","Follow your passions. Think critically about our changing world. Open doors to diverse career opportunities.","0","https://www.uow.edu.au/study/courses/bachelor-of-arts/?major=45830&students=international&campus=Wollongong&year=2026","2026-10-07T04:01:44.480Z","DRAFT"
"programme_f1d0f2a04346e3ab","unsw-sydney","OVERVIEW","","Overview","","Discover how a science degree can unlock a world of possibilities. UNSW Sydney helps unearth your passion from oceanography to neuroscience, biotech to anatomy.","0","https://www.unsw.edu.au/study/undergraduate/bachelor-of-science","2026-10-07T04:00:44.349Z","DRAFT"
"programme_ee25141f465cb8e5","unsw-sydney","OVERVIEW","","Overview","","The Bachelor of Advanced Science (Honours) gives you the flexibility to explore different science disciplines to find the path that’s right for you.  ","0","https://www.unsw.edu.au/study/undergraduate/bachelor-of-advanced-science-honours","2026-10-07T04:00:54.359Z","DRAFT"
"programme_1b1aec4437f2acd8","unsw-sydney","OVERVIEW","","Overview","","Get uni-ready with our University Preparation Program. You'll gain the foundational skills needed for undergraduate study.","0","https://www.unsw.edu.au/study/undergraduate/university-preparation-program","2026-10-07T04:01:04.359Z","DRAFT"
"programme_0eb33c542b714387","unsw-sydney","OVERVIEW","","Overview","","Pursue a science career and study the Bachelor of Science (Hons). Choose from 29 specialisations at UNSW Sydney—#1 Australian uni attended by start-up founders.","0","https://www.unsw.edu.au/study/undergraduate/bachelor-of-science-honours","2026-10-07T04:01:14.424Z","DRAFT"
"programme_d121d47a74fbdee0","unsw-sydney","OVERVIEW","","Overview","","Deepen your knowledge psychology approaches with the UNSW Bachelor of Psychological Science (Honours). Australian Psychology Accreditation Council accredited.","0","https://www.unsw.edu.au/study/undergraduate/bachelor-of-psychological-science-honours","2026-10-07T04:01:24.391Z","DRAFT"
