"candidate_id","university_source_key","name_en","code","severity","official_url"
"programme_1b0aac5c8a2e5385","adelaide-university","Adelaide EDU","PROGRAMME_CODE_REQUIRED","ERROR","https://catalog.adelaide.edu.au/browse/dr/courses/adelaide-edu"
"programme_1b0aac5c8a2e5385","adelaide-university","Adelaide EDU","SUBJECT_CATEGORY_REQUIRED","ERROR","https://catalog.adelaide.edu.au/browse/dr/courses/adelaide-edu"
"programme_1b0aac5c8a2e5385","adelaide-university","Adelaide EDU","SLUG_REQUIRED","ERROR","https://catalog.adelaide.edu.au/browse/dr/courses/adelaide-edu"
"programme_9cc6056a094b0306","adelaide-university","ComPass 2024 Farm Animal Welfare","PROGRAMME_CODE_REQUIRED","ERROR","https://catalog.adelaide.edu.au/browse/pace/compass2024/courses/compass-2024-farm-animal-welfare"
"programme_9cc6056a094b0306","adelaide-university","ComPass 2024 Farm Animal Welfare","SUBJECT_CATEGORY_REQUIRED","ERROR","https://catalog.adelaide.edu.au/browse/pace/compass2024/courses/compass-2024-farm-animal-welfare"
"programme_9cc6056a094b0306","adelaide-university","ComPass 2024 Farm Animal Welfare","SLUG_REQUIRED","ERROR","https://catalog.adelaide.edu.au/browse/pace/compass2024/courses/compass-2024-farm-animal-welfare"
"programme_aa45cc9780b61662","adelaide-university","ComPass 2024 Module 1: Animal Ethics - Aseptic Technique","PROGRAMME_CODE_REQUIRED","ERROR","https://catalog.adelaide.edu.au/browse/pace/compass2024/courses/compass-2024-module-1-animal-ethics-aseptic-technique"
"programme_aa45cc9780b61662","adelaide-university","ComPass 2024 Module 1: Animal Ethics - Aseptic Technique","SUBJECT_CATEGORY_REQUIRED","ERROR","https://catalog.adelaide.edu.au/browse/pace/compass2024/courses/compass-2024-module-1-animal-ethics-aseptic-technique"
"programme_aa45cc9780b61662","adelaide-university","ComPass 2024 Module 1: Animal Ethics - Aseptic Technique","SLUG_REQUIRED","ERROR","https://catalog.adelaide.edu.au/browse/pace/compass2024/courses/compass-2024-module-1-animal-ethics-aseptic-technique"
"programme_78fa37b1d2b0abb3","adelaide-university","ComPass 2024 Module 2: Animal Ethics - Minimally Invasive Techniques Without Anaesthesia, Including Wildlife Trapping","PROGRAMME_CODE_REQUIRED","ERROR","https://catalog.adelaide.edu.au/browse/pace/compass2024/courses/compass-2024-module-2-animal-ethics-minimally-invasive-techniques-without-anaesthesia-including-wildlife-trapping"
"programme_78fa37b1d2b0abb3","adelaide-university","ComPass 2024 Module 2: Animal Ethics - Minimally Invasive Techniques Without Anaesthesia, Including Wildlife Trapping","SUBJECT_CATEGORY_REQUIRED","ERROR","https://catalog.adelaide.edu.au/browse/pace/compass2024/courses/compass-2024-module-2-animal-ethics-minimally-invasive-techniques-without-anaesthesia-including-wildlife-trapping"
"programme_78fa37b1d2b0abb3","adelaide-university","ComPass 2024 Module 2: Animal Ethics - Minimally Invasive Techniques Without Anaesthesia, Including Wildlife Trapping","SLUG_REQUIRED","ERROR","https://catalog.adelaide.edu.au/browse/pace/compass2024/courses/compass-2024-module-2-animal-ethics-minimally-invasive-techniques-without-anaesthesia-including-wildlife-trapping"
"programme_03c0a6195b9fea75","adelaide-university","ComPass 2024 Module 3: Animal Ethics - Anesthesia for Minor Procedures","PROGRAMME_CODE_REQUIRED","ERROR","https://catalog.adelaide.edu.au/browse/pace/compass2024/courses/compass-2024-module-3-animal-ethics-anesthesia-for-minor-procedures"
"programme_03c0a6195b9fea75","adelaide-university","ComPass 2024 Module 3: Animal Ethics - Anesthesia for Minor Procedures","SUBJECT_CATEGORY_REQUIRED","ERROR","https://catalog.adelaide.edu.au/browse/pace/compass2024/courses/compass-2024-module-3-animal-ethics-anesthesia-for-minor-procedures"
"programme_03c0a6195b9fea75","adelaide-university","ComPass 2024 Module 3: Animal Ethics - Anesthesia for Minor Procedures","SLUG_REQUIRED","ERROR","https://catalog.adelaide.edu.au/browse/pace/compass2024/courses/compass-2024-module-3-animal-ethics-anesthesia-for-minor-procedures"
"programme_d2b7174957ed8cbb","adelaide-university","ComPass 2024 Module 4: Animal Ethics - Anesthesia for Major Procedures","PROGRAMME_CODE_REQUIRED","ERROR","https://catalog.adelaide.edu.au/browse/pace/compass2024/courses/compass-2024-module-4-animal-ethics-anesthesia-for-major-procedures"
"programme_d2b7174957ed8cbb","adelaide-university","ComPass 2024 Module 4: Animal Ethics - Anesthesia for Major Procedures","SUBJECT_CATEGORY_REQUIRED","ERROR","https://catalog.adelaide.edu.au/browse/pace/compass2024/courses/compass-2024-module-4-animal-ethics-anesthesia-for-major-procedures"
"programme_d2b7174957ed8cbb","adelaide-university","ComPass 2024 Module 4: Animal Ethics - Anesthesia for Major Procedures","SLUG_REQUIRED","ERROR","https://catalog.adelaide.edu.au/browse/pace/compass2024/courses/compass-2024-module-4-animal-ethics-anesthesia-for-major-procedures"
"programme_299f8184917eecf2","adelaide-university","ComPass 2024 Module 5: Animal Ethics - Surgery Principles, Methods and Materials","PROGRAMME_CODE_REQUIRED","ERROR","https://catalog.adelaide.edu.au/browse/pace/compass2024/courses/compass-2024-module-5-animal-ethics-surgery-principles-methods-and-materials"
"programme_299f8184917eecf2","adelaide-university","ComPass 2024 Module 5: Animal Ethics - Surgery Principles, Methods and Materials","SUBJECT_CATEGORY_REQUIRED","ERROR","https://catalog.adelaide.edu.au/browse/pace/compass2024/courses/compass-2024-module-5-animal-ethics-surgery-principles-methods-and-materials"
"programme_299f8184917eecf2","adelaide-university","ComPass 2024 Module 5: Animal Ethics - Surgery Principles, Methods and Materials","SLUG_REQUIRED","ERROR","https://catalog.adelaide.edu.au/browse/pace/compass2024/courses/compass-2024-module-5-animal-ethics-surgery-principles-methods-and-materials"
"programme_c0e5e12010a0ad9f","adelaide-university","ComPass 2024 Module 6: Animal Ethics - Performing a Systematic Post-Mortem Examination","PROGRAMME_CODE_REQUIRED","ERROR","https://catalog.adelaide.edu.au/browse/pace/compass2024/courses/compass-2024-module-6-animal-ethics-performing-a-systematic-post-mortem-examination"
"programme_c0e5e12010a0ad9f","adelaide-university","ComPass 2024 Module 6: Animal Ethics - Performing a Systematic Post-Mortem Examination","SUBJECT_CATEGORY_REQUIRED","ERROR","https://catalog.adelaide.edu.au/browse/pace/compass2024/courses/compass-2024-module-6-animal-ethics-performing-a-systematic-post-mortem-examination"
"programme_c0e5e12010a0ad9f","adelaide-university","ComPass 2024 Module 6: Animal Ethics - Performing a Systematic Post-Mortem Examination","SLUG_REQUIRED","ERROR","https://catalog.adelaide.edu.au/browse/pace/compass2024/courses/compass-2024-module-6-animal-ethics-performing-a-systematic-post-mortem-examination"
"programme_e18edfb4f3e59fe9","adelaide-university","ComPass 2024 Module 7: Animal Ethics - Establishing and Managing a Rodent Breeding Colony","PROGRAMME_CODE_REQUIRED","ERROR","https://catalog.adelaide.edu.au/browse/pace/compass2024/courses/compass-2024-module-7-animal-ethics"
"programme_e18edfb4f3e59fe9","adelaide-university","ComPass 2024 Module 7: Animal Ethics - Establishing and Managing a Rodent Breeding Colony","SUBJECT_CATEGORY_REQUIRED","ERROR","https://catalog.adelaide.edu.au/browse/pace/compass2024/courses/compass-2024-module-7-animal-ethics"
"programme_e18edfb4f3e59fe9","adelaide-university","ComPass 2024 Module 7: Animal Ethics - Establishing and Managing a Rodent Breeding Colony","SLUG_REQUIRED","ERROR","https://catalog.adelaide.edu.au/browse/pace/compass2024/courses/compass-2024-module-7-animal-ethics"
"programme_51efb8fa9651b059","adelaide-university","ComPass 2024 Module 8: Animal Ethics - Maximising Welfare and Behavioural Assessment in Research Animals","PROGRAMME_CODE_REQUIRED","ERROR","https://catalog.adelaide.edu.au/browse/pace/compass2024/courses/compass-2024-module-8-animal-ethics-maximising-welfare-and-behavioural-assessment-in-research-animals"
"programme_51efb8fa9651b059","adelaide-university","ComPass 2024 Module 8: Animal Ethics - Maximising Welfare and Behavioural Assessment in Research Animals","SUBJECT_CATEGORY_REQUIRED","ERROR","https://catalog.adelaide.edu.au/browse/pace/compass2024/courses/compass-2024-module-8-animal-ethics-maximising-welfare-and-behavioural-assessment-in-research-animals"
"programme_51efb8fa9651b059","adelaide-university","ComPass 2024 Module 8: Animal Ethics - Maximising Welfare and Behavioural Assessment in Research Animals","SLUG_REQUIRED","ERROR","https://catalog.adelaide.edu.au/browse/pace/compass2024/courses/compass-2024-module-8-animal-ethics-maximising-welfare-and-behavioural-assessment-in-research-animals"
"programme_c68ec651fdf5cf05","adelaide-university","ComPass 2024 Training Materials for Becoming a Laboratory Animal Veterinarian, a University Veterinarian or Animal Welfare Officer","PROGRAMME_CODE_REQUIRED","ERROR","https://catalog.adelaide.edu.au/browse/pace/compass2024/courses/compass-2024-training-materials-for-becoming-a-laboratory-animal-veterinarian-a-university-veterinarian-or-animal-welfare-officer"
"programme_c68ec651fdf5cf05","adelaide-university","ComPass 2024 Training Materials for Becoming a Laboratory Animal Veterinarian, a University Veterinarian or Animal Welfare Officer","SUBJECT_CATEGORY_REQUIRED","ERROR","https://catalog.adelaide.edu.au/browse/pace/compass2024/courses/compass-2024-training-materials-for-becoming-a-laboratory-animal-veterinarian-a-university-veterinarian-or-animal-welfare-officer"
"programme_c68ec651fdf5cf05","adelaide-university","ComPass 2024 Training Materials for Becoming a Laboratory Animal Veterinarian, a University Veterinarian or Animal Welfare Officer","SLUG_REQUIRED","ERROR","https://catalog.adelaide.edu.au/browse/pace/compass2024/courses/compass-2024-training-materials-for-becoming-a-laboratory-animal-veterinarian-a-university-veterinarian-or-animal-welfare-officer"
"programme_501cc4a1eddca301","adelaide-university","ComPass 2024 Training Materials for Minimally Invasive Procedures in Research Animals","PROGRAMME_CODE_REQUIRED","ERROR","https://catalog.adelaide.edu.au/browse/pace/compass2024/courses/compass-2024-training-materials-for-minimally-invasive-procedures-in-research-animals"
"programme_501cc4a1eddca301","adelaide-university","ComPass 2024 Training Materials for Minimally Invasive Procedures in Research Animals","SUBJECT_CATEGORY_REQUIRED","ERROR","https://catalog.adelaide.edu.au/browse/pace/compass2024/courses/compass-2024-training-materials-for-minimally-invasive-procedures-in-research-animals"
"programme_501cc4a1eddca301","adelaide-university","ComPass 2024 Training Materials for Minimally Invasive Procedures in Research Animals","SLUG_REQUIRED","ERROR","https://catalog.adelaide.edu.au/browse/pace/compass2024/courses/compass-2024-training-materials-for-minimally-invasive-procedures-in-research-animals"
"programme_348fa8d1c8e87bb8","adelaide-university","ComPass 2024 Training Materials for Performing Aseptic Technique, Surgical Skills, Suturing and Euthanasia Methods","PROGRAMME_CODE_REQUIRED","ERROR","https://catalog.adelaide.edu.au/browse/pace/compass2024/courses/compass-2024-training-materials-for-performing-aseptic-technique-surgical-skills-suturing-and-euthanasia-methods"
"programme_348fa8d1c8e87bb8","adelaide-university","ComPass 2024 Training Materials for Performing Aseptic Technique, Surgical Skills, Suturing and Euthanasia Methods","SUBJECT_CATEGORY_REQUIRED","ERROR","https://catalog.adelaide.edu.au/browse/pace/compass2024/courses/compass-2024-training-materials-for-performing-aseptic-technique-surgical-skills-suturing-and-euthanasia-methods"
"programme_348fa8d1c8e87bb8","adelaide-university","ComPass 2024 Training Materials for Performing Aseptic Technique, Surgical Skills, Suturing and Euthanasia Methods","SLUG_REQUIRED","ERROR","https://catalog.adelaide.edu.au/browse/pace/compass2024/courses/compass-2024-training-materials-for-performing-aseptic-technique-surgical-skills-suturing-and-euthanasia-methods"
"programme_8d855918a5a868d7","adelaide-university","ComPass 2024 Wildlife 1 - Researchers' and AEC Members Guide to Improved Welfare","PROGRAMME_CODE_REQUIRED","ERROR","https://catalog.adelaide.edu.au/browse/pace/compass2024/courses/compass-2024-wildlife-1---researchers-and-aec-members-guide-to-improved-welfare"
"programme_8d855918a5a868d7","adelaide-university","ComPass 2024 Wildlife 1 - Researchers' and AEC Members Guide to Improved Welfare","SUBJECT_CATEGORY_REQUIRED","ERROR","https://catalog.adelaide.edu.au/browse/pace/compass2024/courses/compass-2024-wildlife-1---researchers-and-aec-members-guide-to-improved-welfare"
"programme_8d855918a5a868d7","adelaide-university","ComPass 2024 Wildlife 1 - Researchers' and AEC Members Guide to Improved Welfare","SLUG_REQUIRED","ERROR","https://catalog.adelaide.edu.au/browse/pace/compass2024/courses/compass-2024-wildlife-1---researchers-and-aec-members-guide-to-improved-welfare"
"programme_481b9ffce47bf759","adelaide-university","ComPass 2024 Wildlife 2 - Researchers' and AEC Members Guide to Improved Welfare","PROGRAMME_CODE_REQUIRED","ERROR","https://catalog.adelaide.edu.au/browse/pace/compass2024/courses/compass-2024-wildlife-2-researchers-and-aec-members-guide-to-improved-welfare"
"programme_481b9ffce47bf759","adelaide-university","ComPass 2024 Wildlife 2 - Researchers' and AEC Members Guide to Improved Welfare","SUBJECT_CATEGORY_REQUIRED","ERROR","https://catalog.adelaide.edu.au/browse/pace/compass2024/courses/compass-2024-wildlife-2-researchers-and-aec-members-guide-to-improved-welfare"
"programme_481b9ffce47bf759","adelaide-university","ComPass 2024 Wildlife 2 - Researchers' and AEC Members Guide to Improved Welfare","SLUG_REQUIRED","ERROR","https://catalog.adelaide.edu.au/browse/pace/compass2024/courses/compass-2024-wildlife-2-researchers-and-aec-members-guide-to-improved-welfare"
"programme_ec57318c7bcb9402","adelaide-university","Core ComPass Training for AEC Members and Animal Users 2024","PROGRAMME_CODE_REQUIRED","ERROR","https://catalog.adelaide.edu.au/browse/pace/compass2024/courses/core-compass-training-for-aec-members-and-animal-users-2024"
"programme_ec57318c7bcb9402","adelaide-university","Core ComPass Training for AEC Members and Animal Users 2024","SUBJECT_CATEGORY_REQUIRED","ERROR","https://catalog.adelaide.edu.au/browse/pace/compass2024/courses/core-compass-training-for-aec-members-and-animal-users-2024"
"programme_ec57318c7bcb9402","adelaide-university","Core ComPass Training for AEC Members and Animal Users 2024","SLUG_REQUIRED","ERROR","https://catalog.adelaide.edu.au/browse/pace/compass2024/courses/core-compass-training-for-aec-members-and-animal-users-2024"
"programme_a893348add821ea8","adelaide-university","Cyber Security & Awareness - Primary Years","PROGRAMME_CODE_REQUIRED","ERROR","https://catalog.adelaide.edu.au/browse/pace/courses/cyber-security-awareness---primary-years"
"programme_a893348add821ea8","adelaide-university","Cyber Security & Awareness - Primary Years","SUBJECT_CATEGORY_REQUIRED","ERROR","https://catalog.adelaide.edu.au/browse/pace/courses/cyber-security-awareness---primary-years"
"programme_a893348add821ea8","adelaide-university","Cyber Security & Awareness - Primary Years","SLUG_REQUIRED","ERROR","https://catalog.adelaide.edu.au/browse/pace/courses/cyber-security-awareness---primary-years"
"programme_1ef59c224e88e9fa","adelaide-university","Cyber Security & Awareness - Secondary Years","PROGRAMME_CODE_REQUIRED","ERROR","https://catalog.adelaide.edu.au/browse/pace/courses/cyber-security-awareness---secondary-years"
"programme_1ef59c224e88e9fa","adelaide-university","Cyber Security & Awareness - Secondary Years","SUBJECT_CATEGORY_REQUIRED","ERROR","https://catalog.adelaide.edu.au/browse/pace/courses/cyber-security-awareness---secondary-years"
"programme_1ef59c224e88e9fa","adelaide-university","Cyber Security & Awareness - Secondary Years","SLUG_REQUIRED","ERROR","https://catalog.adelaide.edu.au/browse/pace/courses/cyber-security-awareness---secondary-years"
"programme_09659ef70f57cf79","adelaide-university","Decoding Digital Technologies [Primary]","PROGRAMME_CODE_REQUIRED","ERROR","https://catalog.adelaide.edu.au/browse/ecms/cser-stem/courses/decoding-dt-primary-v9"
"programme_09659ef70f57cf79","adelaide-university","Decoding Digital Technologies [Primary]","SUBJECT_CATEGORY_REQUIRED","ERROR","https://catalog.adelaide.edu.au/browse/ecms/cser-stem/courses/decoding-dt-primary-v9"
"programme_09659ef70f57cf79","adelaide-university","Decoding Digital Technologies [Primary]","SLUG_REQUIRED","ERROR","https://catalog.adelaide.edu.au/browse/ecms/cser-stem/courses/decoding-dt-primary-v9"
"programme_f1f8fd0bcb4c6b87","adelaide-university","Digital Technologies + X for the Primary Years (2023)","PROGRAMME_CODE_REQUIRED","ERROR","https://catalog.adelaide.edu.au/browse/ecms/cser-stem/courses/digital-technologies-x-for-the-primary-years-2023"
"programme_f1f8fd0bcb4c6b87","adelaide-university","Digital Technologies + X for the Primary Years (2023)","SUBJECT_CATEGORY_REQUIRED","ERROR","https://catalog.adelaide.edu.au/browse/ecms/cser-stem/courses/digital-technologies-x-for-the-primary-years-2023"
"programme_f1f8fd0bcb4c6b87","adelaide-university","Digital Technologies + X for the Primary Years (2023)","SLUG_REQUIRED","ERROR","https://catalog.adelaide.edu.au/browse/ecms/cser-stem/courses/digital-technologies-x-for-the-primary-years-2023"
"programme_95d92a62e643a398","adelaide-university","Engage@Adelaide","PROGRAMME_CODE_REQUIRED","ERROR","https://catalog.adelaide.edu.au/browse/dr/courses/engageadelaide"
"programme_95d92a62e643a398","adelaide-university","Engage@Adelaide","SUBJECT_CATEGORY_REQUIRED","ERROR","https://catalog.adelaide.edu.au/browse/dr/courses/engageadelaide"
"programme_95d92a62e643a398","adelaide-university","Engage@Adelaide","SLUG_REQUIRED","ERROR","https://catalog.adelaide.edu.au/browse/dr/courses/engageadelaide"
"programme_878839d54b44c4d9","adelaide-university","FirstGEN","PROGRAMME_CODE_REQUIRED","ERROR","https://catalog.adelaide.edu.au/browse/dr/courses/firstgen"
"programme_878839d54b44c4d9","adelaide-university","FirstGEN","SUBJECT_CATEGORY_REQUIRED","ERROR","https://catalog.adelaide.edu.au/browse/dr/courses/firstgen"
"programme_878839d54b44c4d9","adelaide-university","FirstGEN","SLUG_REQUIRED","ERROR","https://catalog.adelaide.edu.au/browse/dr/courses/firstgen"
"programme_b7096da70a1e5729","adelaide-university","Health Academy Year 12","PROGRAMME_CODE_REQUIRED","ERROR","https://catalog.adelaide.edu.au/browse/dr/courses/health-academy-year-12"
"programme_b7096da70a1e5729","adelaide-university","Health Academy Year 12","SUBJECT_CATEGORY_REQUIRED","ERROR","https://catalog.adelaide.edu.au/browse/dr/courses/health-academy-year-12"
"programme_b7096da70a1e5729","adelaide-university","Health Academy Year 12","SLUG_REQUIRED","ERROR","https://catalog.adelaide.edu.au/browse/dr/courses/health-academy-year-12"
"programme_9117e60aeacf50e0","adelaide-university","Humanities Academy Year 12","PROGRAMME_CODE_REQUIRED","ERROR","https://catalog.adelaide.edu.au/browse/dr/courses/humanities-academy-year-12"
"programme_9117e60aeacf50e0","adelaide-university","Humanities Academy Year 12","SUBJECT_CATEGORY_REQUIRED","ERROR","https://catalog.adelaide.edu.au/browse/dr/courses/humanities-academy-year-12"
"programme_9117e60aeacf50e0","adelaide-university","Humanities Academy Year 12","SLUG_REQUIRED","ERROR","https://catalog.adelaide.edu.au/browse/dr/courses/humanities-academy-year-12"
"programme_09f25c41408c0970","adelaide-university","Maths in Schools Online: 3-6 V9.0","PROGRAMME_CODE_REQUIRED","ERROR","https://catalog.adelaide.edu.au/browse/ecms/cser-stem/courses/maths-in-schools-online-3-6-v9-0"
"programme_09f25c41408c0970","adelaide-university","Maths in Schools Online: 3-6 V9.0","SUBJECT_CATEGORY_REQUIRED","ERROR","https://catalog.adelaide.edu.au/browse/ecms/cser-stem/courses/maths-in-schools-online-3-6-v9-0"
"programme_09f25c41408c0970","adelaide-university","Maths in Schools Online: 3-6 V9.0","SLUG_REQUIRED","ERROR","https://catalog.adelaide.edu.au/browse/ecms/cser-stem/courses/maths-in-schools-online-3-6-v9-0"
"programme_2f7128e090998a39","adelaide-university","Maths in Schools Online: 7-10 V9.0","PROGRAMME_CODE_REQUIRED","ERROR","https://catalog.adelaide.edu.au/browse/ecms/cser-stem/courses/maths-in-schools-online-7-10-v9-0"
"programme_2f7128e090998a39","adelaide-university","Maths in Schools Online: 7-10 V9.0","SUBJECT_CATEGORY_REQUIRED","ERROR","https://catalog.adelaide.edu.au/browse/ecms/cser-stem/courses/maths-in-schools-online-7-10-v9-0"
"programme_2f7128e090998a39","adelaide-university","Maths in Schools Online: 7-10 V9.0","SLUG_REQUIRED","ERROR","https://catalog.adelaide.edu.au/browse/ecms/cser-stem/courses/maths-in-schools-online-7-10-v9-0"
"programme_b44c3453cb99436e","adelaide-university","Maths in Schools Online: F-2 V9.0","PROGRAMME_CODE_REQUIRED","ERROR","https://catalog.adelaide.edu.au/browse/ecms/cser-stem/courses/maths-in-schools-online-f-2-v9"
"programme_b44c3453cb99436e","adelaide-university","Maths in Schools Online: F-2 V9.0","SUBJECT_CATEGORY_REQUIRED","ERROR","https://catalog.adelaide.edu.au/browse/ecms/cser-stem/courses/maths-in-schools-online-f-2-v9"
"programme_b44c3453cb99436e","adelaide-university","Maths in Schools Online: F-2 V9.0","SLUG_REQUIRED","ERROR","https://catalog.adelaide.edu.au/browse/ecms/cser-stem/courses/maths-in-schools-online-f-2-v9"
"programme_bd12a719f2a05abf","adelaide-university","STEM Academy Teacher Resources","PROGRAMME_CODE_REQUIRED","ERROR","https://catalog.adelaide.edu.au/browse/dr/courses/stem-academy-teacher-resources"
"programme_bd12a719f2a05abf","adelaide-university","STEM Academy Teacher Resources","SUBJECT_CATEGORY_REQUIRED","ERROR","https://catalog.adelaide.edu.au/browse/dr/courses/stem-academy-teacher-resources"
"programme_bd12a719f2a05abf","adelaide-university","STEM Academy Teacher Resources","SLUG_REQUIRED","ERROR","https://catalog.adelaide.edu.au/browse/dr/courses/stem-academy-teacher-resources"
"programme_c3b6836bdd640abd","adelaide-university","STEM Academy Year 12","PROGRAMME_CODE_REQUIRED","ERROR","https://catalog.adelaide.edu.au/browse/dr/courses/stem-academy-year-12"
"programme_c3b6836bdd640abd","adelaide-university","STEM Academy Year 12","SUBJECT_CATEGORY_REQUIRED","ERROR","https://catalog.adelaide.edu.au/browse/dr/courses/stem-academy-year-12"
"programme_c3b6836bdd640abd","adelaide-university","STEM Academy Year 12","SLUG_REQUIRED","ERROR","https://catalog.adelaide.edu.au/browse/dr/courses/stem-academy-year-12"
"programme_5336e5f7b31776bd","adelaide-university","Teaching AI in the Primary Classroom","PROGRAMME_CODE_REQUIRED","ERROR","https://catalog.adelaide.edu.au/browse/ecms/cser-stem/courses/ai-primary-v90"
"programme_5336e5f7b31776bd","adelaide-university","Teaching AI in the Primary Classroom","SUBJECT_CATEGORY_REQUIRED","ERROR","https://catalog.adelaide.edu.au/browse/ecms/cser-stem/courses/ai-primary-v90"
"programme_5336e5f7b31776bd","adelaide-university","Teaching AI in the Primary Classroom","SLUG_REQUIRED","ERROR","https://catalog.adelaide.edu.au/browse/ecms/cser-stem/courses/ai-primary-v90"
"programme_03a1947ea68aceea","adelaide-university","Teaching AI in the Secondary Classroom","PROGRAMME_CODE_REQUIRED","ERROR","https://catalog.adelaide.edu.au/browse/ecms/cser-stem/courses/ai-secondary-v90"
"programme_03a1947ea68aceea","adelaide-university","Teaching AI in the Secondary Classroom","SUBJECT_CATEGORY_REQUIRED","ERROR","https://catalog.adelaide.edu.au/browse/ecms/cser-stem/courses/ai-secondary-v90"
"programme_03a1947ea68aceea","adelaide-university","Teaching AI in the Secondary Classroom","SLUG_REQUIRED","ERROR","https://catalog.adelaide.edu.au/browse/ecms/cser-stem/courses/ai-secondary-v90"
"programme_0ad9375e0859fc67","adelaide-university","PG Prep","PROGRAMME_CODE_REQUIRED","ERROR","https://catalog.adelaide.edu.au/courses/pg-prep"
"programme_0ad9375e0859fc67","adelaide-university","PG Prep","SUBJECT_CATEGORY_REQUIRED","ERROR","https://catalog.adelaide.edu.au/courses/pg-prep"
"programme_0ad9375e0859fc67","adelaide-university","PG Prep","SLUG_REQUIRED","ERROR","https://catalog.adelaide.edu.au/courses/pg-prep"
"programme_257ae5fc2dceeb4b","adelaide-university","Tertiary Education Strategies","PROGRAMME_CODE_REQUIRED","ERROR","https://catalog.adelaide.edu.au/browse/domestic-pathways/courses/tertiary-education-strategies"
"programme_257ae5fc2dceeb4b","adelaide-university","Tertiary Education Strategies","SUBJECT_CATEGORY_REQUIRED","ERROR","https://catalog.adelaide.edu.au/browse/domestic-pathways/courses/tertiary-education-strategies"
"programme_257ae5fc2dceeb4b","adelaide-university","Tertiary Education Strategies","SLUG_REQUIRED","ERROR","https://catalog.adelaide.edu.au/browse/domestic-pathways/courses/tertiary-education-strategies"
"programme_a59b167f73dfe200","adelaide-university","Doctor of Philosophy","PROGRAMME_CODE_REQUIRED","ERROR","https://adelaide.edu.au/study/degrees/doctor-of-philosophy/"
"programme_a59b167f73dfe200","adelaide-university","Doctor of Philosophy","SUBJECT_CATEGORY_REQUIRED","ERROR","https://adelaide.edu.au/study/degrees/doctor-of-philosophy/"
"programme_a59b167f73dfe200","adelaide-university","Doctor of Philosophy","SLUG_REQUIRED","ERROR","https://adelaide.edu.au/study/degrees/doctor-of-philosophy/"
"programme_6b199e07f540be99","adelaide-university","Master of Philosophy","PROGRAMME_CODE_REQUIRED","ERROR","https://adelaide.edu.au/study/degrees/master-of-philosophy/"
"programme_6b199e07f540be99","adelaide-university","Master of Philosophy","SUBJECT_CATEGORY_REQUIRED","ERROR","https://adelaide.edu.au/study/degrees/master-of-philosophy/"
"programme_6b199e07f540be99","adelaide-university","Master of Philosophy","SLUG_REQUIRED","ERROR","https://adelaide.edu.au/study/degrees/master-of-philosophy/"
"programme_66af82fb19821884","adelaide-university","Master of Research","PROGRAMME_CODE_REQUIRED","ERROR","https://adelaide.edu.au/study/degrees/master-of-research/"
"programme_66af82fb19821884","adelaide-university","Master of Research","SUBJECT_CATEGORY_REQUIRED","ERROR","https://adelaide.edu.au/study/degrees/master-of-research/"
"programme_66af82fb19821884","adelaide-university","Master of Research","SLUG_REQUIRED","ERROR","https://adelaide.edu.au/study/degrees/master-of-research/"
"programme_c3473fbb1e6da047","adelaide-university","Bachelor of Science (Honours) majoring in Geology and Palaeontology","PROGRAMME_CODE_REQUIRED","ERROR","https://adelaide.edu.au/study/degrees/2026/bachelor-of-science-honours-geology-and-palaeontology/dom/"
"programme_c3473fbb1e6da047","adelaide-university","Bachelor of Science (Honours) majoring in Geology and Palaeontology","SUBJECT_CATEGORY_REQUIRED","ERROR","https://adelaide.edu.au/study/degrees/2026/bachelor-of-science-honours-geology-and-palaeontology/dom/"
"programme_c3473fbb1e6da047","adelaide-university","Bachelor of Science (Honours) majoring in Geology and Palaeontology","SLUG_REQUIRED","ERROR","https://adelaide.edu.au/study/degrees/2026/bachelor-of-science-honours-geology-and-palaeontology/dom/"
"programme_42243e71955c98e5","adelaide-university","Bachelor of Science (Honours) majoring in Geology and Earth Resources","PROGRAMME_CODE_REQUIRED","ERROR","https://adelaide.edu.au/study/degrees/2026/bachelor-of-science-honours-geology-and-earth-resources/dom/"
"programme_42243e71955c98e5","adelaide-university","Bachelor of Science (Honours) majoring in Geology and Earth Resources","SUBJECT_CATEGORY_REQUIRED","ERROR","https://adelaide.edu.au/study/degrees/2026/bachelor-of-science-honours-geology-and-earth-resources/dom/"
"programme_42243e71955c98e5","adelaide-university","Bachelor of Science (Honours) majoring in Geology and Earth Resources","SLUG_REQUIRED","ERROR","https://adelaide.edu.au/study/degrees/2026/bachelor-of-science-honours-geology-and-earth-resources/dom/"
"programme_aef496c8b091c83d","adelaide-university","Bachelor of Science (Honours) majoring in Geophysics","PROGRAMME_CODE_REQUIRED","ERROR","https://adelaide.edu.au/study/degrees/2026/bachelor-of-science-honours-geophysics/dom/"
"programme_aef496c8b091c83d","adelaide-university","Bachelor of Science (Honours) majoring in Geophysics","SUBJECT_CATEGORY_REQUIRED","ERROR","https://adelaide.edu.au/study/degrees/2026/bachelor-of-science-honours-geophysics/dom/"
"programme_aef496c8b091c83d","adelaide-university","Bachelor of Science (Honours) majoring in Geophysics","SLUG_REQUIRED","ERROR","https://adelaide.edu.au/study/degrees/2026/bachelor-of-science-honours-geophysics/dom/"
"programme_c8fa9e20eca397e4","adelaide-university","Bachelor of Science (Honours) majoring in Geology","PROGRAMME_CODE_REQUIRED","ERROR","https://adelaide.edu.au/study/degrees/2026/bachelor-of-science-honours-geology/dom/"
"programme_c8fa9e20eca397e4","adelaide-university","Bachelor of Science (Honours) majoring in Geology","SUBJECT_CATEGORY_REQUIRED","ERROR","https://adelaide.edu.au/study/degrees/2026/bachelor-of-science-honours-geology/dom/"
"programme_c8fa9e20eca397e4","adelaide-university","Bachelor of Science (Honours) majoring in Geology","SLUG_REQUIRED","ERROR","https://adelaide.edu.au/study/degrees/2026/bachelor-of-science-honours-geology/dom/"
"programme_95dd6b012db502ae","adelaide-university","Bachelor of Economics (Honours)","PROGRAMME_CODE_REQUIRED","ERROR","https://adelaide.edu.au/study/degrees/2026/bachelor-of-economics-honours/dom/"
"programme_95dd6b012db502ae","adelaide-university","Bachelor of Economics (Honours)","SUBJECT_CATEGORY_REQUIRED","ERROR","https://adelaide.edu.au/study/degrees/2026/bachelor-of-economics-honours/dom/"
"programme_95dd6b012db502ae","adelaide-university","Bachelor of Economics (Honours)","SLUG_REQUIRED","ERROR","https://adelaide.edu.au/study/degrees/2026/bachelor-of-economics-honours/dom/"
"programme_b03ea20a2d85c86b","adelaide-university","Bachelor of Laws (Honours), Bachelor of Economics (Honours)","PROGRAMME_CODE_REQUIRED","ERROR","https://adelaide.edu.au/study/degrees/2026/bachelor-of-laws-honours-bachelor-of-economics-honours/dom/"
"programme_b03ea20a2d85c86b","adelaide-university","Bachelor of Laws (Honours), Bachelor of Economics (Honours)","SUBJECT_CATEGORY_REQUIRED","ERROR","https://adelaide.edu.au/study/degrees/2026/bachelor-of-laws-honours-bachelor-of-economics-honours/dom/"
"programme_b03ea20a2d85c86b","adelaide-university","Bachelor of Laws (Honours), Bachelor of Economics (Honours)","SLUG_REQUIRED","ERROR","https://adelaide.edu.au/study/degrees/2026/bachelor-of-laws-honours-bachelor-of-economics-honours/dom/"
"programme_fa04472fa69e4cc3","carnegie-mellon-university","Bachelor of Fine Arts in Music Performance","PROGRAMME_CODE_REQUIRED","ERROR","https://www.cmu.edu/cfa/music/programs/undergraduate-programs/bfa-music-performance.html"
"programme_fa04472fa69e4cc3","carnegie-mellon-university","Bachelor of Fine Arts in Music Performance","SUBJECT_CATEGORY_REQUIRED","ERROR","https://www.cmu.edu/cfa/music/programs/undergraduate-programs/bfa-music-performance.html"
"programme_fa04472fa69e4cc3","carnegie-mellon-university","Bachelor of Fine Arts in Music Performance","SLUG_REQUIRED","ERROR","https://www.cmu.edu/cfa/music/programs/undergraduate-programs/bfa-music-performance.html"
"programme_5073a1d04532ff5a","curtin-singapore","Bachelor of Commerce","PROGRAMME_CODE_REQUIRED","ERROR","https://www.curtin.edu.sg/courses/undergraduate/bachelor-of-commerce/"
"programme_5073a1d04532ff5a","curtin-singapore","Bachelor of Commerce","SUBJECT_CATEGORY_REQUIRED","ERROR","https://www.curtin.edu.sg/courses/undergraduate/bachelor-of-commerce/"
"programme_5073a1d04532ff5a","curtin-singapore","Bachelor of Commerce","SLUG_REQUIRED","ERROR","https://www.curtin.edu.sg/courses/undergraduate/bachelor-of-commerce/"
"programme_48ed45e3cbdf7d2f","curtin-singapore","Bachelor of Communications (Top-Up)","PROGRAMME_CODE_REQUIRED","ERROR","https://www.curtin.edu.sg/courses/undergraduate/communications/"
"programme_48ed45e3cbdf7d2f","curtin-singapore","Bachelor of Communications (Top-Up)","SUBJECT_CATEGORY_REQUIRED","ERROR","https://www.curtin.edu.sg/courses/undergraduate/communications/"
"programme_48ed45e3cbdf7d2f","curtin-singapore","Bachelor of Communications (Top-Up)","SLUG_REQUIRED","ERROR","https://www.curtin.edu.sg/courses/undergraduate/communications/"
"programme_2f5e1d4e107a3f82","curtin-singapore","Bachelor of Computing (Cyber Security)","PROGRAMME_CODE_REQUIRED","ERROR","https://www.curtin.edu.sg/courses/undergraduate/bachelor-of-computing-cyber-security/"
"programme_2f5e1d4e107a3f82","curtin-singapore","Bachelor of Computing (Cyber Security)","SUBJECT_CATEGORY_REQUIRED","ERROR","https://www.curtin.edu.sg/courses/undergraduate/bachelor-of-computing-cyber-security/"
"programme_2f5e1d4e107a3f82","curtin-singapore","Bachelor of Computing (Cyber Security)","SLUG_REQUIRED","ERROR","https://www.curtin.edu.sg/courses/undergraduate/bachelor-of-computing-cyber-security/"
"programme_6b78cd97631631a8","curtin-singapore","Bachelor of Information Technology","PROGRAMME_CODE_REQUIRED","ERROR","https://www.curtin.edu.sg/courses/undergraduate/bachelor-of-information-technology/"
"programme_6b78cd97631631a8","curtin-singapore","Bachelor of Information Technology","SUBJECT_CATEGORY_REQUIRED","ERROR","https://www.curtin.edu.sg/courses/undergraduate/bachelor-of-information-technology/"
"programme_6b78cd97631631a8","curtin-singapore","Bachelor of Information Technology","SLUG_REQUIRED","ERROR","https://www.curtin.edu.sg/courses/undergraduate/bachelor-of-information-technology/"
"programme_8a40b27791df6aaa","curtin-singapore","Bachelor of Science (Nursing) Conversion Program for Registered Nurses (Top-Up)","PROGRAMME_CODE_REQUIRED","ERROR","https://www.curtin.edu.sg/courses/undergraduate/nursing-conversion-program-for-registered-nurses/"
"programme_8a40b27791df6aaa","curtin-singapore","Bachelor of Science (Nursing) Conversion Program for Registered Nurses (Top-Up)","SUBJECT_CATEGORY_REQUIRED","ERROR","https://www.curtin.edu.sg/courses/undergraduate/nursing-conversion-program-for-registered-nurses/"
"programme_8a40b27791df6aaa","curtin-singapore","Bachelor of Science (Nursing) Conversion Program for Registered Nurses (Top-Up)","SLUG_REQUIRED","ERROR","https://www.curtin.edu.sg/courses/undergraduate/nursing-conversion-program-for-registered-nurses/"
"programme_93866b9e6f4daf27","curtin-singapore","Diploma","PROGRAMME_CODE_REQUIRED","ERROR","https://www.curtin.edu.sg/courses/diploma/"
"programme_93866b9e6f4daf27","curtin-singapore","Diploma","SUBJECT_CATEGORY_REQUIRED","ERROR","https://www.curtin.edu.sg/courses/diploma/"
"programme_93866b9e6f4daf27","curtin-singapore","Diploma","SLUG_REQUIRED","ERROR","https://www.curtin.edu.sg/courses/diploma/"
"programme_999b8f77e1a5adb3","curtin-singapore","Doctor of Philosophy (PhD)","PROGRAMME_CODE_REQUIRED","ERROR","https://www.curtin.edu.sg/courses/phd/"
"programme_999b8f77e1a5adb3","curtin-singapore","Doctor of Philosophy (PhD)","SUBJECT_CATEGORY_REQUIRED","ERROR","https://www.curtin.edu.sg/courses/phd/"
"programme_999b8f77e1a5adb3","curtin-singapore","Doctor of Philosophy (PhD)","SLUG_REQUIRED","ERROR","https://www.curtin.edu.sg/courses/phd/"
"programme_6da357f6e89eb71a","curtin-singapore","Master of Predictive Analytics – Data Science major","PROGRAMME_CODE_REQUIRED","ERROR","https://www.curtin.edu.sg/courses/postgraduate/master-of-predictive-analytics-data-science-major/"
"programme_6da357f6e89eb71a","curtin-singapore","Master of Predictive Analytics – Data Science major","SUBJECT_CATEGORY_REQUIRED","ERROR","https://www.curtin.edu.sg/courses/postgraduate/master-of-predictive-analytics-data-science-major/"
"programme_6da357f6e89eb71a","curtin-singapore","Master of Predictive Analytics – Data Science major","SLUG_REQUIRED","ERROR","https://www.curtin.edu.sg/courses/postgraduate/master-of-predictive-analytics-data-science-major/"
"programme_570ce6d2458aa114","curtin-singapore","Diploma of Arts and Creative Industries","PROGRAMME_CODE_REQUIRED","ERROR","https://www.curtin.edu.sg/courses/diploma/diploma-of-arts-and-creative-industries/"
"programme_570ce6d2458aa114","curtin-singapore","Diploma of Arts and Creative Industries","SUBJECT_CATEGORY_REQUIRED","ERROR","https://www.curtin.edu.sg/courses/diploma/diploma-of-arts-and-creative-industries/"
"programme_570ce6d2458aa114","curtin-singapore","Diploma of Arts and Creative Industries","SLUG_REQUIRED","ERROR","https://www.curtin.edu.sg/courses/diploma/diploma-of-arts-and-creative-industries/"
"programme_fbe9b9c5344f1ed3","curtin-singapore","Diploma of Commerce","PROGRAMME_CODE_REQUIRED","ERROR","https://www.curtin.edu.sg/courses/diploma/diploma-of-commerce/"
"programme_fbe9b9c5344f1ed3","curtin-singapore","Diploma of Commerce","SUBJECT_CATEGORY_REQUIRED","ERROR","https://www.curtin.edu.sg/courses/diploma/diploma-of-commerce/"
"programme_fbe9b9c5344f1ed3","curtin-singapore","Diploma of Commerce","SLUG_REQUIRED","ERROR","https://www.curtin.edu.sg/courses/diploma/diploma-of-commerce/"
"programme_93925092abafab4e","curtin-singapore","Diploma of Computing","PROGRAMME_CODE_REQUIRED","ERROR","https://www.curtin.edu.sg/courses/diploma/diploma-of-computing/"
"programme_93925092abafab4e","curtin-singapore","Diploma of Computing","SUBJECT_CATEGORY_REQUIRED","ERROR","https://www.curtin.edu.sg/courses/diploma/diploma-of-computing/"
"programme_93925092abafab4e","curtin-singapore","Diploma of Computing","SLUG_REQUIRED","ERROR","https://www.curtin.edu.sg/courses/diploma/diploma-of-computing/"
"programme_da70a217c0bf3fda","curtin-singapore","Graduate Certificate in Business Fundamentals","PROGRAMME_CODE_REQUIRED","ERROR","https://www.curtin.edu.sg/courses/postgraduate/graduate-certificate-in-business-fundamentals/"
"programme_da70a217c0bf3fda","curtin-singapore","Graduate Certificate in Business Fundamentals","SUBJECT_CATEGORY_REQUIRED","ERROR","https://www.curtin.edu.sg/courses/postgraduate/graduate-certificate-in-business-fundamentals/"
"programme_da70a217c0bf3fda","curtin-singapore","Graduate Certificate in Business Fundamentals","SLUG_REQUIRED","ERROR","https://www.curtin.edu.sg/courses/postgraduate/graduate-certificate-in-business-fundamentals/"
"programme_447298d4297f0527","curtin-singapore","Master of International Business","PROGRAMME_CODE_REQUIRED","ERROR","https://www.curtin.edu.sg/courses/postgraduate/master-of-international-business-2/"
"programme_447298d4297f0527","curtin-singapore","Master of International Business","SUBJECT_CATEGORY_REQUIRED","ERROR","https://www.curtin.edu.sg/courses/postgraduate/master-of-international-business-2/"
"programme_447298d4297f0527","curtin-singapore","Master of International Business","SLUG_REQUIRED","ERROR","https://www.curtin.edu.sg/courses/postgraduate/master-of-international-business-2/"
"programme_5194f9167da49e55","curtin-university","Commerce","PROGRAMME_CODE_REQUIRED","ERROR","https://www.curtin.edu.au/study/offering/course-ug-bachelor-of-commerce--b-comrce/"
"programme_5194f9167da49e55","curtin-university","Commerce","SUBJECT_CATEGORY_REQUIRED","ERROR","https://www.curtin.edu.au/study/offering/course-ug-bachelor-of-commerce--b-comrce/"
"programme_5194f9167da49e55","curtin-university","Commerce","SLUG_REQUIRED","ERROR","https://www.curtin.edu.au/study/offering/course-ug-bachelor-of-commerce--b-comrce/"
"programme_64d2e3a1233eea59","curtin-university","Innovation","PROGRAMME_CODE_REQUIRED","ERROR","https://www.curtin.edu.au/study/offering/course-ug-bachelor-of-innovation--b-innov/"
"programme_64d2e3a1233eea59","curtin-university","Innovation","SUBJECT_CATEGORY_REQUIRED","ERROR","https://www.curtin.edu.au/study/offering/course-ug-bachelor-of-innovation--b-innov/"
"programme_64d2e3a1233eea59","curtin-university","Innovation","SLUG_REQUIRED","ERROR","https://www.curtin.edu.au/study/offering/course-ug-bachelor-of-innovation--b-innov/"
"programme_d3bde72b750612a8","curtin-university","Primary Education","PROGRAMME_CODE_REQUIRED","ERROR","https://www.curtin.edu.au/study/offering/course-ug-bachelor-of-education-primary-education--b-edpr/"
"programme_d3bde72b750612a8","curtin-university","Primary Education","SUBJECT_CATEGORY_REQUIRED","ERROR","https://www.curtin.edu.au/study/offering/course-ug-bachelor-of-education-primary-education--b-edpr/"
"programme_d3bde72b750612a8","curtin-university","Primary Education","SLUG_REQUIRED","ERROR","https://www.curtin.edu.au/study/offering/course-ug-bachelor-of-education-primary-education--b-edpr/"
"programme_27ff8d28c74bcce9","curtin-university","Bachelor of Arts","PROGRAMME_CODE_REQUIRED","ERROR","https://www.curtin.edu.au/study/offering/course-ug-bachelor-of-arts--b-arts/"
"programme_27ff8d28c74bcce9","curtin-university","Bachelor of Arts","SUBJECT_CATEGORY_REQUIRED","ERROR","https://www.curtin.edu.au/study/offering/course-ug-bachelor-of-arts--b-arts/"
"programme_27ff8d28c74bcce9","curtin-university","Bachelor of Arts","SLUG_REQUIRED","ERROR","https://www.curtin.edu.au/study/offering/course-ug-bachelor-of-arts--b-arts/"
"programme_5680953d78a12c65","curtin-university","Health Sciences","PROGRAMME_CODE_REQUIRED","ERROR","https://www.curtin.edu.au/study/offering/course-ug-bachelor-of-health-sciences--b-hthsci/"
"programme_5680953d78a12c65","curtin-university","Health Sciences","SUBJECT_CATEGORY_REQUIRED","ERROR","https://www.curtin.edu.au/study/offering/course-ug-bachelor-of-health-sciences--b-hthsci/"
"programme_5680953d78a12c65","curtin-university","Health Sciences","SLUG_REQUIRED","ERROR","https://www.curtin.edu.au/study/offering/course-ug-bachelor-of-health-sciences--b-hthsci/"
"programme_c0cf9386a95a5994","curtin-university","Psychology","PROGRAMME_CODE_REQUIRED","ERROR","https://www.curtin.edu.au/study/offering/course-ug-bachelor-of-psychology--b-psych/"
"programme_c0cf9386a95a5994","curtin-university","Psychology","SUBJECT_CATEGORY_REQUIRED","ERROR","https://www.curtin.edu.au/study/offering/course-ug-bachelor-of-psychology--b-psych/"
"programme_c0cf9386a95a5994","curtin-university","Psychology","SLUG_REQUIRED","ERROR","https://www.curtin.edu.au/study/offering/course-ug-bachelor-of-psychology--b-psych/"
"programme_b6d9e66af4a4c1ff","curtin-university","Engineering","PROGRAMME_CODE_REQUIRED","ERROR","https://www.curtin.edu.au/study/offering/course-ug-bachelor-of-engineering-honours--bh-engr/"
"programme_b6d9e66af4a4c1ff","curtin-university","Engineering","SUBJECT_CATEGORY_REQUIRED","ERROR","https://www.curtin.edu.au/study/offering/course-ug-bachelor-of-engineering-honours--bh-engr/"
"programme_b6d9e66af4a4c1ff","curtin-university","Engineering","SLUG_REQUIRED","ERROR","https://www.curtin.edu.au/study/offering/course-ug-bachelor-of-engineering-honours--bh-engr/"
"programme_f8eb4b24c44857fb","curtin-university","Science","PROGRAMME_CODE_REQUIRED","ERROR","https://www.curtin.edu.au/study/offering/course-ug-bachelor-of-science-science--b-scnce/"
"programme_f8eb4b24c44857fb","curtin-university","Science","SUBJECT_CATEGORY_REQUIRED","ERROR","https://www.curtin.edu.au/study/offering/course-ug-bachelor-of-science-science--b-scnce/"
"programme_f8eb4b24c44857fb","curtin-university","Science","SLUG_REQUIRED","ERROR","https://www.curtin.edu.au/study/offering/course-ug-bachelor-of-science-science--b-scnce/"
"programme_1471afb8152cee2e","curtin-university","Chinese","PROGRAMME_CODE_REQUIRED","ERROR","https://www.curtin.edu.au/study/offering/course-ug-chinese-major-ba--mjru-chnse/"
"programme_1471afb8152cee2e","curtin-university","Chinese","SUBJECT_CATEGORY_REQUIRED","ERROR","https://www.curtin.edu.au/study/offering/course-ug-chinese-major-ba--mjru-chnse/"
"programme_1471afb8152cee2e","curtin-university","Chinese","SLUG_REQUIRED","ERROR","https://www.curtin.edu.au/study/offering/course-ug-chinese-major-ba--mjru-chnse/"
"programme_d4fbd903cc7856f1","curtin-university","Creative Writing","PROGRAMME_CODE_REQUIRED","ERROR","https://www.curtin.edu.au/study/offering/course-ug-creative-writing-major-ba--mjru-crwr1/"
"programme_d4fbd903cc7856f1","curtin-university","Creative Writing","SUBJECT_CATEGORY_REQUIRED","ERROR","https://www.curtin.edu.au/study/offering/course-ug-creative-writing-major-ba--mjru-crwr1/"
"programme_d4fbd903cc7856f1","curtin-university","Creative Writing","SLUG_REQUIRED","ERROR","https://www.curtin.edu.au/study/offering/course-ug-creative-writing-major-ba--mjru-crwr1/"
"programme_d54ea1bbf5029025","curtin-university","Digital and Social Media","PROGRAMME_CODE_REQUIRED","ERROR","https://www.curtin.edu.au/study/offering/course-ug-digital-and-social-media-major-ba--mjru-netcm/"
"programme_d54ea1bbf5029025","curtin-university","Digital and Social Media","SUBJECT_CATEGORY_REQUIRED","ERROR","https://www.curtin.edu.au/study/offering/course-ug-digital-and-social-media-major-ba--mjru-netcm/"
"programme_d54ea1bbf5029025","curtin-university","Digital and Social Media","SLUG_REQUIRED","ERROR","https://www.curtin.edu.au/study/offering/course-ug-digital-and-social-media-major-ba--mjru-netcm/"
"programme_da03fe23115229a9","imperial-college-london","Aeronautical Engineering MEng","PROGRAMME_CODE_REQUIRED","ERROR","https://www.imperial.ac.uk/study/courses/undergraduate/aeronautical-engineering/"
"programme_da03fe23115229a9","imperial-college-london","Aeronautical Engineering MEng","SUBJECT_CATEGORY_REQUIRED","ERROR","https://www.imperial.ac.uk/study/courses/undergraduate/aeronautical-engineering/"
"programme_da03fe23115229a9","imperial-college-london","Aeronautical Engineering MEng","SLUG_REQUIRED","ERROR","https://www.imperial.ac.uk/study/courses/undergraduate/aeronautical-engineering/"
"programme_f071bc3997f79e84","imperial-college-london","Aeronautics with Spacecraft Engineering MEng","PROGRAMME_CODE_REQUIRED","ERROR","https://www.imperial.ac.uk/study/courses/undergraduate/aeronautics-spacecraft-engineering/"
"programme_f071bc3997f79e84","imperial-college-london","Aeronautics with Spacecraft Engineering MEng","SUBJECT_CATEGORY_REQUIRED","ERROR","https://www.imperial.ac.uk/study/courses/undergraduate/aeronautics-spacecraft-engineering/"
"programme_f071bc3997f79e84","imperial-college-london","Aeronautics with Spacecraft Engineering MEng","SLUG_REQUIRED","ERROR","https://www.imperial.ac.uk/study/courses/undergraduate/aeronautics-spacecraft-engineering/"
"programme_d361e543a18b6d14","imperial-college-london","Biochemistry BSc","PROGRAMME_CODE_REQUIRED","ERROR","https://www.imperial.ac.uk/study/courses/undergraduate/biochemistry-bsc/"
"programme_d361e543a18b6d14","imperial-college-london","Biochemistry BSc","SUBJECT_CATEGORY_REQUIRED","ERROR","https://www.imperial.ac.uk/study/courses/undergraduate/biochemistry-bsc/"
"programme_d361e543a18b6d14","imperial-college-london","Biochemistry BSc","SLUG_REQUIRED","ERROR","https://www.imperial.ac.uk/study/courses/undergraduate/biochemistry-bsc/"
"programme_3a04dfbd9473c5fa","imperial-college-london","Biochemistry MSci","PROGRAMME_CODE_REQUIRED","ERROR","https://www.imperial.ac.uk/study/courses/undergraduate/biochemistry-msci/"
"programme_3a04dfbd9473c5fa","imperial-college-london","Biochemistry MSci","SUBJECT_CATEGORY_REQUIRED","ERROR","https://www.imperial.ac.uk/study/courses/undergraduate/biochemistry-msci/"
"programme_3a04dfbd9473c5fa","imperial-college-london","Biochemistry MSci","SLUG_REQUIRED","ERROR","https://www.imperial.ac.uk/study/courses/undergraduate/biochemistry-msci/"
"programme_20f8e63166ae5201","imperial-college-london","Biochemistry with a Language for Science BSc","PROGRAMME_CODE_REQUIRED","ERROR","https://www.imperial.ac.uk/study/courses/undergraduate/biochemistry-language/"
"programme_20f8e63166ae5201","imperial-college-london","Biochemistry with a Language for Science BSc","SUBJECT_CATEGORY_REQUIRED","ERROR","https://www.imperial.ac.uk/study/courses/undergraduate/biochemistry-language/"
"programme_20f8e63166ae5201","imperial-college-london","Biochemistry with a Language for Science BSc","SLUG_REQUIRED","ERROR","https://www.imperial.ac.uk/study/courses/undergraduate/biochemistry-language/"
"programme_71737b16ef1a7914","imperial-college-london","Biochemistry with Management BSc","PROGRAMME_CODE_REQUIRED","ERROR","https://www.imperial.ac.uk/study/courses/undergraduate/biochemistry-management/"
"programme_71737b16ef1a7914","imperial-college-london","Biochemistry with Management BSc","SUBJECT_CATEGORY_REQUIRED","ERROR","https://www.imperial.ac.uk/study/courses/undergraduate/biochemistry-management/"
"programme_71737b16ef1a7914","imperial-college-london","Biochemistry with Management BSc","SLUG_REQUIRED","ERROR","https://www.imperial.ac.uk/study/courses/undergraduate/biochemistry-management/"
"programme_7bdb128ab64704b3","imperial-college-london","Biological Sciences BSc","PROGRAMME_CODE_REQUIRED","ERROR","https://www.imperial.ac.uk/study/courses/undergraduate/biological-sciences/"
"programme_7bdb128ab64704b3","imperial-college-london","Biological Sciences BSc","SUBJECT_CATEGORY_REQUIRED","ERROR","https://www.imperial.ac.uk/study/courses/undergraduate/biological-sciences/"
"programme_7bdb128ab64704b3","imperial-college-london","Biological Sciences BSc","SLUG_REQUIRED","ERROR","https://www.imperial.ac.uk/study/courses/undergraduate/biological-sciences/"
"programme_f69b6d52dadec9ee","imperial-college-london","Biological Sciences MSci","PROGRAMME_CODE_REQUIRED","ERROR","https://www.imperial.ac.uk/study/courses/undergraduate/biological-sciences-msci/"
"programme_f69b6d52dadec9ee","imperial-college-london","Biological Sciences MSci","SUBJECT_CATEGORY_REQUIRED","ERROR","https://www.imperial.ac.uk/study/courses/undergraduate/biological-sciences-msci/"
"programme_f69b6d52dadec9ee","imperial-college-london","Biological Sciences MSci","SLUG_REQUIRED","ERROR","https://www.imperial.ac.uk/study/courses/undergraduate/biological-sciences-msci/"
"programme_e82cfddcf6d75b7f","imperial-college-london","Biological Sciences with a Language for Science BSc","PROGRAMME_CODE_REQUIRED","ERROR","https://www.imperial.ac.uk/study/courses/undergraduate/biological-sciences-language/"
"programme_e82cfddcf6d75b7f","imperial-college-london","Biological Sciences with a Language for Science BSc","SUBJECT_CATEGORY_REQUIRED","ERROR","https://www.imperial.ac.uk/study/courses/undergraduate/biological-sciences-language/"
"programme_e82cfddcf6d75b7f","imperial-college-london","Biological Sciences with a Language for Science BSc","SLUG_REQUIRED","ERROR","https://www.imperial.ac.uk/study/courses/undergraduate/biological-sciences-language/"
"programme_ad502f8f0e3b1948","imperial-college-london","Biological Sciences with Management BSc","PROGRAMME_CODE_REQUIRED","ERROR","https://www.imperial.ac.uk/study/courses/undergraduate/biological-sciences-management/"
"programme_ad502f8f0e3b1948","imperial-college-london","Biological Sciences with Management BSc","SUBJECT_CATEGORY_REQUIRED","ERROR","https://www.imperial.ac.uk/study/courses/undergraduate/biological-sciences-management/"
"programme_ad502f8f0e3b1948","imperial-college-london","Biological Sciences with Management BSc","SLUG_REQUIRED","ERROR","https://www.imperial.ac.uk/study/courses/undergraduate/biological-sciences-management/"
"programme_6bec235bcd8f2b56","imperial-college-london","Biomaterials and Tissue Engineering MEng","PROGRAMME_CODE_REQUIRED","ERROR","https://www.imperial.ac.uk/study/courses/undergraduate/biomaterials-tissue-engineering-meng/"
"programme_6bec235bcd8f2b56","imperial-college-london","Biomaterials and Tissue Engineering MEng","SUBJECT_CATEGORY_REQUIRED","ERROR","https://www.imperial.ac.uk/study/courses/undergraduate/biomaterials-tissue-engineering-meng/"
"programme_6bec235bcd8f2b56","imperial-college-london","Biomaterials and Tissue Engineering MEng","SLUG_REQUIRED","ERROR","https://www.imperial.ac.uk/study/courses/undergraduate/biomaterials-tissue-engineering-meng/"
"programme_6bb15c4d9fe69426","imperial-college-london","Biomedical Engineering MEng","PROGRAMME_CODE_REQUIRED","ERROR","https://www.imperial.ac.uk/study/courses/undergraduate/biomedical-engineering/"
"programme_6bb15c4d9fe69426","imperial-college-london","Biomedical Engineering MEng","SUBJECT_CATEGORY_REQUIRED","ERROR","https://www.imperial.ac.uk/study/courses/undergraduate/biomedical-engineering/"
"programme_6bb15c4d9fe69426","imperial-college-london","Biomedical Engineering MEng","SLUG_REQUIRED","ERROR","https://www.imperial.ac.uk/study/courses/undergraduate/biomedical-engineering/"
"programme_fe96acd0905b5a81","imperial-college-london","Aeronautical Engineering MEng","PROGRAMME_CODE_REQUIRED","ERROR","https://www.imperial.ac.uk/study/courses/undergraduate/aeronautical-engineering/?addCourse=1699807"
"programme_fe96acd0905b5a81","imperial-college-london","Aeronautical Engineering MEng","SUBJECT_CATEGORY_REQUIRED","ERROR","https://www.imperial.ac.uk/study/courses/undergraduate/aeronautical-engineering/?addCourse=1699807"
"programme_fe96acd0905b5a81","imperial-college-london","Aeronautical Engineering MEng","SLUG_REQUIRED","ERROR","https://www.imperial.ac.uk/study/courses/undergraduate/aeronautical-engineering/?addCourse=1699807"
"programme_f7b8b77b7333d11d","imperial-college-london","Aeronautical Engineering MEng","PROGRAMME_CODE_REQUIRED","ERROR","https://www.imperial.ac.uk/study/courses/undergraduate/aeronautical-engineering/?addCourse=1215803"
"programme_f7b8b77b7333d11d","imperial-college-london","Aeronautical Engineering MEng","SUBJECT_CATEGORY_REQUIRED","ERROR","https://www.imperial.ac.uk/study/courses/undergraduate/aeronautical-engineering/?addCourse=1215803"
"programme_f7b8b77b7333d11d","imperial-college-london","Aeronautical Engineering MEng","SLUG_REQUIRED","ERROR","https://www.imperial.ac.uk/study/courses/undergraduate/aeronautical-engineering/?addCourse=1215803"
"programme_ea7bb2519b1b6baf","imperial-college-london","Aeronautical Engineering MEng","PROGRAMME_CODE_REQUIRED","ERROR","https://www.imperial.ac.uk/study/courses/undergraduate/aeronautical-engineering/?addCourse=1215804"
"programme_ea7bb2519b1b6baf","imperial-college-london","Aeronautical Engineering MEng","SUBJECT_CATEGORY_REQUIRED","ERROR","https://www.imperial.ac.uk/study/courses/undergraduate/aeronautical-engineering/?addCourse=1215804"
"programme_ea7bb2519b1b6baf","imperial-college-london","Aeronautical Engineering MEng","SLUG_REQUIRED","ERROR","https://www.imperial.ac.uk/study/courses/undergraduate/aeronautical-engineering/?addCourse=1215804"
"programme_726124581ef2570d","imperial-college-london","Aeronautical Engineering MEng","PROGRAMME_CODE_REQUIRED","ERROR","https://www.imperial.ac.uk/study/courses/undergraduate/aeronautical-engineering/?addCourse=1215805"
"programme_726124581ef2570d","imperial-college-london","Aeronautical Engineering MEng","SUBJECT_CATEGORY_REQUIRED","ERROR","https://www.imperial.ac.uk/study/courses/undergraduate/aeronautical-engineering/?addCourse=1215805"
"programme_726124581ef2570d","imperial-college-london","Aeronautical Engineering MEng","SLUG_REQUIRED","ERROR","https://www.imperial.ac.uk/study/courses/undergraduate/aeronautical-engineering/?addCourse=1215805"
"programme_88e12cdbd607d85a","imperial-college-london","Aeronautics with Spacecraft Engineering MEng","PROGRAMME_CODE_REQUIRED","ERROR","https://www.imperial.ac.uk/study/courses/undergraduate/aeronautics-spacecraft-engineering/?addCourse=1216182"
"programme_88e12cdbd607d85a","imperial-college-london","Aeronautics with Spacecraft Engineering MEng","SUBJECT_CATEGORY_REQUIRED","ERROR","https://www.imperial.ac.uk/study/courses/undergraduate/aeronautics-spacecraft-engineering/?addCourse=1216182"
"programme_88e12cdbd607d85a","imperial-college-london","Aeronautics with Spacecraft Engineering MEng","SLUG_REQUIRED","ERROR","https://www.imperial.ac.uk/study/courses/undergraduate/aeronautics-spacecraft-engineering/?addCourse=1216182"
"programme_28975baec22b27b5","imperial-college-london","Biochemistry BSc","PROGRAMME_CODE_REQUIRED","ERROR","https://www.imperial.ac.uk/study/courses/undergraduate/biochemistry-bsc/?addCourse=1217781"
"programme_28975baec22b27b5","imperial-college-london","Biochemistry BSc","SUBJECT_CATEGORY_REQUIRED","ERROR","https://www.imperial.ac.uk/study/courses/undergraduate/biochemistry-bsc/?addCourse=1217781"
"programme_28975baec22b27b5","imperial-college-london","Biochemistry BSc","SLUG_REQUIRED","ERROR","https://www.imperial.ac.uk/study/courses/undergraduate/biochemistry-bsc/?addCourse=1217781"
"programme_6a942e2c5d114352","imperial-college-london","Biochemistry BSc","PROGRAMME_CODE_REQUIRED","ERROR","https://www.imperial.ac.uk/study/courses/undergraduate/biochemistry-bsc/?addCourse=1217786"
"programme_6a942e2c5d114352","imperial-college-london","Biochemistry BSc","SUBJECT_CATEGORY_REQUIRED","ERROR","https://www.imperial.ac.uk/study/courses/undergraduate/biochemistry-bsc/?addCourse=1217786"
"programme_6a942e2c5d114352","imperial-college-london","Biochemistry BSc","SLUG_REQUIRED","ERROR","https://www.imperial.ac.uk/study/courses/undergraduate/biochemistry-bsc/?addCourse=1217786"
"programme_5a13457c4b1e784d","imperial-college-london","Biochemistry BSc","PROGRAMME_CODE_REQUIRED","ERROR","https://www.imperial.ac.uk/study/courses/undergraduate/biochemistry-bsc/?addCourse=1217791"
"programme_5a13457c4b1e784d","imperial-college-london","Biochemistry BSc","SUBJECT_CATEGORY_REQUIRED","ERROR","https://www.imperial.ac.uk/study/courses/undergraduate/biochemistry-bsc/?addCourse=1217791"
"programme_5a13457c4b1e784d","imperial-college-london","Biochemistry BSc","SLUG_REQUIRED","ERROR","https://www.imperial.ac.uk/study/courses/undergraduate/biochemistry-bsc/?addCourse=1217791"
"programme_a9581fc8f94fae53","imperial-college-london","Biochemistry MSci","PROGRAMME_CODE_REQUIRED","ERROR","https://www.imperial.ac.uk/study/courses/undergraduate/biochemistry-msci/?addCourse=1608038"
"programme_a9581fc8f94fae53","imperial-college-london","Biochemistry MSci","SUBJECT_CATEGORY_REQUIRED","ERROR","https://www.imperial.ac.uk/study/courses/undergraduate/biochemistry-msci/?addCourse=1608038"
"programme_a9581fc8f94fae53","imperial-college-london","Biochemistry MSci","SLUG_REQUIRED","ERROR","https://www.imperial.ac.uk/study/courses/undergraduate/biochemistry-msci/?addCourse=1608038"
"programme_5ad651f367ff171f","imperial-college-london","Biochemistry with a Language for Science BSc","PROGRAMME_CODE_REQUIRED","ERROR","https://www.imperial.ac.uk/study/courses/undergraduate/biochemistry-language/?addCourse=1256779"
"programme_5ad651f367ff171f","imperial-college-london","Biochemistry with a Language for Science BSc","SUBJECT_CATEGORY_REQUIRED","ERROR","https://www.imperial.ac.uk/study/courses/undergraduate/biochemistry-language/?addCourse=1256779"
"programme_5ad651f367ff171f","imperial-college-london","Biochemistry with a Language for Science BSc","SLUG_REQUIRED","ERROR","https://www.imperial.ac.uk/study/courses/undergraduate/biochemistry-language/?addCourse=1256779"
"programme_ae371fabb685be96","imperial-college-london","Biochemistry with a Language for Science BSc","PROGRAMME_CODE_REQUIRED","ERROR","https://www.imperial.ac.uk/study/courses/undergraduate/biochemistry-language/?addCourse=1217825"
"programme_ae371fabb685be96","imperial-college-london","Biochemistry with a Language for Science BSc","SUBJECT_CATEGORY_REQUIRED","ERROR","https://www.imperial.ac.uk/study/courses/undergraduate/biochemistry-language/?addCourse=1217825"
"programme_ae371fabb685be96","imperial-college-london","Biochemistry with a Language for Science BSc","SLUG_REQUIRED","ERROR","https://www.imperial.ac.uk/study/courses/undergraduate/biochemistry-language/?addCourse=1217825"
"programme_ea6ea93a6ce7ad00","imperial-college-london","Biochemistry with a Language for Science BSc","PROGRAMME_CODE_REQUIRED","ERROR","https://www.imperial.ac.uk/study/courses/undergraduate/biochemistry-language/?addCourse=1218384"
"programme_ea6ea93a6ce7ad00","imperial-college-london","Biochemistry with a Language for Science BSc","SUBJECT_CATEGORY_REQUIRED","ERROR","https://www.imperial.ac.uk/study/courses/undergraduate/biochemistry-language/?addCourse=1218384"
"programme_ea6ea93a6ce7ad00","imperial-college-london","Biochemistry with a Language for Science BSc","SLUG_REQUIRED","ERROR","https://www.imperial.ac.uk/study/courses/undergraduate/biochemistry-language/?addCourse=1218384"
"programme_488bca5982c07dae","imperial-college-london","Biochemistry with a Language for Science BSc","PROGRAMME_CODE_REQUIRED","ERROR","https://www.imperial.ac.uk/study/courses/undergraduate/biochemistry-language/?addCourse=1218392"
"programme_488bca5982c07dae","imperial-college-london","Biochemistry with a Language for Science BSc","SUBJECT_CATEGORY_REQUIRED","ERROR","https://www.imperial.ac.uk/study/courses/undergraduate/biochemistry-language/?addCourse=1218392"
"programme_488bca5982c07dae","imperial-college-london","Biochemistry with a Language for Science BSc","SLUG_REQUIRED","ERROR","https://www.imperial.ac.uk/study/courses/undergraduate/biochemistry-language/?addCourse=1218392"
"programme_f24992cfa4a168de","imperial-college-london","Biochemistry with Management BSc","PROGRAMME_CODE_REQUIRED","ERROR","https://www.imperial.ac.uk/study/courses/undergraduate/biochemistry-management/?addCourse=1217806"
"programme_f24992cfa4a168de","imperial-college-london","Biochemistry with Management BSc","SUBJECT_CATEGORY_REQUIRED","ERROR","https://www.imperial.ac.uk/study/courses/undergraduate/biochemistry-management/?addCourse=1217806"
"programme_f24992cfa4a168de","imperial-college-london","Biochemistry with Management BSc","SLUG_REQUIRED","ERROR","https://www.imperial.ac.uk/study/courses/undergraduate/biochemistry-management/?addCourse=1217806"
"programme_c37a230776718720","imperial-college-london","Biochemistry with Management BSc","PROGRAMME_CODE_REQUIRED","ERROR","https://www.imperial.ac.uk/study/courses/undergraduate/biochemistry-management/?addCourse=1217811"
"programme_c37a230776718720","imperial-college-london","Biochemistry with Management BSc","SUBJECT_CATEGORY_REQUIRED","ERROR","https://www.imperial.ac.uk/study/courses/undergraduate/biochemistry-management/?addCourse=1217811"
"programme_c37a230776718720","imperial-college-london","Biochemistry with Management BSc","SLUG_REQUIRED","ERROR","https://www.imperial.ac.uk/study/courses/undergraduate/biochemistry-management/?addCourse=1217811"
"programme_5403ab4023740fcd","imperial-college-london","Biological Sciences BSc","PROGRAMME_CODE_REQUIRED","ERROR","https://www.imperial.ac.uk/study/courses/undergraduate/biological-sciences/?addCourse=1218439"
"programme_5403ab4023740fcd","imperial-college-london","Biological Sciences BSc","SUBJECT_CATEGORY_REQUIRED","ERROR","https://www.imperial.ac.uk/study/courses/undergraduate/biological-sciences/?addCourse=1218439"
"programme_5403ab4023740fcd","imperial-college-london","Biological Sciences BSc","SLUG_REQUIRED","ERROR","https://www.imperial.ac.uk/study/courses/undergraduate/biological-sciences/?addCourse=1218439"
"programme_351e0f61a8c3c23e","imperial-college-london","Biological Sciences BSc","PROGRAMME_CODE_REQUIRED","ERROR","https://www.imperial.ac.uk/study/courses/undergraduate/biological-sciences/?addCourse=1218445"
"programme_351e0f61a8c3c23e","imperial-college-london","Biological Sciences BSc","SUBJECT_CATEGORY_REQUIRED","ERROR","https://www.imperial.ac.uk/study/courses/undergraduate/biological-sciences/?addCourse=1218445"
"programme_351e0f61a8c3c23e","imperial-college-london","Biological Sciences BSc","SLUG_REQUIRED","ERROR","https://www.imperial.ac.uk/study/courses/undergraduate/biological-sciences/?addCourse=1218445"
"programme_9da8061f593a8072","imperial-college-london","Biological Sciences BSc","PROGRAMME_CODE_REQUIRED","ERROR","https://www.imperial.ac.uk/study/courses/undergraduate/biological-sciences/?addCourse=1218451"
"programme_9da8061f593a8072","imperial-college-london","Biological Sciences BSc","SUBJECT_CATEGORY_REQUIRED","ERROR","https://www.imperial.ac.uk/study/courses/undergraduate/biological-sciences/?addCourse=1218451"
"programme_9da8061f593a8072","imperial-college-london","Biological Sciences BSc","SLUG_REQUIRED","ERROR","https://www.imperial.ac.uk/study/courses/undergraduate/biological-sciences/?addCourse=1218451"
"programme_b2e5c40655c4a679","imperial-college-london","Biological Sciences MSci","PROGRAMME_CODE_REQUIRED","ERROR","https://www.imperial.ac.uk/study/courses/undergraduate/biological-sciences-msci/?addCourse=1608196"
"programme_b2e5c40655c4a679","imperial-college-london","Biological Sciences MSci","SUBJECT_CATEGORY_REQUIRED","ERROR","https://www.imperial.ac.uk/study/courses/undergraduate/biological-sciences-msci/?addCourse=1608196"
"programme_b2e5c40655c4a679","imperial-college-london","Biological Sciences MSci","SLUG_REQUIRED","ERROR","https://www.imperial.ac.uk/study/courses/undergraduate/biological-sciences-msci/?addCourse=1608196"
"programme_5cdbc6ec7014342f","imperial-college-london","Biological Sciences with a Language for Science BSc","PROGRAMME_CODE_REQUIRED","ERROR","https://www.imperial.ac.uk/study/courses/undergraduate/biological-sciences-language/?addCourse=1256861"
"programme_5cdbc6ec7014342f","imperial-college-london","Biological Sciences with a Language for Science BSc","SUBJECT_CATEGORY_REQUIRED","ERROR","https://www.imperial.ac.uk/study/courses/undergraduate/biological-sciences-language/?addCourse=1256861"
"programme_5cdbc6ec7014342f","imperial-college-london","Biological Sciences with a Language for Science BSc","SLUG_REQUIRED","ERROR","https://www.imperial.ac.uk/study/courses/undergraduate/biological-sciences-language/?addCourse=1256861"
"programme_466cb72af5a9d2de","imperial-college-london","Biological Sciences with a Language for Science BSc","PROGRAMME_CODE_REQUIRED","ERROR","https://www.imperial.ac.uk/study/courses/undergraduate/biological-sciences-language/?addCourse=1218461"
"programme_466cb72af5a9d2de","imperial-college-london","Biological Sciences with a Language for Science BSc","SUBJECT_CATEGORY_REQUIRED","ERROR","https://www.imperial.ac.uk/study/courses/undergraduate/biological-sciences-language/?addCourse=1218461"
"programme_466cb72af5a9d2de","imperial-college-london","Biological Sciences with a Language for Science BSc","SLUG_REQUIRED","ERROR","https://www.imperial.ac.uk/study/courses/undergraduate/biological-sciences-language/?addCourse=1218461"
"programme_51c340740f6dd2ed","imperial-college-london","Biological Sciences with a Language for Science BSc","PROGRAMME_CODE_REQUIRED","ERROR","https://www.imperial.ac.uk/study/courses/undergraduate/biological-sciences-language/?addCourse=1218468"
"programme_51c340740f6dd2ed","imperial-college-london","Biological Sciences with a Language for Science BSc","SUBJECT_CATEGORY_REQUIRED","ERROR","https://www.imperial.ac.uk/study/courses/undergraduate/biological-sciences-language/?addCourse=1218468"
"programme_51c340740f6dd2ed","imperial-college-london","Biological Sciences with a Language for Science BSc","SLUG_REQUIRED","ERROR","https://www.imperial.ac.uk/study/courses/undergraduate/biological-sciences-language/?addCourse=1218468"
"programme_31bf5f54d84818c6","imperial-college-london","Biological Sciences with a Language for Science BSc","PROGRAMME_CODE_REQUIRED","ERROR","https://www.imperial.ac.uk/study/courses/undergraduate/biological-sciences-language/?addCourse=1218476"
"programme_31bf5f54d84818c6","imperial-college-london","Biological Sciences with a Language for Science BSc","SUBJECT_CATEGORY_REQUIRED","ERROR","https://www.imperial.ac.uk/study/courses/undergraduate/biological-sciences-language/?addCourse=1218476"
"programme_31bf5f54d84818c6","imperial-college-london","Biological Sciences with a Language for Science BSc","SLUG_REQUIRED","ERROR","https://www.imperial.ac.uk/study/courses/undergraduate/biological-sciences-language/?addCourse=1218476"
"programme_cefe9f7aa9da74db","imperial-college-london","Biological Sciences with Management BSc","PROGRAMME_CODE_REQUIRED","ERROR","https://www.imperial.ac.uk/study/courses/undergraduate/biological-sciences-management/?addCourse=1218407"
"programme_cefe9f7aa9da74db","imperial-college-london","Biological Sciences with Management BSc","SUBJECT_CATEGORY_REQUIRED","ERROR","https://www.imperial.ac.uk/study/courses/undergraduate/biological-sciences-management/?addCourse=1218407"
"programme_cefe9f7aa9da74db","imperial-college-london","Biological Sciences with Management BSc","SLUG_REQUIRED","ERROR","https://www.imperial.ac.uk/study/courses/undergraduate/biological-sciences-management/?addCourse=1218407"
"programme_d9810252a5acd428","imperial-college-london","Biological Sciences with Management BSc","PROGRAMME_CODE_REQUIRED","ERROR","https://www.imperial.ac.uk/study/courses/undergraduate/biological-sciences-management/?addCourse=1218422"
"programme_d9810252a5acd428","imperial-college-london","Biological Sciences with Management BSc","SUBJECT_CATEGORY_REQUIRED","ERROR","https://www.imperial.ac.uk/study/courses/undergraduate/biological-sciences-management/?addCourse=1218422"
"programme_d9810252a5acd428","imperial-college-london","Biological Sciences with Management BSc","SLUG_REQUIRED","ERROR","https://www.imperial.ac.uk/study/courses/undergraduate/biological-sciences-management/?addCourse=1218422"
"programme_e07329b9923bcac7","imperial-college-london","Biomaterials and Tissue Engineering MEng","PROGRAMME_CODE_REQUIRED","ERROR","https://www.imperial.ac.uk/study/courses/undergraduate/biomaterials-tissue-engineering-meng/?addCourse=1215943"
"programme_e07329b9923bcac7","imperial-college-london","Biomaterials and Tissue Engineering MEng","SUBJECT_CATEGORY_REQUIRED","ERROR","https://www.imperial.ac.uk/study/courses/undergraduate/biomaterials-tissue-engineering-meng/?addCourse=1215943"
"programme_e07329b9923bcac7","imperial-college-london","Biomaterials and Tissue Engineering MEng","SLUG_REQUIRED","ERROR","https://www.imperial.ac.uk/study/courses/undergraduate/biomaterials-tissue-engineering-meng/?addCourse=1215943"
"programme_45cbcca2aa4f4a4e","imperial-college-london","Biomedical Engineering MEng","PROGRAMME_CODE_REQUIRED","ERROR","https://www.imperial.ac.uk/study/courses/undergraduate/biomedical-engineering/?addCourse=1216471"
"programme_45cbcca2aa4f4a4e","imperial-college-london","Biomedical Engineering MEng","SUBJECT_CATEGORY_REQUIRED","ERROR","https://www.imperial.ac.uk/study/courses/undergraduate/biomedical-engineering/?addCourse=1216471"
"programme_45cbcca2aa4f4a4e","imperial-college-london","Biomedical Engineering MEng","SLUG_REQUIRED","ERROR","https://www.imperial.ac.uk/study/courses/undergraduate/biomedical-engineering/?addCourse=1216471"
"programme_e3f8bfc1e7136586","imperial-college-london","Biomedical Engineering MEng","PROGRAMME_CODE_REQUIRED","ERROR","https://www.imperial.ac.uk/study/courses/undergraduate/biomedical-engineering/?addCourse=1216473"
"programme_e3f8bfc1e7136586","imperial-college-london","Biomedical Engineering MEng","SUBJECT_CATEGORY_REQUIRED","ERROR","https://www.imperial.ac.uk/study/courses/undergraduate/biomedical-engineering/?addCourse=1216473"
"programme_e3f8bfc1e7136586","imperial-college-london","Biomedical Engineering MEng","SLUG_REQUIRED","ERROR","https://www.imperial.ac.uk/study/courses/undergraduate/biomedical-engineering/?addCourse=1216473"
"programme_ceda05e47b46d7c9","imperial-college-london","Biomedical Engineering MEng","PROGRAMME_CODE_REQUIRED","ERROR","https://www.imperial.ac.uk/study/courses/undergraduate/biomedical-engineering/?addCourse=1216474"
"programme_ceda05e47b46d7c9","imperial-college-london","Biomedical Engineering MEng","SUBJECT_CATEGORY_REQUIRED","ERROR","https://www.imperial.ac.uk/study/courses/undergraduate/biomedical-engineering/?addCourse=1216474"
"programme_ceda05e47b46d7c9","imperial-college-london","Biomedical Engineering MEng","SLUG_REQUIRED","ERROR","https://www.imperial.ac.uk/study/courses/undergraduate/biomedical-engineering/?addCourse=1216474"
"programme_813ff9b9cce330ac","imperial-college-london","Aeronautical Engineering MEng","PROGRAMME_CODE_REQUIRED","ERROR","https://www.imperial.ac.uk/study/courses/undergraduate/aeronautical-engineering/?removeCourse=1699807"
"programme_813ff9b9cce330ac","imperial-college-london","Aeronautical Engineering MEng","SUBJECT_CATEGORY_REQUIRED","ERROR","https://www.imperial.ac.uk/study/courses/undergraduate/aeronautical-engineering/?removeCourse=1699807"
"programme_813ff9b9cce330ac","imperial-college-london","Aeronautical Engineering MEng","SLUG_REQUIRED","ERROR","https://www.imperial.ac.uk/study/courses/undergraduate/aeronautical-engineering/?removeCourse=1699807"
"programme_eabfdaaf73489c00","imperial-college-london","Aeronautical Engineering MEng","PROGRAMME_CODE_REQUIRED","ERROR","https://www.imperial.ac.uk/study/courses/undergraduate/aeronautical-engineering/?removeCourse=1215803"
"programme_eabfdaaf73489c00","imperial-college-london","Aeronautical Engineering MEng","SUBJECT_CATEGORY_REQUIRED","ERROR","https://www.imperial.ac.uk/study/courses/undergraduate/aeronautical-engineering/?removeCourse=1215803"
"programme_eabfdaaf73489c00","imperial-college-london","Aeronautical Engineering MEng","SLUG_REQUIRED","ERROR","https://www.imperial.ac.uk/study/courses/undergraduate/aeronautical-engineering/?removeCourse=1215803"
"programme_cfd23687bbdba909","imperial-college-london","Aeronautical Engineering MEng","PROGRAMME_CODE_REQUIRED","ERROR","https://www.imperial.ac.uk/study/courses/undergraduate/aeronautical-engineering/?removeCourse=1215804"
"programme_cfd23687bbdba909","imperial-college-london","Aeronautical Engineering MEng","SUBJECT_CATEGORY_REQUIRED","ERROR","https://www.imperial.ac.uk/study/courses/undergraduate/aeronautical-engineering/?removeCourse=1215804"
"programme_cfd23687bbdba909","imperial-college-london","Aeronautical Engineering MEng","SLUG_REQUIRED","ERROR","https://www.imperial.ac.uk/study/courses/undergraduate/aeronautical-engineering/?removeCourse=1215804"
"programme_8269ff0339ea859d","imperial-college-london","Aeronautical Engineering MEng","PROGRAMME_CODE_REQUIRED","ERROR","https://www.imperial.ac.uk/study/courses/undergraduate/aeronautical-engineering/?removeCourse=1215805"
"programme_8269ff0339ea859d","imperial-college-london","Aeronautical Engineering MEng","SUBJECT_CATEGORY_REQUIRED","ERROR","https://www.imperial.ac.uk/study/courses/undergraduate/aeronautical-engineering/?removeCourse=1215805"
"programme_8269ff0339ea859d","imperial-college-london","Aeronautical Engineering MEng","SLUG_REQUIRED","ERROR","https://www.imperial.ac.uk/study/courses/undergraduate/aeronautical-engineering/?removeCourse=1215805"
"programme_79d5066bbc9b60d7","imperial-college-london","Aeronautics with Spacecraft Engineering MEng","PROGRAMME_CODE_REQUIRED","ERROR","https://www.imperial.ac.uk/study/courses/undergraduate/aeronautics-spacecraft-engineering/?removeCourse=1216182"
"programme_79d5066bbc9b60d7","imperial-college-london","Aeronautics with Spacecraft Engineering MEng","SUBJECT_CATEGORY_REQUIRED","ERROR","https://www.imperial.ac.uk/study/courses/undergraduate/aeronautics-spacecraft-engineering/?removeCourse=1216182"
"programme_79d5066bbc9b60d7","imperial-college-london","Aeronautics with Spacecraft Engineering MEng","SLUG_REQUIRED","ERROR","https://www.imperial.ac.uk/study/courses/undergraduate/aeronautics-spacecraft-engineering/?removeCourse=1216182"
"programme_e5ce1d8452bcbb17","imperial-college-london","Biochemistry BSc","PROGRAMME_CODE_REQUIRED","ERROR","https://www.imperial.ac.uk/study/courses/undergraduate/biochemistry-bsc/?removeCourse=1217781"
"programme_e5ce1d8452bcbb17","imperial-college-london","Biochemistry BSc","SUBJECT_CATEGORY_REQUIRED","ERROR","https://www.imperial.ac.uk/study/courses/undergraduate/biochemistry-bsc/?removeCourse=1217781"
"programme_e5ce1d8452bcbb17","imperial-college-london","Biochemistry BSc","SLUG_REQUIRED","ERROR","https://www.imperial.ac.uk/study/courses/undergraduate/biochemistry-bsc/?removeCourse=1217781"
"programme_04e721367aa4b608","imperial-college-london","Biochemistry BSc","PROGRAMME_CODE_REQUIRED","ERROR","https://www.imperial.ac.uk/study/courses/undergraduate/biochemistry-bsc/?removeCourse=1217786"
"programme_04e721367aa4b608","imperial-college-london","Biochemistry BSc","SUBJECT_CATEGORY_REQUIRED","ERROR","https://www.imperial.ac.uk/study/courses/undergraduate/biochemistry-bsc/?removeCourse=1217786"
"programme_04e721367aa4b608","imperial-college-london","Biochemistry BSc","SLUG_REQUIRED","ERROR","https://www.imperial.ac.uk/study/courses/undergraduate/biochemistry-bsc/?removeCourse=1217786"
"programme_af74a560aa26e728","imperial-college-london","Biochemistry BSc","PROGRAMME_CODE_REQUIRED","ERROR","https://www.imperial.ac.uk/study/courses/undergraduate/biochemistry-bsc/?removeCourse=1217791"
"programme_af74a560aa26e728","imperial-college-london","Biochemistry BSc","SUBJECT_CATEGORY_REQUIRED","ERROR","https://www.imperial.ac.uk/study/courses/undergraduate/biochemistry-bsc/?removeCourse=1217791"
"programme_af74a560aa26e728","imperial-college-london","Biochemistry BSc","SLUG_REQUIRED","ERROR","https://www.imperial.ac.uk/study/courses/undergraduate/biochemistry-bsc/?removeCourse=1217791"
"programme_2870296d226b3493","imperial-college-london","Biochemistry MSci","PROGRAMME_CODE_REQUIRED","ERROR","https://www.imperial.ac.uk/study/courses/undergraduate/biochemistry-msci/?removeCourse=1608038"
"programme_2870296d226b3493","imperial-college-london","Biochemistry MSci","SUBJECT_CATEGORY_REQUIRED","ERROR","https://www.imperial.ac.uk/study/courses/undergraduate/biochemistry-msci/?removeCourse=1608038"
"programme_2870296d226b3493","imperial-college-london","Biochemistry MSci","SLUG_REQUIRED","ERROR","https://www.imperial.ac.uk/study/courses/undergraduate/biochemistry-msci/?removeCourse=1608038"
"programme_5a7121ce93c12e57","imperial-college-london","Biochemistry with a Language for Science BSc","PROGRAMME_CODE_REQUIRED","ERROR","https://www.imperial.ac.uk/study/courses/undergraduate/biochemistry-language/?removeCourse=1256779"
"programme_5a7121ce93c12e57","imperial-college-london","Biochemistry with a Language for Science BSc","SUBJECT_CATEGORY_REQUIRED","ERROR","https://www.imperial.ac.uk/study/courses/undergraduate/biochemistry-language/?removeCourse=1256779"
"programme_5a7121ce93c12e57","imperial-college-london","Biochemistry with a Language for Science BSc","SLUG_REQUIRED","ERROR","https://www.imperial.ac.uk/study/courses/undergraduate/biochemistry-language/?removeCourse=1256779"
"programme_b2885bd4b486cc8b","imperial-college-london","Biochemistry with a Language for Science BSc","PROGRAMME_CODE_REQUIRED","ERROR","https://www.imperial.ac.uk/study/courses/undergraduate/biochemistry-language/?removeCourse=1217825"
"programme_b2885bd4b486cc8b","imperial-college-london","Biochemistry with a Language for Science BSc","SUBJECT_CATEGORY_REQUIRED","ERROR","https://www.imperial.ac.uk/study/courses/undergraduate/biochemistry-language/?removeCourse=1217825"
"programme_b2885bd4b486cc8b","imperial-college-london","Biochemistry with a Language for Science BSc","SLUG_REQUIRED","ERROR","https://www.imperial.ac.uk/study/courses/undergraduate/biochemistry-language/?removeCourse=1217825"
"programme_047a40b45e19929d","imperial-college-london","Biochemistry with a Language for Science BSc","PROGRAMME_CODE_REQUIRED","ERROR","https://www.imperial.ac.uk/study/courses/undergraduate/biochemistry-language/?removeCourse=1218384"
"programme_047a40b45e19929d","imperial-college-london","Biochemistry with a Language for Science BSc","SUBJECT_CATEGORY_REQUIRED","ERROR","https://www.imperial.ac.uk/study/courses/undergraduate/biochemistry-language/?removeCourse=1218384"
"programme_047a40b45e19929d","imperial-college-london","Biochemistry with a Language for Science BSc","SLUG_REQUIRED","ERROR","https://www.imperial.ac.uk/study/courses/undergraduate/biochemistry-language/?removeCourse=1218384"
"programme_ffc57fa183bde93a","imperial-college-london","Biochemistry with a Language for Science BSc","PROGRAMME_CODE_REQUIRED","ERROR","https://www.imperial.ac.uk/study/courses/undergraduate/biochemistry-language/?removeCourse=1218392"
"programme_ffc57fa183bde93a","imperial-college-london","Biochemistry with a Language for Science BSc","SUBJECT_CATEGORY_REQUIRED","ERROR","https://www.imperial.ac.uk/study/courses/undergraduate/biochemistry-language/?removeCourse=1218392"
"programme_ffc57fa183bde93a","imperial-college-london","Biochemistry with a Language for Science BSc","SLUG_REQUIRED","ERROR","https://www.imperial.ac.uk/study/courses/undergraduate/biochemistry-language/?removeCourse=1218392"
"programme_edc7335aa4022a90","imperial-college-london","Biochemistry with Management BSc","PROGRAMME_CODE_REQUIRED","ERROR","https://www.imperial.ac.uk/study/courses/undergraduate/biochemistry-management/?removeCourse=1217806"
"programme_edc7335aa4022a90","imperial-college-london","Biochemistry with Management BSc","SUBJECT_CATEGORY_REQUIRED","ERROR","https://www.imperial.ac.uk/study/courses/undergraduate/biochemistry-management/?removeCourse=1217806"
"programme_edc7335aa4022a90","imperial-college-london","Biochemistry with Management BSc","SLUG_REQUIRED","ERROR","https://www.imperial.ac.uk/study/courses/undergraduate/biochemistry-management/?removeCourse=1217806"
"programme_7d2f59bd5c16bc26","imperial-college-london","Biochemistry with Management BSc","PROGRAMME_CODE_REQUIRED","ERROR","https://www.imperial.ac.uk/study/courses/undergraduate/biochemistry-management/?removeCourse=1217811"
"programme_7d2f59bd5c16bc26","imperial-college-london","Biochemistry with Management BSc","SUBJECT_CATEGORY_REQUIRED","ERROR","https://www.imperial.ac.uk/study/courses/undergraduate/biochemistry-management/?removeCourse=1217811"
"programme_7d2f59bd5c16bc26","imperial-college-london","Biochemistry with Management BSc","SLUG_REQUIRED","ERROR","https://www.imperial.ac.uk/study/courses/undergraduate/biochemistry-management/?removeCourse=1217811"
"programme_abb911ad685aa599","imperial-college-london","Biological Sciences BSc","PROGRAMME_CODE_REQUIRED","ERROR","https://www.imperial.ac.uk/study/courses/undergraduate/biological-sciences/?removeCourse=1218439"
"programme_abb911ad685aa599","imperial-college-london","Biological Sciences BSc","SUBJECT_CATEGORY_REQUIRED","ERROR","https://www.imperial.ac.uk/study/courses/undergraduate/biological-sciences/?removeCourse=1218439"
"programme_abb911ad685aa599","imperial-college-london","Biological Sciences BSc","SLUG_REQUIRED","ERROR","https://www.imperial.ac.uk/study/courses/undergraduate/biological-sciences/?removeCourse=1218439"
"programme_7d3e1749da490c39","imperial-college-london","Biological Sciences BSc","PROGRAMME_CODE_REQUIRED","ERROR","https://www.imperial.ac.uk/study/courses/undergraduate/biological-sciences/?removeCourse=1218445"
"programme_7d3e1749da490c39","imperial-college-london","Biological Sciences BSc","SUBJECT_CATEGORY_REQUIRED","ERROR","https://www.imperial.ac.uk/study/courses/undergraduate/biological-sciences/?removeCourse=1218445"
"programme_7d3e1749da490c39","imperial-college-london","Biological Sciences BSc","SLUG_REQUIRED","ERROR","https://www.imperial.ac.uk/study/courses/undergraduate/biological-sciences/?removeCourse=1218445"
"programme_bb46b68ad122f662","imperial-college-london","Biological Sciences BSc","PROGRAMME_CODE_REQUIRED","ERROR","https://www.imperial.ac.uk/study/courses/undergraduate/biological-sciences/?removeCourse=1218451"
"programme_bb46b68ad122f662","imperial-college-london","Biological Sciences BSc","SUBJECT_CATEGORY_REQUIRED","ERROR","https://www.imperial.ac.uk/study/courses/undergraduate/biological-sciences/?removeCourse=1218451"
"programme_bb46b68ad122f662","imperial-college-london","Biological Sciences BSc","SLUG_REQUIRED","ERROR","https://www.imperial.ac.uk/study/courses/undergraduate/biological-sciences/?removeCourse=1218451"
"programme_aa52bb29c2dbeadd","imperial-college-london","Biological Sciences MSci","PROGRAMME_CODE_REQUIRED","ERROR","https://www.imperial.ac.uk/study/courses/undergraduate/biological-sciences-msci/?removeCourse=1608196"
"programme_aa52bb29c2dbeadd","imperial-college-london","Biological Sciences MSci","SUBJECT_CATEGORY_REQUIRED","ERROR","https://www.imperial.ac.uk/study/courses/undergraduate/biological-sciences-msci/?removeCourse=1608196"
"programme_aa52bb29c2dbeadd","imperial-college-london","Biological Sciences MSci","SLUG_REQUIRED","ERROR","https://www.imperial.ac.uk/study/courses/undergraduate/biological-sciences-msci/?removeCourse=1608196"
"programme_e1e6118537f8d0d0","imperial-college-london","Biological Sciences with a Language for Science BSc","PROGRAMME_CODE_REQUIRED","ERROR","https://www.imperial.ac.uk/study/courses/undergraduate/biological-sciences-language/?removeCourse=1256861"
"programme_e1e6118537f8d0d0","imperial-college-london","Biological Sciences with a Language for Science BSc","SUBJECT_CATEGORY_REQUIRED","ERROR","https://www.imperial.ac.uk/study/courses/undergraduate/biological-sciences-language/?removeCourse=1256861"
"programme_e1e6118537f8d0d0","imperial-college-london","Biological Sciences with a Language for Science BSc","SLUG_REQUIRED","ERROR","https://www.imperial.ac.uk/study/courses/undergraduate/biological-sciences-language/?removeCourse=1256861"
"programme_722ec26ef0d895fd","imperial-college-london","Biological Sciences with a Language for Science BSc","PROGRAMME_CODE_REQUIRED","ERROR","https://www.imperial.ac.uk/study/courses/undergraduate/biological-sciences-language/?removeCourse=1218461"
"programme_722ec26ef0d895fd","imperial-college-london","Biological Sciences with a Language for Science BSc","SUBJECT_CATEGORY_REQUIRED","ERROR","https://www.imperial.ac.uk/study/courses/undergraduate/biological-sciences-language/?removeCourse=1218461"
"programme_722ec26ef0d895fd","imperial-college-london","Biological Sciences with a Language for Science BSc","SLUG_REQUIRED","ERROR","https://www.imperial.ac.uk/study/courses/undergraduate/biological-sciences-language/?removeCourse=1218461"
"programme_88365cb9657f2ebd","imperial-college-london","Biological Sciences with a Language for Science BSc","PROGRAMME_CODE_REQUIRED","ERROR","https://www.imperial.ac.uk/study/courses/undergraduate/biological-sciences-language/?removeCourse=1218468"
"programme_88365cb9657f2ebd","imperial-college-london","Biological Sciences with a Language for Science BSc","SUBJECT_CATEGORY_REQUIRED","ERROR","https://www.imperial.ac.uk/study/courses/undergraduate/biological-sciences-language/?removeCourse=1218468"
"programme_88365cb9657f2ebd","imperial-college-london","Biological Sciences with a Language for Science BSc","SLUG_REQUIRED","ERROR","https://www.imperial.ac.uk/study/courses/undergraduate/biological-sciences-language/?removeCourse=1218468"
"programme_78d1ce7e01b0bc0a","imperial-college-london","Biological Sciences with a Language for Science BSc","PROGRAMME_CODE_REQUIRED","ERROR","https://www.imperial.ac.uk/study/courses/undergraduate/biological-sciences-language/?removeCourse=1218476"
"programme_78d1ce7e01b0bc0a","imperial-college-london","Biological Sciences with a Language for Science BSc","SUBJECT_CATEGORY_REQUIRED","ERROR","https://www.imperial.ac.uk/study/courses/undergraduate/biological-sciences-language/?removeCourse=1218476"
"programme_78d1ce7e01b0bc0a","imperial-college-london","Biological Sciences with a Language for Science BSc","SLUG_REQUIRED","ERROR","https://www.imperial.ac.uk/study/courses/undergraduate/biological-sciences-language/?removeCourse=1218476"
"programme_b2f447e9e686ac45","imperial-college-london","Biological Sciences with Management BSc","PROGRAMME_CODE_REQUIRED","ERROR","https://www.imperial.ac.uk/study/courses/undergraduate/biological-sciences-management/?removeCourse=1218407"
"programme_b2f447e9e686ac45","imperial-college-london","Biological Sciences with Management BSc","SUBJECT_CATEGORY_REQUIRED","ERROR","https://www.imperial.ac.uk/study/courses/undergraduate/biological-sciences-management/?removeCourse=1218407"
"programme_b2f447e9e686ac45","imperial-college-london","Biological Sciences with Management BSc","SLUG_REQUIRED","ERROR","https://www.imperial.ac.uk/study/courses/undergraduate/biological-sciences-management/?removeCourse=1218407"
"programme_e59a0c3164a97414","imperial-college-london","Biological Sciences with Management BSc","PROGRAMME_CODE_REQUIRED","ERROR","https://www.imperial.ac.uk/study/courses/undergraduate/biological-sciences-management/?removeCourse=1218422"
"programme_e59a0c3164a97414","imperial-college-london","Biological Sciences with Management BSc","SUBJECT_CATEGORY_REQUIRED","ERROR","https://www.imperial.ac.uk/study/courses/undergraduate/biological-sciences-management/?removeCourse=1218422"
"programme_e59a0c3164a97414","imperial-college-london","Biological Sciences with Management BSc","SLUG_REQUIRED","ERROR","https://www.imperial.ac.uk/study/courses/undergraduate/biological-sciences-management/?removeCourse=1218422"
"programme_1ac737030021f41a","imperial-college-london","Biomaterials and Tissue Engineering MEng","PROGRAMME_CODE_REQUIRED","ERROR","https://www.imperial.ac.uk/study/courses/undergraduate/biomaterials-tissue-engineering-meng/?removeCourse=1215943"
"programme_1ac737030021f41a","imperial-college-london","Biomaterials and Tissue Engineering MEng","SUBJECT_CATEGORY_REQUIRED","ERROR","https://www.imperial.ac.uk/study/courses/undergraduate/biomaterials-tissue-engineering-meng/?removeCourse=1215943"
"programme_1ac737030021f41a","imperial-college-london","Biomaterials and Tissue Engineering MEng","SLUG_REQUIRED","ERROR","https://www.imperial.ac.uk/study/courses/undergraduate/biomaterials-tissue-engineering-meng/?removeCourse=1215943"
"programme_90016d2462057359","imperial-college-london","Biomedical Engineering MEng","PROGRAMME_CODE_REQUIRED","ERROR","https://www.imperial.ac.uk/study/courses/undergraduate/biomedical-engineering/?removeCourse=1216471"
"programme_90016d2462057359","imperial-college-london","Biomedical Engineering MEng","SUBJECT_CATEGORY_REQUIRED","ERROR","https://www.imperial.ac.uk/study/courses/undergraduate/biomedical-engineering/?removeCourse=1216471"
"programme_90016d2462057359","imperial-college-london","Biomedical Engineering MEng","SLUG_REQUIRED","ERROR","https://www.imperial.ac.uk/study/courses/undergraduate/biomedical-engineering/?removeCourse=1216471"
"programme_5cd5167abbc46cc7","imperial-college-london","Biomedical Engineering MEng","PROGRAMME_CODE_REQUIRED","ERROR","https://www.imperial.ac.uk/study/courses/undergraduate/biomedical-engineering/?removeCourse=1216473"
"programme_5cd5167abbc46cc7","imperial-college-london","Biomedical Engineering MEng","SUBJECT_CATEGORY_REQUIRED","ERROR","https://www.imperial.ac.uk/study/courses/undergraduate/biomedical-engineering/?removeCourse=1216473"
"programme_5cd5167abbc46cc7","imperial-college-london","Biomedical Engineering MEng","SLUG_REQUIRED","ERROR","https://www.imperial.ac.uk/study/courses/undergraduate/biomedical-engineering/?removeCourse=1216473"
"programme_cd331e6ae1541902","imperial-college-london","Biomedical Engineering MEng","PROGRAMME_CODE_REQUIRED","ERROR","https://www.imperial.ac.uk/study/courses/undergraduate/biomedical-engineering/?removeCourse=1216474"
"programme_cd331e6ae1541902","imperial-college-london","Biomedical Engineering MEng","SUBJECT_CATEGORY_REQUIRED","ERROR","https://www.imperial.ac.uk/study/courses/undergraduate/biomedical-engineering/?removeCourse=1216474"
"programme_cd331e6ae1541902","imperial-college-london","Biomedical Engineering MEng","SLUG_REQUIRED","ERROR","https://www.imperial.ac.uk/study/courses/undergraduate/biomedical-engineering/?removeCourse=1216474"
"programme_02a91be3b1be9334","kaplan-singapore","Preparatory Course For Singapore CA Qualification","PROGRAMME_CODE_REQUIRED","ERROR","https://www.kaplan.com.sg/financial-certification/sca-preparatory-course-for-singapore-ca-qualification"
"programme_02a91be3b1be9334","kaplan-singapore","Preparatory Course For Singapore CA Qualification","SUBJECT_CATEGORY_REQUIRED","ERROR","https://www.kaplan.com.sg/financial-certification/sca-preparatory-course-for-singapore-ca-qualification"
"programme_02a91be3b1be9334","kaplan-singapore","Preparatory Course For Singapore CA Qualification","SLUG_REQUIRED","ERROR","https://www.kaplan.com.sg/financial-certification/sca-preparatory-course-for-singapore-ca-qualification"
"programme_b83a7fdffd865c16","kaplan-singapore","Certificate in English Level 1 (E-Learning)","PROGRAMME_CODE_REQUIRED","ERROR","https://www.kaplan.com.sg/academic-levels/preparatory-courses/certificate-in-english-level-1-elearning"
"programme_b83a7fdffd865c16","kaplan-singapore","Certificate in English Level 1 (E-Learning)","SUBJECT_CATEGORY_REQUIRED","ERROR","https://www.kaplan.com.sg/academic-levels/preparatory-courses/certificate-in-english-level-1-elearning"
"programme_b83a7fdffd865c16","kaplan-singapore","Certificate in English Level 1 (E-Learning)","SLUG_REQUIRED","ERROR","https://www.kaplan.com.sg/academic-levels/preparatory-courses/certificate-in-english-level-1-elearning"
"programme_1316320d2c5bbd85","kaplan-singapore","Certificate in English Level 2 (E-Learning)","PROGRAMME_CODE_REQUIRED","ERROR","https://www.kaplan.com.sg/academic-levels/preparatory-courses/certificate-in-english-level-2-elearning"
"programme_1316320d2c5bbd85","kaplan-singapore","Certificate in English Level 2 (E-Learning)","SUBJECT_CATEGORY_REQUIRED","ERROR","https://www.kaplan.com.sg/academic-levels/preparatory-courses/certificate-in-english-level-2-elearning"
"programme_1316320d2c5bbd85","kaplan-singapore","Certificate in English Level 2 (E-Learning)","SLUG_REQUIRED","ERROR","https://www.kaplan.com.sg/academic-levels/preparatory-courses/certificate-in-english-level-2-elearning"
"programme_9f54ed21624c0209","kaplan-singapore","Certificate in English Level 3 (E-Learning)","PROGRAMME_CODE_REQUIRED","ERROR","https://www.kaplan.com.sg/academic-levels/preparatory-courses/certificate-in-english-level-3-elearning"
"programme_9f54ed21624c0209","kaplan-singapore","Certificate in English Level 3 (E-Learning)","SUBJECT_CATEGORY_REQUIRED","ERROR","https://www.kaplan.com.sg/academic-levels/preparatory-courses/certificate-in-english-level-3-elearning"
"programme_9f54ed21624c0209","kaplan-singapore","Certificate in English Level 3 (E-Learning)","SLUG_REQUIRED","ERROR","https://www.kaplan.com.sg/academic-levels/preparatory-courses/certificate-in-english-level-3-elearning"
"programme_03254d72ade1b7e1","kaplan-singapore","Certificate in English Level 4 (E-Learning)","PROGRAMME_CODE_REQUIRED","ERROR","https://www.kaplan.com.sg/academic-levels/preparatory-courses/certificate-in-english-level-4-elearning"
"programme_03254d72ade1b7e1","kaplan-singapore","Certificate in English Level 4 (E-Learning)","SUBJECT_CATEGORY_REQUIRED","ERROR","https://www.kaplan.com.sg/academic-levels/preparatory-courses/certificate-in-english-level-4-elearning"
"programme_03254d72ade1b7e1","kaplan-singapore","Certificate in English Level 4 (E-Learning)","SLUG_REQUIRED","ERROR","https://www.kaplan.com.sg/academic-levels/preparatory-courses/certificate-in-english-level-4-elearning"
"programme_03dfd79a4006fe1b","kaplan-singapore","Certificate in English Level 5 (E-Learning)","PROGRAMME_CODE_REQUIRED","ERROR","https://www.kaplan.com.sg/academic-levels/preparatory-courses/certificate-in-english-level-5-elearning"
"programme_03dfd79a4006fe1b","kaplan-singapore","Certificate in English Level 5 (E-Learning)","SUBJECT_CATEGORY_REQUIRED","ERROR","https://www.kaplan.com.sg/academic-levels/preparatory-courses/certificate-in-english-level-5-elearning"
"programme_03dfd79a4006fe1b","kaplan-singapore","Certificate in English Level 5 (E-Learning)","SLUG_REQUIRED","ERROR","https://www.kaplan.com.sg/academic-levels/preparatory-courses/certificate-in-english-level-5-elearning"
"programme_7dbb17390dffa979","kaplan-singapore","Diploma in Professional Business English","PROGRAMME_CODE_REQUIRED","ERROR","https://www.kaplan.com.sg/academic-levels/preparatory-courses/diploma-professional-business-english"
"programme_7dbb17390dffa979","kaplan-singapore","Diploma in Professional Business English","SUBJECT_CATEGORY_REQUIRED","ERROR","https://www.kaplan.com.sg/academic-levels/preparatory-courses/diploma-professional-business-english"
"programme_7dbb17390dffa979","kaplan-singapore","Diploma in Professional Business English","SLUG_REQUIRED","ERROR","https://www.kaplan.com.sg/academic-levels/preparatory-courses/diploma-professional-business-english"
"programme_91202f049678e3ca","kaplan-singapore","Preparatory Course for Cambridge International General Certificate of Secondary Education (IGCSE) Examination","PROGRAMME_CODE_REQUIRED","ERROR","https://www.kaplan.com.sg/preparatory-course/igcse-preparatory-course-for-cambridge-international-general-certificate-of-secondary-education-igcse-examination"
"programme_91202f049678e3ca","kaplan-singapore","Preparatory Course for Cambridge International General Certificate of Secondary Education (IGCSE) Examination","SUBJECT_CATEGORY_REQUIRED","ERROR","https://www.kaplan.com.sg/preparatory-course/igcse-preparatory-course-for-cambridge-international-general-certificate-of-secondary-education-igcse-examination"
"programme_91202f049678e3ca","kaplan-singapore","Preparatory Course for Cambridge International General Certificate of Secondary Education (IGCSE) Examination","SLUG_REQUIRED","ERROR","https://www.kaplan.com.sg/preparatory-course/igcse-preparatory-course-for-cambridge-international-general-certificate-of-secondary-education-igcse-examination"
"programme_97c0e94f16f647f8","nanyang-technological-university","Bachelor of Engineering in Environmental Engineering with Second Major in Future Foods","PROGRAMME_CODE_REQUIRED","ERROR","https://www.ntu.edu.sg/admissions/undergraduate/undergraduate-programme/bachelor-of-engineering-in-environmental-engineering-with-second-major-in-future-foods"
"programme_97c0e94f16f647f8","nanyang-technological-university","Bachelor of Engineering in Environmental Engineering with Second Major in Future Foods","SUBJECT_CATEGORY_REQUIRED","ERROR","https://www.ntu.edu.sg/admissions/undergraduate/undergraduate-programme/bachelor-of-engineering-in-environmental-engineering-with-second-major-in-future-foods"
"programme_97c0e94f16f647f8","nanyang-technological-university","Bachelor of Engineering in Environmental Engineering with Second Major in Future Foods","SLUG_REQUIRED","ERROR","https://www.ntu.edu.sg/admissions/undergraduate/undergraduate-programme/bachelor-of-engineering-in-environmental-engineering-with-second-major-in-future-foods"
"programme_5c9806cd9c8dfe1c","nanyang-technological-university","Bachelor of Engineering in Environmental Engineering with Second Major in Future Foods","PROGRAMME_CODE_REQUIRED","ERROR","https://www.ntu.edu.sg/education/undergraduate-programme/bachelor-of-engineering-in-environmental-engineering-with-second-major-in-future-foods"
"programme_5c9806cd9c8dfe1c","nanyang-technological-university","Bachelor of Engineering in Environmental Engineering with Second Major in Future Foods","SUBJECT_CATEGORY_REQUIRED","ERROR","https://www.ntu.edu.sg/education/undergraduate-programme/bachelor-of-engineering-in-environmental-engineering-with-second-major-in-future-foods"
"programme_5c9806cd9c8dfe1c","nanyang-technological-university","Bachelor of Engineering in Environmental Engineering with Second Major in Future Foods","SLUG_REQUIRED","ERROR","https://www.ntu.edu.sg/education/undergraduate-programme/bachelor-of-engineering-in-environmental-engineering-with-second-major-in-future-foods"
"programme_4bf809e3cb116bb4","nanyang-technological-university","Bachelor of Engineering in Information Engineering and Media (IEM) with Second Major in Sustainability","PROGRAMME_CODE_REQUIRED","ERROR","https://www.ntu.edu.sg/admissions/undergraduate/undergraduate-programme/bachelor-of-engineering-in-information-engineering-and-media-(iem)-with-second-major-in-sustainability"
"programme_4bf809e3cb116bb4","nanyang-technological-university","Bachelor of Engineering in Information Engineering and Media (IEM) with Second Major in Sustainability","SUBJECT_CATEGORY_REQUIRED","ERROR","https://www.ntu.edu.sg/admissions/undergraduate/undergraduate-programme/bachelor-of-engineering-in-information-engineering-and-media-(iem)-with-second-major-in-sustainability"
"programme_4bf809e3cb116bb4","nanyang-technological-university","Bachelor of Engineering in Information Engineering and Media (IEM) with Second Major in Sustainability","SLUG_REQUIRED","ERROR","https://www.ntu.edu.sg/admissions/undergraduate/undergraduate-programme/bachelor-of-engineering-in-information-engineering-and-media-(iem)-with-second-major-in-sustainability"
"programme_30b9c80d71a6bceb","nanyang-technological-university","Bachelor of Engineering in Information Engineering and Media (IEM) with Second Major in Sustainability","PROGRAMME_CODE_REQUIRED","ERROR","https://www.ntu.edu.sg/education/undergraduate-programme/bachelor-of-engineering-in-information-engineering-and-media-(iem)-with-second-major-in-sustainability"
"programme_30b9c80d71a6bceb","nanyang-technological-university","Bachelor of Engineering in Information Engineering and Media (IEM) with Second Major in Sustainability","SUBJECT_CATEGORY_REQUIRED","ERROR","https://www.ntu.edu.sg/education/undergraduate-programme/bachelor-of-engineering-in-information-engineering-and-media-(iem)-with-second-major-in-sustainability"
"programme_30b9c80d71a6bceb","nanyang-technological-university","Bachelor of Engineering in Information Engineering and Media (IEM) with Second Major in Sustainability","SLUG_REQUIRED","ERROR","https://www.ntu.edu.sg/education/undergraduate-programme/bachelor-of-engineering-in-information-engineering-and-media-(iem)-with-second-major-in-sustainability"
"programme_e7dfa4b5584ad251","nanyang-technological-university","Bachelor of Engineering in Electrical & Electronic Engineering with Second Major in Sustainability","PROGRAMME_CODE_REQUIRED","ERROR","https://www.ntu.edu.sg/admissions/undergraduate/undergraduate-programme/bachelor-of-engineering-in-electrical---electronic-engineering-with-second-major-in-sustainability"
"programme_e7dfa4b5584ad251","nanyang-technological-university","Bachelor of Engineering in Electrical & Electronic Engineering with Second Major in Sustainability","SUBJECT_CATEGORY_REQUIRED","ERROR","https://www.ntu.edu.sg/admissions/undergraduate/undergraduate-programme/bachelor-of-engineering-in-electrical---electronic-engineering-with-second-major-in-sustainability"
"programme_e7dfa4b5584ad251","nanyang-technological-university","Bachelor of Engineering in Electrical & Electronic Engineering with Second Major in Sustainability","SLUG_REQUIRED","ERROR","https://www.ntu.edu.sg/admissions/undergraduate/undergraduate-programme/bachelor-of-engineering-in-electrical---electronic-engineering-with-second-major-in-sustainability"
"programme_901bf65cd04b9132","nanyang-technological-university","Bachelor of Engineering in Electrical & Electronic Engineering with Second Major in Sustainability","PROGRAMME_CODE_REQUIRED","ERROR","https://www.ntu.edu.sg/education/undergraduate-programme/bachelor-of-engineering-in-electrical---electronic-engineering-with-second-major-in-sustainability"
"programme_901bf65cd04b9132","nanyang-technological-university","Bachelor of Engineering in Electrical & Electronic Engineering with Second Major in Sustainability","SUBJECT_CATEGORY_REQUIRED","ERROR","https://www.ntu.edu.sg/education/undergraduate-programme/bachelor-of-engineering-in-electrical---electronic-engineering-with-second-major-in-sustainability"
"programme_901bf65cd04b9132","nanyang-technological-university","Bachelor of Engineering in Electrical & Electronic Engineering with Second Major in Sustainability","SLUG_REQUIRED","ERROR","https://www.ntu.edu.sg/education/undergraduate-programme/bachelor-of-engineering-in-electrical---electronic-engineering-with-second-major-in-sustainability"
"programme_0fb7d8f65c79876e","nanyang-technological-university","Bachelor of Engineering in Robotics with a Second Major in Society & Urban Systems","PROGRAMME_CODE_REQUIRED","ERROR","https://www.ntu.edu.sg/admissions/undergraduate/undergraduate-programme/bachelor-of-engineering-in-robotics-with-a-second-major-in-society-urban-systems"
"programme_0fb7d8f65c79876e","nanyang-technological-university","Bachelor of Engineering in Robotics with a Second Major in Society & Urban Systems","SUBJECT_CATEGORY_REQUIRED","ERROR","https://www.ntu.edu.sg/admissions/undergraduate/undergraduate-programme/bachelor-of-engineering-in-robotics-with-a-second-major-in-society-urban-systems"
"programme_0fb7d8f65c79876e","nanyang-technological-university","Bachelor of Engineering in Robotics with a Second Major in Society & Urban Systems","SLUG_REQUIRED","ERROR","https://www.ntu.edu.sg/admissions/undergraduate/undergraduate-programme/bachelor-of-engineering-in-robotics-with-a-second-major-in-society-urban-systems"
"programme_dc96c21c9080c5c5","nanyang-technological-university","Bachelor of Engineering in Robotics with a Second Major in Society & Urban Systems","PROGRAMME_CODE_REQUIRED","ERROR","https://www.ntu.edu.sg/education/undergraduate-programme/bachelor-of-engineering-in-robotics-with-a-second-major-in-society-urban-systems"
"programme_dc96c21c9080c5c5","nanyang-technological-university","Bachelor of Engineering in Robotics with a Second Major in Society & Urban Systems","SUBJECT_CATEGORY_REQUIRED","ERROR","https://www.ntu.edu.sg/education/undergraduate-programme/bachelor-of-engineering-in-robotics-with-a-second-major-in-society-urban-systems"
"programme_dc96c21c9080c5c5","nanyang-technological-university","Bachelor of Engineering in Robotics with a Second Major in Society & Urban Systems","SLUG_REQUIRED","ERROR","https://www.ntu.edu.sg/education/undergraduate-programme/bachelor-of-engineering-in-robotics-with-a-second-major-in-society-urban-systems"
"programme_5a82e1cfad8e553d","nanyang-technological-university","Bachelor of Engineering Science with Double Major in Process Engineering and Synthetic Chemistry","PROGRAMME_CODE_REQUIRED","ERROR","https://www.ntu.edu.sg/admissions/undergraduate/undergraduate-programme/bachelor-of-engineering-science-with-double-majors-in-process-engineering-and-synthetic-chemistry"
"programme_5a82e1cfad8e553d","nanyang-technological-university","Bachelor of Engineering Science with Double Major in Process Engineering and Synthetic Chemistry","SUBJECT_CATEGORY_REQUIRED","ERROR","https://www.ntu.edu.sg/admissions/undergraduate/undergraduate-programme/bachelor-of-engineering-science-with-double-majors-in-process-engineering-and-synthetic-chemistry"
"programme_5a82e1cfad8e553d","nanyang-technological-university","Bachelor of Engineering Science with Double Major in Process Engineering and Synthetic Chemistry","SLUG_REQUIRED","ERROR","https://www.ntu.edu.sg/admissions/undergraduate/undergraduate-programme/bachelor-of-engineering-science-with-double-majors-in-process-engineering-and-synthetic-chemistry"
"programme_ecea106c333320a7","nanyang-technological-university","Bachelor of Engineering Science with Double Major in Process Engineering and Synthetic Chemistry","PROGRAMME_CODE_REQUIRED","ERROR","https://www.ntu.edu.sg/education/undergraduate-programme/bachelor-of-engineering-science-with-double-majors-in-process-engineering-and-synthetic-chemistry"
"programme_ecea106c333320a7","nanyang-technological-university","Bachelor of Engineering Science with Double Major in Process Engineering and Synthetic Chemistry","SUBJECT_CATEGORY_REQUIRED","ERROR","https://www.ntu.edu.sg/education/undergraduate-programme/bachelor-of-engineering-science-with-double-majors-in-process-engineering-and-synthetic-chemistry"
"programme_ecea106c333320a7","nanyang-technological-university","Bachelor of Engineering Science with Double Major in Process Engineering and Synthetic Chemistry","SLUG_REQUIRED","ERROR","https://www.ntu.edu.sg/education/undergraduate-programme/bachelor-of-engineering-science-with-double-majors-in-process-engineering-and-synthetic-chemistry"
"programme_35ae9f19699a0bc5","nanyang-technological-university","Bachelor of Engineering in Environmental Engineering with Second Major in Sustainability","PROGRAMME_CODE_REQUIRED","ERROR","https://www.ntu.edu.sg/admissions/undergraduate/undergraduate-programme/bachelor-of-engineering-in-environmental-engineering-with-a-second-major-in-sustainability"
"programme_35ae9f19699a0bc5","nanyang-technological-university","Bachelor of Engineering in Environmental Engineering with Second Major in Sustainability","SUBJECT_CATEGORY_REQUIRED","ERROR","https://www.ntu.edu.sg/admissions/undergraduate/undergraduate-programme/bachelor-of-engineering-in-environmental-engineering-with-a-second-major-in-sustainability"
"programme_35ae9f19699a0bc5","nanyang-technological-university","Bachelor of Engineering in Environmental Engineering with Second Major in Sustainability","SLUG_REQUIRED","ERROR","https://www.ntu.edu.sg/admissions/undergraduate/undergraduate-programme/bachelor-of-engineering-in-environmental-engineering-with-a-second-major-in-sustainability"
"programme_ef900635fe5b0cd8","nanyang-technological-university","Bachelor of Engineering in Environmental Engineering with Second Major in Sustainability","PROGRAMME_CODE_REQUIRED","ERROR","https://www.ntu.edu.sg/education/undergraduate-programme/bachelor-of-engineering-in-environmental-engineering-with-a-second-major-in-sustainability"
"programme_ef900635fe5b0cd8","nanyang-technological-university","Bachelor of Engineering in Environmental Engineering with Second Major in Sustainability","SUBJECT_CATEGORY_REQUIRED","ERROR","https://www.ntu.edu.sg/education/undergraduate-programme/bachelor-of-engineering-in-environmental-engineering-with-a-second-major-in-sustainability"
"programme_ef900635fe5b0cd8","nanyang-technological-university","Bachelor of Engineering in Environmental Engineering with Second Major in Sustainability","SLUG_REQUIRED","ERROR","https://www.ntu.edu.sg/education/undergraduate-programme/bachelor-of-engineering-in-environmental-engineering-with-a-second-major-in-sustainability"
"programme_ba1fde2664493782","nanyang-technological-university","Bachelor of Engineering in Civil Engineering with Second Major in Sustainability","PROGRAMME_CODE_REQUIRED","ERROR","https://www.ntu.edu.sg/admissions/undergraduate/undergraduate-programme/bachelor-of-engineering-in-civil-engineering-with-second-major-in-sustainability"
"programme_ba1fde2664493782","nanyang-technological-university","Bachelor of Engineering in Civil Engineering with Second Major in Sustainability","SUBJECT_CATEGORY_REQUIRED","ERROR","https://www.ntu.edu.sg/admissions/undergraduate/undergraduate-programme/bachelor-of-engineering-in-civil-engineering-with-second-major-in-sustainability"
"programme_ba1fde2664493782","nanyang-technological-university","Bachelor of Engineering in Civil Engineering with Second Major in Sustainability","SLUG_REQUIRED","ERROR","https://www.ntu.edu.sg/admissions/undergraduate/undergraduate-programme/bachelor-of-engineering-in-civil-engineering-with-second-major-in-sustainability"
"programme_c269310eb1def74d","nanyang-technological-university","Bachelor of Engineering in Civil Engineering with Second Major in Sustainability","PROGRAMME_CODE_REQUIRED","ERROR","https://www.ntu.edu.sg/education/undergraduate-programme/bachelor-of-engineering-in-civil-engineering-with-second-major-in-sustainability"
"programme_c269310eb1def74d","nanyang-technological-university","Bachelor of Engineering in Civil Engineering with Second Major in Sustainability","SUBJECT_CATEGORY_REQUIRED","ERROR","https://www.ntu.edu.sg/education/undergraduate-programme/bachelor-of-engineering-in-civil-engineering-with-second-major-in-sustainability"
"programme_c269310eb1def74d","nanyang-technological-university","Bachelor of Engineering in Civil Engineering with Second Major in Sustainability","SLUG_REQUIRED","ERROR","https://www.ntu.edu.sg/education/undergraduate-programme/bachelor-of-engineering-in-civil-engineering-with-second-major-in-sustainability"
"programme_4200b2824bdc5153","nanyang-technological-university","Bachelor of Science in Chemistry and Biological Chemistry with Second Major in Sustainability","PROGRAMME_CODE_REQUIRED","ERROR","https://www.ntu.edu.sg/admissions/undergraduate/undergraduate-programme/bachelor-of-science-in-chemistry-and-biological-chemistry-with-second-major-in-sustainability"
"programme_4200b2824bdc5153","nanyang-technological-university","Bachelor of Science in Chemistry and Biological Chemistry with Second Major in Sustainability","SUBJECT_CATEGORY_REQUIRED","ERROR","https://www.ntu.edu.sg/admissions/undergraduate/undergraduate-programme/bachelor-of-science-in-chemistry-and-biological-chemistry-with-second-major-in-sustainability"
"programme_4200b2824bdc5153","nanyang-technological-university","Bachelor of Science in Chemistry and Biological Chemistry with Second Major in Sustainability","SLUG_REQUIRED","ERROR","https://www.ntu.edu.sg/admissions/undergraduate/undergraduate-programme/bachelor-of-science-in-chemistry-and-biological-chemistry-with-second-major-in-sustainability"
"programme_c11965380c4322e5","nanyang-technological-university","Bachelor of Science in Chemistry and Biological Chemistry with Second Major in Sustainability","PROGRAMME_CODE_REQUIRED","ERROR","https://www.ntu.edu.sg/education/undergraduate-programme/bachelor-of-science-in-chemistry-and-biological-chemistry-with-second-major-in-sustainability"
"programme_c11965380c4322e5","nanyang-technological-university","Bachelor of Science in Chemistry and Biological Chemistry with Second Major in Sustainability","SUBJECT_CATEGORY_REQUIRED","ERROR","https://www.ntu.edu.sg/education/undergraduate-programme/bachelor-of-science-in-chemistry-and-biological-chemistry-with-second-major-in-sustainability"
"programme_c11965380c4322e5","nanyang-technological-university","Bachelor of Science in Chemistry and Biological Chemistry with Second Major in Sustainability","SLUG_REQUIRED","ERROR","https://www.ntu.edu.sg/education/undergraduate-programme/bachelor-of-science-in-chemistry-and-biological-chemistry-with-second-major-in-sustainability"
"programme_e0682dda3a994174","nanyang-technological-university","Bachelor of Engineering in Mechanical Engineering with a Second Major in Society & Urban Systems","PROGRAMME_CODE_REQUIRED","ERROR","https://www.ntu.edu.sg/admissions/undergraduate/undergraduate-programme/bachelor-of-engineering-in-mechanical-engineering-with-a-second-major-in-society-urban-systems"
"programme_e0682dda3a994174","nanyang-technological-university","Bachelor of Engineering in Mechanical Engineering with a Second Major in Society & Urban Systems","SUBJECT_CATEGORY_REQUIRED","ERROR","https://www.ntu.edu.sg/admissions/undergraduate/undergraduate-programme/bachelor-of-engineering-in-mechanical-engineering-with-a-second-major-in-society-urban-systems"
"programme_e0682dda3a994174","nanyang-technological-university","Bachelor of Engineering in Mechanical Engineering with a Second Major in Society & Urban Systems","SLUG_REQUIRED","ERROR","https://www.ntu.edu.sg/admissions/undergraduate/undergraduate-programme/bachelor-of-engineering-in-mechanical-engineering-with-a-second-major-in-society-urban-systems"
"programme_8b4ea93511054490","nanyang-technological-university","Bachelor of Engineering in Mechanical Engineering with a Second Major in Society & Urban Systems","PROGRAMME_CODE_REQUIRED","ERROR","https://www.ntu.edu.sg/education/undergraduate-programme/bachelor-of-engineering-in-mechanical-engineering-with-a-second-major-in-society-urban-systems"
"programme_8b4ea93511054490","nanyang-technological-university","Bachelor of Engineering in Mechanical Engineering with a Second Major in Society & Urban Systems","SUBJECT_CATEGORY_REQUIRED","ERROR","https://www.ntu.edu.sg/education/undergraduate-programme/bachelor-of-engineering-in-mechanical-engineering-with-a-second-major-in-society-urban-systems"
"programme_8b4ea93511054490","nanyang-technological-university","Bachelor of Engineering in Mechanical Engineering with a Second Major in Society & Urban Systems","SLUG_REQUIRED","ERROR","https://www.ntu.edu.sg/education/undergraduate-programme/bachelor-of-engineering-in-mechanical-engineering-with-a-second-major-in-society-urban-systems"
"programme_716457c50e54fc46","nanyang-technological-university","Bachelor of Engineering in Environmental Engineering with Second Major in Data Analytics","PROGRAMME_CODE_REQUIRED","ERROR","https://www.ntu.edu.sg/admissions/undergraduate/undergraduate-programme/bachelor-of-engineering-(environmental-engineering)-with-second-major-in-data-analytics"
"programme_716457c50e54fc46","nanyang-technological-university","Bachelor of Engineering in Environmental Engineering with Second Major in Data Analytics","SUBJECT_CATEGORY_REQUIRED","ERROR","https://www.ntu.edu.sg/admissions/undergraduate/undergraduate-programme/bachelor-of-engineering-(environmental-engineering)-with-second-major-in-data-analytics"
"programme_716457c50e54fc46","nanyang-technological-university","Bachelor of Engineering in Environmental Engineering with Second Major in Data Analytics","SLUG_REQUIRED","ERROR","https://www.ntu.edu.sg/admissions/undergraduate/undergraduate-programme/bachelor-of-engineering-(environmental-engineering)-with-second-major-in-data-analytics"
"programme_6d6bcb4e30262fec","nanyang-technological-university","Bachelor of Engineering in Environmental Engineering with Second Major in Data Analytics","PROGRAMME_CODE_REQUIRED","ERROR","https://www.ntu.edu.sg/education/undergraduate-programme/bachelor-of-engineering-(environmental-engineering)-with-second-major-in-data-analytics"
"programme_6d6bcb4e30262fec","nanyang-technological-university","Bachelor of Engineering in Environmental Engineering with Second Major in Data Analytics","SUBJECT_CATEGORY_REQUIRED","ERROR","https://www.ntu.edu.sg/education/undergraduate-programme/bachelor-of-engineering-(environmental-engineering)-with-second-major-in-data-analytics"
"programme_6d6bcb4e30262fec","nanyang-technological-university","Bachelor of Engineering in Environmental Engineering with Second Major in Data Analytics","SLUG_REQUIRED","ERROR","https://www.ntu.edu.sg/education/undergraduate-programme/bachelor-of-engineering-(environmental-engineering)-with-second-major-in-data-analytics"
"programme_27ce3a12625da0b4","nanyang-technological-university","Bachelor of Engineering in Environmental Engineering with Second Major in Entrepreneurship","PROGRAMME_CODE_REQUIRED","ERROR","https://www.ntu.edu.sg/admissions/undergraduate/undergraduate-programme/bachelor-of-engineering-in-environmental-engineering-with-a-second-major-in-entrepreneurship"
"programme_27ce3a12625da0b4","nanyang-technological-university","Bachelor of Engineering in Environmental Engineering with Second Major in Entrepreneurship","SUBJECT_CATEGORY_REQUIRED","ERROR","https://www.ntu.edu.sg/admissions/undergraduate/undergraduate-programme/bachelor-of-engineering-in-environmental-engineering-with-a-second-major-in-entrepreneurship"
"programme_27ce3a12625da0b4","nanyang-technological-university","Bachelor of Engineering in Environmental Engineering with Second Major in Entrepreneurship","SLUG_REQUIRED","ERROR","https://www.ntu.edu.sg/admissions/undergraduate/undergraduate-programme/bachelor-of-engineering-in-environmental-engineering-with-a-second-major-in-entrepreneurship"
"programme_b44d96aca72d2e37","nanyang-technological-university","Bachelor of Engineering in Environmental Engineering with Second Major in Entrepreneurship","PROGRAMME_CODE_REQUIRED","ERROR","https://www.ntu.edu.sg/education/undergraduate-programme/bachelor-of-engineering-in-environmental-engineering-with-a-second-major-in-entrepreneurship"
"programme_b44d96aca72d2e37","nanyang-technological-university","Bachelor of Engineering in Environmental Engineering with Second Major in Entrepreneurship","SUBJECT_CATEGORY_REQUIRED","ERROR","https://www.ntu.edu.sg/education/undergraduate-programme/bachelor-of-engineering-in-environmental-engineering-with-a-second-major-in-entrepreneurship"
"programme_b44d96aca72d2e37","nanyang-technological-university","Bachelor of Engineering in Environmental Engineering with Second Major in Entrepreneurship","SLUG_REQUIRED","ERROR","https://www.ntu.edu.sg/education/undergraduate-programme/bachelor-of-engineering-in-environmental-engineering-with-a-second-major-in-entrepreneurship"
"programme_37cffaa959ac4a73","nanyang-technological-university","Bachelor of Engineering in Electrical & Electronic Engineering with Second Major in Society and Urban Systems","PROGRAMME_CODE_REQUIRED","ERROR","https://www.ntu.edu.sg/admissions/undergraduate/undergraduate-programme/bachelor-of-engineering-in-electrical-electronic-engineering-with-second-major-in-society-and-urban-systems"
"programme_37cffaa959ac4a73","nanyang-technological-university","Bachelor of Engineering in Electrical & Electronic Engineering with Second Major in Society and Urban Systems","SUBJECT_CATEGORY_REQUIRED","ERROR","https://www.ntu.edu.sg/admissions/undergraduate/undergraduate-programme/bachelor-of-engineering-in-electrical-electronic-engineering-with-second-major-in-society-and-urban-systems"
"programme_37cffaa959ac4a73","nanyang-technological-university","Bachelor of Engineering in Electrical & Electronic Engineering with Second Major in Society and Urban Systems","SLUG_REQUIRED","ERROR","https://www.ntu.edu.sg/admissions/undergraduate/undergraduate-programme/bachelor-of-engineering-in-electrical-electronic-engineering-with-second-major-in-society-and-urban-systems"
"programme_c9137dcdadb7dc58","nanyang-technological-university","Bachelor of Engineering in Electrical & Electronic Engineering with Second Major in Society and Urban Systems","PROGRAMME_CODE_REQUIRED","ERROR","https://www.ntu.edu.sg/education/undergraduate-programme/bachelor-of-engineering-in-electrical-electronic-engineering-with-second-major-in-society-and-urban-systems"
"programme_c9137dcdadb7dc58","nanyang-technological-university","Bachelor of Engineering in Electrical & Electronic Engineering with Second Major in Society and Urban Systems","SUBJECT_CATEGORY_REQUIRED","ERROR","https://www.ntu.edu.sg/education/undergraduate-programme/bachelor-of-engineering-in-electrical-electronic-engineering-with-second-major-in-society-and-urban-systems"
"programme_c9137dcdadb7dc58","nanyang-technological-university","Bachelor of Engineering in Electrical & Electronic Engineering with Second Major in Society and Urban Systems","SLUG_REQUIRED","ERROR","https://www.ntu.edu.sg/education/undergraduate-programme/bachelor-of-engineering-in-electrical-electronic-engineering-with-second-major-in-society-and-urban-systems"
"programme_b1f297ffb3d8ea08","nanyang-technological-university","Double Degree in Bachelor of Engineering in Environmental Engineering and Bachelor of Social Science in Economics","PROGRAMME_CODE_REQUIRED","ERROR","https://www.ntu.edu.sg/admissions/undergraduate/undergraduate-programme/double-degree-in-environmental-engineering-and-economics"
"programme_b1f297ffb3d8ea08","nanyang-technological-university","Double Degree in Bachelor of Engineering in Environmental Engineering and Bachelor of Social Science in Economics","SUBJECT_CATEGORY_REQUIRED","ERROR","https://www.ntu.edu.sg/admissions/undergraduate/undergraduate-programme/double-degree-in-environmental-engineering-and-economics"
"programme_b1f297ffb3d8ea08","nanyang-technological-university","Double Degree in Bachelor of Engineering in Environmental Engineering and Bachelor of Social Science in Economics","SLUG_REQUIRED","ERROR","https://www.ntu.edu.sg/admissions/undergraduate/undergraduate-programme/double-degree-in-environmental-engineering-and-economics"
"programme_652a64d0af4f1da9","nanyang-technological-university","Double Degree in Bachelor of Engineering in Environmental Engineering and Bachelor of Social Science in Economics","PROGRAMME_CODE_REQUIRED","ERROR","https://www.ntu.edu.sg/education/undergraduate-programme/double-degree-in-environmental-engineering-and-economics"
"programme_652a64d0af4f1da9","nanyang-technological-university","Double Degree in Bachelor of Engineering in Environmental Engineering and Bachelor of Social Science in Economics","SUBJECT_CATEGORY_REQUIRED","ERROR","https://www.ntu.edu.sg/education/undergraduate-programme/double-degree-in-environmental-engineering-and-economics"
"programme_652a64d0af4f1da9","nanyang-technological-university","Double Degree in Bachelor of Engineering in Environmental Engineering and Bachelor of Social Science in Economics","SLUG_REQUIRED","ERROR","https://www.ntu.edu.sg/education/undergraduate-programme/double-degree-in-environmental-engineering-and-economics"
"programme_3374897055c85213","nanyang-technological-university","Bachelor of Engineering in Environmental Engineering with Second Major in Society & Urban Systems","PROGRAMME_CODE_REQUIRED","ERROR","https://www.ntu.edu.sg/admissions/undergraduate/undergraduate-programme/bachelor-of-engineering-in-environmental-engineering-with-second-major-in-society-urban-systems"
"programme_3374897055c85213","nanyang-technological-university","Bachelor of Engineering in Environmental Engineering with Second Major in Society & Urban Systems","SUBJECT_CATEGORY_REQUIRED","ERROR","https://www.ntu.edu.sg/admissions/undergraduate/undergraduate-programme/bachelor-of-engineering-in-environmental-engineering-with-second-major-in-society-urban-systems"
"programme_3374897055c85213","nanyang-technological-university","Bachelor of Engineering in Environmental Engineering with Second Major in Society & Urban Systems","SLUG_REQUIRED","ERROR","https://www.ntu.edu.sg/admissions/undergraduate/undergraduate-programme/bachelor-of-engineering-in-environmental-engineering-with-second-major-in-society-urban-systems"
"programme_c8b48aeab8516992","nanyang-technological-university","Bachelor of Engineering in Environmental Engineering with Second Major in Society & Urban Systems","PROGRAMME_CODE_REQUIRED","ERROR","https://www.ntu.edu.sg/education/undergraduate-programme/bachelor-of-engineering-in-environmental-engineering-with-second-major-in-society-urban-systems"
"programme_c8b48aeab8516992","nanyang-technological-university","Bachelor of Engineering in Environmental Engineering with Second Major in Society & Urban Systems","SUBJECT_CATEGORY_REQUIRED","ERROR","https://www.ntu.edu.sg/education/undergraduate-programme/bachelor-of-engineering-in-environmental-engineering-with-second-major-in-society-urban-systems"
"programme_c8b48aeab8516992","nanyang-technological-university","Bachelor of Engineering in Environmental Engineering with Second Major in Society & Urban Systems","SLUG_REQUIRED","ERROR","https://www.ntu.edu.sg/education/undergraduate-programme/bachelor-of-engineering-in-environmental-engineering-with-second-major-in-society-urban-systems"
"programme_ca8a1707ba845e1a","nanyang-technological-university","Bachelor of Engineering in Environmental Engineering with Second Major in Business","PROGRAMME_CODE_REQUIRED","ERROR","https://www.ntu.edu.sg/admissions/undergraduate/undergraduate-programme/bachelor-of-engineering-in-environmental-engineering-with-second-major-in-business"
"programme_ca8a1707ba845e1a","nanyang-technological-university","Bachelor of Engineering in Environmental Engineering with Second Major in Business","SUBJECT_CATEGORY_REQUIRED","ERROR","https://www.ntu.edu.sg/admissions/undergraduate/undergraduate-programme/bachelor-of-engineering-in-environmental-engineering-with-second-major-in-business"
"programme_ca8a1707ba845e1a","nanyang-technological-university","Bachelor of Engineering in Environmental Engineering with Second Major in Business","SLUG_REQUIRED","ERROR","https://www.ntu.edu.sg/admissions/undergraduate/undergraduate-programme/bachelor-of-engineering-in-environmental-engineering-with-second-major-in-business"
"programme_4592f1266c91ce6b","nanyang-technological-university","Bachelor of Engineering in Environmental Engineering with Second Major in Business","PROGRAMME_CODE_REQUIRED","ERROR","https://www.ntu.edu.sg/education/undergraduate-programme/bachelor-of-engineering-in-environmental-engineering-with-second-major-in-business"
"programme_4592f1266c91ce6b","nanyang-technological-university","Bachelor of Engineering in Environmental Engineering with Second Major in Business","SUBJECT_CATEGORY_REQUIRED","ERROR","https://www.ntu.edu.sg/education/undergraduate-programme/bachelor-of-engineering-in-environmental-engineering-with-second-major-in-business"
"programme_4592f1266c91ce6b","nanyang-technological-university","Bachelor of Engineering in Environmental Engineering with Second Major in Business","SLUG_REQUIRED","ERROR","https://www.ntu.edu.sg/education/undergraduate-programme/bachelor-of-engineering-in-environmental-engineering-with-second-major-in-business"
"programme_1107ea81aceb4890","nanyang-technological-university","Bachelor of Engineering in Civil Engineering with Second Major in Society & Urban Systems","PROGRAMME_CODE_REQUIRED","ERROR","https://www.ntu.edu.sg/admissions/undergraduate/undergraduate-programme/bachelor-of-engineering-in-civil-engineering-with-a-second-major-in-society-urban-systems"
"programme_1107ea81aceb4890","nanyang-technological-university","Bachelor of Engineering in Civil Engineering with Second Major in Society & Urban Systems","SUBJECT_CATEGORY_REQUIRED","ERROR","https://www.ntu.edu.sg/admissions/undergraduate/undergraduate-programme/bachelor-of-engineering-in-civil-engineering-with-a-second-major-in-society-urban-systems"
"programme_1107ea81aceb4890","nanyang-technological-university","Bachelor of Engineering in Civil Engineering with Second Major in Society & Urban Systems","SLUG_REQUIRED","ERROR","https://www.ntu.edu.sg/admissions/undergraduate/undergraduate-programme/bachelor-of-engineering-in-civil-engineering-with-a-second-major-in-society-urban-systems"
"programme_ada8b636a1424b9f","nanyang-technological-university","Bachelor of Engineering in Civil Engineering with Second Major in Society & Urban Systems","PROGRAMME_CODE_REQUIRED","ERROR","https://www.ntu.edu.sg/education/undergraduate-programme/bachelor-of-engineering-in-civil-engineering-with-a-second-major-in-society-urban-systems"
"programme_ada8b636a1424b9f","nanyang-technological-university","Bachelor of Engineering in Civil Engineering with Second Major in Society & Urban Systems","SUBJECT_CATEGORY_REQUIRED","ERROR","https://www.ntu.edu.sg/education/undergraduate-programme/bachelor-of-engineering-in-civil-engineering-with-a-second-major-in-society-urban-systems"
"programme_ada8b636a1424b9f","nanyang-technological-university","Bachelor of Engineering in Civil Engineering with Second Major in Society & Urban Systems","SLUG_REQUIRED","ERROR","https://www.ntu.edu.sg/education/undergraduate-programme/bachelor-of-engineering-in-civil-engineering-with-a-second-major-in-society-urban-systems"
"programme_1f24c7c8ba4fa9cb","nanyang-technological-university","Bachelor of Engineering in Environmental Engineering","PROGRAMME_CODE_REQUIRED","ERROR","https://www.ntu.edu.sg/admissions/undergraduate/undergraduate-programme/bachelor-of-engineering-in-environmental-engineering"
"programme_1f24c7c8ba4fa9cb","nanyang-technological-university","Bachelor of Engineering in Environmental Engineering","SUBJECT_CATEGORY_REQUIRED","ERROR","https://www.ntu.edu.sg/admissions/undergraduate/undergraduate-programme/bachelor-of-engineering-in-environmental-engineering"
"programme_1f24c7c8ba4fa9cb","nanyang-technological-university","Bachelor of Engineering in Environmental Engineering","SLUG_REQUIRED","ERROR","https://www.ntu.edu.sg/admissions/undergraduate/undergraduate-programme/bachelor-of-engineering-in-environmental-engineering"
"programme_350100ef0ef93c6b","nanyang-technological-university","Bachelor of Engineering in Environmental Engineering","PROGRAMME_CODE_REQUIRED","ERROR","https://www.ntu.edu.sg/education/undergraduate-programme/bachelor-of-engineering-in-environmental-engineering"
"programme_350100ef0ef93c6b","nanyang-technological-university","Bachelor of Engineering in Environmental Engineering","SUBJECT_CATEGORY_REQUIRED","ERROR","https://www.ntu.edu.sg/education/undergraduate-programme/bachelor-of-engineering-in-environmental-engineering"
"programme_350100ef0ef93c6b","nanyang-technological-university","Bachelor of Engineering in Environmental Engineering","SLUG_REQUIRED","ERROR","https://www.ntu.edu.sg/education/undergraduate-programme/bachelor-of-engineering-in-environmental-engineering"
"programme_8a0a932706fd7b38","nanyang-technological-university","Bachelor of Science in Chemistry and Biological Chemistry with Second Major in Environmental Science","PROGRAMME_CODE_REQUIRED","ERROR","https://www.ntu.edu.sg/admissions/undergraduate/undergraduate-programme/bachelor-of-science-in-chemistry-and-biological-chemistry-with-second-major-in-environmental-science"
"programme_8a0a932706fd7b38","nanyang-technological-university","Bachelor of Science in Chemistry and Biological Chemistry with Second Major in Environmental Science","SUBJECT_CATEGORY_REQUIRED","ERROR","https://www.ntu.edu.sg/admissions/undergraduate/undergraduate-programme/bachelor-of-science-in-chemistry-and-biological-chemistry-with-second-major-in-environmental-science"
"programme_8a0a932706fd7b38","nanyang-technological-university","Bachelor of Science in Chemistry and Biological Chemistry with Second Major in Environmental Science","SLUG_REQUIRED","ERROR","https://www.ntu.edu.sg/admissions/undergraduate/undergraduate-programme/bachelor-of-science-in-chemistry-and-biological-chemistry-with-second-major-in-environmental-science"
"programme_793763251b1f5bb7","nanyang-technological-university","Bachelor of Science in Chemistry and Biological Chemistry with Second Major in Environmental Science","PROGRAMME_CODE_REQUIRED","ERROR","https://www.ntu.edu.sg/education/undergraduate-programme/bachelor-of-science-in-chemistry-and-biological-chemistry-with-second-major-in-environmental-science"
"programme_793763251b1f5bb7","nanyang-technological-university","Bachelor of Science in Chemistry and Biological Chemistry with Second Major in Environmental Science","SUBJECT_CATEGORY_REQUIRED","ERROR","https://www.ntu.edu.sg/education/undergraduate-programme/bachelor-of-science-in-chemistry-and-biological-chemistry-with-second-major-in-environmental-science"
"programme_793763251b1f5bb7","nanyang-technological-university","Bachelor of Science in Chemistry and Biological Chemistry with Second Major in Environmental Science","SLUG_REQUIRED","ERROR","https://www.ntu.edu.sg/education/undergraduate-programme/bachelor-of-science-in-chemistry-and-biological-chemistry-with-second-major-in-environmental-science"
"programme_7f7eb26976c5606b","nanyang-technological-university","Bachelor of Engineering in Chemical & Biomolecular Engineering with Second Major in Sustainability","PROGRAMME_CODE_REQUIRED","ERROR","https://www.ntu.edu.sg/admissions/undergraduate/undergraduate-programme/bachelor-of-engineering-in-chemical---biomolecular-engineering-with-second-major-in-sustainability"
"programme_7f7eb26976c5606b","nanyang-technological-university","Bachelor of Engineering in Chemical & Biomolecular Engineering with Second Major in Sustainability","SUBJECT_CATEGORY_REQUIRED","ERROR","https://www.ntu.edu.sg/admissions/undergraduate/undergraduate-programme/bachelor-of-engineering-in-chemical---biomolecular-engineering-with-second-major-in-sustainability"
"programme_7f7eb26976c5606b","nanyang-technological-university","Bachelor of Engineering in Chemical & Biomolecular Engineering with Second Major in Sustainability","SLUG_REQUIRED","ERROR","https://www.ntu.edu.sg/admissions/undergraduate/undergraduate-programme/bachelor-of-engineering-in-chemical---biomolecular-engineering-with-second-major-in-sustainability"
"programme_11982534f8a7938b","nanyang-technological-university","Bachelor of Engineering in Chemical & Biomolecular Engineering with Second Major in Sustainability","PROGRAMME_CODE_REQUIRED","ERROR","https://www.ntu.edu.sg/education/undergraduate-programme/bachelor-of-engineering-in-chemical---biomolecular-engineering-with-second-major-in-sustainability"
"programme_11982534f8a7938b","nanyang-technological-university","Bachelor of Engineering in Chemical & Biomolecular Engineering with Second Major in Sustainability","SUBJECT_CATEGORY_REQUIRED","ERROR","https://www.ntu.edu.sg/education/undergraduate-programme/bachelor-of-engineering-in-chemical---biomolecular-engineering-with-second-major-in-sustainability"
"programme_11982534f8a7938b","nanyang-technological-university","Bachelor of Engineering in Chemical & Biomolecular Engineering with Second Major in Sustainability","SLUG_REQUIRED","ERROR","https://www.ntu.edu.sg/education/undergraduate-programme/bachelor-of-engineering-in-chemical---biomolecular-engineering-with-second-major-in-sustainability"
"programme_f51aad738972a040","nanyang-technological-university","Bachelor of Science in Biological Sciences with Second Major in Future Foods","PROGRAMME_CODE_REQUIRED","ERROR","https://www.ntu.edu.sg/admissions/undergraduate/undergraduate-programme/bachelor-of-science-in-biological-sciences-with-second-major-in-future-foods"
"programme_f51aad738972a040","nanyang-technological-university","Bachelor of Science in Biological Sciences with Second Major in Future Foods","SUBJECT_CATEGORY_REQUIRED","ERROR","https://www.ntu.edu.sg/admissions/undergraduate/undergraduate-programme/bachelor-of-science-in-biological-sciences-with-second-major-in-future-foods"
"programme_f51aad738972a040","nanyang-technological-university","Bachelor of Science in Biological Sciences with Second Major in Future Foods","SLUG_REQUIRED","ERROR","https://www.ntu.edu.sg/admissions/undergraduate/undergraduate-programme/bachelor-of-science-in-biological-sciences-with-second-major-in-future-foods"
"programme_32121783f88fa729","nanyang-technological-university","Bachelor of Science in Biological Sciences with Second Major in Future Foods","PROGRAMME_CODE_REQUIRED","ERROR","https://www.ntu.edu.sg/education/undergraduate-programme/bachelor-of-science-in-biological-sciences-with-second-major-in-future-foods"
"programme_32121783f88fa729","nanyang-technological-university","Bachelor of Science in Biological Sciences with Second Major in Future Foods","SUBJECT_CATEGORY_REQUIRED","ERROR","https://www.ntu.edu.sg/education/undergraduate-programme/bachelor-of-science-in-biological-sciences-with-second-major-in-future-foods"
"programme_32121783f88fa729","nanyang-technological-university","Bachelor of Science in Biological Sciences with Second Major in Future Foods","SLUG_REQUIRED","ERROR","https://www.ntu.edu.sg/education/undergraduate-programme/bachelor-of-science-in-biological-sciences-with-second-major-in-future-foods"
"programme_2bf765f2f5df3eb8","nanyang-technological-university","Bachelor of Engineering in Bioengineering with Second Major in Sustainability","PROGRAMME_CODE_REQUIRED","ERROR","https://www.ntu.edu.sg/admissions/undergraduate/undergraduate-programme/bachelor-of-engineering-in-bioengineering-with-second-major-in-sustainability"
"programme_2bf765f2f5df3eb8","nanyang-technological-university","Bachelor of Engineering in Bioengineering with Second Major in Sustainability","SUBJECT_CATEGORY_REQUIRED","ERROR","https://www.ntu.edu.sg/admissions/undergraduate/undergraduate-programme/bachelor-of-engineering-in-bioengineering-with-second-major-in-sustainability"
"programme_2bf765f2f5df3eb8","nanyang-technological-university","Bachelor of Engineering in Bioengineering with Second Major in Sustainability","SLUG_REQUIRED","ERROR","https://www.ntu.edu.sg/admissions/undergraduate/undergraduate-programme/bachelor-of-engineering-in-bioengineering-with-second-major-in-sustainability"
"programme_885e6005af053ed5","nanyang-technological-university","Bachelor of Engineering in Bioengineering with Second Major in Sustainability","PROGRAMME_CODE_REQUIRED","ERROR","https://www.ntu.edu.sg/education/undergraduate-programme/bachelor-of-engineering-in-bioengineering-with-second-major-in-sustainability"
"programme_885e6005af053ed5","nanyang-technological-university","Bachelor of Engineering in Bioengineering with Second Major in Sustainability","SUBJECT_CATEGORY_REQUIRED","ERROR","https://www.ntu.edu.sg/education/undergraduate-programme/bachelor-of-engineering-in-bioengineering-with-second-major-in-sustainability"
"programme_885e6005af053ed5","nanyang-technological-university","Bachelor of Engineering in Bioengineering with Second Major in Sustainability","SLUG_REQUIRED","ERROR","https://www.ntu.edu.sg/education/undergraduate-programme/bachelor-of-engineering-in-bioengineering-with-second-major-in-sustainability"
"programme_44339886f11e398b","nanyang-technological-university","Bachelor of Computing (Hons) in Computer Science with a Second Major in Sustainability","PROGRAMME_CODE_REQUIRED","ERROR","https://www.ntu.edu.sg/admissions/undergraduate/undergraduate-programme/bachelor-of-computing-(hons)-in-computer-science-with-a-second-major-in-sustainability"
"programme_44339886f11e398b","nanyang-technological-university","Bachelor of Computing (Hons) in Computer Science with a Second Major in Sustainability","SUBJECT_CATEGORY_REQUIRED","ERROR","https://www.ntu.edu.sg/admissions/undergraduate/undergraduate-programme/bachelor-of-computing-(hons)-in-computer-science-with-a-second-major-in-sustainability"
"programme_44339886f11e398b","nanyang-technological-university","Bachelor of Computing (Hons) in Computer Science with a Second Major in Sustainability","SLUG_REQUIRED","ERROR","https://www.ntu.edu.sg/admissions/undergraduate/undergraduate-programme/bachelor-of-computing-(hons)-in-computer-science-with-a-second-major-in-sustainability"
"programme_56e4932405d71eac","nanyang-technological-university","Bachelor of Computing (Hons) in Computer Science with a Second Major in Sustainability","PROGRAMME_CODE_REQUIRED","ERROR","https://www.ntu.edu.sg/education/undergraduate-programme/bachelor-of-computing-(hons)-in-computer-science-with-a-second-major-in-sustainability"
"programme_56e4932405d71eac","nanyang-technological-university","Bachelor of Computing (Hons) in Computer Science with a Second Major in Sustainability","SUBJECT_CATEGORY_REQUIRED","ERROR","https://www.ntu.edu.sg/education/undergraduate-programme/bachelor-of-computing-(hons)-in-computer-science-with-a-second-major-in-sustainability"
"programme_56e4932405d71eac","nanyang-technological-university","Bachelor of Computing (Hons) in Computer Science with a Second Major in Sustainability","SLUG_REQUIRED","ERROR","https://www.ntu.edu.sg/education/undergraduate-programme/bachelor-of-computing-(hons)-in-computer-science-with-a-second-major-in-sustainability"
"programme_9f1a9d3a9b06b1ee","nanyang-technological-university","Bachelor of Science in Environmental Earth Systems Science with Second Major in Entrepreneurship","PROGRAMME_CODE_REQUIRED","ERROR","https://www.ntu.edu.sg/admissions/undergraduate/undergraduate-programme/bachelor-of-science-in-environmental-earth-systems-science-with-second-major-in-entrepreneurship"
"programme_9f1a9d3a9b06b1ee","nanyang-technological-university","Bachelor of Science in Environmental Earth Systems Science with Second Major in Entrepreneurship","SUBJECT_CATEGORY_REQUIRED","ERROR","https://www.ntu.edu.sg/admissions/undergraduate/undergraduate-programme/bachelor-of-science-in-environmental-earth-systems-science-with-second-major-in-entrepreneurship"
"programme_9f1a9d3a9b06b1ee","nanyang-technological-university","Bachelor of Science in Environmental Earth Systems Science with Second Major in Entrepreneurship","SLUG_REQUIRED","ERROR","https://www.ntu.edu.sg/admissions/undergraduate/undergraduate-programme/bachelor-of-science-in-environmental-earth-systems-science-with-second-major-in-entrepreneurship"
"programme_420db957f607d469","nanyang-technological-university","Bachelor of Science in Environmental Earth Systems Science with Second Major in Entrepreneurship","PROGRAMME_CODE_REQUIRED","ERROR","https://www.ntu.edu.sg/education/undergraduate-programme/bachelor-of-science-in-environmental-earth-systems-science-with-second-major-in-entrepreneurship"
"programme_420db957f607d469","nanyang-technological-university","Bachelor of Science in Environmental Earth Systems Science with Second Major in Entrepreneurship","SUBJECT_CATEGORY_REQUIRED","ERROR","https://www.ntu.edu.sg/education/undergraduate-programme/bachelor-of-science-in-environmental-earth-systems-science-with-second-major-in-entrepreneurship"
"programme_420db957f607d469","nanyang-technological-university","Bachelor of Science in Environmental Earth Systems Science with Second Major in Entrepreneurship","SLUG_REQUIRED","ERROR","https://www.ntu.edu.sg/education/undergraduate-programme/bachelor-of-science-in-environmental-earth-systems-science-with-second-major-in-entrepreneurship"
"programme_742d87833ca99dfc","nanyang-technological-university","Bachelor of Science in Environmental Earth Systems Science with Second Major in Sustainability","PROGRAMME_CODE_REQUIRED","ERROR","https://www.ntu.edu.sg/admissions/undergraduate/undergraduate-programme/bachelor-of-science-in-environmental-earth-systems-science-with-second-major-in-sustainability"
"programme_742d87833ca99dfc","nanyang-technological-university","Bachelor of Science in Environmental Earth Systems Science with Second Major in Sustainability","SUBJECT_CATEGORY_REQUIRED","ERROR","https://www.ntu.edu.sg/admissions/undergraduate/undergraduate-programme/bachelor-of-science-in-environmental-earth-systems-science-with-second-major-in-sustainability"
"programme_742d87833ca99dfc","nanyang-technological-university","Bachelor of Science in Environmental Earth Systems Science with Second Major in Sustainability","SLUG_REQUIRED","ERROR","https://www.ntu.edu.sg/admissions/undergraduate/undergraduate-programme/bachelor-of-science-in-environmental-earth-systems-science-with-second-major-in-sustainability"
"programme_82ddfad8c768478a","nanyang-technological-university","Bachelor of Science in Environmental Earth Systems Science with Second Major in Sustainability","PROGRAMME_CODE_REQUIRED","ERROR","https://www.ntu.edu.sg/education/undergraduate-programme/bachelor-of-science-in-environmental-earth-systems-science-with-second-major-in-sustainability"
"programme_82ddfad8c768478a","nanyang-technological-university","Bachelor of Science in Environmental Earth Systems Science with Second Major in Sustainability","SUBJECT_CATEGORY_REQUIRED","ERROR","https://www.ntu.edu.sg/education/undergraduate-programme/bachelor-of-science-in-environmental-earth-systems-science-with-second-major-in-sustainability"
"programme_82ddfad8c768478a","nanyang-technological-university","Bachelor of Science in Environmental Earth Systems Science with Second Major in Sustainability","SLUG_REQUIRED","ERROR","https://www.ntu.edu.sg/education/undergraduate-programme/bachelor-of-science-in-environmental-earth-systems-science-with-second-major-in-sustainability"
"programme_f0330c989bfb1c57","nanyang-technological-university","Bachelor of Science in Environmental Earth Systems Science with Second Major in Data Analytics","PROGRAMME_CODE_REQUIRED","ERROR","https://www.ntu.edu.sg/education/undergraduate-programme/bachelor-of-science-in-environmental-earth-systems-science-with-second-major-in-data-analytics"
"programme_f0330c989bfb1c57","nanyang-technological-university","Bachelor of Science in Environmental Earth Systems Science with Second Major in Data Analytics","SUBJECT_CATEGORY_REQUIRED","ERROR","https://www.ntu.edu.sg/education/undergraduate-programme/bachelor-of-science-in-environmental-earth-systems-science-with-second-major-in-data-analytics"
"programme_f0330c989bfb1c57","nanyang-technological-university","Bachelor of Science in Environmental Earth Systems Science with Second Major in Data Analytics","SLUG_REQUIRED","ERROR","https://www.ntu.edu.sg/education/undergraduate-programme/bachelor-of-science-in-environmental-earth-systems-science-with-second-major-in-data-analytics"
"programme_383c46674ec914fd","nanyang-technological-university","Bachelor of Science in Biological Sciences with Second Major in Food Science and Technology","PROGRAMME_CODE_REQUIRED","ERROR","https://www.ntu.edu.sg/admissions/undergraduate/undergraduate-programme/bachelor-of-science-in-biological-sciences-with-second-major-in-food-science-and-technology"
"programme_383c46674ec914fd","nanyang-technological-university","Bachelor of Science in Biological Sciences with Second Major in Food Science and Technology","SUBJECT_CATEGORY_REQUIRED","ERROR","https://www.ntu.edu.sg/admissions/undergraduate/undergraduate-programme/bachelor-of-science-in-biological-sciences-with-second-major-in-food-science-and-technology"
"programme_383c46674ec914fd","nanyang-technological-university","Bachelor of Science in Biological Sciences with Second Major in Food Science and Technology","SLUG_REQUIRED","ERROR","https://www.ntu.edu.sg/admissions/undergraduate/undergraduate-programme/bachelor-of-science-in-biological-sciences-with-second-major-in-food-science-and-technology"
"programme_18306b9d20df7a23","nanyang-technological-university","Bachelor of Science in Biological Sciences with Second Major in Food Science and Technology","PROGRAMME_CODE_REQUIRED","ERROR","https://www.ntu.edu.sg/education/undergraduate-programme/bachelor-of-science-in-biological-sciences-with-second-major-in-food-science-and-technology"
"programme_18306b9d20df7a23","nanyang-technological-university","Bachelor of Science in Biological Sciences with Second Major in Food Science and Technology","SUBJECT_CATEGORY_REQUIRED","ERROR","https://www.ntu.edu.sg/education/undergraduate-programme/bachelor-of-science-in-biological-sciences-with-second-major-in-food-science-and-technology"
"programme_18306b9d20df7a23","nanyang-technological-university","Bachelor of Science in Biological Sciences with Second Major in Food Science and Technology","SLUG_REQUIRED","ERROR","https://www.ntu.edu.sg/education/undergraduate-programme/bachelor-of-science-in-biological-sciences-with-second-major-in-food-science-and-technology"
"programme_9655dd577e0ca119","nanyang-technological-university","Bachelor of Science in Environmental Earth Systems Science and Public Policy and Global Affairs","PROGRAMME_CODE_REQUIRED","ERROR","https://www.ntu.edu.sg/admissions/undergraduate/undergraduate-programme/bachelor-of-science-in-environmental-earth-systems-science-and-public-policy-and-global-affairs"
"programme_9655dd577e0ca119","nanyang-technological-university","Bachelor of Science in Environmental Earth Systems Science and Public Policy and Global Affairs","SUBJECT_CATEGORY_REQUIRED","ERROR","https://www.ntu.edu.sg/admissions/undergraduate/undergraduate-programme/bachelor-of-science-in-environmental-earth-systems-science-and-public-policy-and-global-affairs"
"programme_9655dd577e0ca119","nanyang-technological-university","Bachelor of Science in Environmental Earth Systems Science and Public Policy and Global Affairs","SLUG_REQUIRED","ERROR","https://www.ntu.edu.sg/admissions/undergraduate/undergraduate-programme/bachelor-of-science-in-environmental-earth-systems-science-and-public-policy-and-global-affairs"
"programme_17dd764d8d2f67b9","nanyang-technological-university","Bachelor of Science in Environmental Earth Systems Science and Public Policy and Global Affairs","PROGRAMME_CODE_REQUIRED","ERROR","https://www.ntu.edu.sg/education/undergraduate-programme/bachelor-of-science-in-environmental-earth-systems-science-and-public-policy-and-global-affairs"
"programme_17dd764d8d2f67b9","nanyang-technological-university","Bachelor of Science in Environmental Earth Systems Science and Public Policy and Global Affairs","SUBJECT_CATEGORY_REQUIRED","ERROR","https://www.ntu.edu.sg/education/undergraduate-programme/bachelor-of-science-in-environmental-earth-systems-science-and-public-policy-and-global-affairs"
"programme_17dd764d8d2f67b9","nanyang-technological-university","Bachelor of Science in Environmental Earth Systems Science and Public Policy and Global Affairs","SLUG_REQUIRED","ERROR","https://www.ntu.edu.sg/education/undergraduate-programme/bachelor-of-science-in-environmental-earth-systems-science-and-public-policy-and-global-affairs"
"programme_87fdb34b2fbc6a75","nanyang-technological-university","Bachelor of Science in Environmental Earth Systems Science","PROGRAMME_CODE_REQUIRED","ERROR","https://www.ntu.edu.sg/admissions/undergraduate/undergraduate-programme/bachelor-of-science-in-environmental-earth-systems-science"
"programme_87fdb34b2fbc6a75","nanyang-technological-university","Bachelor of Science in Environmental Earth Systems Science","SUBJECT_CATEGORY_REQUIRED","ERROR","https://www.ntu.edu.sg/admissions/undergraduate/undergraduate-programme/bachelor-of-science-in-environmental-earth-systems-science"
"programme_87fdb34b2fbc6a75","nanyang-technological-university","Bachelor of Science in Environmental Earth Systems Science","SLUG_REQUIRED","ERROR","https://www.ntu.edu.sg/admissions/undergraduate/undergraduate-programme/bachelor-of-science-in-environmental-earth-systems-science"
"programme_336ce5599b957c1c","nanyang-technological-university","Bachelor of Science in Environmental Earth Systems Science","PROGRAMME_CODE_REQUIRED","ERROR","https://www.ntu.edu.sg/education/undergraduate-programme/bachelor-of-science-in-environmental-earth-systems-science"
"programme_336ce5599b957c1c","nanyang-technological-university","Bachelor of Science in Environmental Earth Systems Science","SUBJECT_CATEGORY_REQUIRED","ERROR","https://www.ntu.edu.sg/education/undergraduate-programme/bachelor-of-science-in-environmental-earth-systems-science"
"programme_336ce5599b957c1c","nanyang-technological-university","Bachelor of Science in Environmental Earth Systems Science","SLUG_REQUIRED","ERROR","https://www.ntu.edu.sg/education/undergraduate-programme/bachelor-of-science-in-environmental-earth-systems-science"
"programme_df31d0dddb3e97b6","nanyang-technological-university","Accountancy for Future Leaders - Bachelor of Accountancy (Sustainability Management and Analytics)","PROGRAMME_CODE_REQUIRED","ERROR","https://www.ntu.edu.sg/admissions/undergraduate/undergraduate-programme/accountancy-for-future-leaders-bachelor-of-accountancy-in-sustainability-management-and-analytics"
"programme_df31d0dddb3e97b6","nanyang-technological-university","Accountancy for Future Leaders - Bachelor of Accountancy (Sustainability Management and Analytics)","SUBJECT_CATEGORY_REQUIRED","ERROR","https://www.ntu.edu.sg/admissions/undergraduate/undergraduate-programme/accountancy-for-future-leaders-bachelor-of-accountancy-in-sustainability-management-and-analytics"
"programme_df31d0dddb3e97b6","nanyang-technological-university","Accountancy for Future Leaders - Bachelor of Accountancy (Sustainability Management and Analytics)","SLUG_REQUIRED","ERROR","https://www.ntu.edu.sg/admissions/undergraduate/undergraduate-programme/accountancy-for-future-leaders-bachelor-of-accountancy-in-sustainability-management-and-analytics"
"programme_7e6a3a2e43d63e5f","nanyang-technological-university","Accountancy for Future Leaders - Bachelor of Accountancy (Sustainability Management and Analytics)","PROGRAMME_CODE_REQUIRED","ERROR","https://www.ntu.edu.sg/education/undergraduate-programme/accountancy-for-future-leaders-bachelor-of-accountancy-in-sustainability-management-and-analytics"
"programme_7e6a3a2e43d63e5f","nanyang-technological-university","Accountancy for Future Leaders - Bachelor of Accountancy (Sustainability Management and Analytics)","SUBJECT_CATEGORY_REQUIRED","ERROR","https://www.ntu.edu.sg/education/undergraduate-programme/accountancy-for-future-leaders-bachelor-of-accountancy-in-sustainability-management-and-analytics"
"programme_7e6a3a2e43d63e5f","nanyang-technological-university","Accountancy for Future Leaders - Bachelor of Accountancy (Sustainability Management and Analytics)","SLUG_REQUIRED","ERROR","https://www.ntu.edu.sg/education/undergraduate-programme/accountancy-for-future-leaders-bachelor-of-accountancy-in-sustainability-management-and-analytics"
"programme_94536146381d3ce4","nanyang-technological-university","Bachelor of Business with Second Major in Sustainability","PROGRAMME_CODE_REQUIRED","ERROR","https://www.ntu.edu.sg/admissions/undergraduate/undergraduate-programme/bachelor-of-business-with-second-major-in-sustainability"
"programme_94536146381d3ce4","nanyang-technological-university","Bachelor of Business with Second Major in Sustainability","SUBJECT_CATEGORY_REQUIRED","ERROR","https://www.ntu.edu.sg/admissions/undergraduate/undergraduate-programme/bachelor-of-business-with-second-major-in-sustainability"
"programme_94536146381d3ce4","nanyang-technological-university","Bachelor of Business with Second Major in Sustainability","SLUG_REQUIRED","ERROR","https://www.ntu.edu.sg/admissions/undergraduate/undergraduate-programme/bachelor-of-business-with-second-major-in-sustainability"
"programme_01af2a89339799e8","nanyang-technological-university","Bachelor of Business with Second Major in Sustainability","PROGRAMME_CODE_REQUIRED","ERROR","https://www.ntu.edu.sg/education/undergraduate-programme/bachelor-of-business-with-second-major-in-sustainability"
"programme_01af2a89339799e8","nanyang-technological-university","Bachelor of Business with Second Major in Sustainability","SUBJECT_CATEGORY_REQUIRED","ERROR","https://www.ntu.edu.sg/education/undergraduate-programme/bachelor-of-business-with-second-major-in-sustainability"
"programme_01af2a89339799e8","nanyang-technological-university","Bachelor of Business with Second Major in Sustainability","SLUG_REQUIRED","ERROR","https://www.ntu.edu.sg/education/undergraduate-programme/bachelor-of-business-with-second-major-in-sustainability"
"programme_91f73df600c80338","nanyang-technological-university","Bachelor of Accountancy with Second Major in Sustainability","PROGRAMME_CODE_REQUIRED","ERROR","https://www.ntu.edu.sg/admissions/undergraduate/undergraduate-programme/bachelor-of-accountancy-with-second-major-in-sustainability"
"programme_91f73df600c80338","nanyang-technological-university","Bachelor of Accountancy with Second Major in Sustainability","SUBJECT_CATEGORY_REQUIRED","ERROR","https://www.ntu.edu.sg/admissions/undergraduate/undergraduate-programme/bachelor-of-accountancy-with-second-major-in-sustainability"
"programme_91f73df600c80338","nanyang-technological-university","Bachelor of Accountancy with Second Major in Sustainability","SLUG_REQUIRED","ERROR","https://www.ntu.edu.sg/admissions/undergraduate/undergraduate-programme/bachelor-of-accountancy-with-second-major-in-sustainability"
"programme_6bcaf19a86a8439b","nanyang-technological-university","Bachelor of Accountancy with Second Major in Sustainability","PROGRAMME_CODE_REQUIRED","ERROR","https://www.ntu.edu.sg/education/undergraduate-programme/bachelor-of-accountancy-with-second-major-in-sustainability"
"programme_6bcaf19a86a8439b","nanyang-technological-university","Bachelor of Accountancy with Second Major in Sustainability","SUBJECT_CATEGORY_REQUIRED","ERROR","https://www.ntu.edu.sg/education/undergraduate-programme/bachelor-of-accountancy-with-second-major-in-sustainability"
"programme_6bcaf19a86a8439b","nanyang-technological-university","Bachelor of Accountancy with Second Major in Sustainability","SLUG_REQUIRED","ERROR","https://www.ntu.edu.sg/education/undergraduate-programme/bachelor-of-accountancy-with-second-major-in-sustainability"
"programme_f5c80c50ff47557d","nanyang-technological-university","Bachelor of Arts in Geography and Education","PROGRAMME_CODE_REQUIRED","ERROR","https://www.ntu.edu.sg/admissions/undergraduate/undergraduate-programme/bachelor-of-arts-in-geography-and-education"
"programme_f5c80c50ff47557d","nanyang-technological-university","Bachelor of Arts in Geography and Education","SUBJECT_CATEGORY_REQUIRED","ERROR","https://www.ntu.edu.sg/admissions/undergraduate/undergraduate-programme/bachelor-of-arts-in-geography-and-education"
"programme_f5c80c50ff47557d","nanyang-technological-university","Bachelor of Arts in Geography and Education","SLUG_REQUIRED","ERROR","https://www.ntu.edu.sg/admissions/undergraduate/undergraduate-programme/bachelor-of-arts-in-geography-and-education"
"programme_9202bcdfb98a19bc","nanyang-technological-university","Bachelor of Arts in Geography and Education","PROGRAMME_CODE_REQUIRED","ERROR","https://www.ntu.edu.sg/education/undergraduate-programme/bachelor-of-arts-in-geography-and-education"
"programme_9202bcdfb98a19bc","nanyang-technological-university","Bachelor of Arts in Geography and Education","SUBJECT_CATEGORY_REQUIRED","ERROR","https://www.ntu.edu.sg/education/undergraduate-programme/bachelor-of-arts-in-geography-and-education"
"programme_9202bcdfb98a19bc","nanyang-technological-university","Bachelor of Arts in Geography and Education","SLUG_REQUIRED","ERROR","https://www.ntu.edu.sg/education/undergraduate-programme/bachelor-of-arts-in-geography-and-education"
"programme_5de0cfb5d6d7d148","nanyang-technological-university","Bachelor of Arts in Art and Education","PROGRAMME_CODE_REQUIRED","ERROR","https://www.ntu.edu.sg/admissions/undergraduate/undergraduate-programme/bachelor-of-arts-in-art-and-education"
"programme_5de0cfb5d6d7d148","nanyang-technological-university","Bachelor of Arts in Art and Education","SUBJECT_CATEGORY_REQUIRED","ERROR","https://www.ntu.edu.sg/admissions/undergraduate/undergraduate-programme/bachelor-of-arts-in-art-and-education"
"programme_5de0cfb5d6d7d148","nanyang-technological-university","Bachelor of Arts in Art and Education","SLUG_REQUIRED","ERROR","https://www.ntu.edu.sg/admissions/undergraduate/undergraduate-programme/bachelor-of-arts-in-art-and-education"
"programme_9c212a74cc06ee87","nanyang-technological-university","Bachelor of Arts in Art and Education","PROGRAMME_CODE_REQUIRED","ERROR","https://www.ntu.edu.sg/education/undergraduate-programme/bachelor-of-arts-in-art-and-education"
"programme_9c212a74cc06ee87","nanyang-technological-university","Bachelor of Arts in Art and Education","SUBJECT_CATEGORY_REQUIRED","ERROR","https://www.ntu.edu.sg/education/undergraduate-programme/bachelor-of-arts-in-art-and-education"
"programme_9c212a74cc06ee87","nanyang-technological-university","Bachelor of Arts in Art and Education","SLUG_REQUIRED","ERROR","https://www.ntu.edu.sg/education/undergraduate-programme/bachelor-of-arts-in-art-and-education"
"programme_430c5d4dfaf02a34","nanyang-technological-university","Bachelor of Engineering in Electrical and Electronic Engineering (Part-Time)","PROGRAMME_CODE_REQUIRED","ERROR","https://www.ntu.edu.sg/admissions/undergraduate/undergraduate-programme/bachelor-of-engineering-in-electrical-and-electronic-engineering-(part-time)"
"programme_430c5d4dfaf02a34","nanyang-technological-university","Bachelor of Engineering in Electrical and Electronic Engineering (Part-Time)","SUBJECT_CATEGORY_REQUIRED","ERROR","https://www.ntu.edu.sg/admissions/undergraduate/undergraduate-programme/bachelor-of-engineering-in-electrical-and-electronic-engineering-(part-time)"
"programme_430c5d4dfaf02a34","nanyang-technological-university","Bachelor of Engineering in Electrical and Electronic Engineering (Part-Time)","SLUG_REQUIRED","ERROR","https://www.ntu.edu.sg/admissions/undergraduate/undergraduate-programme/bachelor-of-engineering-in-electrical-and-electronic-engineering-(part-time)"
"programme_e54872c48888e45b","nanyang-technological-university","Bachelor of Engineering in Electrical and Electronic Engineering (Part-Time)","PROGRAMME_CODE_REQUIRED","ERROR","https://www.ntu.edu.sg/education/undergraduate-programme/bachelor-of-engineering-in-electrical-and-electronic-engineering-(part-time)"
"programme_e54872c48888e45b","nanyang-technological-university","Bachelor of Engineering in Electrical and Electronic Engineering (Part-Time)","SUBJECT_CATEGORY_REQUIRED","ERROR","https://www.ntu.edu.sg/education/undergraduate-programme/bachelor-of-engineering-in-electrical-and-electronic-engineering-(part-time)"
"programme_e54872c48888e45b","nanyang-technological-university","Bachelor of Engineering in Electrical and Electronic Engineering (Part-Time)","SLUG_REQUIRED","ERROR","https://www.ntu.edu.sg/education/undergraduate-programme/bachelor-of-engineering-in-electrical-and-electronic-engineering-(part-time)"
"programme_0c323828535995fc","sim-global-education","SINGTEL x SIM AI.DEA (PHASE 1)","PROGRAMME_CODE_REQUIRED","ERROR","https://www.sim.edu.sg/professional-development/courses/course-listing/ai-dea-phase-1"
"programme_0c323828535995fc","sim-global-education","SINGTEL x SIM AI.DEA (PHASE 1)","SUBJECT_CATEGORY_REQUIRED","ERROR","https://www.sim.edu.sg/professional-development/courses/course-listing/ai-dea-phase-1"
"programme_0c323828535995fc","sim-global-education","SINGTEL x SIM AI.DEA (PHASE 1)","SLUG_REQUIRED","ERROR","https://www.sim.edu.sg/professional-development/courses/course-listing/ai-dea-phase-1"
"programme_0763bd3110886c1b","sim-global-education","SINGTEL x SIM ACADEMY TIKTOK MASTERCLASS","PROGRAMME_CODE_REQUIRED","ERROR","https://www.sim.edu.sg/professional-development/courses/course-listing/tiktok-masterclass-695cc6a0cac5ac4a68ce6a67d4f7f8f9"
"programme_0763bd3110886c1b","sim-global-education","SINGTEL x SIM ACADEMY TIKTOK MASTERCLASS","SUBJECT_CATEGORY_REQUIRED","ERROR","https://www.sim.edu.sg/professional-development/courses/course-listing/tiktok-masterclass-695cc6a0cac5ac4a68ce6a67d4f7f8f9"
"programme_0763bd3110886c1b","sim-global-education","SINGTEL x SIM ACADEMY TIKTOK MASTERCLASS","SLUG_REQUIRED","ERROR","https://www.sim.edu.sg/professional-development/courses/course-listing/tiktok-masterclass-695cc6a0cac5ac4a68ce6a67d4f7f8f9"
"programme_d97629371c7d4f55","sim-global-education","Bachelors Degrees","PROGRAMME_CODE_REQUIRED","ERROR","https://www.sim.edu.sg/degrees-diplomas/programmes/academic-levels/bachelor"
"programme_d97629371c7d4f55","sim-global-education","Bachelors Degrees","SUBJECT_CATEGORY_REQUIRED","ERROR","https://www.sim.edu.sg/degrees-diplomas/programmes/academic-levels/bachelor"
"programme_d97629371c7d4f55","sim-global-education","Bachelors Degrees","SLUG_REQUIRED","ERROR","https://www.sim.edu.sg/degrees-diplomas/programmes/academic-levels/bachelor"
"programme_8da09c609cb67384","sim-global-education","Diploma Courses","PROGRAMME_CODE_REQUIRED","ERROR","https://www.sim.edu.sg/degrees-diplomas/programmes/academic-levels/diploma"
"programme_8da09c609cb67384","sim-global-education","Diploma Courses","SUBJECT_CATEGORY_REQUIRED","ERROR","https://www.sim.edu.sg/degrees-diplomas/programmes/academic-levels/diploma"
"programme_8da09c609cb67384","sim-global-education","Diploma Courses","SLUG_REQUIRED","ERROR","https://www.sim.edu.sg/degrees-diplomas/programmes/academic-levels/diploma"
"programme_655e2d88f61b3b5f","sp-jain-singapore","Bachelor of Business Administration","PROGRAMME_CODE_REQUIRED","ERROR","https://www.spjain.sg/programs/undergraduate/bba"
"programme_655e2d88f61b3b5f","sp-jain-singapore","Bachelor of Business Administration","SUBJECT_CATEGORY_REQUIRED","ERROR","https://www.spjain.sg/programs/undergraduate/bba"
"programme_655e2d88f61b3b5f","sp-jain-singapore","Bachelor of Business Administration","SLUG_REQUIRED","ERROR","https://www.spjain.sg/programs/undergraduate/bba"
"programme_0804c0b618eaae15","sp-jain-singapore","Bachelor of Data Science","PROGRAMME_CODE_REQUIRED","ERROR","https://www.spjain.sg/programs/undergraduate/bachelor-of-data-science"
"programme_0804c0b618eaae15","sp-jain-singapore","Bachelor of Data Science","SUBJECT_CATEGORY_REQUIRED","ERROR","https://www.spjain.sg/programs/undergraduate/bachelor-of-data-science"
"programme_0804c0b618eaae15","sp-jain-singapore","Bachelor of Data Science","SLUG_REQUIRED","ERROR","https://www.spjain.sg/programs/undergraduate/bachelor-of-data-science"
"programme_dfea3330db4bcb37","sp-jain-singapore","Bachelor of Economics","PROGRAMME_CODE_REQUIRED","ERROR","https://www.spjain.sg/programs/undergraduate/bachelor-of-economics"
"programme_dfea3330db4bcb37","sp-jain-singapore","Bachelor of Economics","SUBJECT_CATEGORY_REQUIRED","ERROR","https://www.spjain.sg/programs/undergraduate/bachelor-of-economics"
"programme_dfea3330db4bcb37","sp-jain-singapore","Bachelor of Economics","SLUG_REQUIRED","ERROR","https://www.spjain.sg/programs/undergraduate/bachelor-of-economics"
"programme_eb5cc3c7242a8c04","sp-jain-singapore","BACHELOR OF BUSINESS ADMINISTRATION","PROGRAMME_CODE_REQUIRED","ERROR","https://www.spjain.sg/programs/undergraduate/bba/fees"
"programme_eb5cc3c7242a8c04","sp-jain-singapore","BACHELOR OF BUSINESS ADMINISTRATION","SUBJECT_CATEGORY_REQUIRED","ERROR","https://www.spjain.sg/programs/undergraduate/bba/fees"
"programme_eb5cc3c7242a8c04","sp-jain-singapore","BACHELOR OF BUSINESS ADMINISTRATION","SLUG_REQUIRED","ERROR","https://www.spjain.sg/programs/undergraduate/bba/fees"
"programme_1f4021bbdaf52878","sp-jain-singapore","BACHELOR OF BUSINESS ADMINISTRATION","PROGRAMME_CODE_REQUIRED","ERROR","https://www.spjain.sg/programs/undergraduate/bba/flexible-learning-options/are-you-a-year-2-3-transfer-student"
"programme_1f4021bbdaf52878","sp-jain-singapore","BACHELOR OF BUSINESS ADMINISTRATION","SUBJECT_CATEGORY_REQUIRED","ERROR","https://www.spjain.sg/programs/undergraduate/bba/flexible-learning-options/are-you-a-year-2-3-transfer-student"
"programme_1f4021bbdaf52878","sp-jain-singapore","BACHELOR OF BUSINESS ADMINISTRATION","SLUG_REQUIRED","ERROR","https://www.spjain.sg/programs/undergraduate/bba/flexible-learning-options/are-you-a-year-2-3-transfer-student"
"programme_04028b50082ca7b8","sp-jain-singapore","Bachelor of Business Administration","PROGRAMME_CODE_REQUIRED","ERROR","https://www.spjain.sg/programs/undergraduate/open-day"
"programme_04028b50082ca7b8","sp-jain-singapore","Bachelor of Business Administration","SUBJECT_CATEGORY_REQUIRED","ERROR","https://www.spjain.sg/programs/undergraduate/open-day"
"programme_04028b50082ca7b8","sp-jain-singapore","Bachelor of Business Administration","SLUG_REQUIRED","ERROR","https://www.spjain.sg/programs/undergraduate/open-day"
"programme_7199334475a37265","sp-jain-singapore","BACHELOR OF DATA SCIENCE: Why SP Jain","PROGRAMME_CODE_REQUIRED","ERROR","https://www.spjain.sg/programs/undergraduate/bachelor-of-data-science/why-spjain"
"programme_7199334475a37265","sp-jain-singapore","BACHELOR OF DATA SCIENCE: Why SP Jain","SUBJECT_CATEGORY_REQUIRED","ERROR","https://www.spjain.sg/programs/undergraduate/bachelor-of-data-science/why-spjain"
"programme_7199334475a37265","sp-jain-singapore","BACHELOR OF DATA SCIENCE: Why SP Jain","SLUG_REQUIRED","ERROR","https://www.spjain.sg/programs/undergraduate/bachelor-of-data-science/why-spjain"
"programme_6742529973e8e4f6","sp-jain-singapore","Bachelor of Data Science: Student Learning Outcomes","PROGRAMME_CODE_REQUIRED","ERROR","https://www.spjain.sg/programs/undergraduate/bachelor-of-data-science/academics/learning-outcomes"
"programme_6742529973e8e4f6","sp-jain-singapore","Bachelor of Data Science: Student Learning Outcomes","SUBJECT_CATEGORY_REQUIRED","ERROR","https://www.spjain.sg/programs/undergraduate/bachelor-of-data-science/academics/learning-outcomes"
"programme_6742529973e8e4f6","sp-jain-singapore","Bachelor of Data Science: Student Learning Outcomes","SLUG_REQUIRED","ERROR","https://www.spjain.sg/programs/undergraduate/bachelor-of-data-science/academics/learning-outcomes"
"programme_1b5cd92617b80e97","sp-jain-singapore","Bachelor of Data Science: Program Structure & Curriculum","PROGRAMME_CODE_REQUIRED","ERROR","https://www.spjain.sg/programs/undergraduate/bachelor-of-data-science/academics/program-structure"
"programme_1b5cd92617b80e97","sp-jain-singapore","Bachelor of Data Science: Program Structure & Curriculum","SUBJECT_CATEGORY_REQUIRED","ERROR","https://www.spjain.sg/programs/undergraduate/bachelor-of-data-science/academics/program-structure"
"programme_1b5cd92617b80e97","sp-jain-singapore","Bachelor of Data Science: Program Structure & Curriculum","SLUG_REQUIRED","ERROR","https://www.spjain.sg/programs/undergraduate/bachelor-of-data-science/academics/program-structure"
"programme_d149909686c2a741","sp-jain-singapore","Bachelor of Data Science: Meet Our Faculty","PROGRAMME_CODE_REQUIRED","ERROR","https://www.spjain.sg/programs/undergraduate/bachelor-of-data-science/academics/faculty"
"programme_d149909686c2a741","sp-jain-singapore","Bachelor of Data Science: Meet Our Faculty","SUBJECT_CATEGORY_REQUIRED","ERROR","https://www.spjain.sg/programs/undergraduate/bachelor-of-data-science/academics/faculty"
"programme_d149909686c2a741","sp-jain-singapore","Bachelor of Data Science: Meet Our Faculty","SLUG_REQUIRED","ERROR","https://www.spjain.sg/programs/undergraduate/bachelor-of-data-science/academics/faculty"
"programme_cc63a1e7b35bbd53","sp-jain-singapore","Bachelor of Data Science: Fee Structure","PROGRAMME_CODE_REQUIRED","ERROR","https://www.spjain.sg/programs/undergraduate/bachelor-of-data-science/fees"
"programme_cc63a1e7b35bbd53","sp-jain-singapore","Bachelor of Data Science: Fee Structure","SUBJECT_CATEGORY_REQUIRED","ERROR","https://www.spjain.sg/programs/undergraduate/bachelor-of-data-science/fees"
"programme_cc63a1e7b35bbd53","sp-jain-singapore","Bachelor of Data Science: Fee Structure","SLUG_REQUIRED","ERROR","https://www.spjain.sg/programs/undergraduate/bachelor-of-data-science/fees"
"programme_91357324e8467b94","sp-jain-singapore","BACHELOR OF DATA SCIENCE","PROGRAMME_CODE_REQUIRED","ERROR","https://www.spjain.sg/programs/undergraduate/bachelor-of-data-science/students/student-achievements"
"programme_91357324e8467b94","sp-jain-singapore","BACHELOR OF DATA SCIENCE","SUBJECT_CATEGORY_REQUIRED","ERROR","https://www.spjain.sg/programs/undergraduate/bachelor-of-data-science/students/student-achievements"
"programme_91357324e8467b94","sp-jain-singapore","BACHELOR OF DATA SCIENCE","SLUG_REQUIRED","ERROR","https://www.spjain.sg/programs/undergraduate/bachelor-of-data-science/students/student-achievements"
"programme_fefbcdc32076a8a4","sp-jain-singapore","Bachelor of Data Science: Student Life at SP Jain","PROGRAMME_CODE_REQUIRED","ERROR","https://www.spjain.sg/programs/undergraduate/bachelor-of-data-science/students/student-life"
"programme_fefbcdc32076a8a4","sp-jain-singapore","Bachelor of Data Science: Student Life at SP Jain","SUBJECT_CATEGORY_REQUIRED","ERROR","https://www.spjain.sg/programs/undergraduate/bachelor-of-data-science/students/student-life"
"programme_fefbcdc32076a8a4","sp-jain-singapore","Bachelor of Data Science: Student Life at SP Jain","SLUG_REQUIRED","ERROR","https://www.spjain.sg/programs/undergraduate/bachelor-of-data-science/students/student-life"
"programme_bc0c6967b967a67f","sp-jain-singapore","Bachelor of Data Science: Boost Your Career Potential","PROGRAMME_CODE_REQUIRED","ERROR","https://www.spjain.sg/programs/undergraduate/bachelor-of-data-science/students/careers"
"programme_bc0c6967b967a67f","sp-jain-singapore","Bachelor of Data Science: Boost Your Career Potential","SUBJECT_CATEGORY_REQUIRED","ERROR","https://www.spjain.sg/programs/undergraduate/bachelor-of-data-science/students/careers"
"programme_bc0c6967b967a67f","sp-jain-singapore","Bachelor of Data Science: Boost Your Career Potential","SLUG_REQUIRED","ERROR","https://www.spjain.sg/programs/undergraduate/bachelor-of-data-science/students/careers"
"programme_c51c719bf63b088b","sp-jain-singapore","BACHELOR OF ECONOMICS","PROGRAMME_CODE_REQUIRED","ERROR","https://www.spjain.sg/programs/undergraduate/bec/academics/learning-outcomes"
"programme_c51c719bf63b088b","sp-jain-singapore","BACHELOR OF ECONOMICS","SUBJECT_CATEGORY_REQUIRED","ERROR","https://www.spjain.sg/programs/undergraduate/bec/academics/learning-outcomes"
"programme_c51c719bf63b088b","sp-jain-singapore","BACHELOR OF ECONOMICS","SLUG_REQUIRED","ERROR","https://www.spjain.sg/programs/undergraduate/bec/academics/learning-outcomes"
"programme_8593839e942c52e4","swinburne-university-of-technology","Bachelor of Arts","PROGRAMME_CODE_REQUIRED","ERROR","https://www.swinburne.edu.au/course/undergraduate/bachelor-of-arts/"
"programme_8593839e942c52e4","swinburne-university-of-technology","Bachelor of Arts","SUBJECT_CATEGORY_REQUIRED","ERROR","https://www.swinburne.edu.au/course/undergraduate/bachelor-of-arts/"
"programme_8593839e942c52e4","swinburne-university-of-technology","Bachelor of Arts","SLUG_REQUIRED","ERROR","https://www.swinburne.edu.au/course/undergraduate/bachelor-of-arts/"
"programme_79ecfdc0e6ca4c59","swinburne-university-of-technology","Bachelor of Arts/Bachelor of Applied Innovation","PROGRAMME_CODE_REQUIRED","ERROR","https://www.swinburne.edu.au/course/undergraduate/bachelor-of-arts-bachelor-of-applied-innovation/"
"programme_79ecfdc0e6ca4c59","swinburne-university-of-technology","Bachelor of Arts/Bachelor of Applied Innovation","SUBJECT_CATEGORY_REQUIRED","ERROR","https://www.swinburne.edu.au/course/undergraduate/bachelor-of-arts-bachelor-of-applied-innovation/"
"programme_79ecfdc0e6ca4c59","swinburne-university-of-technology","Bachelor of Arts/Bachelor of Applied Innovation","SLUG_REQUIRED","ERROR","https://www.swinburne.edu.au/course/undergraduate/bachelor-of-arts-bachelor-of-applied-innovation/"
"programme_f8dd33b9995bc878","swinburne-university-of-technology","Bachelor of Arts/Bachelor of Business","PROGRAMME_CODE_REQUIRED","ERROR","https://www.swinburne.edu.au/course/undergraduate/bachelor-of-arts-bachelor-of-business/"
"programme_f8dd33b9995bc878","swinburne-university-of-technology","Bachelor of Arts/Bachelor of Business","SUBJECT_CATEGORY_REQUIRED","ERROR","https://www.swinburne.edu.au/course/undergraduate/bachelor-of-arts-bachelor-of-business/"
"programme_f8dd33b9995bc878","swinburne-university-of-technology","Bachelor of Arts/Bachelor of Business","SLUG_REQUIRED","ERROR","https://www.swinburne.edu.au/course/undergraduate/bachelor-of-arts-bachelor-of-business/"
"programme_3eb31dd18ce6d4e1","swinburne-university-of-technology","Bachelor of Arts/Bachelor of Psychological Sciences","PROGRAMME_CODE_REQUIRED","ERROR","https://www.swinburne.edu.au/course/undergraduate/bachelor-of-arts-bachelor-of-psychological-sciences/"
"programme_3eb31dd18ce6d4e1","swinburne-university-of-technology","Bachelor of Arts/Bachelor of Psychological Sciences","SUBJECT_CATEGORY_REQUIRED","ERROR","https://www.swinburne.edu.au/course/undergraduate/bachelor-of-arts-bachelor-of-psychological-sciences/"
"programme_3eb31dd18ce6d4e1","swinburne-university-of-technology","Bachelor of Arts/Bachelor of Psychological Sciences","SLUG_REQUIRED","ERROR","https://www.swinburne.edu.au/course/undergraduate/bachelor-of-arts-bachelor-of-psychological-sciences/"
"programme_7c0df784ac4327f7","swinburne-university-of-technology","Bachelor of Laws/Bachelor of Arts","PROGRAMME_CODE_REQUIRED","ERROR","https://www.swinburne.edu.au/course/undergraduate/bachelor-of-laws-bachelor-of-arts/"
"programme_7c0df784ac4327f7","swinburne-university-of-technology","Bachelor of Laws/Bachelor of Arts","SUBJECT_CATEGORY_REQUIRED","ERROR","https://www.swinburne.edu.au/course/undergraduate/bachelor-of-laws-bachelor-of-arts/"
"programme_7c0df784ac4327f7","swinburne-university-of-technology","Bachelor of Laws/Bachelor of Arts","SLUG_REQUIRED","ERROR","https://www.swinburne.edu.au/course/undergraduate/bachelor-of-laws-bachelor-of-arts/"
"programme_4b958b7c86056149","swinburne-university-of-technology","Bachelor of Arts/Bachelor of Science","PROGRAMME_CODE_REQUIRED","ERROR","https://www.swinburne.edu.au/course/undergraduate/bachelor-of-arts-bachelor-of-science/"
"programme_4b958b7c86056149","swinburne-university-of-technology","Bachelor of Arts/Bachelor of Science","SUBJECT_CATEGORY_REQUIRED","ERROR","https://www.swinburne.edu.au/course/undergraduate/bachelor-of-arts-bachelor-of-science/"
"programme_4b958b7c86056149","swinburne-university-of-technology","Bachelor of Arts/Bachelor of Science","SLUG_REQUIRED","ERROR","https://www.swinburne.edu.au/course/undergraduate/bachelor-of-arts-bachelor-of-science/"
"programme_6b4f7a399029666e","swinburne-university-of-technology","Bachelor of Arts","PROGRAMME_CODE_REQUIRED","ERROR","https://www.swinburne.edu.au/course/undergraduate/bachelor-of-arts/climate-and-social-justice/"
"programme_6b4f7a399029666e","swinburne-university-of-technology","Bachelor of Arts","SUBJECT_CATEGORY_REQUIRED","ERROR","https://www.swinburne.edu.au/course/undergraduate/bachelor-of-arts/climate-and-social-justice/"
"programme_6b4f7a399029666e","swinburne-university-of-technology","Bachelor of Arts","SLUG_REQUIRED","ERROR","https://www.swinburne.edu.au/course/undergraduate/bachelor-of-arts/climate-and-social-justice/"
"programme_9fdb05ba49e9c76e","swinburne-university-of-technology","Bachelor of Arts","PROGRAMME_CODE_REQUIRED","ERROR","https://www.swinburne.edu.au/course/undergraduate/bachelor-of-arts/criminology-and-social-change/"
"programme_9fdb05ba49e9c76e","swinburne-university-of-technology","Bachelor of Arts","SUBJECT_CATEGORY_REQUIRED","ERROR","https://www.swinburne.edu.au/course/undergraduate/bachelor-of-arts/criminology-and-social-change/"
"programme_9fdb05ba49e9c76e","swinburne-university-of-technology","Bachelor of Arts","SLUG_REQUIRED","ERROR","https://www.swinburne.edu.au/course/undergraduate/bachelor-of-arts/criminology-and-social-change/"
"programme_d36882008256a2e4","swinburne-university-of-technology","Bachelor of Arts","PROGRAMME_CODE_REQUIRED","ERROR","https://www.swinburne.edu.au/course/undergraduate/bachelor-of-arts/ethics-and-technology/"
"programme_d36882008256a2e4","swinburne-university-of-technology","Bachelor of Arts","SUBJECT_CATEGORY_REQUIRED","ERROR","https://www.swinburne.edu.au/course/undergraduate/bachelor-of-arts/ethics-and-technology/"
"programme_d36882008256a2e4","swinburne-university-of-technology","Bachelor of Arts","SLUG_REQUIRED","ERROR","https://www.swinburne.edu.au/course/undergraduate/bachelor-of-arts/ethics-and-technology/"
"programme_f1f2ab70b4572d97","swinburne-university-of-technology","Bachelor of Arts","PROGRAMME_CODE_REQUIRED","ERROR","https://www.swinburne.edu.au/course/undergraduate/bachelor-of-arts/indigenous-studies/"
"programme_f1f2ab70b4572d97","swinburne-university-of-technology","Bachelor of Arts","SUBJECT_CATEGORY_REQUIRED","ERROR","https://www.swinburne.edu.au/course/undergraduate/bachelor-of-arts/indigenous-studies/"
"programme_f1f2ab70b4572d97","swinburne-university-of-technology","Bachelor of Arts","SLUG_REQUIRED","ERROR","https://www.swinburne.edu.au/course/undergraduate/bachelor-of-arts/indigenous-studies/"
"programme_9ad655e2deb36104","swinburne-university-of-technology","Bachelor of Arts","PROGRAMME_CODE_REQUIRED","ERROR","https://www.swinburne.edu.au/course/undergraduate/bachelor-of-arts/literature-and-creative-writing/"
"programme_9ad655e2deb36104","swinburne-university-of-technology","Bachelor of Arts","SUBJECT_CATEGORY_REQUIRED","ERROR","https://www.swinburne.edu.au/course/undergraduate/bachelor-of-arts/literature-and-creative-writing/"
"programme_9ad655e2deb36104","swinburne-university-of-technology","Bachelor of Arts","SLUG_REQUIRED","ERROR","https://www.swinburne.edu.au/course/undergraduate/bachelor-of-arts/literature-and-creative-writing/"
"programme_b9e4be5b9b18b74a","swinburne-university-of-technology","Bachelor of Arts","PROGRAMME_CODE_REQUIRED","ERROR","https://www.swinburne.edu.au/course/undergraduate/bachelor-of-arts/perspectives-on-globalisation/"
"programme_b9e4be5b9b18b74a","swinburne-university-of-technology","Bachelor of Arts","SUBJECT_CATEGORY_REQUIRED","ERROR","https://www.swinburne.edu.au/course/undergraduate/bachelor-of-arts/perspectives-on-globalisation/"
"programme_b9e4be5b9b18b74a","swinburne-university-of-technology","Bachelor of Arts","SLUG_REQUIRED","ERROR","https://www.swinburne.edu.au/course/undergraduate/bachelor-of-arts/perspectives-on-globalisation/"
"programme_6790fd755b9dbf8d","swinburne-university-of-technology","Bachelor of Arts","PROGRAMME_CODE_REQUIRED","ERROR","https://www.swinburne.edu.au/course/undergraduate/bachelor-of-arts/politics-power-and-technology/"
"programme_6790fd755b9dbf8d","swinburne-university-of-technology","Bachelor of Arts","SUBJECT_CATEGORY_REQUIRED","ERROR","https://www.swinburne.edu.au/course/undergraduate/bachelor-of-arts/politics-power-and-technology/"
"programme_6790fd755b9dbf8d","swinburne-university-of-technology","Bachelor of Arts","SLUG_REQUIRED","ERROR","https://www.swinburne.edu.au/course/undergraduate/bachelor-of-arts/politics-power-and-technology/"
"programme_390defbe7c8d6f6b","swinburne-university-of-technology","Bachelor of Arts","PROGRAMME_CODE_REQUIRED","ERROR","https://www.swinburne.edu.au/course/undergraduate/bachelor-of-arts/screen-studies-and-popular-culture/"
"programme_390defbe7c8d6f6b","swinburne-university-of-technology","Bachelor of Arts","SUBJECT_CATEGORY_REQUIRED","ERROR","https://www.swinburne.edu.au/course/undergraduate/bachelor-of-arts/screen-studies-and-popular-culture/"
"programme_390defbe7c8d6f6b","swinburne-university-of-technology","Bachelor of Arts","SLUG_REQUIRED","ERROR","https://www.swinburne.edu.au/course/undergraduate/bachelor-of-arts/screen-studies-and-popular-culture/"
"programme_f81afe012811cf83","swinburne-university-of-technology","Bachelor of Arts","PROGRAMME_CODE_REQUIRED","ERROR","https://www.swinburne.edu.au/course/undergraduate/bachelor-of-arts/handbook/"
"programme_f81afe012811cf83","swinburne-university-of-technology","Bachelor of Arts","SUBJECT_CATEGORY_REQUIRED","ERROR","https://www.swinburne.edu.au/course/undergraduate/bachelor-of-arts/handbook/"
"programme_f81afe012811cf83","swinburne-university-of-technology","Bachelor of Arts","SLUG_REQUIRED","ERROR","https://www.swinburne.edu.au/course/undergraduate/bachelor-of-arts/handbook/"
"programme_858e8191ab46f56c","swinburne-university-of-technology","Bachelor of Health Science/Bachelor of Arts","PROGRAMME_CODE_REQUIRED","ERROR","https://www.swinburne.edu.au/course/undergraduate/bachelor-of-health-science-bachelor-of-arts/"
"programme_858e8191ab46f56c","swinburne-university-of-technology","Bachelor of Health Science/Bachelor of Arts","SUBJECT_CATEGORY_REQUIRED","ERROR","https://www.swinburne.edu.au/course/undergraduate/bachelor-of-health-science-bachelor-of-arts/"
"programme_858e8191ab46f56c","swinburne-university-of-technology","Bachelor of Health Science/Bachelor of Arts","SLUG_REQUIRED","ERROR","https://www.swinburne.edu.au/course/undergraduate/bachelor-of-health-science-bachelor-of-arts/"
"programme_54758deb4490faa1","swinburne-university-of-technology","Bachelor of Engineering (Honours)/ Bachelor of Arts","PROGRAMME_CODE_REQUIRED","ERROR","https://www.swinburne.edu.au/course/undergraduate/bachelor-of-engineering-honours-bachelor-of-arts/"
"programme_54758deb4490faa1","swinburne-university-of-technology","Bachelor of Engineering (Honours)/ Bachelor of Arts","SUBJECT_CATEGORY_REQUIRED","ERROR","https://www.swinburne.edu.au/course/undergraduate/bachelor-of-engineering-honours-bachelor-of-arts/"
"programme_54758deb4490faa1","swinburne-university-of-technology","Bachelor of Engineering (Honours)/ Bachelor of Arts","SLUG_REQUIRED","ERROR","https://www.swinburne.edu.au/course/undergraduate/bachelor-of-engineering-honours-bachelor-of-arts/"
"programme_c544d2628e6a3a6d","swinburne-university-of-technology","Bachelor of Media and Communication","PROGRAMME_CODE_REQUIRED","ERROR","https://www.swinburne.edu.au/course/undergraduate/bachelor-of-media-and-communication/"
"programme_c544d2628e6a3a6d","swinburne-university-of-technology","Bachelor of Media and Communication","SUBJECT_CATEGORY_REQUIRED","ERROR","https://www.swinburne.edu.au/course/undergraduate/bachelor-of-media-and-communication/"
"programme_c544d2628e6a3a6d","swinburne-university-of-technology","Bachelor of Media and Communication","SLUG_REQUIRED","ERROR","https://www.swinburne.edu.au/course/undergraduate/bachelor-of-media-and-communication/"
"programme_5bccf35cec223829","swinburne-university-of-technology","Bachelor of Criminal Justice and Criminology","PROGRAMME_CODE_REQUIRED","ERROR","https://www.swinburne.edu.au/course/undergraduate/bachelor-of-criminal-justice-and-criminology/"
"programme_5bccf35cec223829","swinburne-university-of-technology","Bachelor of Criminal Justice and Criminology","SUBJECT_CATEGORY_REQUIRED","ERROR","https://www.swinburne.edu.au/course/undergraduate/bachelor-of-criminal-justice-and-criminology/"
"programme_5bccf35cec223829","swinburne-university-of-technology","Bachelor of Criminal Justice and Criminology","SLUG_REQUIRED","ERROR","https://www.swinburne.edu.au/course/undergraduate/bachelor-of-criminal-justice-and-criminology/"
"programme_7fdefeec4d224038","swinburne-university-of-technology","Bachelor of Business","PROGRAMME_CODE_REQUIRED","ERROR","https://www.swinburne.edu.au/course/undergraduate/bachelor-of-business/"
"programme_7fdefeec4d224038","swinburne-university-of-technology","Bachelor of Business","SUBJECT_CATEGORY_REQUIRED","ERROR","https://www.swinburne.edu.au/course/undergraduate/bachelor-of-business/"
"programme_7fdefeec4d224038","swinburne-university-of-technology","Bachelor of Business","SLUG_REQUIRED","ERROR","https://www.swinburne.edu.au/course/undergraduate/bachelor-of-business/"
"programme_2592b5188534aa87","swinburne-university-of-technology","Bachelor of Arts/Bachelor of Applied Innovation","PROGRAMME_CODE_REQUIRED","ERROR","https://www.swinburne.edu.au/course/undergraduate/bachelor-of-arts-bachelor-of-applied-innovation/climate-and-social-justice/"
"programme_2592b5188534aa87","swinburne-university-of-technology","Bachelor of Arts/Bachelor of Applied Innovation","SUBJECT_CATEGORY_REQUIRED","ERROR","https://www.swinburne.edu.au/course/undergraduate/bachelor-of-arts-bachelor-of-applied-innovation/climate-and-social-justice/"
"programme_2592b5188534aa87","swinburne-university-of-technology","Bachelor of Arts/Bachelor of Applied Innovation","SLUG_REQUIRED","ERROR","https://www.swinburne.edu.au/course/undergraduate/bachelor-of-arts-bachelor-of-applied-innovation/climate-and-social-justice/"
"programme_67c0a0512dc2b55b","swinburne-university-of-technology","Bachelor of Arts/Bachelor of Applied Innovation","PROGRAMME_CODE_REQUIRED","ERROR","https://www.swinburne.edu.au/course/undergraduate/bachelor-of-arts-bachelor-of-applied-innovation/criminology-and-social-change/"
"programme_67c0a0512dc2b55b","swinburne-university-of-technology","Bachelor of Arts/Bachelor of Applied Innovation","SUBJECT_CATEGORY_REQUIRED","ERROR","https://www.swinburne.edu.au/course/undergraduate/bachelor-of-arts-bachelor-of-applied-innovation/criminology-and-social-change/"
"programme_67c0a0512dc2b55b","swinburne-university-of-technology","Bachelor of Arts/Bachelor of Applied Innovation","SLUG_REQUIRED","ERROR","https://www.swinburne.edu.au/course/undergraduate/bachelor-of-arts-bachelor-of-applied-innovation/criminology-and-social-change/"
"programme_0868c86bcedaa166","swinburne-university-of-technology","Bachelor of Arts/Bachelor of Applied Innovation","PROGRAMME_CODE_REQUIRED","ERROR","https://www.swinburne.edu.au/course/undergraduate/bachelor-of-arts-bachelor-of-applied-innovation/ethics-and-technology/"
"programme_0868c86bcedaa166","swinburne-university-of-technology","Bachelor of Arts/Bachelor of Applied Innovation","SUBJECT_CATEGORY_REQUIRED","ERROR","https://www.swinburne.edu.au/course/undergraduate/bachelor-of-arts-bachelor-of-applied-innovation/ethics-and-technology/"
"programme_0868c86bcedaa166","swinburne-university-of-technology","Bachelor of Arts/Bachelor of Applied Innovation","SLUG_REQUIRED","ERROR","https://www.swinburne.edu.au/course/undergraduate/bachelor-of-arts-bachelor-of-applied-innovation/ethics-and-technology/"
"programme_76d360b3e25bf98c","swinburne-university-of-technology","Bachelor of Arts/Bachelor of Applied Innovation","PROGRAMME_CODE_REQUIRED","ERROR","https://www.swinburne.edu.au/course/undergraduate/bachelor-of-arts-bachelor-of-applied-innovation/indigenous-studies/"
"programme_76d360b3e25bf98c","swinburne-university-of-technology","Bachelor of Arts/Bachelor of Applied Innovation","SUBJECT_CATEGORY_REQUIRED","ERROR","https://www.swinburne.edu.au/course/undergraduate/bachelor-of-arts-bachelor-of-applied-innovation/indigenous-studies/"
"programme_76d360b3e25bf98c","swinburne-university-of-technology","Bachelor of Arts/Bachelor of Applied Innovation","SLUG_REQUIRED","ERROR","https://www.swinburne.edu.au/course/undergraduate/bachelor-of-arts-bachelor-of-applied-innovation/indigenous-studies/"
"programme_1302dcb60b058a68","swinburne-university-of-technology","Bachelor of Arts/Bachelor of Applied Innovation","PROGRAMME_CODE_REQUIRED","ERROR","https://www.swinburne.edu.au/course/undergraduate/bachelor-of-arts-bachelor-of-applied-innovation/literature-and-creative-writing/"
"programme_1302dcb60b058a68","swinburne-university-of-technology","Bachelor of Arts/Bachelor of Applied Innovation","SUBJECT_CATEGORY_REQUIRED","ERROR","https://www.swinburne.edu.au/course/undergraduate/bachelor-of-arts-bachelor-of-applied-innovation/literature-and-creative-writing/"
"programme_1302dcb60b058a68","swinburne-university-of-technology","Bachelor of Arts/Bachelor of Applied Innovation","SLUG_REQUIRED","ERROR","https://www.swinburne.edu.au/course/undergraduate/bachelor-of-arts-bachelor-of-applied-innovation/literature-and-creative-writing/"
"programme_747afeab26e62254","swinburne-university-of-technology","Bachelor of Arts/Bachelor of Applied Innovation","PROGRAMME_CODE_REQUIRED","ERROR","https://www.swinburne.edu.au/course/undergraduate/bachelor-of-arts-bachelor-of-applied-innovation/perspectives-on-globalisation/"
"programme_747afeab26e62254","swinburne-university-of-technology","Bachelor of Arts/Bachelor of Applied Innovation","SUBJECT_CATEGORY_REQUIRED","ERROR","https://www.swinburne.edu.au/course/undergraduate/bachelor-of-arts-bachelor-of-applied-innovation/perspectives-on-globalisation/"
"programme_747afeab26e62254","swinburne-university-of-technology","Bachelor of Arts/Bachelor of Applied Innovation","SLUG_REQUIRED","ERROR","https://www.swinburne.edu.au/course/undergraduate/bachelor-of-arts-bachelor-of-applied-innovation/perspectives-on-globalisation/"
"programme_cd80a2df31de025b","swinburne-university-of-technology","Bachelor of Arts/Bachelor of Applied Innovation","PROGRAMME_CODE_REQUIRED","ERROR","https://www.swinburne.edu.au/course/undergraduate/bachelor-of-arts-bachelor-of-applied-innovation/screen-studies-and-popular-culture/"
"programme_cd80a2df31de025b","swinburne-university-of-technology","Bachelor of Arts/Bachelor of Applied Innovation","SUBJECT_CATEGORY_REQUIRED","ERROR","https://www.swinburne.edu.au/course/undergraduate/bachelor-of-arts-bachelor-of-applied-innovation/screen-studies-and-popular-culture/"
"programme_cd80a2df31de025b","swinburne-university-of-technology","Bachelor of Arts/Bachelor of Applied Innovation","SLUG_REQUIRED","ERROR","https://www.swinburne.edu.au/course/undergraduate/bachelor-of-arts-bachelor-of-applied-innovation/screen-studies-and-popular-culture/"
"programme_0207a5d3d28dae85","swinburne-university-of-technology","Bachelor of Arts/Bachelor of Applied Innovation","PROGRAMME_CODE_REQUIRED","ERROR","https://www.swinburne.edu.au/course/undergraduate/bachelor-of-arts-bachelor-of-applied-innovation/handbook/"
"programme_0207a5d3d28dae85","swinburne-university-of-technology","Bachelor of Arts/Bachelor of Applied Innovation","SUBJECT_CATEGORY_REQUIRED","ERROR","https://www.swinburne.edu.au/course/undergraduate/bachelor-of-arts-bachelor-of-applied-innovation/handbook/"
"programme_0207a5d3d28dae85","swinburne-university-of-technology","Bachelor of Arts/Bachelor of Applied Innovation","SLUG_REQUIRED","ERROR","https://www.swinburne.edu.au/course/undergraduate/bachelor-of-arts-bachelor-of-applied-innovation/handbook/"
"programme_40c86d399a848075","swinburne-university-of-technology","Bachelor of Arts/Bachelor of Business","PROGRAMME_CODE_REQUIRED","ERROR","https://www.swinburne.edu.au/course/undergraduate/bachelor-of-arts-bachelor-of-business/handbook/"
"programme_40c86d399a848075","swinburne-university-of-technology","Bachelor of Arts/Bachelor of Business","SUBJECT_CATEGORY_REQUIRED","ERROR","https://www.swinburne.edu.au/course/undergraduate/bachelor-of-arts-bachelor-of-business/handbook/"
"programme_40c86d399a848075","swinburne-university-of-technology","Bachelor of Arts/Bachelor of Business","SLUG_REQUIRED","ERROR","https://www.swinburne.edu.au/course/undergraduate/bachelor-of-arts-bachelor-of-business/handbook/"
"programme_8fcbd35e6f605c19","swinburne-university-of-technology","Bachelor of Arts/Bachelor of Psychological Sciences","PROGRAMME_CODE_REQUIRED","ERROR","https://www.swinburne.edu.au/course/undergraduate/bachelor-of-arts-bachelor-of-psychological-sciences/climate-and-social-justice/"
"programme_8fcbd35e6f605c19","swinburne-university-of-technology","Bachelor of Arts/Bachelor of Psychological Sciences","SUBJECT_CATEGORY_REQUIRED","ERROR","https://www.swinburne.edu.au/course/undergraduate/bachelor-of-arts-bachelor-of-psychological-sciences/climate-and-social-justice/"
"programme_8fcbd35e6f605c19","swinburne-university-of-technology","Bachelor of Arts/Bachelor of Psychological Sciences","SLUG_REQUIRED","ERROR","https://www.swinburne.edu.au/course/undergraduate/bachelor-of-arts-bachelor-of-psychological-sciences/climate-and-social-justice/"
"programme_5c3b6f3a1ce26c40","swinburne-university-of-technology","Bachelor of Arts/Bachelor of Psychological Sciences","PROGRAMME_CODE_REQUIRED","ERROR","https://www.swinburne.edu.au/course/undergraduate/bachelor-of-arts-bachelor-of-psychological-sciences/ethics-and-technology/"
"programme_5c3b6f3a1ce26c40","swinburne-university-of-technology","Bachelor of Arts/Bachelor of Psychological Sciences","SUBJECT_CATEGORY_REQUIRED","ERROR","https://www.swinburne.edu.au/course/undergraduate/bachelor-of-arts-bachelor-of-psychological-sciences/ethics-and-technology/"
"programme_5c3b6f3a1ce26c40","swinburne-university-of-technology","Bachelor of Arts/Bachelor of Psychological Sciences","SLUG_REQUIRED","ERROR","https://www.swinburne.edu.au/course/undergraduate/bachelor-of-arts-bachelor-of-psychological-sciences/ethics-and-technology/"
"programme_e95ff6ce5a23c8ee","swinburne-university-of-technology","Bachelor of Arts/Bachelor of Psychological Sciences","PROGRAMME_CODE_REQUIRED","ERROR","https://www.swinburne.edu.au/course/undergraduate/bachelor-of-arts-bachelor-of-psychological-sciences/indigenous-studies/"
"programme_e95ff6ce5a23c8ee","swinburne-university-of-technology","Bachelor of Arts/Bachelor of Psychological Sciences","SUBJECT_CATEGORY_REQUIRED","ERROR","https://www.swinburne.edu.au/course/undergraduate/bachelor-of-arts-bachelor-of-psychological-sciences/indigenous-studies/"
"programme_e95ff6ce5a23c8ee","swinburne-university-of-technology","Bachelor of Arts/Bachelor of Psychological Sciences","SLUG_REQUIRED","ERROR","https://www.swinburne.edu.au/course/undergraduate/bachelor-of-arts-bachelor-of-psychological-sciences/indigenous-studies/"
"programme_b1568cbea2e43bca","swinburne-university-of-technology","Bachelor of Arts/Bachelor of Psychological Sciences","PROGRAMME_CODE_REQUIRED","ERROR","https://www.swinburne.edu.au/course/undergraduate/bachelor-of-arts-bachelor-of-psychological-sciences/literature-and-creative-writing/"
"programme_b1568cbea2e43bca","swinburne-university-of-technology","Bachelor of Arts/Bachelor of Psychological Sciences","SUBJECT_CATEGORY_REQUIRED","ERROR","https://www.swinburne.edu.au/course/undergraduate/bachelor-of-arts-bachelor-of-psychological-sciences/literature-and-creative-writing/"
"programme_b1568cbea2e43bca","swinburne-university-of-technology","Bachelor of Arts/Bachelor of Psychological Sciences","SLUG_REQUIRED","ERROR","https://www.swinburne.edu.au/course/undergraduate/bachelor-of-arts-bachelor-of-psychological-sciences/literature-and-creative-writing/"
"programme_a2ac39ab01e34c98","swinburne-university-of-technology","Bachelor of Arts/Bachelor of Psychological Sciences","PROGRAMME_CODE_REQUIRED","ERROR","https://www.swinburne.edu.au/course/undergraduate/bachelor-of-arts-bachelor-of-psychological-sciences/perspectives-on-globalisation/"
"programme_a2ac39ab01e34c98","swinburne-university-of-technology","Bachelor of Arts/Bachelor of Psychological Sciences","SUBJECT_CATEGORY_REQUIRED","ERROR","https://www.swinburne.edu.au/course/undergraduate/bachelor-of-arts-bachelor-of-psychological-sciences/perspectives-on-globalisation/"
"programme_a2ac39ab01e34c98","swinburne-university-of-technology","Bachelor of Arts/Bachelor of Psychological Sciences","SLUG_REQUIRED","ERROR","https://www.swinburne.edu.au/course/undergraduate/bachelor-of-arts-bachelor-of-psychological-sciences/perspectives-on-globalisation/"
"programme_7acdfbf5620e25c9","tum-asia","Bachelor of Engineering in Chemical Engineering","PROGRAMME_CODE_REQUIRED","ERROR","https://tum-asia.edu.sg/undergraduate-studies/chemical-engineering/"
"programme_7acdfbf5620e25c9","tum-asia","Bachelor of Engineering in Chemical Engineering","SUBJECT_CATEGORY_REQUIRED","ERROR","https://tum-asia.edu.sg/undergraduate-studies/chemical-engineering/"
"programme_7acdfbf5620e25c9","tum-asia","Bachelor of Engineering in Chemical Engineering","SLUG_REQUIRED","ERROR","https://tum-asia.edu.sg/undergraduate-studies/chemical-engineering/"
"programme_94d4d876f6bd53ae","tum-asia","Bachelor of Engineering in Electronics and Data Engineering","PROGRAMME_CODE_REQUIRED","ERROR","https://tum-asia.edu.sg/undergraduate-studies/electronics-and-data-engineering/"
"programme_94d4d876f6bd53ae","tum-asia","Bachelor of Engineering in Electronics and Data Engineering","SUBJECT_CATEGORY_REQUIRED","ERROR","https://tum-asia.edu.sg/undergraduate-studies/electronics-and-data-engineering/"
"programme_94d4d876f6bd53ae","tum-asia","Bachelor of Engineering in Electronics and Data Engineering","SLUG_REQUIRED","ERROR","https://tum-asia.edu.sg/undergraduate-studies/electronics-and-data-engineering/"
"programme_3d9ac9aa7fc76084","tum-asia","Bachelor of Engineering in Chemical Engineering","PROGRAMME_CODE_REQUIRED","ERROR","https://tum-asia.edu.sg/cn/undergraduate-studies/chemical-engineering/"
"programme_3d9ac9aa7fc76084","tum-asia","Bachelor of Engineering in Chemical Engineering","SUBJECT_CATEGORY_REQUIRED","ERROR","https://tum-asia.edu.sg/cn/undergraduate-studies/chemical-engineering/"
"programme_3d9ac9aa7fc76084","tum-asia","Bachelor of Engineering in Chemical Engineering","SLUG_REQUIRED","ERROR","https://tum-asia.edu.sg/cn/undergraduate-studies/chemical-engineering/"
"programme_f2b88e818863d5e0","tum-asia","Bachelor of Engineering in Electronics and Data Engineering","PROGRAMME_CODE_REQUIRED","ERROR","https://tum-asia.edu.sg/cn/undergraduate-studies/electronics-and-data-engineering/"
"programme_f2b88e818863d5e0","tum-asia","Bachelor of Engineering in Electronics and Data Engineering","SUBJECT_CATEGORY_REQUIRED","ERROR","https://tum-asia.edu.sg/cn/undergraduate-studies/electronics-and-data-engineering/"
"programme_f2b88e818863d5e0","tum-asia","Bachelor of Engineering in Electronics and Data Engineering","SLUG_REQUIRED","ERROR","https://tum-asia.edu.sg/cn/undergraduate-studies/electronics-and-data-engineering/"
"programme_5c1664afc69ae3ba","university-of-birmingham","Geotechnical Engineering MSc","PROGRAMME_CODE_REQUIRED","ERROR","https://www.birmingham.ac.uk/study/postgraduate/subjects/civil-engineering-courses/geotechnical-engineering-msc"
"programme_5c1664afc69ae3ba","university-of-birmingham","Geotechnical Engineering MSc","SUBJECT_CATEGORY_REQUIRED","ERROR","https://www.birmingham.ac.uk/study/postgraduate/subjects/civil-engineering-courses/geotechnical-engineering-msc"
"programme_5c1664afc69ae3ba","university-of-birmingham","Geotechnical Engineering MSc","SLUG_REQUIRED","ERROR","https://www.birmingham.ac.uk/study/postgraduate/subjects/civil-engineering-courses/geotechnical-engineering-msc"
"programme_de681db4568f28fb","university-of-birmingham","Computer Science BSc (Dubai)","PROGRAMME_CODE_REQUIRED","ERROR","https://www.birmingham.ac.uk/dubai/study/undergraduate/subjects/computer-science-courses/computer-science-bsc"
"programme_de681db4568f28fb","university-of-birmingham","Computer Science BSc (Dubai)","SUBJECT_CATEGORY_REQUIRED","ERROR","https://www.birmingham.ac.uk/dubai/study/undergraduate/subjects/computer-science-courses/computer-science-bsc"
"programme_de681db4568f28fb","university-of-birmingham","Computer Science BSc (Dubai)","SLUG_REQUIRED","ERROR","https://www.birmingham.ac.uk/dubai/study/undergraduate/subjects/computer-science-courses/computer-science-bsc"
"programme_879b184493eb746c","university-of-cambridge","Engineering, BA (Hons) and MEng","PROGRAMME_CODE_REQUIRED","ERROR","https://www.undergraduate.study.cam.ac.uk/courses/engineering-ba-hons-meng"
"programme_879b184493eb746c","university-of-cambridge","Engineering, BA (Hons) and MEng","SUBJECT_CATEGORY_REQUIRED","ERROR","https://www.undergraduate.study.cam.ac.uk/courses/engineering-ba-hons-meng"
"programme_879b184493eb746c","university-of-cambridge","Engineering, BA (Hons) and MEng","SLUG_REQUIRED","ERROR","https://www.undergraduate.study.cam.ac.uk/courses/engineering-ba-hons-meng"
"programme_c404f4f2c2f074a1","university-of-cambridge","Archaeology, BA (Hons)","PROGRAMME_CODE_REQUIRED","ERROR","https://www.undergraduate.study.cam.ac.uk/courses/archaeology-ba-hons"
"programme_c404f4f2c2f074a1","university-of-cambridge","Archaeology, BA (Hons)","SUBJECT_CATEGORY_REQUIRED","ERROR","https://www.undergraduate.study.cam.ac.uk/courses/archaeology-ba-hons"
"programme_c404f4f2c2f074a1","university-of-cambridge","Archaeology, BA (Hons)","SLUG_REQUIRED","ERROR","https://www.undergraduate.study.cam.ac.uk/courses/archaeology-ba-hons"
"programme_821943c67dd62a3e","university-of-cambridge","Medicine (Graduate course), MB and BChir","PROGRAMME_CODE_REQUIRED","ERROR","https://www.undergraduate.study.cam.ac.uk/courses/medicine-graduate-course-mb-bchir"
"programme_821943c67dd62a3e","university-of-cambridge","Medicine (Graduate course), MB and BChir","SUBJECT_CATEGORY_REQUIRED","ERROR","https://www.undergraduate.study.cam.ac.uk/courses/medicine-graduate-course-mb-bchir"
"programme_821943c67dd62a3e","university-of-cambridge","Medicine (Graduate course), MB and BChir","SLUG_REQUIRED","ERROR","https://www.undergraduate.study.cam.ac.uk/courses/medicine-graduate-course-mb-bchir"
"programme_26300d3645f03f81","university-of-cambridge","Medicine, MB and BChir","PROGRAMME_CODE_REQUIRED","ERROR","https://www.undergraduate.study.cam.ac.uk/courses/medicine-mb-bchir"
"programme_26300d3645f03f81","university-of-cambridge","Medicine, MB and BChir","SUBJECT_CATEGORY_REQUIRED","ERROR","https://www.undergraduate.study.cam.ac.uk/courses/medicine-mb-bchir"
"programme_26300d3645f03f81","university-of-cambridge","Medicine, MB and BChir","SLUG_REQUIRED","ERROR","https://www.undergraduate.study.cam.ac.uk/courses/medicine-mb-bchir"
"programme_84cf29e91d2ddac3","university-of-cambridge","Classics, BA (Hons)","PROGRAMME_CODE_REQUIRED","ERROR","https://www.undergraduate.study.cam.ac.uk/courses/classics-ba-hons"
"programme_84cf29e91d2ddac3","university-of-cambridge","Classics, BA (Hons)","SUBJECT_CATEGORY_REQUIRED","ERROR","https://www.undergraduate.study.cam.ac.uk/courses/classics-ba-hons"
"programme_84cf29e91d2ddac3","university-of-cambridge","Classics, BA (Hons)","SLUG_REQUIRED","ERROR","https://www.undergraduate.study.cam.ac.uk/courses/classics-ba-hons"
"programme_04d558259e698b80","university-of-cambridge","Modern and Medieval Languages, BA (Hons)","PROGRAMME_CODE_REQUIRED","ERROR","https://www.undergraduate.study.cam.ac.uk/courses/modern-medieval-languages-ba-hons"
"programme_04d558259e698b80","university-of-cambridge","Modern and Medieval Languages, BA (Hons)","SUBJECT_CATEGORY_REQUIRED","ERROR","https://www.undergraduate.study.cam.ac.uk/courses/modern-medieval-languages-ba-hons"
"programme_04d558259e698b80","university-of-cambridge","Modern and Medieval Languages, BA (Hons)","SLUG_REQUIRED","ERROR","https://www.undergraduate.study.cam.ac.uk/courses/modern-medieval-languages-ba-hons"
"programme_1a62faa0eb2948e0","university-of-cambridge","Theology, Religion, and Philosophy of Religion, BA (Hons)","PROGRAMME_CODE_REQUIRED","ERROR","https://www.undergraduate.study.cam.ac.uk/courses/theology-religion-philosophy-of-religion-ba-hons"
"programme_1a62faa0eb2948e0","university-of-cambridge","Theology, Religion, and Philosophy of Religion, BA (Hons)","SUBJECT_CATEGORY_REQUIRED","ERROR","https://www.undergraduate.study.cam.ac.uk/courses/theology-religion-philosophy-of-religion-ba-hons"
"programme_1a62faa0eb2948e0","university-of-cambridge","Theology, Religion, and Philosophy of Religion, BA (Hons)","SLUG_REQUIRED","ERROR","https://www.undergraduate.study.cam.ac.uk/courses/theology-religion-philosophy-of-religion-ba-hons"
"programme_4c7fecfe874b14eb","university-of-cambridge","Asian and Middle Eastern Studies, BA (Hons)","PROGRAMME_CODE_REQUIRED","ERROR","https://www.undergraduate.study.cam.ac.uk/courses/asian-middle-eastern-studies-ba-hons"
"programme_4c7fecfe874b14eb","university-of-cambridge","Asian and Middle Eastern Studies, BA (Hons)","SUBJECT_CATEGORY_REQUIRED","ERROR","https://www.undergraduate.study.cam.ac.uk/courses/asian-middle-eastern-studies-ba-hons"
"programme_4c7fecfe874b14eb","university-of-cambridge","Asian and Middle Eastern Studies, BA (Hons)","SLUG_REQUIRED","ERROR","https://www.undergraduate.study.cam.ac.uk/courses/asian-middle-eastern-studies-ba-hons"
"programme_b60a6e346c3379f9","university-of-cambridge","English, BA (Hons)","PROGRAMME_CODE_REQUIRED","ERROR","https://www.undergraduate.study.cam.ac.uk/courses/english-ba-hons"
"programme_b60a6e346c3379f9","university-of-cambridge","English, BA (Hons)","SUBJECT_CATEGORY_REQUIRED","ERROR","https://www.undergraduate.study.cam.ac.uk/courses/english-ba-hons"
"programme_b60a6e346c3379f9","university-of-cambridge","English, BA (Hons)","SLUG_REQUIRED","ERROR","https://www.undergraduate.study.cam.ac.uk/courses/english-ba-hons"
"programme_6dcd6abe68ddf57e","university-of-cambridge","Anglo-Saxon, Norse, and Celtic, BA (Hons)","PROGRAMME_CODE_REQUIRED","ERROR","https://www.undergraduate.study.cam.ac.uk/courses/anglo-saxon-norse-celtic-ba-hons"
"programme_6dcd6abe68ddf57e","university-of-cambridge","Anglo-Saxon, Norse, and Celtic, BA (Hons)","SUBJECT_CATEGORY_REQUIRED","ERROR","https://www.undergraduate.study.cam.ac.uk/courses/anglo-saxon-norse-celtic-ba-hons"
"programme_6dcd6abe68ddf57e","university-of-cambridge","Anglo-Saxon, Norse, and Celtic, BA (Hons)","SLUG_REQUIRED","ERROR","https://www.undergraduate.study.cam.ac.uk/courses/anglo-saxon-norse-celtic-ba-hons"
"programme_f7b9f8c3cc20ef8a","university-of-cambridge","Human, Social, and Political Sciences, BA (Hons)","PROGRAMME_CODE_REQUIRED","ERROR","https://www.undergraduate.study.cam.ac.uk/courses/human-social-political-sciences-ba-hons"
"programme_f7b9f8c3cc20ef8a","university-of-cambridge","Human, Social, and Political Sciences, BA (Hons)","SUBJECT_CATEGORY_REQUIRED","ERROR","https://www.undergraduate.study.cam.ac.uk/courses/human-social-political-sciences-ba-hons"
"programme_f7b9f8c3cc20ef8a","university-of-cambridge","Human, Social, and Political Sciences, BA (Hons)","SLUG_REQUIRED","ERROR","https://www.undergraduate.study.cam.ac.uk/courses/human-social-political-sciences-ba-hons"
"programme_80bd6fa909f550a9","university-of-cambridge","Architecture, BA (Hons) and MArch","PROGRAMME_CODE_REQUIRED","ERROR","https://www.undergraduate.study.cam.ac.uk/courses/architecture-ba-hons-march"
"programme_80bd6fa909f550a9","university-of-cambridge","Architecture, BA (Hons) and MArch","SUBJECT_CATEGORY_REQUIRED","ERROR","https://www.undergraduate.study.cam.ac.uk/courses/architecture-ba-hons-march"
"programme_80bd6fa909f550a9","university-of-cambridge","Architecture, BA (Hons) and MArch","SLUG_REQUIRED","ERROR","https://www.undergraduate.study.cam.ac.uk/courses/architecture-ba-hons-march"
"programme_7a0c1eaea6435997","university-of-cambridge","Design, BA (Hons) and MDes","PROGRAMME_CODE_REQUIRED","ERROR","https://www.undergraduate.study.cam.ac.uk/courses/design-ba-hons-mdes"
"programme_7a0c1eaea6435997","university-of-cambridge","Design, BA (Hons) and MDes","SUBJECT_CATEGORY_REQUIRED","ERROR","https://www.undergraduate.study.cam.ac.uk/courses/design-ba-hons-mdes"
"programme_7a0c1eaea6435997","university-of-cambridge","Design, BA (Hons) and MDes","SLUG_REQUIRED","ERROR","https://www.undergraduate.study.cam.ac.uk/courses/design-ba-hons-mdes"
"programme_4e46205af6b14b6d","university-of-cambridge","History of Art, BA (Hons)","PROGRAMME_CODE_REQUIRED","ERROR","https://www.undergraduate.study.cam.ac.uk/courses/history-of-art-ba-hons"
"programme_4e46205af6b14b6d","university-of-cambridge","History of Art, BA (Hons)","SUBJECT_CATEGORY_REQUIRED","ERROR","https://www.undergraduate.study.cam.ac.uk/courses/history-of-art-ba-hons"
"programme_4e46205af6b14b6d","university-of-cambridge","History of Art, BA (Hons)","SLUG_REQUIRED","ERROR","https://www.undergraduate.study.cam.ac.uk/courses/history-of-art-ba-hons"
"programme_77e049206ce75843","university-of-cambridge","Natural Sciences, BA (Hons) and MSci","PROGRAMME_CODE_REQUIRED","ERROR","https://www.undergraduate.study.cam.ac.uk/courses/natural-sciences-ba-hons-msci"
"programme_77e049206ce75843","university-of-cambridge","Natural Sciences, BA (Hons) and MSci","SUBJECT_CATEGORY_REQUIRED","ERROR","https://www.undergraduate.study.cam.ac.uk/courses/natural-sciences-ba-hons-msci"
"programme_77e049206ce75843","university-of-cambridge","Natural Sciences, BA (Hons) and MSci","SLUG_REQUIRED","ERROR","https://www.undergraduate.study.cam.ac.uk/courses/natural-sciences-ba-hons-msci"
"programme_47cb12bf2715af32","university-of-cambridge","Chemical Engineering and Biotechnology, BA (Hons) and MEng","PROGRAMME_CODE_REQUIRED","ERROR","https://www.undergraduate.study.cam.ac.uk/courses/chemical-engineering-biotechnology-ba-hons-meng"
"programme_47cb12bf2715af32","university-of-cambridge","Chemical Engineering and Biotechnology, BA (Hons) and MEng","SUBJECT_CATEGORY_REQUIRED","ERROR","https://www.undergraduate.study.cam.ac.uk/courses/chemical-engineering-biotechnology-ba-hons-meng"
"programme_47cb12bf2715af32","university-of-cambridge","Chemical Engineering and Biotechnology, BA (Hons) and MEng","SLUG_REQUIRED","ERROR","https://www.undergraduate.study.cam.ac.uk/courses/chemical-engineering-biotechnology-ba-hons-meng"
"programme_9619d2f51f2aaddc","university-of-cambridge","Computer Science, BA (Hons) and MEng","PROGRAMME_CODE_REQUIRED","ERROR","https://www.undergraduate.study.cam.ac.uk/courses/computer-science-ba-hons-meng"
"programme_9619d2f51f2aaddc","university-of-cambridge","Computer Science, BA (Hons) and MEng","SUBJECT_CATEGORY_REQUIRED","ERROR","https://www.undergraduate.study.cam.ac.uk/courses/computer-science-ba-hons-meng"
"programme_9619d2f51f2aaddc","university-of-cambridge","Computer Science, BA (Hons) and MEng","SLUG_REQUIRED","ERROR","https://www.undergraduate.study.cam.ac.uk/courses/computer-science-ba-hons-meng"
"programme_ce4538beffa6fec2","university-of-cambridge","Law, BA (Hons)","PROGRAMME_CODE_REQUIRED","ERROR","https://www.undergraduate.study.cam.ac.uk/courses/law-ba-hons"
"programme_ce4538beffa6fec2","university-of-cambridge","Law, BA (Hons)","SUBJECT_CATEGORY_REQUIRED","ERROR","https://www.undergraduate.study.cam.ac.uk/courses/law-ba-hons"
"programme_ce4538beffa6fec2","university-of-cambridge","Law, BA (Hons)","SLUG_REQUIRED","ERROR","https://www.undergraduate.study.cam.ac.uk/courses/law-ba-hons"
"programme_a78d76faea0546b8","university-of-cambridge","Education, BA (Hons)","PROGRAMME_CODE_REQUIRED","ERROR","https://www.undergraduate.study.cam.ac.uk/courses/education-ba-hons"
"programme_a78d76faea0546b8","university-of-cambridge","Education, BA (Hons)","SUBJECT_CATEGORY_REQUIRED","ERROR","https://www.undergraduate.study.cam.ac.uk/courses/education-ba-hons"
"programme_a78d76faea0546b8","university-of-cambridge","Education, BA (Hons)","SLUG_REQUIRED","ERROR","https://www.undergraduate.study.cam.ac.uk/courses/education-ba-hons"
"programme_c6ecf69c8b02d598","university-of-cambridge","Economics, BA (Hons)","PROGRAMME_CODE_REQUIRED","ERROR","https://www.undergraduate.study.cam.ac.uk/courses/economics-ba-hons"
"programme_c6ecf69c8b02d598","university-of-cambridge","Economics, BA (Hons)","SUBJECT_CATEGORY_REQUIRED","ERROR","https://www.undergraduate.study.cam.ac.uk/courses/economics-ba-hons"
"programme_c6ecf69c8b02d598","university-of-cambridge","Economics, BA (Hons)","SLUG_REQUIRED","ERROR","https://www.undergraduate.study.cam.ac.uk/courses/economics-ba-hons"
"programme_98530b0f185b1ad3","university-of-cambridge","Environment, Law, and Economics, BA (Hons)","PROGRAMME_CODE_REQUIRED","ERROR","https://www.undergraduate.study.cam.ac.uk/courses/environment-law-economics-ba-hons"
"programme_98530b0f185b1ad3","university-of-cambridge","Environment, Law, and Economics, BA (Hons)","SUBJECT_CATEGORY_REQUIRED","ERROR","https://www.undergraduate.study.cam.ac.uk/courses/environment-law-economics-ba-hons"
"programme_98530b0f185b1ad3","university-of-cambridge","Environment, Law, and Economics, BA (Hons)","SLUG_REQUIRED","ERROR","https://www.undergraduate.study.cam.ac.uk/courses/environment-law-economics-ba-hons"
"programme_64a2a9cccc6ac4ae","university-of-cambridge","Linguistics, BA (Hons)","PROGRAMME_CODE_REQUIRED","ERROR","https://www.undergraduate.study.cam.ac.uk/courses/linguistics-ba-hons"
"programme_64a2a9cccc6ac4ae","university-of-cambridge","Linguistics, BA (Hons)","SUBJECT_CATEGORY_REQUIRED","ERROR","https://www.undergraduate.study.cam.ac.uk/courses/linguistics-ba-hons"
"programme_64a2a9cccc6ac4ae","university-of-cambridge","Linguistics, BA (Hons)","SLUG_REQUIRED","ERROR","https://www.undergraduate.study.cam.ac.uk/courses/linguistics-ba-hons"
"programme_06b806b1f1e00b67","university-of-cambridge","Geography, BA (Hons)","PROGRAMME_CODE_REQUIRED","ERROR","https://www.undergraduate.study.cam.ac.uk/courses/geography-ba-hons"
"programme_06b806b1f1e00b67","university-of-cambridge","Geography, BA (Hons)","SUBJECT_CATEGORY_REQUIRED","ERROR","https://www.undergraduate.study.cam.ac.uk/courses/geography-ba-hons"
"programme_06b806b1f1e00b67","university-of-cambridge","Geography, BA (Hons)","SLUG_REQUIRED","ERROR","https://www.undergraduate.study.cam.ac.uk/courses/geography-ba-hons"
"programme_746ed2bcf0f60b8f","university-of-cambridge","History and Modern Languages, BA (Hons)","PROGRAMME_CODE_REQUIRED","ERROR","https://www.undergraduate.study.cam.ac.uk/courses/history-modern-languages-ba-hons"
"programme_746ed2bcf0f60b8f","university-of-cambridge","History and Modern Languages, BA (Hons)","SUBJECT_CATEGORY_REQUIRED","ERROR","https://www.undergraduate.study.cam.ac.uk/courses/history-modern-languages-ba-hons"
"programme_746ed2bcf0f60b8f","university-of-cambridge","History and Modern Languages, BA (Hons)","SLUG_REQUIRED","ERROR","https://www.undergraduate.study.cam.ac.uk/courses/history-modern-languages-ba-hons"
"programme_bbd29c3ab9df0bf8","university-of-cambridge","Linguistics and Modern Languages, BA (Hons)","PROGRAMME_CODE_REQUIRED","ERROR","https://www.undergraduate.study.cam.ac.uk/courses/linguistics-modern-languages-ba-hons"
"programme_bbd29c3ab9df0bf8","university-of-cambridge","Linguistics and Modern Languages, BA (Hons)","SUBJECT_CATEGORY_REQUIRED","ERROR","https://www.undergraduate.study.cam.ac.uk/courses/linguistics-modern-languages-ba-hons"
"programme_bbd29c3ab9df0bf8","university-of-cambridge","Linguistics and Modern Languages, BA (Hons)","SLUG_REQUIRED","ERROR","https://www.undergraduate.study.cam.ac.uk/courses/linguistics-modern-languages-ba-hons"
"programme_8337c69cb8ae9842","university-of-cambridge","History, BA (Hons)","PROGRAMME_CODE_REQUIRED","ERROR","https://www.undergraduate.study.cam.ac.uk/courses/history-ba-hons"
"programme_8337c69cb8ae9842","university-of-cambridge","History, BA (Hons)","SUBJECT_CATEGORY_REQUIRED","ERROR","https://www.undergraduate.study.cam.ac.uk/courses/history-ba-hons"
"programme_8337c69cb8ae9842","university-of-cambridge","History, BA (Hons)","SLUG_REQUIRED","ERROR","https://www.undergraduate.study.cam.ac.uk/courses/history-ba-hons"
"programme_87ff3deea3d204b6","university-of-cambridge","History and Politics, BA (Hons)","PROGRAMME_CODE_REQUIRED","ERROR","https://www.undergraduate.study.cam.ac.uk/courses/history-politics-ba-hons"
"programme_87ff3deea3d204b6","university-of-cambridge","History and Politics, BA (Hons)","SUBJECT_CATEGORY_REQUIRED","ERROR","https://www.undergraduate.study.cam.ac.uk/courses/history-politics-ba-hons"
"programme_87ff3deea3d204b6","university-of-cambridge","History and Politics, BA (Hons)","SLUG_REQUIRED","ERROR","https://www.undergraduate.study.cam.ac.uk/courses/history-politics-ba-hons"
"programme_7a2945687acfb19a","university-of-cambridge","Mathematics, BA (Hons) and MMath","PROGRAMME_CODE_REQUIRED","ERROR","https://www.undergraduate.study.cam.ac.uk/courses/mathematics-ba-hons-mmath"
"programme_7a2945687acfb19a","university-of-cambridge","Mathematics, BA (Hons) and MMath","SUBJECT_CATEGORY_REQUIRED","ERROR","https://www.undergraduate.study.cam.ac.uk/courses/mathematics-ba-hons-mmath"
"programme_7a2945687acfb19a","university-of-cambridge","Mathematics, BA (Hons) and MMath","SLUG_REQUIRED","ERROR","https://www.undergraduate.study.cam.ac.uk/courses/mathematics-ba-hons-mmath"
"programme_b4bc0d37acb60d26","university-of-cambridge","Music, BA (Hons)","PROGRAMME_CODE_REQUIRED","ERROR","https://www.undergraduate.study.cam.ac.uk/courses/music-ba-hons"
"programme_b4bc0d37acb60d26","university-of-cambridge","Music, BA (Hons)","SUBJECT_CATEGORY_REQUIRED","ERROR","https://www.undergraduate.study.cam.ac.uk/courses/music-ba-hons"
"programme_b4bc0d37acb60d26","university-of-cambridge","Music, BA (Hons)","SLUG_REQUIRED","ERROR","https://www.undergraduate.study.cam.ac.uk/courses/music-ba-hons"
"programme_701ec8f2515d3bd2","university-of-cambridge","Philosophy, BA (Hons)","PROGRAMME_CODE_REQUIRED","ERROR","https://www.undergraduate.study.cam.ac.uk/courses/philosophy-ba-hons"
"programme_701ec8f2515d3bd2","university-of-cambridge","Philosophy, BA (Hons)","SUBJECT_CATEGORY_REQUIRED","ERROR","https://www.undergraduate.study.cam.ac.uk/courses/philosophy-ba-hons"
"programme_701ec8f2515d3bd2","university-of-cambridge","Philosophy, BA (Hons)","SLUG_REQUIRED","ERROR","https://www.undergraduate.study.cam.ac.uk/courses/philosophy-ba-hons"
"programme_32406681d92558fa","university-of-cambridge","Psychological and Behavioural Sciences, BA (Hons)","PROGRAMME_CODE_REQUIRED","ERROR","https://www.undergraduate.study.cam.ac.uk/courses/psychological-behavioural-sciences-ba-hons"
"programme_32406681d92558fa","university-of-cambridge","Psychological and Behavioural Sciences, BA (Hons)","SUBJECT_CATEGORY_REQUIRED","ERROR","https://www.undergraduate.study.cam.ac.uk/courses/psychological-behavioural-sciences-ba-hons"
"programme_32406681d92558fa","university-of-cambridge","Psychological and Behavioural Sciences, BA (Hons)","SLUG_REQUIRED","ERROR","https://www.undergraduate.study.cam.ac.uk/courses/psychological-behavioural-sciences-ba-hons"
"programme_242cb8ffa34b6366","university-of-queensland","Bachelor of Advanced Business (Honours)","PROGRAMME_CODE_REQUIRED","ERROR","https://study.uq.edu.au/study-options/programs/bachelor-advanced-business-honours-2139"
"programme_242cb8ffa34b6366","university-of-queensland","Bachelor of Advanced Business (Honours)","SUBJECT_CATEGORY_REQUIRED","ERROR","https://study.uq.edu.au/study-options/programs/bachelor-advanced-business-honours-2139"
"programme_242cb8ffa34b6366","university-of-queensland","Bachelor of Advanced Business (Honours)","SLUG_REQUIRED","ERROR","https://study.uq.edu.au/study-options/programs/bachelor-advanced-business-honours-2139"
"programme_3b969d9d4aea562e","university-of-queensland","Bachelor of Advanced Finance and Economics (Honours)","PROGRAMME_CODE_REQUIRED","ERROR","https://study.uq.edu.au/study-options/programs/bachelor-advanced-finance-and-economics-honours-2140"
"programme_3b969d9d4aea562e","university-of-queensland","Bachelor of Advanced Finance and Economics (Honours)","SUBJECT_CATEGORY_REQUIRED","ERROR","https://study.uq.edu.au/study-options/programs/bachelor-advanced-finance-and-economics-honours-2140"
"programme_3b969d9d4aea562e","university-of-queensland","Bachelor of Advanced Finance and Economics (Honours)","SLUG_REQUIRED","ERROR","https://study.uq.edu.au/study-options/programs/bachelor-advanced-finance-and-economics-honours-2140"
"programme_f51dc001b4318ac0","university-of-queensland","Bachelor of Advanced Humanities (Honours)","PROGRAMME_CODE_REQUIRED","ERROR","https://study.uq.edu.au/study-options/programs/bachelor-advanced-humanities-honours-2414"
"programme_f51dc001b4318ac0","university-of-queensland","Bachelor of Advanced Humanities (Honours)","SUBJECT_CATEGORY_REQUIRED","ERROR","https://study.uq.edu.au/study-options/programs/bachelor-advanced-humanities-honours-2414"
"programme_f51dc001b4318ac0","university-of-queensland","Bachelor of Advanced Humanities (Honours)","SLUG_REQUIRED","ERROR","https://study.uq.edu.au/study-options/programs/bachelor-advanced-humanities-honours-2414"
"programme_07c83afc3b6b31d7","university-of-queensland","Bachelor of Advanced Science (Honours)","PROGRAMME_CODE_REQUIRED","ERROR","https://study.uq.edu.au/study-options/programs/bachelor-advanced-science-honours-2516"
"programme_07c83afc3b6b31d7","university-of-queensland","Bachelor of Advanced Science (Honours)","SUBJECT_CATEGORY_REQUIRED","ERROR","https://study.uq.edu.au/study-options/programs/bachelor-advanced-science-honours-2516"
"programme_07c83afc3b6b31d7","university-of-queensland","Bachelor of Advanced Science (Honours)","SLUG_REQUIRED","ERROR","https://study.uq.edu.au/study-options/programs/bachelor-advanced-science-honours-2516"
"programme_d7195f32b4cac006","university-of-queensland","Bachelor of Agribusiness","PROGRAMME_CODE_REQUIRED","ERROR","https://study.uq.edu.au/study-options/programs/bachelor-agribusiness-2007"
"programme_d7195f32b4cac006","university-of-queensland","Bachelor of Agribusiness","SUBJECT_CATEGORY_REQUIRED","ERROR","https://study.uq.edu.au/study-options/programs/bachelor-agribusiness-2007"
"programme_d7195f32b4cac006","university-of-queensland","Bachelor of Agribusiness","SLUG_REQUIRED","ERROR","https://study.uq.edu.au/study-options/programs/bachelor-agribusiness-2007"
"programme_cc49bff4aa14f3db","university-of-queensland","Graduate Certificate in Agribusiness","PROGRAMME_CODE_REQUIRED","ERROR","https://study.uq.edu.au/study-options/programs/graduate-certificate-agribusiness-5007"
"programme_cc49bff4aa14f3db","university-of-queensland","Graduate Certificate in Agribusiness","SUBJECT_CATEGORY_REQUIRED","ERROR","https://study.uq.edu.au/study-options/programs/graduate-certificate-agribusiness-5007"
"programme_cc49bff4aa14f3db","university-of-queensland","Graduate Certificate in Agribusiness","SLUG_REQUIRED","ERROR","https://study.uq.edu.au/study-options/programs/graduate-certificate-agribusiness-5007"
"programme_df4cb4a445a79d70","university-of-queensland","Graduate Diploma in Agribusiness","PROGRAMME_CODE_REQUIRED","ERROR","https://study.uq.edu.au/study-options/programs/graduate-diploma-agribusiness-5736"
"programme_df4cb4a445a79d70","university-of-queensland","Graduate Diploma in Agribusiness","SUBJECT_CATEGORY_REQUIRED","ERROR","https://study.uq.edu.au/study-options/programs/graduate-diploma-agribusiness-5736"
"programme_df4cb4a445a79d70","university-of-queensland","Graduate Diploma in Agribusiness","SLUG_REQUIRED","ERROR","https://study.uq.edu.au/study-options/programs/graduate-diploma-agribusiness-5736"
"programme_16c76b4f02943a35","university-of-queensland","Master of Agribusiness","PROGRAMME_CODE_REQUIRED","ERROR","https://study.uq.edu.au/study-options/programs/master-agribusiness-5562"
"programme_16c76b4f02943a35","university-of-queensland","Master of Agribusiness","SUBJECT_CATEGORY_REQUIRED","ERROR","https://study.uq.edu.au/study-options/programs/master-agribusiness-5562"
"programme_16c76b4f02943a35","university-of-queensland","Master of Agribusiness","SLUG_REQUIRED","ERROR","https://study.uq.edu.au/study-options/programs/master-agribusiness-5562"
"programme_5c7c4b49add4ab03","university-of-queensland","Bachelors of Agribusiness / Agricultural Science","PROGRAMME_CODE_REQUIRED","ERROR","https://study.uq.edu.au/study-options/programs/bachelors-agribusiness-agricultural-science-2584"
"programme_5c7c4b49add4ab03","university-of-queensland","Bachelors of Agribusiness / Agricultural Science","SUBJECT_CATEGORY_REQUIRED","ERROR","https://study.uq.edu.au/study-options/programs/bachelors-agribusiness-agricultural-science-2584"
"programme_5c7c4b49add4ab03","university-of-queensland","Bachelors of Agribusiness / Agricultural Science","SLUG_REQUIRED","ERROR","https://study.uq.edu.au/study-options/programs/bachelors-agribusiness-agricultural-science-2584"
"programme_0f2880cc28aa8c47","university-of-queensland","Bachelor of Agricultural Science","PROGRAMME_CODE_REQUIRED","ERROR","https://study.uq.edu.au/study-options/programs/bachelor-agricultural-science-2583"
"programme_0f2880cc28aa8c47","university-of-queensland","Bachelor of Agricultural Science","SUBJECT_CATEGORY_REQUIRED","ERROR","https://study.uq.edu.au/study-options/programs/bachelor-agricultural-science-2583"
"programme_0f2880cc28aa8c47","university-of-queensland","Bachelor of Agricultural Science","SLUG_REQUIRED","ERROR","https://study.uq.edu.au/study-options/programs/bachelor-agricultural-science-2583"
"programme_374768b6dc76a735","university-of-queensland","Graduate Certificate in Agricultural Science","PROGRAMME_CODE_REQUIRED","ERROR","https://study.uq.edu.au/study-options/programs/graduate-certificate-agricultural-science-5561"
"programme_374768b6dc76a735","university-of-queensland","Graduate Certificate in Agricultural Science","SUBJECT_CATEGORY_REQUIRED","ERROR","https://study.uq.edu.au/study-options/programs/graduate-certificate-agricultural-science-5561"
"programme_374768b6dc76a735","university-of-queensland","Graduate Certificate in Agricultural Science","SLUG_REQUIRED","ERROR","https://study.uq.edu.au/study-options/programs/graduate-certificate-agricultural-science-5561"
"programme_2f2095cfd98ed2b7","university-of-queensland","Graduate Diploma in Agricultural Science","PROGRAMME_CODE_REQUIRED","ERROR","https://study.uq.edu.au/study-options/programs/graduate-diploma-agricultural-science-5737"
"programme_2f2095cfd98ed2b7","university-of-queensland","Graduate Diploma in Agricultural Science","SUBJECT_CATEGORY_REQUIRED","ERROR","https://study.uq.edu.au/study-options/programs/graduate-diploma-agricultural-science-5737"
"programme_2f2095cfd98ed2b7","university-of-queensland","Graduate Diploma in Agricultural Science","SLUG_REQUIRED","ERROR","https://study.uq.edu.au/study-options/programs/graduate-diploma-agricultural-science-5737"
"programme_a6590339efdae493","university-of-queensland","Master of Agricultural Science","PROGRAMME_CODE_REQUIRED","ERROR","https://study.uq.edu.au/study-options/programs/master-agricultural-science-5564"
"programme_a6590339efdae493","university-of-queensland","Master of Agricultural Science","SUBJECT_CATEGORY_REQUIRED","ERROR","https://study.uq.edu.au/study-options/programs/master-agricultural-science-5564"
"programme_a6590339efdae493","university-of-queensland","Master of Agricultural Science","SLUG_REQUIRED","ERROR","https://study.uq.edu.au/study-options/programs/master-agricultural-science-5564"
"programme_e09baae347ef341c","university-of-queensland","Bachelor of Agricultural Science (Honours)","PROGRAMME_CODE_REQUIRED","ERROR","https://study.uq.edu.au/study-options/programs/bachelor-agricultural-science-honours-2450"
"programme_e09baae347ef341c","university-of-queensland","Bachelor of Agricultural Science (Honours)","SUBJECT_CATEGORY_REQUIRED","ERROR","https://study.uq.edu.au/study-options/programs/bachelor-agricultural-science-honours-2450"
"programme_e09baae347ef341c","university-of-queensland","Bachelor of Agricultural Science (Honours)","SLUG_REQUIRED","ERROR","https://study.uq.edu.au/study-options/programs/bachelor-agricultural-science-honours-2450"
"programme_48c35719ca1ff2ac","university-of-queensland","Graduate Certificate in Animal Science","PROGRAMME_CODE_REQUIRED","ERROR","https://study.uq.edu.au/study-options/programs/graduate-certificate-animal-science-5565"
"programme_48c35719ca1ff2ac","university-of-queensland","Graduate Certificate in Animal Science","SUBJECT_CATEGORY_REQUIRED","ERROR","https://study.uq.edu.au/study-options/programs/graduate-certificate-animal-science-5565"
"programme_48c35719ca1ff2ac","university-of-queensland","Graduate Certificate in Animal Science","SLUG_REQUIRED","ERROR","https://study.uq.edu.au/study-options/programs/graduate-certificate-animal-science-5565"
"programme_1f74598b206462e9","university-of-queensland","Master of Animal Science","PROGRAMME_CODE_REQUIRED","ERROR","https://study.uq.edu.au/study-options/programs/master-animal-science-5571"
"programme_1f74598b206462e9","university-of-queensland","Master of Animal Science","SUBJECT_CATEGORY_REQUIRED","ERROR","https://study.uq.edu.au/study-options/programs/master-animal-science-5571"
"programme_1f74598b206462e9","university-of-queensland","Master of Animal Science","SLUG_REQUIRED","ERROR","https://study.uq.edu.au/study-options/programs/master-animal-science-5571"
"programme_f8a7ce530c8505a5","university-of-queensland","Graduate Certificate in Applied Linguistics","PROGRAMME_CODE_REQUIRED","ERROR","https://study.uq.edu.au/study-options/programs/graduate-certificate-applied-linguistics-5463"
"programme_f8a7ce530c8505a5","university-of-queensland","Graduate Certificate in Applied Linguistics","SUBJECT_CATEGORY_REQUIRED","ERROR","https://study.uq.edu.au/study-options/programs/graduate-certificate-applied-linguistics-5463"
"programme_f8a7ce530c8505a5","university-of-queensland","Graduate Certificate in Applied Linguistics","SLUG_REQUIRED","ERROR","https://study.uq.edu.au/study-options/programs/graduate-certificate-applied-linguistics-5463"
"programme_d5ba7767d6964bef","university-of-queensland","Master of Applied Linguistics","PROGRAMME_CODE_REQUIRED","ERROR","https://study.uq.edu.au/study-options/programs/master-applied-linguistics-5592"
"programme_d5ba7767d6964bef","university-of-queensland","Master of Applied Linguistics","SUBJECT_CATEGORY_REQUIRED","ERROR","https://study.uq.edu.au/study-options/programs/master-applied-linguistics-5592"
"programme_d5ba7767d6964bef","university-of-queensland","Master of Applied Linguistics","SLUG_REQUIRED","ERROR","https://study.uq.edu.au/study-options/programs/master-applied-linguistics-5592"
"programme_40eeaeb7a06b3ffd","university-of-queensland","Bachelor of Architectural Design","PROGRAMME_CODE_REQUIRED","ERROR","https://study.uq.edu.au/study-options/programs/bachelor-architectural-design-2550"
"programme_40eeaeb7a06b3ffd","university-of-queensland","Bachelor of Architectural Design","SUBJECT_CATEGORY_REQUIRED","ERROR","https://study.uq.edu.au/study-options/programs/bachelor-architectural-design-2550"
"programme_40eeaeb7a06b3ffd","university-of-queensland","Bachelor of Architectural Design","SLUG_REQUIRED","ERROR","https://study.uq.edu.au/study-options/programs/bachelor-architectural-design-2550"
"programme_60f770e2670a07a0","university-of-queensland","Master of Architecture","PROGRAMME_CODE_REQUIRED","ERROR","https://study.uq.edu.au/study-options/programs/master-architecture-5429"
"programme_60f770e2670a07a0","university-of-queensland","Master of Architecture","SUBJECT_CATEGORY_REQUIRED","ERROR","https://study.uq.edu.au/study-options/programs/master-architecture-5429"
"programme_60f770e2670a07a0","university-of-queensland","Master of Architecture","SLUG_REQUIRED","ERROR","https://study.uq.edu.au/study-options/programs/master-architecture-5429"
"programme_8a6087a97693998a","university-of-queensland","Bachelor of Arts","PROGRAMME_CODE_REQUIRED","ERROR","https://study.uq.edu.au/study-options/programs/bachelor-arts-2000"
"programme_8a6087a97693998a","university-of-queensland","Bachelor of Arts","SUBJECT_CATEGORY_REQUIRED","ERROR","https://study.uq.edu.au/study-options/programs/bachelor-arts-2000"
"programme_8a6087a97693998a","university-of-queensland","Bachelor of Arts","SLUG_REQUIRED","ERROR","https://study.uq.edu.au/study-options/programs/bachelor-arts-2000"
"programme_31f5bce1a781951b","university-of-queensland","Diploma in Arts","PROGRAMME_CODE_REQUIRED","ERROR","https://study.uq.edu.au/study-options/programs/diploma-arts-2320"
"programme_31f5bce1a781951b","university-of-queensland","Diploma in Arts","SUBJECT_CATEGORY_REQUIRED","ERROR","https://study.uq.edu.au/study-options/programs/diploma-arts-2320"
"programme_31f5bce1a781951b","university-of-queensland","Diploma in Arts","SLUG_REQUIRED","ERROR","https://study.uq.edu.au/study-options/programs/diploma-arts-2320"
"programme_03ee854018715cac","university-of-queensland","Bachelors of Arts / Education (Secondary)","PROGRAMME_CODE_REQUIRED","ERROR","https://study.uq.edu.au/study-options/programs/bachelors-arts-education-secondary-2066"
"programme_03ee854018715cac","university-of-queensland","Bachelors of Arts / Education (Secondary)","SUBJECT_CATEGORY_REQUIRED","ERROR","https://study.uq.edu.au/study-options/programs/bachelors-arts-education-secondary-2066"
"programme_03ee854018715cac","university-of-queensland","Bachelors of Arts / Education (Secondary)","SLUG_REQUIRED","ERROR","https://study.uq.edu.au/study-options/programs/bachelors-arts-education-secondary-2066"
"programme_bd9975aa5cf50a6f","university-of-queensland","Bachelors of Arts / Laws (Honours)","PROGRAMME_CODE_REQUIRED","ERROR","https://study.uq.edu.au/study-options/programs/bachelors-arts-laws-honours-2142"
"programme_bd9975aa5cf50a6f","university-of-queensland","Bachelors of Arts / Laws (Honours)","SUBJECT_CATEGORY_REQUIRED","ERROR","https://study.uq.edu.au/study-options/programs/bachelors-arts-laws-honours-2142"
"programme_bd9975aa5cf50a6f","university-of-queensland","Bachelors of Arts / Laws (Honours)","SLUG_REQUIRED","ERROR","https://study.uq.edu.au/study-options/programs/bachelors-arts-laws-honours-2142"
"programme_efe44d987f8ba971","university-of-queensland","Bachelors of Arts / Social Science","PROGRAMME_CODE_REQUIRED","ERROR","https://study.uq.edu.au/study-options/programs/bachelors-arts-social-science-2505"
"programme_efe44d987f8ba971","university-of-queensland","Bachelors of Arts / Social Science","SUBJECT_CATEGORY_REQUIRED","ERROR","https://study.uq.edu.au/study-options/programs/bachelors-arts-social-science-2505"
"programme_efe44d987f8ba971","university-of-queensland","Bachelors of Arts / Social Science","SLUG_REQUIRED","ERROR","https://study.uq.edu.au/study-options/programs/bachelors-arts-social-science-2505"
"programme_b1f8721f16d8b731","university-of-queensland","Bachelors of Arts / Tourism, Hospitality and Event Management","PROGRAMME_CODE_REQUIRED","ERROR","https://study.uq.edu.au/study-options/programs/bachelors-arts-tourism-hospitality-and-event-management-2474"
"programme_b1f8721f16d8b731","university-of-queensland","Bachelors of Arts / Tourism, Hospitality and Event Management","SUBJECT_CATEGORY_REQUIRED","ERROR","https://study.uq.edu.au/study-options/programs/bachelors-arts-tourism-hospitality-and-event-management-2474"
"programme_b1f8721f16d8b731","university-of-queensland","Bachelors of Arts / Tourism, Hospitality and Event Management","SLUG_REQUIRED","ERROR","https://study.uq.edu.au/study-options/programs/bachelors-arts-tourism-hospitality-and-event-management-2474"
"programme_0a34540c19a0cf28","university-of-queensland","Bachelor of Arts (Honours)","PROGRAMME_CODE_REQUIRED","ERROR","https://study.uq.edu.au/study-options/programs/bachelor-arts-honours-2052"
"programme_0a34540c19a0cf28","university-of-queensland","Bachelor of Arts (Honours)","SUBJECT_CATEGORY_REQUIRED","ERROR","https://study.uq.edu.au/study-options/programs/bachelor-arts-honours-2052"
"programme_0a34540c19a0cf28","university-of-queensland","Bachelor of Arts (Honours)","SLUG_REQUIRED","ERROR","https://study.uq.edu.au/study-options/programs/bachelor-arts-honours-2052"
"programme_5d8b52b34516452e","university-of-queensland","Graduate Certificate in Arts in Interpreting","PROGRAMME_CODE_REQUIRED","ERROR","https://study.uq.edu.au/study-options/programs/graduate-certificate-arts-interpreting-5749"
"programme_5d8b52b34516452e","university-of-queensland","Graduate Certificate in Arts in Interpreting","SUBJECT_CATEGORY_REQUIRED","ERROR","https://study.uq.edu.au/study-options/programs/graduate-certificate-arts-interpreting-5749"
"programme_5d8b52b34516452e","university-of-queensland","Graduate Certificate in Arts in Interpreting","SLUG_REQUIRED","ERROR","https://study.uq.edu.au/study-options/programs/graduate-certificate-arts-interpreting-5749"
"programme_f524f789b0f60c78","university-of-queensland","Graduate Certificate in Arts in Translation","PROGRAMME_CODE_REQUIRED","ERROR","https://study.uq.edu.au/study-options/programs/graduate-certificate-arts-translation-5750"
"programme_f524f789b0f60c78","university-of-queensland","Graduate Certificate in Arts in Translation","SUBJECT_CATEGORY_REQUIRED","ERROR","https://study.uq.edu.au/study-options/programs/graduate-certificate-arts-translation-5750"
"programme_f524f789b0f60c78","university-of-queensland","Graduate Certificate in Arts in Translation","SLUG_REQUIRED","ERROR","https://study.uq.edu.au/study-options/programs/graduate-certificate-arts-translation-5750"
"programme_4f623ca270f62f17","university-of-queensland","Graduate Diploma in Arts in Translation and Interpreting","PROGRAMME_CODE_REQUIRED","ERROR","https://study.uq.edu.au/study-options/programs/graduate-diploma-arts-translation-and-interpreting-5751"
"programme_4f623ca270f62f17","university-of-queensland","Graduate Diploma in Arts in Translation and Interpreting","SUBJECT_CATEGORY_REQUIRED","ERROR","https://study.uq.edu.au/study-options/programs/graduate-diploma-arts-translation-and-interpreting-5751"
"programme_4f623ca270f62f17","university-of-queensland","Graduate Diploma in Arts in Translation and Interpreting","SLUG_REQUIRED","ERROR","https://study.uq.edu.au/study-options/programs/graduate-diploma-arts-translation-and-interpreting-5751"
"programme_1bebe25f060d17b7","university-of-queensland","Bachelor of Biomedical Science","PROGRAMME_CODE_REQUIRED","ERROR","https://study.uq.edu.au/study-options/programs/bachelor-biomedical-science-2546"
"programme_1bebe25f060d17b7","university-of-queensland","Bachelor of Biomedical Science","SUBJECT_CATEGORY_REQUIRED","ERROR","https://study.uq.edu.au/study-options/programs/bachelor-biomedical-science-2546"
"programme_1bebe25f060d17b7","university-of-queensland","Bachelor of Biomedical Science","SLUG_REQUIRED","ERROR","https://study.uq.edu.au/study-options/programs/bachelor-biomedical-science-2546"
"programme_2c6e9f13b6294270","university-of-queensland","Bachelors of Biomedical Science / Science","PROGRAMME_CODE_REQUIRED","ERROR","https://study.uq.edu.au/study-options/programs/bachelors-biomedical-science-science-2547"
"programme_2c6e9f13b6294270","university-of-queensland","Bachelors of Biomedical Science / Science","SUBJECT_CATEGORY_REQUIRED","ERROR","https://study.uq.edu.au/study-options/programs/bachelors-biomedical-science-science-2547"
"programme_2c6e9f13b6294270","university-of-queensland","Bachelors of Biomedical Science / Science","SLUG_REQUIRED","ERROR","https://study.uq.edu.au/study-options/programs/bachelors-biomedical-science-science-2547"
"programme_a3450b853c7941ba","university-of-queensland","Bachelor of Biomedical Science (Honours)","PROGRAMME_CODE_REQUIRED","ERROR","https://study.uq.edu.au/study-options/programs/bachelor-biomedical-science-honours-2423"
"programme_a3450b853c7941ba","university-of-queensland","Bachelor of Biomedical Science (Honours)","SUBJECT_CATEGORY_REQUIRED","ERROR","https://study.uq.edu.au/study-options/programs/bachelor-biomedical-science-honours-2423"
"programme_a3450b853c7941ba","university-of-queensland","Bachelor of Biomedical Science (Honours)","SLUG_REQUIRED","ERROR","https://study.uq.edu.au/study-options/programs/bachelor-biomedical-science-honours-2423"
"programme_fc27b184d2e9db94","university-of-queensland","Bachelor of Biotechnology","PROGRAMME_CODE_REQUIRED","ERROR","https://study.uq.edu.au/study-options/programs/bachelor-biotechnology-2456"
"programme_fc27b184d2e9db94","university-of-queensland","Bachelor of Biotechnology","SUBJECT_CATEGORY_REQUIRED","ERROR","https://study.uq.edu.au/study-options/programs/bachelor-biotechnology-2456"
"programme_fc27b184d2e9db94","university-of-queensland","Bachelor of Biotechnology","SLUG_REQUIRED","ERROR","https://study.uq.edu.au/study-options/programs/bachelor-biotechnology-2456"
"programme_cee606dfb72e10e9","university-of-queensland","Bachelor of Biotechnology (Honours)","PROGRAMME_CODE_REQUIRED","ERROR","https://study.uq.edu.au/study-options/programs/bachelor-biotechnology-honours-2457"
"programme_cee606dfb72e10e9","university-of-queensland","Bachelor of Biotechnology (Honours)","SUBJECT_CATEGORY_REQUIRED","ERROR","https://study.uq.edu.au/study-options/programs/bachelor-biotechnology-honours-2457"
"programme_cee606dfb72e10e9","university-of-queensland","Bachelor of Biotechnology (Honours)","SLUG_REQUIRED","ERROR","https://study.uq.edu.au/study-options/programs/bachelor-biotechnology-honours-2457"
"programme_38517379fa5758e9","university-of-queensland","Bachelor of Built Environment and Design (Honours)","PROGRAMME_CODE_REQUIRED","ERROR","https://study.uq.edu.au/study-options/programs/bachelor-built-environment-and-design-honours-2581"
"programme_38517379fa5758e9","university-of-queensland","Bachelor of Built Environment and Design (Honours)","SUBJECT_CATEGORY_REQUIRED","ERROR","https://study.uq.edu.au/study-options/programs/bachelor-built-environment-and-design-honours-2581"
"programme_38517379fa5758e9","university-of-queensland","Bachelor of Built Environment and Design (Honours)","SLUG_REQUIRED","ERROR","https://study.uq.edu.au/study-options/programs/bachelor-built-environment-and-design-honours-2581"
"programme_b80f82ab0a899a30","university-of-queensland","Bachelor of Business Management","PROGRAMME_CODE_REQUIRED","ERROR","https://study.uq.edu.au/study-options/programs/bachelor-business-management-2171"
"programme_b80f82ab0a899a30","university-of-queensland","Bachelor of Business Management","SUBJECT_CATEGORY_REQUIRED","ERROR","https://study.uq.edu.au/study-options/programs/bachelor-business-management-2171"
"programme_b80f82ab0a899a30","university-of-queensland","Bachelor of Business Management","SLUG_REQUIRED","ERROR","https://study.uq.edu.au/study-options/programs/bachelor-business-management-2171"
"programme_4a80a7feb580fef1","university-of-queensland","Bachelors of Business Management / Arts","PROGRAMME_CODE_REQUIRED","ERROR","https://study.uq.edu.au/study-options/programs/bachelors-business-management-arts-2175"
"programme_4a80a7feb580fef1","university-of-queensland","Bachelors of Business Management / Arts","SUBJECT_CATEGORY_REQUIRED","ERROR","https://study.uq.edu.au/study-options/programs/bachelors-business-management-arts-2175"
"programme_4a80a7feb580fef1","university-of-queensland","Bachelors of Business Management / Arts","SLUG_REQUIRED","ERROR","https://study.uq.edu.au/study-options/programs/bachelors-business-management-arts-2175"
"programme_10921f6ebf797eba","university-of-queensland","Bachelors of Business Management / Commerce","PROGRAMME_CODE_REQUIRED","ERROR","https://study.uq.edu.au/study-options/programs/bachelors-business-management-commerce-2180"
"programme_10921f6ebf797eba","university-of-queensland","Bachelors of Business Management / Commerce","SUBJECT_CATEGORY_REQUIRED","ERROR","https://study.uq.edu.au/study-options/programs/bachelors-business-management-commerce-2180"
"programme_10921f6ebf797eba","university-of-queensland","Bachelors of Business Management / Commerce","SLUG_REQUIRED","ERROR","https://study.uq.edu.au/study-options/programs/bachelors-business-management-commerce-2180"
"programme_0970d42631bf0db9","university-of-queensland","Bachelors of Business Management / Communication","PROGRAMME_CODE_REQUIRED","ERROR","https://study.uq.edu.au/study-options/programs/bachelors-business-management-communication-2509"
"programme_0970d42631bf0db9","university-of-queensland","Bachelors of Business Management / Communication","SUBJECT_CATEGORY_REQUIRED","ERROR","https://study.uq.edu.au/study-options/programs/bachelors-business-management-communication-2509"
"programme_0970d42631bf0db9","university-of-queensland","Bachelors of Business Management / Communication","SLUG_REQUIRED","ERROR","https://study.uq.edu.au/study-options/programs/bachelors-business-management-communication-2509"
"programme_a62afe9b621e3776","university-of-queensland","Bachelors of Business Management / Design","PROGRAMME_CODE_REQUIRED","ERROR","https://study.uq.edu.au/study-options/programs/bachelors-business-management-design-2554"
"programme_a62afe9b621e3776","university-of-queensland","Bachelors of Business Management / Design","SUBJECT_CATEGORY_REQUIRED","ERROR","https://study.uq.edu.au/study-options/programs/bachelors-business-management-design-2554"
"programme_a62afe9b621e3776","university-of-queensland","Bachelors of Business Management / Design","SLUG_REQUIRED","ERROR","https://study.uq.edu.au/study-options/programs/bachelors-business-management-design-2554"
"programme_5c9e340f2632eb1c","university-of-queensland","Bachelor of Business Management / Diploma in Languages","PROGRAMME_CODE_REQUIRED","ERROR","https://study.uq.edu.au/study-options/programs/bachelor-business-management-diploma-languages-2543"
"programme_5c9e340f2632eb1c","university-of-queensland","Bachelor of Business Management / Diploma in Languages","SUBJECT_CATEGORY_REQUIRED","ERROR","https://study.uq.edu.au/study-options/programs/bachelor-business-management-diploma-languages-2543"
"programme_5c9e340f2632eb1c","university-of-queensland","Bachelor of Business Management / Diploma in Languages","SLUG_REQUIRED","ERROR","https://study.uq.edu.au/study-options/programs/bachelor-business-management-diploma-languages-2543"
"programme_150ae1ed32e2f040","university-of-queensland","Bachelors of Business Management / Economics","PROGRAMME_CODE_REQUIRED","ERROR","https://study.uq.edu.au/study-options/programs/bachelors-business-management-economics-2181"
"programme_150ae1ed32e2f040","university-of-queensland","Bachelors of Business Management / Economics","SUBJECT_CATEGORY_REQUIRED","ERROR","https://study.uq.edu.au/study-options/programs/bachelors-business-management-economics-2181"
"programme_150ae1ed32e2f040","university-of-queensland","Bachelors of Business Management / Economics","SLUG_REQUIRED","ERROR","https://study.uq.edu.au/study-options/programs/bachelors-business-management-economics-2181"
"programme_7331c0352b97ba41","university-of-queensland","Bachelors of Business Management / Education (Secondary)","PROGRAMME_CODE_REQUIRED","ERROR","https://study.uq.edu.au/study-options/programs/bachelors-business-management-education-secondary-2298"
"programme_7331c0352b97ba41","university-of-queensland","Bachelors of Business Management / Education (Secondary)","SUBJECT_CATEGORY_REQUIRED","ERROR","https://study.uq.edu.au/study-options/programs/bachelors-business-management-education-secondary-2298"
"programme_7331c0352b97ba41","university-of-queensland","Bachelors of Business Management / Education (Secondary)","SLUG_REQUIRED","ERROR","https://study.uq.edu.au/study-options/programs/bachelors-business-management-education-secondary-2298"
"programme_19c7cd353111092d","university-of-queensland","Master of Arts in Translation and Interpreting","PROGRAMME_CODE_REQUIRED","ERROR","https://study.uq.edu.au/study-options/programs/master-arts-translation-and-interpreting-5752"
"programme_19c7cd353111092d","university-of-queensland","Master of Arts in Translation and Interpreting","SUBJECT_CATEGORY_REQUIRED","ERROR","https://study.uq.edu.au/study-options/programs/master-arts-translation-and-interpreting-5752"
"programme_19c7cd353111092d","university-of-queensland","Master of Arts in Translation and Interpreting","SLUG_REQUIRED","ERROR","https://study.uq.edu.au/study-options/programs/master-arts-translation-and-interpreting-5752"
"programme_8805eda252a5b71a","university-of-queensland","Master of Audiology Studies","PROGRAMME_CODE_REQUIRED","ERROR","https://study.uq.edu.au/study-options/programs/master-audiology-studies-5145"
"programme_8805eda252a5b71a","university-of-queensland","Master of Audiology Studies","SUBJECT_CATEGORY_REQUIRED","ERROR","https://study.uq.edu.au/study-options/programs/master-audiology-studies-5145"
"programme_8805eda252a5b71a","university-of-queensland","Master of Audiology Studies","SLUG_REQUIRED","ERROR","https://study.uq.edu.au/study-options/programs/master-audiology-studies-5145"
"programme_7e11b38f5b4df280","university-of-queensland","Master of Bioengineering (Professional)","PROGRAMME_CODE_REQUIRED","ERROR","https://study.uq.edu.au/study-options/programs/master-bioengineering-professional-5761"
"programme_7e11b38f5b4df280","university-of-queensland","Master of Bioengineering (Professional)","SUBJECT_CATEGORY_REQUIRED","ERROR","https://study.uq.edu.au/study-options/programs/master-bioengineering-professional-5761"
"programme_7e11b38f5b4df280","university-of-queensland","Master of Bioengineering (Professional)","SLUG_REQUIRED","ERROR","https://study.uq.edu.au/study-options/programs/master-bioengineering-professional-5761"
"programme_52a0a18123453a96","university-of-queensland","Graduate Certificate in Bioinformatics","PROGRAMME_CODE_REQUIRED","ERROR","https://study.uq.edu.au/study-options/programs/graduate-certificate-bioinformatics-5557"
"programme_52a0a18123453a96","university-of-queensland","Graduate Certificate in Bioinformatics","SUBJECT_CATEGORY_REQUIRED","ERROR","https://study.uq.edu.au/study-options/programs/graduate-certificate-bioinformatics-5557"
"programme_52a0a18123453a96","university-of-queensland","Graduate Certificate in Bioinformatics","SLUG_REQUIRED","ERROR","https://study.uq.edu.au/study-options/programs/graduate-certificate-bioinformatics-5557"
"programme_a7b8635479747536","university-of-queensland","Graduate Diploma in Bioinformatics","PROGRAMME_CODE_REQUIRED","ERROR","https://study.uq.edu.au/study-options/programs/graduate-diploma-bioinformatics-5754"
"programme_a7b8635479747536","university-of-queensland","Graduate Diploma in Bioinformatics","SUBJECT_CATEGORY_REQUIRED","ERROR","https://study.uq.edu.au/study-options/programs/graduate-diploma-bioinformatics-5754"
"programme_a7b8635479747536","university-of-queensland","Graduate Diploma in Bioinformatics","SLUG_REQUIRED","ERROR","https://study.uq.edu.au/study-options/programs/graduate-diploma-bioinformatics-5754"
"programme_ac38648111cf906f","university-of-queensland","Master of Bioinformatics","PROGRAMME_CODE_REQUIRED","ERROR","https://study.uq.edu.au/study-options/programs/master-bioinformatics-5755"
"programme_ac38648111cf906f","university-of-queensland","Master of Bioinformatics","SUBJECT_CATEGORY_REQUIRED","ERROR","https://study.uq.edu.au/study-options/programs/master-bioinformatics-5755"
"programme_ac38648111cf906f","university-of-queensland","Master of Bioinformatics","SLUG_REQUIRED","ERROR","https://study.uq.edu.au/study-options/programs/master-bioinformatics-5755"
"programme_1a075c9b32e8eff4","university-of-queensland","Master of Bioinformatics Research Extensive","PROGRAMME_CODE_REQUIRED","ERROR","https://study.uq.edu.au/study-options/programs/master-bioinformatics-research-extensive-5598"
"programme_1a075c9b32e8eff4","university-of-queensland","Master of Bioinformatics Research Extensive","SUBJECT_CATEGORY_REQUIRED","ERROR","https://study.uq.edu.au/study-options/programs/master-bioinformatics-research-extensive-5598"
"programme_1a075c9b32e8eff4","university-of-queensland","Master of Bioinformatics Research Extensive","SLUG_REQUIRED","ERROR","https://study.uq.edu.au/study-options/programs/master-bioinformatics-research-extensive-5598"
"programme_dbacc363caccc304","university-of-queensland","Graduate Certificate in Biostatistics","PROGRAMME_CODE_REQUIRED","ERROR","https://study.uq.edu.au/study-options/programs/graduate-certificate-biostatistics-5497"
"programme_dbacc363caccc304","university-of-queensland","Graduate Certificate in Biostatistics","SUBJECT_CATEGORY_REQUIRED","ERROR","https://study.uq.edu.au/study-options/programs/graduate-certificate-biostatistics-5497"
"programme_dbacc363caccc304","university-of-queensland","Graduate Certificate in Biostatistics","SLUG_REQUIRED","ERROR","https://study.uq.edu.au/study-options/programs/graduate-certificate-biostatistics-5497"
"programme_973ce9c6a1f6f3ef","university-of-queensland","Graduate Diploma in Biostatistics","PROGRAMME_CODE_REQUIRED","ERROR","https://study.uq.edu.au/study-options/programs/graduate-diploma-biostatistics-5498"
"programme_973ce9c6a1f6f3ef","university-of-queensland","Graduate Diploma in Biostatistics","SUBJECT_CATEGORY_REQUIRED","ERROR","https://study.uq.edu.au/study-options/programs/graduate-diploma-biostatistics-5498"
"programme_973ce9c6a1f6f3ef","university-of-queensland","Graduate Diploma in Biostatistics","SLUG_REQUIRED","ERROR","https://study.uq.edu.au/study-options/programs/graduate-diploma-biostatistics-5498"
"programme_2365078dac4aa053","university-of-queensland","Master of Biostatistics","PROGRAMME_CODE_REQUIRED","ERROR","https://study.uq.edu.au/study-options/programs/master-biostatistics-5500"
"programme_2365078dac4aa053","university-of-queensland","Master of Biostatistics","SUBJECT_CATEGORY_REQUIRED","ERROR","https://study.uq.edu.au/study-options/programs/master-biostatistics-5500"
"programme_2365078dac4aa053","university-of-queensland","Master of Biostatistics","SLUG_REQUIRED","ERROR","https://study.uq.edu.au/study-options/programs/master-biostatistics-5500"
"programme_8d5d77207de1787d","university-of-queensland","Graduate Certificate in Biotechnology","PROGRAMME_CODE_REQUIRED","ERROR","https://study.uq.edu.au/study-options/programs/graduate-certificate-biotechnology-5013"
"programme_8d5d77207de1787d","university-of-queensland","Graduate Certificate in Biotechnology","SUBJECT_CATEGORY_REQUIRED","ERROR","https://study.uq.edu.au/study-options/programs/graduate-certificate-biotechnology-5013"
"programme_8d5d77207de1787d","university-of-queensland","Graduate Certificate in Biotechnology","SLUG_REQUIRED","ERROR","https://study.uq.edu.au/study-options/programs/graduate-certificate-biotechnology-5013"
"programme_53ff5ca93dfe1672","university-of-queensland","Graduate Diploma in Biotechnology","PROGRAMME_CODE_REQUIRED","ERROR","https://study.uq.edu.au/study-options/programs/graduate-diploma-biotechnology-5119"
"programme_53ff5ca93dfe1672","university-of-queensland","Graduate Diploma in Biotechnology","SUBJECT_CATEGORY_REQUIRED","ERROR","https://study.uq.edu.au/study-options/programs/graduate-diploma-biotechnology-5119"
"programme_53ff5ca93dfe1672","university-of-queensland","Graduate Diploma in Biotechnology","SLUG_REQUIRED","ERROR","https://study.uq.edu.au/study-options/programs/graduate-diploma-biotechnology-5119"
"programme_a22ad9ca581f8a40","university-of-queensland","Master of Biotechnology","PROGRAMME_CODE_REQUIRED","ERROR","https://study.uq.edu.au/study-options/programs/master-biotechnology-5599"
"programme_a22ad9ca581f8a40","university-of-queensland","Master of Biotechnology","SUBJECT_CATEGORY_REQUIRED","ERROR","https://study.uq.edu.au/study-options/programs/master-biotechnology-5599"
"programme_a22ad9ca581f8a40","university-of-queensland","Master of Biotechnology","SLUG_REQUIRED","ERROR","https://study.uq.edu.au/study-options/programs/master-biotechnology-5599"
"programme_46539aee902d4b6b","university-of-queensland","Master of Biotechnology Research Extensive","PROGRAMME_CODE_REQUIRED","ERROR","https://study.uq.edu.au/study-options/programs/master-biotechnology-research-extensive-5627"
"programme_46539aee902d4b6b","university-of-queensland","Master of Biotechnology Research Extensive","SUBJECT_CATEGORY_REQUIRED","ERROR","https://study.uq.edu.au/study-options/programs/master-biotechnology-research-extensive-5627"
"programme_46539aee902d4b6b","university-of-queensland","Master of Biotechnology Research Extensive","SLUG_REQUIRED","ERROR","https://study.uq.edu.au/study-options/programs/master-biotechnology-research-extensive-5627"
"programme_b2410adf6fd1230d","university-of-queensland","Graduate Certificate in Business","PROGRAMME_CODE_REQUIRED","ERROR","https://study.uq.edu.au/study-options/programs/graduate-certificate-business-5248"
"programme_b2410adf6fd1230d","university-of-queensland","Graduate Certificate in Business","SUBJECT_CATEGORY_REQUIRED","ERROR","https://study.uq.edu.au/study-options/programs/graduate-certificate-business-5248"
"programme_b2410adf6fd1230d","university-of-queensland","Graduate Certificate in Business","SLUG_REQUIRED","ERROR","https://study.uq.edu.au/study-options/programs/graduate-certificate-business-5248"
"programme_1e36a0fddac26989","university-of-queensland","Master of Business","PROGRAMME_CODE_REQUIRED","ERROR","https://study.uq.edu.au/study-options/programs/master-business-5583"
"programme_1e36a0fddac26989","university-of-queensland","Master of Business","SUBJECT_CATEGORY_REQUIRED","ERROR","https://study.uq.edu.au/study-options/programs/master-business-5583"
"programme_1e36a0fddac26989","university-of-queensland","Master of Business","SLUG_REQUIRED","ERROR","https://study.uq.edu.au/study-options/programs/master-business-5583"
"programme_9edf6204e2787305","university-of-queensland","Doctor of Philosophy","PROGRAMME_CODE_REQUIRED","ERROR","https://study.uq.edu.au/study-options/programs/doctor-philosophy-7516"
"programme_9edf6204e2787305","university-of-queensland","Doctor of Philosophy","SUBJECT_CATEGORY_REQUIRED","ERROR","https://study.uq.edu.au/study-options/programs/doctor-philosophy-7516"
"programme_9edf6204e2787305","university-of-queensland","Doctor of Philosophy","SLUG_REQUIRED","ERROR","https://study.uq.edu.au/study-options/programs/doctor-philosophy-7516"
"programme_2fbae088a14eac89","university-of-queensland","Master of Philosophy","PROGRAMME_CODE_REQUIRED","ERROR","https://study.uq.edu.au/study-options/programs/master-philosophy-7500"
"programme_2fbae088a14eac89","university-of-queensland","Master of Philosophy","SUBJECT_CATEGORY_REQUIRED","ERROR","https://study.uq.edu.au/study-options/programs/master-philosophy-7500"
"programme_2fbae088a14eac89","university-of-queensland","Master of Philosophy","SLUG_REQUIRED","ERROR","https://study.uq.edu.au/study-options/programs/master-philosophy-7500"
"programme_eb01a6d5d8529018","university-of-queensland","Doctor of Veterinary Clinical Science","PROGRAMME_CODE_REQUIRED","ERROR","https://study.uq.edu.au/study-options/programs/doctor-veterinary-clinical-science-7603"
"programme_eb01a6d5d8529018","university-of-queensland","Doctor of Veterinary Clinical Science","SUBJECT_CATEGORY_REQUIRED","ERROR","https://study.uq.edu.au/study-options/programs/doctor-veterinary-clinical-science-7603"
"programme_eb01a6d5d8529018","university-of-queensland","Doctor of Veterinary Clinical Science","SLUG_REQUIRED","ERROR","https://study.uq.edu.au/study-options/programs/doctor-veterinary-clinical-science-7603"
"programme_56ddc040f76dc507","university-of-southampton","BSc Accounting and Finance degree","PROGRAMME_CODE_REQUIRED","ERROR","https://www.southampton.ac.uk/courses/accounting-finance-degree-bsc"
"programme_56ddc040f76dc507","university-of-southampton","BSc Accounting and Finance degree","SUBJECT_CATEGORY_REQUIRED","ERROR","https://www.southampton.ac.uk/courses/accounting-finance-degree-bsc"
"programme_56ddc040f76dc507","university-of-southampton","BSc Accounting and Finance degree","SLUG_REQUIRED","ERROR","https://www.southampton.ac.uk/courses/accounting-finance-degree-bsc"
"programme_df45c779169b1d5e","university-of-southampton","MSc Accounting and Finance degree","PROGRAMME_CODE_REQUIRED","ERROR","https://www.southampton.ac.uk/courses/accounting-finance-masters-msc"
"programme_df45c779169b1d5e","university-of-southampton","MSc Accounting and Finance degree","SUBJECT_CATEGORY_REQUIRED","ERROR","https://www.southampton.ac.uk/courses/accounting-finance-masters-msc"
"programme_df45c779169b1d5e","university-of-southampton","MSc Accounting and Finance degree","SLUG_REQUIRED","ERROR","https://www.southampton.ac.uk/courses/accounting-finance-masters-msc"
"programme_26f2c85656982b97","university-of-sydney","Bachelor of Engineering Honours (Civil Engineering)","PROGRAMME_CODE_REQUIRED","ERROR","https://www.sydney.edu.au/courses/courses/uc/bachelor-of-engineering-honours-civil-engineering2.html"
"programme_26f2c85656982b97","university-of-sydney","Bachelor of Engineering Honours (Civil Engineering)","SUBJECT_CATEGORY_REQUIRED","ERROR","https://www.sydney.edu.au/courses/courses/uc/bachelor-of-engineering-honours-civil-engineering2.html"
"programme_26f2c85656982b97","university-of-sydney","Bachelor of Engineering Honours (Civil Engineering)","SLUG_REQUIRED","ERROR","https://www.sydney.edu.au/courses/courses/uc/bachelor-of-engineering-honours-civil-engineering2.html"
"programme_d2cab8ad2084e9ce","university-of-sydney","Master of Professional Engineering (Civil Engineering)","PROGRAMME_CODE_REQUIRED","ERROR","https://www.sydney.edu.au/courses/courses/pc/master-of-professional-engineering-civil-engineering.html"
"programme_d2cab8ad2084e9ce","university-of-sydney","Master of Professional Engineering (Civil Engineering)","SUBJECT_CATEGORY_REQUIRED","ERROR","https://www.sydney.edu.au/courses/courses/pc/master-of-professional-engineering-civil-engineering.html"
"programme_d2cab8ad2084e9ce","university-of-sydney","Master of Professional Engineering (Civil Engineering)","SLUG_REQUIRED","ERROR","https://www.sydney.edu.au/courses/courses/pc/master-of-professional-engineering-civil-engineering.html"
"programme_d877b2fccc607372","university-of-sydney","Master of Professional Engineering (Accelerated)(Civil Engineering)","PROGRAMME_CODE_REQUIRED","ERROR","https://www.sydney.edu.au/courses/courses/pc/master-of-professional-engineering-accelerated-civil-engineering.html"
"programme_d877b2fccc607372","university-of-sydney","Master of Professional Engineering (Accelerated)(Civil Engineering)","SUBJECT_CATEGORY_REQUIRED","ERROR","https://www.sydney.edu.au/courses/courses/pc/master-of-professional-engineering-accelerated-civil-engineering.html"
"programme_d877b2fccc607372","university-of-sydney","Master of Professional Engineering (Accelerated)(Civil Engineering)","SLUG_REQUIRED","ERROR","https://www.sydney.edu.au/courses/courses/pc/master-of-professional-engineering-accelerated-civil-engineering.html"
"programme_51a304bc3ce875b0","university-of-sydney","Master of Engineering (Civil Engineering)","PROGRAMME_CODE_REQUIRED","ERROR","https://www.sydney.edu.au/courses/courses/pc/master-of-engineering-civil-engineering0.html"
"programme_51a304bc3ce875b0","university-of-sydney","Master of Engineering (Civil Engineering)","SUBJECT_CATEGORY_REQUIRED","ERROR","https://www.sydney.edu.au/courses/courses/pc/master-of-engineering-civil-engineering0.html"
"programme_51a304bc3ce875b0","university-of-sydney","Master of Engineering (Civil Engineering)","SLUG_REQUIRED","ERROR","https://www.sydney.edu.au/courses/courses/pc/master-of-engineering-civil-engineering0.html"
"programme_61c9ea735b1a53e2","university-of-sydney","Bachelor of Education (Primary)","PROGRAMME_CODE_REQUIRED","ERROR","https://www.sydney.edu.au/courses/courses/uc/bachelor-of-education-primary0.html"
"programme_61c9ea735b1a53e2","university-of-sydney","Bachelor of Education (Primary)","SUBJECT_CATEGORY_REQUIRED","ERROR","https://www.sydney.edu.au/courses/courses/uc/bachelor-of-education-primary0.html"
"programme_61c9ea735b1a53e2","university-of-sydney","Bachelor of Education (Primary)","SLUG_REQUIRED","ERROR","https://www.sydney.edu.au/courses/courses/uc/bachelor-of-education-primary0.html"
"programme_8fdbee8e36451da6","university-of-sydney","Master of Teaching (Primary)","PROGRAMME_CODE_REQUIRED","ERROR","https://www.sydney.edu.au/courses/courses/pc/master-of-teaching-primary.html"
"programme_8fdbee8e36451da6","university-of-sydney","Master of Teaching (Primary)","SUBJECT_CATEGORY_REQUIRED","ERROR","https://www.sydney.edu.au/courses/courses/pc/master-of-teaching-primary.html"
"programme_8fdbee8e36451da6","university-of-sydney","Master of Teaching (Primary)","SLUG_REQUIRED","ERROR","https://www.sydney.edu.au/courses/courses/pc/master-of-teaching-primary.html"
"programme_6e848cb2ff5bbc76","university-of-technology-sydney","Bachelor of Communication in Digital and Social Media Bachelor of Creative Intelligence and Innovation","PROGRAMME_CODE_REQUIRED","ERROR","https://www.uts.edu.au/courses/bachelor-of-communication-in-digital-and-social-media-bachelor-of-creative-intelligence-and-innovation"
"programme_6e848cb2ff5bbc76","university-of-technology-sydney","Bachelor of Communication in Digital and Social Media Bachelor of Creative Intelligence and Innovation","SUBJECT_CATEGORY_REQUIRED","ERROR","https://www.uts.edu.au/courses/bachelor-of-communication-in-digital-and-social-media-bachelor-of-creative-intelligence-and-innovation"
"programme_6e848cb2ff5bbc76","university-of-technology-sydney","Bachelor of Communication in Digital and Social Media Bachelor of Creative Intelligence and Innovation","SLUG_REQUIRED","ERROR","https://www.uts.edu.au/courses/bachelor-of-communication-in-digital-and-social-media-bachelor-of-creative-intelligence-and-innovation"
"programme_c1f675ba3434280f","university-of-technology-sydney","Bachelor of Sport and Exercise Science (Honours)","PROGRAMME_CODE_REQUIRED","ERROR","https://www.uts.edu.au/courses/bachelor-of-sport-and-exercise-science-honours"
"programme_c1f675ba3434280f","university-of-technology-sydney","Bachelor of Sport and Exercise Science (Honours)","SUBJECT_CATEGORY_REQUIRED","ERROR","https://www.uts.edu.au/courses/bachelor-of-sport-and-exercise-science-honours"
"programme_c1f675ba3434280f","university-of-technology-sydney","Bachelor of Sport and Exercise Science (Honours)","SLUG_REQUIRED","ERROR","https://www.uts.edu.au/courses/bachelor-of-sport-and-exercise-science-honours"
"programme_79bc6f6c3605dd93","university-of-technology-sydney","Bachelor of Marine Biology and Climate Change","PROGRAMME_CODE_REQUIRED","ERROR","https://www.uts.edu.au/courses/bachelor-of-marine-biology-and-climate-change"
"programme_79bc6f6c3605dd93","university-of-technology-sydney","Bachelor of Marine Biology and Climate Change","SUBJECT_CATEGORY_REQUIRED","ERROR","https://www.uts.edu.au/courses/bachelor-of-marine-biology-and-climate-change"
"programme_79bc6f6c3605dd93","university-of-technology-sydney","Bachelor of Marine Biology and Climate Change","SLUG_REQUIRED","ERROR","https://www.uts.edu.au/courses/bachelor-of-marine-biology-and-climate-change"
"programme_b2cba1737b7a99b8","university-of-technology-sydney","Bachelor of Information Technology (Co-op)","PROGRAMME_CODE_REQUIRED","ERROR","https://www.uts.edu.au/courses/bachelor-of-information-technology-co-op"
"programme_b2cba1737b7a99b8","university-of-technology-sydney","Bachelor of Information Technology (Co-op)","SUBJECT_CATEGORY_REQUIRED","ERROR","https://www.uts.edu.au/courses/bachelor-of-information-technology-co-op"
"programme_b2cba1737b7a99b8","university-of-technology-sydney","Bachelor of Information Technology (Co-op)","SLUG_REQUIRED","ERROR","https://www.uts.edu.au/courses/bachelor-of-information-technology-co-op"
"programme_e9165ec3371c72d3","university-of-technology-sydney","Bachelor of Nursing","PROGRAMME_CODE_REQUIRED","ERROR","https://www.uts.edu.au/courses/bachelor-of-nursing"
"programme_e9165ec3371c72d3","university-of-technology-sydney","Bachelor of Nursing","SUBJECT_CATEGORY_REQUIRED","ERROR","https://www.uts.edu.au/courses/bachelor-of-nursing"
"programme_e9165ec3371c72d3","university-of-technology-sydney","Bachelor of Nursing","SLUG_REQUIRED","ERROR","https://www.uts.edu.au/courses/bachelor-of-nursing"
"programme_9dd6ded2b0ed91d1","university-of-technology-sydney","Diploma in Fashion and Sustainability","PROGRAMME_CODE_REQUIRED","ERROR","https://www.uts.edu.au/courses/diploma-in-fashion-and-sustainability"
"programme_9dd6ded2b0ed91d1","university-of-technology-sydney","Diploma in Fashion and Sustainability","SUBJECT_CATEGORY_REQUIRED","ERROR","https://www.uts.edu.au/courses/diploma-in-fashion-and-sustainability"
"programme_9dd6ded2b0ed91d1","university-of-technology-sydney","Diploma in Fashion and Sustainability","SLUG_REQUIRED","ERROR","https://www.uts.edu.au/courses/diploma-in-fashion-and-sustainability"
"programme_fd6056e39dd13a3c","university-of-technology-sydney","Bachelor of Business","PROGRAMME_CODE_REQUIRED","ERROR","https://www.uts.edu.au/courses/bachelor-of-business"
"programme_fd6056e39dd13a3c","university-of-technology-sydney","Bachelor of Business","SUBJECT_CATEGORY_REQUIRED","ERROR","https://www.uts.edu.au/courses/bachelor-of-business"
"programme_fd6056e39dd13a3c","university-of-technology-sydney","Bachelor of Business","SLUG_REQUIRED","ERROR","https://www.uts.edu.au/courses/bachelor-of-business"
"programme_4ffd0ad4e835dd8c","university-of-technology-sydney","Master of Pharmacy","PROGRAMME_CODE_REQUIRED","ERROR","https://www.uts.edu.au/courses/master-of-pharmacy"
"programme_4ffd0ad4e835dd8c","university-of-technology-sydney","Master of Pharmacy","SUBJECT_CATEGORY_REQUIRED","ERROR","https://www.uts.edu.au/courses/master-of-pharmacy"
"programme_4ffd0ad4e835dd8c","university-of-technology-sydney","Master of Pharmacy","SLUG_REQUIRED","ERROR","https://www.uts.edu.au/courses/master-of-pharmacy"
"programme_85f45a0135ad952f","university-of-technology-sydney","Bachelor of Design in Fashion and Textiles","PROGRAMME_CODE_REQUIRED","ERROR","https://www.uts.edu.au/courses/bachelor-of-design-in-fashion-and-textiles"
"programme_85f45a0135ad952f","university-of-technology-sydney","Bachelor of Design in Fashion and Textiles","SUBJECT_CATEGORY_REQUIRED","ERROR","https://www.uts.edu.au/courses/bachelor-of-design-in-fashion-and-textiles"
"programme_85f45a0135ad952f","university-of-technology-sydney","Bachelor of Design in Fashion and Textiles","SLUG_REQUIRED","ERROR","https://www.uts.edu.au/courses/bachelor-of-design-in-fashion-and-textiles"
"programme_773ac170a5d999d0","university-of-technology-sydney","Bachelor of Engineering (Honours) Bachelor of Science","PROGRAMME_CODE_REQUIRED","ERROR","https://www.uts.edu.au/courses/bachelor-of-engineering-honours-bachelor-of-science"
"programme_773ac170a5d999d0","university-of-technology-sydney","Bachelor of Engineering (Honours) Bachelor of Science","SUBJECT_CATEGORY_REQUIRED","ERROR","https://www.uts.edu.au/courses/bachelor-of-engineering-honours-bachelor-of-science"
"programme_773ac170a5d999d0","university-of-technology-sydney","Bachelor of Engineering (Honours) Bachelor of Science","SLUG_REQUIRED","ERROR","https://www.uts.edu.au/courses/bachelor-of-engineering-honours-bachelor-of-science"
"programme_7bb0b6af49b1a192","university-of-technology-sydney","Master of Data Science and Innovation","PROGRAMME_CODE_REQUIRED","ERROR","https://www.uts.edu.au/courses/master-of-data-science-and-innovation"
"programme_7bb0b6af49b1a192","university-of-technology-sydney","Master of Data Science and Innovation","SUBJECT_CATEGORY_REQUIRED","ERROR","https://www.uts.edu.au/courses/master-of-data-science-and-innovation"
"programme_7bb0b6af49b1a192","university-of-technology-sydney","Master of Data Science and Innovation","SLUG_REQUIRED","ERROR","https://www.uts.edu.au/courses/master-of-data-science-and-innovation"
"programme_30eb178de4480d31","university-of-technology-sydney","Bachelor of Creative Intelligence and Innovation","PROGRAMME_CODE_REQUIRED","ERROR","https://www.uts.edu.au/courses/bachelor-of-creative-intelligence-and-innovation"
"programme_30eb178de4480d31","university-of-technology-sydney","Bachelor of Creative Intelligence and Innovation","SUBJECT_CATEGORY_REQUIRED","ERROR","https://www.uts.edu.au/courses/bachelor-of-creative-intelligence-and-innovation"
"programme_30eb178de4480d31","university-of-technology-sydney","Bachelor of Creative Intelligence and Innovation","SLUG_REQUIRED","ERROR","https://www.uts.edu.au/courses/bachelor-of-creative-intelligence-and-innovation"
"programme_0b09d4ee889f183d","university-of-technology-sydney","Bachelor of Design in Fashion and Textiles Bachelor of Creative Intelligence and Innovation","PROGRAMME_CODE_REQUIRED","ERROR","https://www.uts.edu.au/courses/bachelor-of-design-in-fashion-and-textiles-bachelor-of-creative-intelligence-and-innovation"
"programme_0b09d4ee889f183d","university-of-technology-sydney","Bachelor of Design in Fashion and Textiles Bachelor of Creative Intelligence and Innovation","SUBJECT_CATEGORY_REQUIRED","ERROR","https://www.uts.edu.au/courses/bachelor-of-design-in-fashion-and-textiles-bachelor-of-creative-intelligence-and-innovation"
"programme_0b09d4ee889f183d","university-of-technology-sydney","Bachelor of Design in Fashion and Textiles Bachelor of Creative Intelligence and Innovation","SLUG_REQUIRED","ERROR","https://www.uts.edu.au/courses/bachelor-of-design-in-fashion-and-textiles-bachelor-of-creative-intelligence-and-innovation"
"programme_79e678441bd02ce4","university-of-technology-sydney","Bachelor of Design in Visual Communication Bachelor of Creative Intelligence and Innovation","PROGRAMME_CODE_REQUIRED","ERROR","https://www.uts.edu.au/courses/bachelor-of-design-in-visual-communication-bachelor-of-creative-intelligence-and-innovation"
"programme_79e678441bd02ce4","university-of-technology-sydney","Bachelor of Design in Visual Communication Bachelor of Creative Intelligence and Innovation","SUBJECT_CATEGORY_REQUIRED","ERROR","https://www.uts.edu.au/courses/bachelor-of-design-in-visual-communication-bachelor-of-creative-intelligence-and-innovation"
"programme_79e678441bd02ce4","university-of-technology-sydney","Bachelor of Design in Visual Communication Bachelor of Creative Intelligence and Innovation","SLUG_REQUIRED","ERROR","https://www.uts.edu.au/courses/bachelor-of-design-in-visual-communication-bachelor-of-creative-intelligence-and-innovation"
"programme_2d449465b22d4470","university-of-technology-sydney","Bachelor of Sport and Exercise Science Bachelor of Creative Intelligence and Innovation","PROGRAMME_CODE_REQUIRED","ERROR","https://www.uts.edu.au/courses/bachelor-of-sport-and-exercise-science-bachelor-of-creative-intelligence-and-innovation"
"programme_2d449465b22d4470","university-of-technology-sydney","Bachelor of Sport and Exercise Science Bachelor of Creative Intelligence and Innovation","SUBJECT_CATEGORY_REQUIRED","ERROR","https://www.uts.edu.au/courses/bachelor-of-sport-and-exercise-science-bachelor-of-creative-intelligence-and-innovation"
"programme_2d449465b22d4470","university-of-technology-sydney","Bachelor of Sport and Exercise Science Bachelor of Creative Intelligence and Innovation","SLUG_REQUIRED","ERROR","https://www.uts.edu.au/courses/bachelor-of-sport-and-exercise-science-bachelor-of-creative-intelligence-and-innovation"
"programme_b09e9ee54703e678","university-of-technology-sydney","Graduate Certificate in Diabetes Education and Management","PROGRAMME_CODE_REQUIRED","ERROR","https://www.uts.edu.au/courses/graduate-certificate-in-diabetes-education-and-management"
"programme_b09e9ee54703e678","university-of-technology-sydney","Graduate Certificate in Diabetes Education and Management","SUBJECT_CATEGORY_REQUIRED","ERROR","https://www.uts.edu.au/courses/graduate-certificate-in-diabetes-education-and-management"
"programme_b09e9ee54703e678","university-of-technology-sydney","Graduate Certificate in Diabetes Education and Management","SLUG_REQUIRED","ERROR","https://www.uts.edu.au/courses/graduate-certificate-in-diabetes-education-and-management"
"programme_f3e66cf9bc2d222e","university-of-technology-sydney","Doctor of Philosophy (PhD Thesis: Orthoptics)","PROGRAMME_CODE_REQUIRED","ERROR","https://www.uts.edu.au/courses/doctor-of-philosophy-phd-thesis-orthoptics"
"programme_f3e66cf9bc2d222e","university-of-technology-sydney","Doctor of Philosophy (PhD Thesis: Orthoptics)","SUBJECT_CATEGORY_REQUIRED","ERROR","https://www.uts.edu.au/courses/doctor-of-philosophy-phd-thesis-orthoptics"
"programme_f3e66cf9bc2d222e","university-of-technology-sydney","Doctor of Philosophy (PhD Thesis: Orthoptics)","SLUG_REQUIRED","ERROR","https://www.uts.edu.au/courses/doctor-of-philosophy-phd-thesis-orthoptics"
"programme_03f3975ceea5ce16","university-of-technology-sydney","Bachelor of Science Master of Teaching in Secondary Education","PROGRAMME_CODE_REQUIRED","ERROR","https://www.uts.edu.au/courses/bachelor-of-science-master-of-teaching-in-secondary-education"
"programme_03f3975ceea5ce16","university-of-technology-sydney","Bachelor of Science Master of Teaching in Secondary Education","SUBJECT_CATEGORY_REQUIRED","ERROR","https://www.uts.edu.au/courses/bachelor-of-science-master-of-teaching-in-secondary-education"
"programme_03f3975ceea5ce16","university-of-technology-sydney","Bachelor of Science Master of Teaching in Secondary Education","SLUG_REQUIRED","ERROR","https://www.uts.edu.au/courses/bachelor-of-science-master-of-teaching-in-secondary-education"
"programme_60947a9f453ceab5","university-of-technology-sydney","Doctor of Philosophy","PROGRAMME_CODE_REQUIRED","ERROR","https://www.uts.edu.au/courses/doctor-of-philosophy-phd-thesis-science"
"programme_60947a9f453ceab5","university-of-technology-sydney","Doctor of Philosophy","SUBJECT_CATEGORY_REQUIRED","ERROR","https://www.uts.edu.au/courses/doctor-of-philosophy-phd-thesis-science"
"programme_60947a9f453ceab5","university-of-technology-sydney","Doctor of Philosophy","SLUG_REQUIRED","ERROR","https://www.uts.edu.au/courses/doctor-of-philosophy-phd-thesis-science"
"programme_1d70ac923e181c75","university-of-technology-sydney","Bachelor of Mathematical Sciences (Honours)","PROGRAMME_CODE_REQUIRED","ERROR","https://www.uts.edu.au/courses/bachelor-of-mathematical-sciences-honours"
"programme_1d70ac923e181c75","university-of-technology-sydney","Bachelor of Mathematical Sciences (Honours)","SUBJECT_CATEGORY_REQUIRED","ERROR","https://www.uts.edu.au/courses/bachelor-of-mathematical-sciences-honours"
"programme_1d70ac923e181c75","university-of-technology-sydney","Bachelor of Mathematical Sciences (Honours)","SLUG_REQUIRED","ERROR","https://www.uts.edu.au/courses/bachelor-of-mathematical-sciences-honours"
"programme_0134292be7fda487","university-of-technology-sydney","Bachelor of Forensic Science Bachelor of Creative Intelligence and Innovation","PROGRAMME_CODE_REQUIRED","ERROR","https://www.uts.edu.au/courses/bachelor-of-forensic-science-bachelor-of-creative-intelligence-and-innovation"
"programme_0134292be7fda487","university-of-technology-sydney","Bachelor of Forensic Science Bachelor of Creative Intelligence and Innovation","SUBJECT_CATEGORY_REQUIRED","ERROR","https://www.uts.edu.au/courses/bachelor-of-forensic-science-bachelor-of-creative-intelligence-and-innovation"
"programme_0134292be7fda487","university-of-technology-sydney","Bachelor of Forensic Science Bachelor of Creative Intelligence and Innovation","SLUG_REQUIRED","ERROR","https://www.uts.edu.au/courses/bachelor-of-forensic-science-bachelor-of-creative-intelligence-and-innovation"
"programme_6a0ccc4715498f09","university-of-technology-sydney","Bachelor of Information Systems Bachelor of Business","PROGRAMME_CODE_REQUIRED","ERROR","https://www.uts.edu.au/courses/bachelor-of-information-systems-bachelor-of-business"
"programme_6a0ccc4715498f09","university-of-technology-sydney","Bachelor of Information Systems Bachelor of Business","SUBJECT_CATEGORY_REQUIRED","ERROR","https://www.uts.edu.au/courses/bachelor-of-information-systems-bachelor-of-business"
"programme_6a0ccc4715498f09","university-of-technology-sydney","Bachelor of Information Systems Bachelor of Business","SLUG_REQUIRED","ERROR","https://www.uts.edu.au/courses/bachelor-of-information-systems-bachelor-of-business"
"programme_fe0a8b2ba384c35f","university-of-technology-sydney","Master of Interaction Design (Extension)","PROGRAMME_CODE_REQUIRED","ERROR","https://www.uts.edu.au/courses/master-of-interaction-design-extension"
"programme_fe0a8b2ba384c35f","university-of-technology-sydney","Master of Interaction Design (Extension)","SUBJECT_CATEGORY_REQUIRED","ERROR","https://www.uts.edu.au/courses/master-of-interaction-design-extension"
"programme_fe0a8b2ba384c35f","university-of-technology-sydney","Master of Interaction Design (Extension)","SLUG_REQUIRED","ERROR","https://www.uts.edu.au/courses/master-of-interaction-design-extension"
"programme_ad0a1ef2b8203d40","university-of-technology-sydney","Doctor of Philosophy (PhD Thesis: Analytics)","PROGRAMME_CODE_REQUIRED","ERROR","https://www.uts.edu.au/courses/doctor-of-philosophy-phd-thesis-analytics"
"programme_ad0a1ef2b8203d40","university-of-technology-sydney","Doctor of Philosophy (PhD Thesis: Analytics)","SUBJECT_CATEGORY_REQUIRED","ERROR","https://www.uts.edu.au/courses/doctor-of-philosophy-phd-thesis-analytics"
"programme_ad0a1ef2b8203d40","university-of-technology-sydney","Doctor of Philosophy (PhD Thesis: Analytics)","SLUG_REQUIRED","ERROR","https://www.uts.edu.au/courses/doctor-of-philosophy-phd-thesis-analytics"
"programme_1cd14b63771f88d7","university-of-technology-sydney","Bachelor of Nursing Bachelor of Creative Intelligence and Innovation","PROGRAMME_CODE_REQUIRED","ERROR","https://www.uts.edu.au/courses/bachelor-of-nursing-bachelor-of-creative-intelligence-and-innovation"
"programme_1cd14b63771f88d7","university-of-technology-sydney","Bachelor of Nursing Bachelor of Creative Intelligence and Innovation","SUBJECT_CATEGORY_REQUIRED","ERROR","https://www.uts.edu.au/courses/bachelor-of-nursing-bachelor-of-creative-intelligence-and-innovation"
"programme_1cd14b63771f88d7","university-of-technology-sydney","Bachelor of Nursing Bachelor of Creative Intelligence and Innovation","SLUG_REQUIRED","ERROR","https://www.uts.edu.au/courses/bachelor-of-nursing-bachelor-of-creative-intelligence-and-innovation"
"programme_92be05ee0b6b5765","university-of-technology-sydney","Bachelor of Nursing (Honours)","PROGRAMME_CODE_REQUIRED","ERROR","https://www.uts.edu.au/courses/bachelor-of-nursing-honours"
"programme_92be05ee0b6b5765","university-of-technology-sydney","Bachelor of Nursing (Honours)","SUBJECT_CATEGORY_REQUIRED","ERROR","https://www.uts.edu.au/courses/bachelor-of-nursing-honours"
"programme_92be05ee0b6b5765","university-of-technology-sydney","Bachelor of Nursing (Honours)","SLUG_REQUIRED","ERROR","https://www.uts.edu.au/courses/bachelor-of-nursing-honours"
"programme_bc1d0d591289e580","university-of-technology-sydney","Bachelor of Midwifery","PROGRAMME_CODE_REQUIRED","ERROR","https://www.uts.edu.au/courses/bachelor-of-midwifery"
"programme_bc1d0d591289e580","university-of-technology-sydney","Bachelor of Midwifery","SUBJECT_CATEGORY_REQUIRED","ERROR","https://www.uts.edu.au/courses/bachelor-of-midwifery"
"programme_bc1d0d591289e580","university-of-technology-sydney","Bachelor of Midwifery","SLUG_REQUIRED","ERROR","https://www.uts.edu.au/courses/bachelor-of-midwifery"
"programme_95193662d801bd58","university-of-technology-sydney","Bachelor of Economics Master of Teaching in Secondary Education","PROGRAMME_CODE_REQUIRED","ERROR","https://www.uts.edu.au/courses/bachelor-of-economics-master-of-teaching-in-secondary-education"
"programme_95193662d801bd58","university-of-technology-sydney","Bachelor of Economics Master of Teaching in Secondary Education","SUBJECT_CATEGORY_REQUIRED","ERROR","https://www.uts.edu.au/courses/bachelor-of-economics-master-of-teaching-in-secondary-education"
"programme_95193662d801bd58","university-of-technology-sydney","Bachelor of Economics Master of Teaching in Secondary Education","SLUG_REQUIRED","ERROR","https://www.uts.edu.au/courses/bachelor-of-economics-master-of-teaching-in-secondary-education"
"programme_58f088b25bf836e4","university-of-technology-sydney","Bachelor of Economics","PROGRAMME_CODE_REQUIRED","ERROR","https://www.uts.edu.au/courses/bachelor-of-economics"
"programme_58f088b25bf836e4","university-of-technology-sydney","Bachelor of Economics","SUBJECT_CATEGORY_REQUIRED","ERROR","https://www.uts.edu.au/courses/bachelor-of-economics"
"programme_58f088b25bf836e4","university-of-technology-sydney","Bachelor of Economics","SLUG_REQUIRED","ERROR","https://www.uts.edu.au/courses/bachelor-of-economics"
"programme_398545ef391149e6","university-of-technology-sydney","Bachelor of Business Bachelor of Laws","PROGRAMME_CODE_REQUIRED","ERROR","https://www.uts.edu.au/courses/bachelor-of-business-bachelor-of-laws"
"programme_398545ef391149e6","university-of-technology-sydney","Bachelor of Business Bachelor of Laws","SUBJECT_CATEGORY_REQUIRED","ERROR","https://www.uts.edu.au/courses/bachelor-of-business-bachelor-of-laws"
"programme_398545ef391149e6","university-of-technology-sydney","Bachelor of Business Bachelor of Laws","SLUG_REQUIRED","ERROR","https://www.uts.edu.au/courses/bachelor-of-business-bachelor-of-laws"
"programme_a2a0471aad94694f","university-of-technology-sydney","Master of Business Analytics","PROGRAMME_CODE_REQUIRED","ERROR","https://www.uts.edu.au/courses/master-of-business-analytics"
"programme_a2a0471aad94694f","university-of-technology-sydney","Master of Business Analytics","SUBJECT_CATEGORY_REQUIRED","ERROR","https://www.uts.edu.au/courses/master-of-business-analytics"
"programme_a2a0471aad94694f","university-of-technology-sydney","Master of Business Analytics","SLUG_REQUIRED","ERROR","https://www.uts.edu.au/courses/master-of-business-analytics"
"programme_f208e0e61ff3223d","university-of-technology-sydney","Graduate Certificate in Business Analytics","PROGRAMME_CODE_REQUIRED","ERROR","https://www.uts.edu.au/courses/graduate-certificate-in-business-analytics"
"programme_f208e0e61ff3223d","university-of-technology-sydney","Graduate Certificate in Business Analytics","SUBJECT_CATEGORY_REQUIRED","ERROR","https://www.uts.edu.au/courses/graduate-certificate-in-business-analytics"
"programme_f208e0e61ff3223d","university-of-technology-sydney","Graduate Certificate in Business Analytics","SLUG_REQUIRED","ERROR","https://www.uts.edu.au/courses/graduate-certificate-in-business-analytics"
"programme_df6df18569d925b4","university-of-technology-sydney","Bachelor of Business (Honours)","PROGRAMME_CODE_REQUIRED","ERROR","https://www.uts.edu.au/courses/bachelor-of-business-honours"
"programme_df6df18569d925b4","university-of-technology-sydney","Bachelor of Business (Honours)","SUBJECT_CATEGORY_REQUIRED","ERROR","https://www.uts.edu.au/courses/bachelor-of-business-honours"
"programme_df6df18569d925b4","university-of-technology-sydney","Bachelor of Business (Honours)","SLUG_REQUIRED","ERROR","https://www.uts.edu.au/courses/bachelor-of-business-honours"
"programme_1a3d2a5e989e4cbd","university-of-western-australia","Doctor of Philosophy","PROGRAMME_CODE_REQUIRED","ERROR","https://www.uwa.edu.au/study/courses/doctor-of-philosophy"
"programme_1a3d2a5e989e4cbd","university-of-western-australia","Doctor of Philosophy","SUBJECT_CATEGORY_REQUIRED","ERROR","https://www.uwa.edu.au/study/courses/doctor-of-philosophy"
"programme_1a3d2a5e989e4cbd","university-of-western-australia","Doctor of Philosophy","SLUG_REQUIRED","ERROR","https://www.uwa.edu.au/study/courses/doctor-of-philosophy"
"programme_15c71b8559782fd9","university-of-western-australia","Master of Philosophy","PROGRAMME_CODE_REQUIRED","ERROR","https://www.uwa.edu.au/study/courses/master-of-philosophy"
"programme_15c71b8559782fd9","university-of-western-australia","Master of Philosophy","SUBJECT_CATEGORY_REQUIRED","ERROR","https://www.uwa.edu.au/study/courses/master-of-philosophy"
"programme_15c71b8559782fd9","university-of-western-australia","Master of Philosophy","SLUG_REQUIRED","ERROR","https://www.uwa.edu.au/study/courses/master-of-philosophy"
"programme_35d52797e29c9f49","university-of-western-australia","Doctor of Dental Medicine","PROGRAMME_CODE_REQUIRED","ERROR","https://www.uwa.edu.au/study/courses/doctor-of-dental-medicine"
"programme_35d52797e29c9f49","university-of-western-australia","Doctor of Dental Medicine","SUBJECT_CATEGORY_REQUIRED","ERROR","https://www.uwa.edu.au/study/courses/doctor-of-dental-medicine"
"programme_35d52797e29c9f49","university-of-western-australia","Doctor of Dental Medicine","SLUG_REQUIRED","ERROR","https://www.uwa.edu.au/study/courses/doctor-of-dental-medicine"
"programme_186f3334306818ed","university-of-western-australia","Doctor of Medicine","PROGRAMME_CODE_REQUIRED","ERROR","https://www.uwa.edu.au/study/courses/doctor-of-MEDICINE"
"programme_186f3334306818ed","university-of-western-australia","Doctor of Medicine","SUBJECT_CATEGORY_REQUIRED","ERROR","https://www.uwa.edu.au/study/courses/doctor-of-MEDICINE"
"programme_186f3334306818ed","university-of-western-australia","Doctor of Medicine","SLUG_REQUIRED","ERROR","https://www.uwa.edu.au/study/courses/doctor-of-MEDICINE"
"programme_7e09605b8606cbbe","university-of-western-australia","Doctor of Podiatric Medicine","PROGRAMME_CODE_REQUIRED","ERROR","https://www.uwa.edu.au/study/courses/doctor-of-podiatric-medicine"
"programme_7e09605b8606cbbe","university-of-western-australia","Doctor of Podiatric Medicine","SUBJECT_CATEGORY_REQUIRED","ERROR","https://www.uwa.edu.au/study/courses/doctor-of-podiatric-medicine"
"programme_7e09605b8606cbbe","university-of-western-australia","Doctor of Podiatric Medicine","SLUG_REQUIRED","ERROR","https://www.uwa.edu.au/study/courses/doctor-of-podiatric-medicine"
"programme_966561a695418396","university-of-western-australia","Master of Architecture","PROGRAMME_CODE_REQUIRED","ERROR","https://www.uwa.edu.au/study/courses/master-of-architecture"
"programme_966561a695418396","university-of-western-australia","Master of Architecture","SUBJECT_CATEGORY_REQUIRED","ERROR","https://www.uwa.edu.au/study/courses/master-of-architecture"
"programme_966561a695418396","university-of-western-australia","Master of Architecture","SLUG_REQUIRED","ERROR","https://www.uwa.edu.au/study/courses/master-of-architecture"
"programme_9cea39e69b9ef1f2","university-of-western-australia","Master of Landscape Architecture","PROGRAMME_CODE_REQUIRED","ERROR","https://www.uwa.edu.au/study/courses/master-of-landscape-architecture"
"programme_9cea39e69b9ef1f2","university-of-western-australia","Master of Landscape Architecture","SUBJECT_CATEGORY_REQUIRED","ERROR","https://www.uwa.edu.au/study/courses/master-of-landscape-architecture"
"programme_9cea39e69b9ef1f2","university-of-western-australia","Master of Landscape Architecture","SLUG_REQUIRED","ERROR","https://www.uwa.edu.au/study/courses/master-of-landscape-architecture"
"programme_fc61b44d9dba2098","university-of-western-australia","Master of Public Health","PROGRAMME_CODE_REQUIRED","ERROR","https://www.uwa.edu.au/study/courses/master-of-public-health"
"programme_fc61b44d9dba2098","university-of-western-australia","Master of Public Health","SUBJECT_CATEGORY_REQUIRED","ERROR","https://www.uwa.edu.au/study/courses/master-of-public-health"
"programme_fc61b44d9dba2098","university-of-western-australia","Master of Public Health","SLUG_REQUIRED","ERROR","https://www.uwa.edu.au/study/courses/master-of-public-health"
"programme_3bcb882d4f960115","university-of-western-australia","Master of Public Health - Coursework","PROGRAMME_CODE_REQUIRED","ERROR","https://www.uwa.edu.au/study/courses/master-of-public-health-specialisation"
"programme_3bcb882d4f960115","university-of-western-australia","Master of Public Health - Coursework","SUBJECT_CATEGORY_REQUIRED","ERROR","https://www.uwa.edu.au/study/courses/master-of-public-health-specialisation"
"programme_3bcb882d4f960115","university-of-western-australia","Master of Public Health - Coursework","SLUG_REQUIRED","ERROR","https://www.uwa.edu.au/study/courses/master-of-public-health-specialisation"
"programme_960f6ce3be668d71","university-of-western-australia","Master of Translation Studies","PROGRAMME_CODE_REQUIRED","ERROR","https://www.uwa.edu.au/study/courses/master-of-translation-studies"
"programme_960f6ce3be668d71","university-of-western-australia","Master of Translation Studies","SUBJECT_CATEGORY_REQUIRED","ERROR","https://www.uwa.edu.au/study/courses/master-of-translation-studies"
"programme_960f6ce3be668d71","university-of-western-australia","Master of Translation Studies","SLUG_REQUIRED","ERROR","https://www.uwa.edu.au/study/courses/master-of-translation-studies"
"programme_f3c1e28f56a82e13","university-of-western-australia","Architecture","PROGRAMME_CODE_REQUIRED","ERROR","https://www.uwa.edu.au/study/courses/architecture"
"programme_f3c1e28f56a82e13","university-of-western-australia","Architecture","SUBJECT_CATEGORY_REQUIRED","ERROR","https://www.uwa.edu.au/study/courses/architecture"
"programme_f3c1e28f56a82e13","university-of-western-australia","Architecture","SLUG_REQUIRED","ERROR","https://www.uwa.edu.au/study/courses/architecture"
"programme_045cc14c0fcb3429","university-of-western-australia","Master of Business Analytics","PROGRAMME_CODE_REQUIRED","ERROR","https://www.uwa.edu.au/study/courses/master-of-business-analytics"
"programme_045cc14c0fcb3429","university-of-western-australia","Master of Business Analytics","SUBJECT_CATEGORY_REQUIRED","ERROR","https://www.uwa.edu.au/study/courses/master-of-business-analytics"
"programme_045cc14c0fcb3429","university-of-western-australia","Master of Business Analytics","SLUG_REQUIRED","ERROR","https://www.uwa.edu.au/study/courses/master-of-business-analytics"
"programme_0271e040c72f12dc","university-of-western-australia","Master of Information Technology","PROGRAMME_CODE_REQUIRED","ERROR","https://www.uwa.edu.au/study/courses/master-of-information-technology"
"programme_0271e040c72f12dc","university-of-western-australia","Master of Information Technology","SUBJECT_CATEGORY_REQUIRED","ERROR","https://www.uwa.edu.au/study/courses/master-of-information-technology"
"programme_0271e040c72f12dc","university-of-western-australia","Master of Information Technology","SLUG_REQUIRED","ERROR","https://www.uwa.edu.au/study/courses/master-of-information-technology"
"programme_b6003cc9516cb29b","university-of-western-australia","Cybersecurity","PROGRAMME_CODE_REQUIRED","ERROR","https://www.uwa.edu.au/study/courses/cybersecurity"
"programme_b6003cc9516cb29b","university-of-western-australia","Cybersecurity","SUBJECT_CATEGORY_REQUIRED","ERROR","https://www.uwa.edu.au/study/courses/cybersecurity"
"programme_b6003cc9516cb29b","university-of-western-australia","Cybersecurity","SLUG_REQUIRED","ERROR","https://www.uwa.edu.au/study/courses/cybersecurity"
"programme_dd5d47675dc3e098","university-of-western-australia","Master of Teaching (Secondary)","PROGRAMME_CODE_REQUIRED","ERROR","https://www.uwa.edu.au/study/courses/master-of-teaching-secondary"
"programme_dd5d47675dc3e098","university-of-western-australia","Master of Teaching (Secondary)","SUBJECT_CATEGORY_REQUIRED","ERROR","https://www.uwa.edu.au/study/courses/master-of-teaching-secondary"
"programme_dd5d47675dc3e098","university-of-western-australia","Master of Teaching (Secondary)","SLUG_REQUIRED","ERROR","https://www.uwa.edu.au/study/courses/master-of-teaching-secondary"
"programme_97527a86d940c867","university-of-western-australia","Master of Offshore and Coastal Engineering","PROGRAMME_CODE_REQUIRED","ERROR","https://www.uwa.edu.au/study/courses/master-of-offshore-and-coastal-engineering"
"programme_97527a86d940c867","university-of-western-australia","Master of Offshore and Coastal Engineering","SUBJECT_CATEGORY_REQUIRED","ERROR","https://www.uwa.edu.au/study/courses/master-of-offshore-and-coastal-engineering"
"programme_97527a86d940c867","university-of-western-australia","Master of Offshore and Coastal Engineering","SLUG_REQUIRED","ERROR","https://www.uwa.edu.au/study/courses/master-of-offshore-and-coastal-engineering"
"programme_87bac833914a111a","university-of-western-australia","Doctor of Medicine","PROGRAMME_CODE_REQUIRED","ERROR","https://www.uwa.edu.au/study/courses/doctor-of-medicine"
"programme_87bac833914a111a","university-of-western-australia","Doctor of Medicine","SUBJECT_CATEGORY_REQUIRED","ERROR","https://www.uwa.edu.au/study/courses/doctor-of-medicine"
"programme_87bac833914a111a","university-of-western-australia","Doctor of Medicine","SLUG_REQUIRED","ERROR","https://www.uwa.edu.au/study/courses/doctor-of-medicine"
"programme_9935a85a68d44835","university-of-western-australia","Master of Strategic Communication","PROGRAMME_CODE_REQUIRED","ERROR","https://www.uwa.edu.au/study/courses/master-of-strategic-communication"
"programme_9935a85a68d44835","university-of-western-australia","Master of Strategic Communication","SUBJECT_CATEGORY_REQUIRED","ERROR","https://www.uwa.edu.au/study/courses/master-of-strategic-communication"
"programme_9935a85a68d44835","university-of-western-australia","Master of Strategic Communication","SLUG_REQUIRED","ERROR","https://www.uwa.edu.au/study/courses/master-of-strategic-communication"
"programme_946d5ec0470dcdac","university-of-western-australia","Business Analytics","PROGRAMME_CODE_REQUIRED","ERROR","https://www.uwa.edu.au/study/Courses/Business-Analytics"
"programme_946d5ec0470dcdac","university-of-western-australia","Business Analytics","SUBJECT_CATEGORY_REQUIRED","ERROR","https://www.uwa.edu.au/study/Courses/Business-Analytics"
"programme_946d5ec0470dcdac","university-of-western-australia","Business Analytics","SLUG_REQUIRED","ERROR","https://www.uwa.edu.au/study/Courses/Business-Analytics"
"programme_8cae29a8f982cc8e","university-of-western-australia","Master of Mining and Energy Law","PROGRAMME_CODE_REQUIRED","ERROR","https://www.uwa.edu.au/study/courses/master-of-mining-and-energy-law"
"programme_8cae29a8f982cc8e","university-of-western-australia","Master of Mining and Energy Law","SUBJECT_CATEGORY_REQUIRED","ERROR","https://www.uwa.edu.au/study/courses/master-of-mining-and-energy-law"
"programme_8cae29a8f982cc8e","university-of-western-australia","Master of Mining and Energy Law","SLUG_REQUIRED","ERROR","https://www.uwa.edu.au/study/courses/master-of-mining-and-energy-law"
"programme_25bc2eaab01800f9","university-of-western-australia","Juris Doctor","PROGRAMME_CODE_REQUIRED","ERROR","https://www.uwa.edu.au/study/courses/juris-doctor"
"programme_25bc2eaab01800f9","university-of-western-australia","Juris Doctor","SUBJECT_CATEGORY_REQUIRED","ERROR","https://www.uwa.edu.au/study/courses/juris-doctor"
"programme_25bc2eaab01800f9","university-of-western-australia","Juris Doctor","SLUG_REQUIRED","ERROR","https://www.uwa.edu.au/study/courses/juris-doctor"
"programme_f9e6d82b082c487f","university-of-western-australia","Master of Fine Arts","PROGRAMME_CODE_REQUIRED","ERROR","https://www.uwa.edu.au/study/courses/master-of-fine-arts"
"programme_f9e6d82b082c487f","university-of-western-australia","Master of Fine Arts","SUBJECT_CATEGORY_REQUIRED","ERROR","https://www.uwa.edu.au/study/courses/master-of-fine-arts"
"programme_f9e6d82b082c487f","university-of-western-australia","Master of Fine Arts","SLUG_REQUIRED","ERROR","https://www.uwa.edu.au/study/courses/master-of-fine-arts"
"programme_9173526cf57dcc86","university-of-western-australia","Physics","PROGRAMME_CODE_REQUIRED","ERROR","https://www.uwa.edu.au/study/Courses/Physics"
"programme_9173526cf57dcc86","university-of-western-australia","Physics","SUBJECT_CATEGORY_REQUIRED","ERROR","https://www.uwa.edu.au/study/Courses/Physics"
"programme_9173526cf57dcc86","university-of-western-australia","Physics","SLUG_REQUIRED","ERROR","https://www.uwa.edu.au/study/Courses/Physics"
"programme_87353e6361c5437e","university-of-western-australia","Fine Arts","PROGRAMME_CODE_REQUIRED","ERROR","https://www.uwa.edu.au/study/Courses/Fine-Arts"
"programme_87353e6361c5437e","university-of-western-australia","Fine Arts","SUBJECT_CATEGORY_REQUIRED","ERROR","https://www.uwa.edu.au/study/Courses/Fine-Arts"
"programme_87353e6361c5437e","university-of-western-australia","Fine Arts","SLUG_REQUIRED","ERROR","https://www.uwa.edu.au/study/Courses/Fine-Arts"
"programme_623d3f004dbbb48a","university-of-western-australia","Bachelor of Marine Science and Master of Environmental Science","PROGRAMME_CODE_REQUIRED","ERROR","https://www.uwa.edu.au/study/courses/bachelor-of-marine-science-and-master-of-environmental-science"
"programme_623d3f004dbbb48a","university-of-western-australia","Bachelor of Marine Science and Master of Environmental Science","SUBJECT_CATEGORY_REQUIRED","ERROR","https://www.uwa.edu.au/study/courses/bachelor-of-marine-science-and-master-of-environmental-science"
"programme_623d3f004dbbb48a","university-of-western-australia","Bachelor of Marine Science and Master of Environmental Science","SLUG_REQUIRED","ERROR","https://www.uwa.edu.au/study/courses/bachelor-of-marine-science-and-master-of-environmental-science"
"programme_b6b0ea96ffd72864","university-of-western-australia","Marine Science (Extended Major)","PROGRAMME_CODE_REQUIRED","ERROR","https://www.uwa.edu.au/study/courses/marine-science-extended-major"
"programme_b6b0ea96ffd72864","university-of-western-australia","Marine Science (Extended Major)","SUBJECT_CATEGORY_REQUIRED","ERROR","https://www.uwa.edu.au/study/courses/marine-science-extended-major"
"programme_b6b0ea96ffd72864","university-of-western-australia","Marine Science (Extended Major)","SLUG_REQUIRED","ERROR","https://www.uwa.edu.au/study/courses/marine-science-extended-major"
"programme_941f9ea874454859","university-of-western-australia","Chemistry","PROGRAMME_CODE_REQUIRED","ERROR","https://www.uwa.edu.au/study/Courses/Chemistry"
"programme_941f9ea874454859","university-of-western-australia","Chemistry","SUBJECT_CATEGORY_REQUIRED","ERROR","https://www.uwa.edu.au/study/Courses/Chemistry"
"programme_941f9ea874454859","university-of-western-australia","Chemistry","SLUG_REQUIRED","ERROR","https://www.uwa.edu.au/study/Courses/Chemistry"
"programme_8ee72842734fb7a2","university-of-western-australia","Graduate Certificate in Business Psychology Online","PROGRAMME_CODE_REQUIRED","ERROR","https://www.uwa.edu.au/study/courses/graduate-certificate-in-business-psychology-online"
"programme_8ee72842734fb7a2","university-of-western-australia","Graduate Certificate in Business Psychology Online","SUBJECT_CATEGORY_REQUIRED","ERROR","https://www.uwa.edu.au/study/courses/graduate-certificate-in-business-psychology-online"
"programme_8ee72842734fb7a2","university-of-western-australia","Graduate Certificate in Business Psychology Online","SLUG_REQUIRED","ERROR","https://www.uwa.edu.au/study/courses/graduate-certificate-in-business-psychology-online"
"programme_b1bbf89709079897","university-of-western-australia","Psychological and Behavioural Sciences","PROGRAMME_CODE_REQUIRED","ERROR","https://www.uwa.edu.au/study/courses/psychological-and-behavioural-sciences"
"programme_b1bbf89709079897","university-of-western-australia","Psychological and Behavioural Sciences","SUBJECT_CATEGORY_REQUIRED","ERROR","https://www.uwa.edu.au/study/courses/psychological-and-behavioural-sciences"
"programme_b1bbf89709079897","university-of-western-australia","Psychological and Behavioural Sciences","SLUG_REQUIRED","ERROR","https://www.uwa.edu.au/study/courses/psychological-and-behavioural-sciences"
"programme_aa02a8cee9382a8f","university-of-western-australia","Master of Professional Psychology coursework","PROGRAMME_CODE_REQUIRED","ERROR","https://www.uwa.edu.au/study/courses/master-of-professional-psychology-coursework"
"programme_aa02a8cee9382a8f","university-of-western-australia","Master of Professional Psychology coursework","SUBJECT_CATEGORY_REQUIRED","ERROR","https://www.uwa.edu.au/study/courses/master-of-professional-psychology-coursework"
"programme_aa02a8cee9382a8f","university-of-western-australia","Master of Professional Psychology coursework","SLUG_REQUIRED","ERROR","https://www.uwa.edu.au/study/courses/master-of-professional-psychology-coursework"
"programme_5b0243442047296f","university-of-western-australia","Automation and Robotics Engineering","PROGRAMME_CODE_REQUIRED","ERROR","https://www.uwa.edu.au/study/courses/automation-and-robotics-engineering"
"programme_5b0243442047296f","university-of-western-australia","Automation and Robotics Engineering","SUBJECT_CATEGORY_REQUIRED","ERROR","https://www.uwa.edu.au/study/courses/automation-and-robotics-engineering"
"programme_5b0243442047296f","university-of-western-australia","Automation and Robotics Engineering","SLUG_REQUIRED","ERROR","https://www.uwa.edu.au/study/courses/automation-and-robotics-engineering"
"programme_1f2ca58084e123d9","university-of-western-australia","Biomedical Engineering","PROGRAMME_CODE_REQUIRED","ERROR","https://www.uwa.edu.au/study/courses/biomedical-engineering"
"programme_1f2ca58084e123d9","university-of-western-australia","Biomedical Engineering","SUBJECT_CATEGORY_REQUIRED","ERROR","https://www.uwa.edu.au/study/courses/biomedical-engineering"
"programme_1f2ca58084e123d9","university-of-western-australia","Biomedical Engineering","SLUG_REQUIRED","ERROR","https://www.uwa.edu.au/study/courses/biomedical-engineering"
"programme_661e3aaf89fc6632","university-of-western-australia","Chemical Engineering","PROGRAMME_CODE_REQUIRED","ERROR","https://www.uwa.edu.au/study/courses/chemical-engineering"
"programme_661e3aaf89fc6632","university-of-western-australia","Chemical Engineering","SUBJECT_CATEGORY_REQUIRED","ERROR","https://www.uwa.edu.au/study/courses/chemical-engineering"
"programme_661e3aaf89fc6632","university-of-western-australia","Chemical Engineering","SLUG_REQUIRED","ERROR","https://www.uwa.edu.au/study/courses/chemical-engineering"
"programme_6b5a966533d8e5ec","university-of-western-australia","Civil Engineering","PROGRAMME_CODE_REQUIRED","ERROR","https://www.uwa.edu.au/study/courses/civil-engineering"
"programme_6b5a966533d8e5ec","university-of-western-australia","Civil Engineering","SUBJECT_CATEGORY_REQUIRED","ERROR","https://www.uwa.edu.au/study/courses/civil-engineering"
"programme_6b5a966533d8e5ec","university-of-western-australia","Civil Engineering","SLUG_REQUIRED","ERROR","https://www.uwa.edu.au/study/courses/civil-engineering"
"programme_223ccb5bd7cad8c7","university-of-western-australia","Electrical and Electronic Engineering","PROGRAMME_CODE_REQUIRED","ERROR","https://www.uwa.edu.au/study/courses/electrical-and-electronic-engineering"
"programme_223ccb5bd7cad8c7","university-of-western-australia","Electrical and Electronic Engineering","SUBJECT_CATEGORY_REQUIRED","ERROR","https://www.uwa.edu.au/study/courses/electrical-and-electronic-engineering"
"programme_223ccb5bd7cad8c7","university-of-western-australia","Electrical and Electronic Engineering","SLUG_REQUIRED","ERROR","https://www.uwa.edu.au/study/courses/electrical-and-electronic-engineering"
"programme_6134ef922290420d","university-of-western-australia","Environmental Engineering","PROGRAMME_CODE_REQUIRED","ERROR","https://www.uwa.edu.au/study/courses/environmental-engineering"
"programme_6134ef922290420d","university-of-western-australia","Environmental Engineering","SUBJECT_CATEGORY_REQUIRED","ERROR","https://www.uwa.edu.au/study/courses/environmental-engineering"
"programme_6134ef922290420d","university-of-western-australia","Environmental Engineering","SLUG_REQUIRED","ERROR","https://www.uwa.edu.au/study/courses/environmental-engineering"
"programme_e5389d27e3a515ab","university-of-western-australia","Mechanical Engineering","PROGRAMME_CODE_REQUIRED","ERROR","https://www.uwa.edu.au/study/courses/mechanical-engineering"
"programme_e5389d27e3a515ab","university-of-western-australia","Mechanical Engineering","SUBJECT_CATEGORY_REQUIRED","ERROR","https://www.uwa.edu.au/study/courses/mechanical-engineering"
"programme_e5389d27e3a515ab","university-of-western-australia","Mechanical Engineering","SLUG_REQUIRED","ERROR","https://www.uwa.edu.au/study/courses/mechanical-engineering"
"programme_52d51c1d42ae9f2a","university-of-western-australia","Mining Engineering","PROGRAMME_CODE_REQUIRED","ERROR","https://www.uwa.edu.au/study/courses/mining-engineering"
"programme_52d51c1d42ae9f2a","university-of-western-australia","Mining Engineering","SUBJECT_CATEGORY_REQUIRED","ERROR","https://www.uwa.edu.au/study/courses/mining-engineering"
"programme_52d51c1d42ae9f2a","university-of-western-australia","Mining Engineering","SLUG_REQUIRED","ERROR","https://www.uwa.edu.au/study/courses/mining-engineering"
"programme_8567fe987e2b0b4d","university-of-western-australia","Software Engineering","PROGRAMME_CODE_REQUIRED","ERROR","https://www.uwa.edu.au/study/courses/software-engineering"
"programme_8567fe987e2b0b4d","university-of-western-australia","Software Engineering","SUBJECT_CATEGORY_REQUIRED","ERROR","https://www.uwa.edu.au/study/courses/software-engineering"
"programme_8567fe987e2b0b4d","university-of-western-australia","Software Engineering","SLUG_REQUIRED","ERROR","https://www.uwa.edu.au/study/courses/software-engineering"
"programme_529f223357ece7b8","university-of-western-australia","Accounting","PROGRAMME_CODE_REQUIRED","ERROR","https://www.uwa.edu.au/study/courses/accounting"
"programme_529f223357ece7b8","university-of-western-australia","Accounting","SUBJECT_CATEGORY_REQUIRED","ERROR","https://www.uwa.edu.au/study/courses/accounting"
"programme_529f223357ece7b8","university-of-western-australia","Accounting","SLUG_REQUIRED","ERROR","https://www.uwa.edu.au/study/courses/accounting"
"programme_5c495b627f502734","university-of-western-australia","Business Law","PROGRAMME_CODE_REQUIRED","ERROR","https://www.uwa.edu.au/study/courses/business-law"
"programme_5c495b627f502734","university-of-western-australia","Business Law","SUBJECT_CATEGORY_REQUIRED","ERROR","https://www.uwa.edu.au/study/courses/business-law"
"programme_5c495b627f502734","university-of-western-australia","Business Law","SLUG_REQUIRED","ERROR","https://www.uwa.edu.au/study/courses/business-law"
"programme_f979c1d3b3bd2ad4","university-of-western-australia","Business Economics single major","PROGRAMME_CODE_REQUIRED","ERROR","https://www.uwa.edu.au/study/courses/business-economics"
"programme_f979c1d3b3bd2ad4","university-of-western-australia","Business Economics single major","SUBJECT_CATEGORY_REQUIRED","ERROR","https://www.uwa.edu.au/study/courses/business-economics"
"programme_f979c1d3b3bd2ad4","university-of-western-australia","Business Economics single major","SLUG_REQUIRED","ERROR","https://www.uwa.edu.au/study/courses/business-economics"
"programme_a6ab64328dc37ea5","university-of-wollongong","Bachelor of Arts","PROGRAMME_CODE_REQUIRED","ERROR","https://www.uow.edu.au/study/courses/bachelor-of-arts/"
"programme_a6ab64328dc37ea5","university-of-wollongong","Bachelor of Arts","SUBJECT_CATEGORY_REQUIRED","ERROR","https://www.uow.edu.au/study/courses/bachelor-of-arts/"
"programme_a6ab64328dc37ea5","university-of-wollongong","Bachelor of Arts","SLUG_REQUIRED","ERROR","https://www.uow.edu.au/study/courses/bachelor-of-arts/"
"programme_2ca87af26844871f","university-of-wollongong","Bachelor of Arts - Bachelor of Business","PROGRAMME_CODE_REQUIRED","ERROR","https://www.uow.edu.au/study/courses/bachelor-of-arts---bachelor-of-business/"
"programme_2ca87af26844871f","university-of-wollongong","Bachelor of Arts - Bachelor of Business","SUBJECT_CATEGORY_REQUIRED","ERROR","https://www.uow.edu.au/study/courses/bachelor-of-arts---bachelor-of-business/"
"programme_2ca87af26844871f","university-of-wollongong","Bachelor of Arts - Bachelor of Business","SLUG_REQUIRED","ERROR","https://www.uow.edu.au/study/courses/bachelor-of-arts---bachelor-of-business/"
"programme_472b8c231ebb4d77","university-of-wollongong","Bachelor of Arts - Bachelor of Communication and Media","PROGRAMME_CODE_REQUIRED","ERROR","https://www.uow.edu.au/study/courses/bachelor-of-arts---bachelor-of-communication-and-media/"
"programme_472b8c231ebb4d77","university-of-wollongong","Bachelor of Arts - Bachelor of Communication and Media","SUBJECT_CATEGORY_REQUIRED","ERROR","https://www.uow.edu.au/study/courses/bachelor-of-arts---bachelor-of-communication-and-media/"
"programme_472b8c231ebb4d77","university-of-wollongong","Bachelor of Arts - Bachelor of Communication and Media","SLUG_REQUIRED","ERROR","https://www.uow.edu.au/study/courses/bachelor-of-arts---bachelor-of-communication-and-media/"
"programme_6000c0ddc91631fc","university-of-wollongong","Bachelor of Arts - Bachelor of International Studies","PROGRAMME_CODE_REQUIRED","ERROR","https://www.uow.edu.au/study/courses/bachelor-of-arts---bachelor-of-international-studies/"
"programme_6000c0ddc91631fc","university-of-wollongong","Bachelor of Arts - Bachelor of International Studies","SUBJECT_CATEGORY_REQUIRED","ERROR","https://www.uow.edu.au/study/courses/bachelor-of-arts---bachelor-of-international-studies/"
"programme_6000c0ddc91631fc","university-of-wollongong","Bachelor of Arts - Bachelor of International Studies","SLUG_REQUIRED","ERROR","https://www.uow.edu.au/study/courses/bachelor-of-arts---bachelor-of-international-studies/"
"programme_6b61ebbaa8fac0fc","university-of-wollongong","Bachelor of Arts - Bachelor of Laws","PROGRAMME_CODE_REQUIRED","ERROR","https://www.uow.edu.au/study/courses/bachelor-of-arts---bachelor-of-laws/"
"programme_6b61ebbaa8fac0fc","university-of-wollongong","Bachelor of Arts - Bachelor of Laws","SUBJECT_CATEGORY_REQUIRED","ERROR","https://www.uow.edu.au/study/courses/bachelor-of-arts---bachelor-of-laws/"
"programme_6b61ebbaa8fac0fc","university-of-wollongong","Bachelor of Arts - Bachelor of Laws","SLUG_REQUIRED","ERROR","https://www.uow.edu.au/study/courses/bachelor-of-arts---bachelor-of-laws/"
"programme_2f1c3468e0cd46e1","university-of-wollongong","Bachelor of Arts (Community, Culture and Environment)","PROGRAMME_CODE_REQUIRED","ERROR","https://www.uow.edu.au/study/courses/bachelor-of-arts/?major=44093"
"programme_2f1c3468e0cd46e1","university-of-wollongong","Bachelor of Arts (Community, Culture and Environment)","SUBJECT_CATEGORY_REQUIRED","ERROR","https://www.uow.edu.au/study/courses/bachelor-of-arts/?major=44093"
"programme_2f1c3468e0cd46e1","university-of-wollongong","Bachelor of Arts (Community, Culture and Environment)","SLUG_REQUIRED","ERROR","https://www.uow.edu.au/study/courses/bachelor-of-arts/?major=44093"
"programme_8c60649c1ac8ddfb","university-of-wollongong","Bachelor of Arts (English Literatures)","PROGRAMME_CODE_REQUIRED","ERROR","https://www.uow.edu.au/study/courses/bachelor-of-arts/?major=44036"
"programme_8c60649c1ac8ddfb","university-of-wollongong","Bachelor of Arts (English Literatures)","SUBJECT_CATEGORY_REQUIRED","ERROR","https://www.uow.edu.au/study/courses/bachelor-of-arts/?major=44036"
"programme_8c60649c1ac8ddfb","university-of-wollongong","Bachelor of Arts (English Literatures)","SLUG_REQUIRED","ERROR","https://www.uow.edu.au/study/courses/bachelor-of-arts/?major=44036"
"programme_c14878aff52cd99d","university-of-wollongong","Bachelor of Arts (Geography)","PROGRAMME_CODE_REQUIRED","ERROR","https://www.uow.edu.au/study/courses/bachelor-of-arts/?major=45340"
"programme_c14878aff52cd99d","university-of-wollongong","Bachelor of Arts (Geography)","SUBJECT_CATEGORY_REQUIRED","ERROR","https://www.uow.edu.au/study/courses/bachelor-of-arts/?major=45340"
"programme_c14878aff52cd99d","university-of-wollongong","Bachelor of Arts (Geography)","SLUG_REQUIRED","ERROR","https://www.uow.edu.au/study/courses/bachelor-of-arts/?major=45340"
"programme_a836a8db65227591","university-of-wollongong","Bachelor of Arts (Global Communications)","PROGRAMME_CODE_REQUIRED","ERROR","https://www.uow.edu.au/study/courses/bachelor-of-arts/?major=45527"
"programme_a836a8db65227591","university-of-wollongong","Bachelor of Arts (Global Communications)","SUBJECT_CATEGORY_REQUIRED","ERROR","https://www.uow.edu.au/study/courses/bachelor-of-arts/?major=45527"
"programme_a836a8db65227591","university-of-wollongong","Bachelor of Arts (Global Communications)","SLUG_REQUIRED","ERROR","https://www.uow.edu.au/study/courses/bachelor-of-arts/?major=45527"
"programme_02a11e9ac29a0c62","university-of-wollongong","Bachelor of Arts (History)","PROGRAMME_CODE_REQUIRED","ERROR","https://www.uow.edu.au/study/courses/bachelor-of-arts/?major=44138"
"programme_02a11e9ac29a0c62","university-of-wollongong","Bachelor of Arts (History)","SUBJECT_CATEGORY_REQUIRED","ERROR","https://www.uow.edu.au/study/courses/bachelor-of-arts/?major=44138"
"programme_02a11e9ac29a0c62","university-of-wollongong","Bachelor of Arts (History)","SLUG_REQUIRED","ERROR","https://www.uow.edu.au/study/courses/bachelor-of-arts/?major=44138"
"programme_9e040c1cfcdb44ed","university-of-wollongong","Bachelor of Arts","PROGRAMME_CODE_REQUIRED","ERROR","https://www.uow.edu.au/study/courses/bachelor-of-arts/?addCourse=410100"
"programme_9e040c1cfcdb44ed","university-of-wollongong","Bachelor of Arts","SUBJECT_CATEGORY_REQUIRED","ERROR","https://www.uow.edu.au/study/courses/bachelor-of-arts/?addCourse=410100"
"programme_9e040c1cfcdb44ed","university-of-wollongong","Bachelor of Arts","SLUG_REQUIRED","ERROR","https://www.uow.edu.au/study/courses/bachelor-of-arts/?addCourse=410100"
"programme_e88e8a1990bed730","university-of-wollongong","Bachelor of Arts","PROGRAMME_CODE_REQUIRED","ERROR","https://www.uow.edu.au/study/courses/bachelor-of-arts/?major=deciding&students=international&campus=Wollongong&year=2026"
"programme_e88e8a1990bed730","university-of-wollongong","Bachelor of Arts","SUBJECT_CATEGORY_REQUIRED","ERROR","https://www.uow.edu.au/study/courses/bachelor-of-arts/?major=deciding&students=international&campus=Wollongong&year=2026"
"programme_e88e8a1990bed730","university-of-wollongong","Bachelor of Arts","SLUG_REQUIRED","ERROR","https://www.uow.edu.au/study/courses/bachelor-of-arts/?major=deciding&students=international&campus=Wollongong&year=2026"
"programme_7c2475f6661cf1fc","university-of-wollongong","Bachelor of Arts (Creative Writing)","PROGRAMME_CODE_REQUIRED","ERROR","https://www.uow.edu.au/study/courses/bachelor-of-arts/?major=45835&students=international&campus=Wollongong&year=2026"
"programme_7c2475f6661cf1fc","university-of-wollongong","Bachelor of Arts (Creative Writing)","SUBJECT_CATEGORY_REQUIRED","ERROR","https://www.uow.edu.au/study/courses/bachelor-of-arts/?major=45835&students=international&campus=Wollongong&year=2026"
"programme_7c2475f6661cf1fc","university-of-wollongong","Bachelor of Arts (Creative Writing)","SLUG_REQUIRED","ERROR","https://www.uow.edu.au/study/courses/bachelor-of-arts/?major=45835&students=international&campus=Wollongong&year=2026"
"programme_76aaef7175cacc7c","university-of-wollongong","Bachelor of Arts (English Literatures)","PROGRAMME_CODE_REQUIRED","ERROR","https://www.uow.edu.au/study/courses/bachelor-of-arts/?major=44036&students=international&campus=Wollongong&year=2026"
"programme_76aaef7175cacc7c","university-of-wollongong","Bachelor of Arts (English Literatures)","SUBJECT_CATEGORY_REQUIRED","ERROR","https://www.uow.edu.au/study/courses/bachelor-of-arts/?major=44036&students=international&campus=Wollongong&year=2026"
"programme_76aaef7175cacc7c","university-of-wollongong","Bachelor of Arts (English Literatures)","SLUG_REQUIRED","ERROR","https://www.uow.edu.au/study/courses/bachelor-of-arts/?major=44036&students=international&campus=Wollongong&year=2026"
"programme_ab433bc3ce03e237","university-of-wollongong","Bachelor of Arts (Geography)","PROGRAMME_CODE_REQUIRED","ERROR","https://www.uow.edu.au/study/courses/bachelor-of-arts/?major=45340&students=international&campus=Wollongong&year=2026"
"programme_ab433bc3ce03e237","university-of-wollongong","Bachelor of Arts (Geography)","SUBJECT_CATEGORY_REQUIRED","ERROR","https://www.uow.edu.au/study/courses/bachelor-of-arts/?major=45340&students=international&campus=Wollongong&year=2026"
"programme_ab433bc3ce03e237","university-of-wollongong","Bachelor of Arts (Geography)","SLUG_REQUIRED","ERROR","https://www.uow.edu.au/study/courses/bachelor-of-arts/?major=45340&students=international&campus=Wollongong&year=2026"
"programme_da46eeb23c0c07d9","university-of-wollongong","Bachelor of Arts (Global Communications)","PROGRAMME_CODE_REQUIRED","ERROR","https://www.uow.edu.au/study/courses/bachelor-of-arts/?major=45527&students=international&campus=Wollongong&year=2026"
"programme_da46eeb23c0c07d9","university-of-wollongong","Bachelor of Arts (Global Communications)","SUBJECT_CATEGORY_REQUIRED","ERROR","https://www.uow.edu.au/study/courses/bachelor-of-arts/?major=45527&students=international&campus=Wollongong&year=2026"
"programme_da46eeb23c0c07d9","university-of-wollongong","Bachelor of Arts (Global Communications)","SLUG_REQUIRED","ERROR","https://www.uow.edu.au/study/courses/bachelor-of-arts/?major=45527&students=international&campus=Wollongong&year=2026"
"programme_88f2398c32a7fa69","university-of-wollongong","Bachelor of Arts (History)","PROGRAMME_CODE_REQUIRED","ERROR","https://www.uow.edu.au/study/courses/bachelor-of-arts/?major=44138&students=international&campus=Wollongong&year=2026"
"programme_88f2398c32a7fa69","university-of-wollongong","Bachelor of Arts (History)","SUBJECT_CATEGORY_REQUIRED","ERROR","https://www.uow.edu.au/study/courses/bachelor-of-arts/?major=44138&students=international&campus=Wollongong&year=2026"
"programme_88f2398c32a7fa69","university-of-wollongong","Bachelor of Arts (History)","SLUG_REQUIRED","ERROR","https://www.uow.edu.au/study/courses/bachelor-of-arts/?major=44138&students=international&campus=Wollongong&year=2026"
"programme_1c4ad2d5c2e08570","university-of-wollongong","Bachelor of Arts (Indigenous Studies)","PROGRAMME_CODE_REQUIRED","ERROR","https://www.uow.edu.au/study/courses/bachelor-of-arts/?major=44098&students=international&campus=Wollongong&year=2026"
"programme_1c4ad2d5c2e08570","university-of-wollongong","Bachelor of Arts (Indigenous Studies)","SUBJECT_CATEGORY_REQUIRED","ERROR","https://www.uow.edu.au/study/courses/bachelor-of-arts/?major=44098&students=international&campus=Wollongong&year=2026"
"programme_1c4ad2d5c2e08570","university-of-wollongong","Bachelor of Arts (Indigenous Studies)","SLUG_REQUIRED","ERROR","https://www.uow.edu.au/study/courses/bachelor-of-arts/?major=44098&students=international&campus=Wollongong&year=2026"
"programme_b569dc1621da0db7","university-of-wollongong","Bachelor of Arts (International Relations)","PROGRAMME_CODE_REQUIRED","ERROR","https://www.uow.edu.au/study/courses/bachelor-of-arts/?major=44142&students=international&campus=Wollongong&year=2026"
"programme_b569dc1621da0db7","university-of-wollongong","Bachelor of Arts (International Relations)","SUBJECT_CATEGORY_REQUIRED","ERROR","https://www.uow.edu.au/study/courses/bachelor-of-arts/?major=44142&students=international&campus=Wollongong&year=2026"
"programme_b569dc1621da0db7","university-of-wollongong","Bachelor of Arts (International Relations)","SLUG_REQUIRED","ERROR","https://www.uow.edu.au/study/courses/bachelor-of-arts/?major=44142&students=international&campus=Wollongong&year=2026"
"programme_18404abe574e7aa8","university-of-wollongong","Bachelor of Arts (Legal Studies)","PROGRAMME_CODE_REQUIRED","ERROR","https://www.uow.edu.au/study/courses/bachelor-of-arts/?major=44161&students=international&campus=Wollongong&year=2026"
"programme_18404abe574e7aa8","university-of-wollongong","Bachelor of Arts (Legal Studies)","SUBJECT_CATEGORY_REQUIRED","ERROR","https://www.uow.edu.au/study/courses/bachelor-of-arts/?major=44161&students=international&campus=Wollongong&year=2026"
"programme_18404abe574e7aa8","university-of-wollongong","Bachelor of Arts (Legal Studies)","SLUG_REQUIRED","ERROR","https://www.uow.edu.au/study/courses/bachelor-of-arts/?major=44161&students=international&campus=Wollongong&year=2026"
"programme_a1d555c9502ad836","university-of-wollongong","Bachelor of Arts (Performance and Theatre)","PROGRAMME_CODE_REQUIRED","ERROR","https://www.uow.edu.au/study/courses/bachelor-of-arts/?major=45830&students=international&campus=Wollongong&year=2026"
"programme_a1d555c9502ad836","university-of-wollongong","Bachelor of Arts (Performance and Theatre)","SUBJECT_CATEGORY_REQUIRED","ERROR","https://www.uow.edu.au/study/courses/bachelor-of-arts/?major=45830&students=international&campus=Wollongong&year=2026"
"programme_a1d555c9502ad836","university-of-wollongong","Bachelor of Arts (Performance and Theatre)","SLUG_REQUIRED","ERROR","https://www.uow.edu.au/study/courses/bachelor-of-arts/?major=45830&students=international&campus=Wollongong&year=2026"
"programme_f1d0f2a04346e3ab","unsw-sydney","Bachelor of Science","PROGRAMME_CODE_REQUIRED","ERROR","https://www.unsw.edu.au/study/undergraduate/bachelor-of-science"
"programme_f1d0f2a04346e3ab","unsw-sydney","Bachelor of Science","SUBJECT_CATEGORY_REQUIRED","ERROR","https://www.unsw.edu.au/study/undergraduate/bachelor-of-science"
"programme_f1d0f2a04346e3ab","unsw-sydney","Bachelor of Science","SLUG_REQUIRED","ERROR","https://www.unsw.edu.au/study/undergraduate/bachelor-of-science"
"programme_ee25141f465cb8e5","unsw-sydney","Bachelor of Advanced Science Honours","PROGRAMME_CODE_REQUIRED","ERROR","https://www.unsw.edu.au/study/undergraduate/bachelor-of-advanced-science-honours"
"programme_ee25141f465cb8e5","unsw-sydney","Bachelor of Advanced Science Honours","SUBJECT_CATEGORY_REQUIRED","ERROR","https://www.unsw.edu.au/study/undergraduate/bachelor-of-advanced-science-honours"
"programme_ee25141f465cb8e5","unsw-sydney","Bachelor of Advanced Science Honours","SLUG_REQUIRED","ERROR","https://www.unsw.edu.au/study/undergraduate/bachelor-of-advanced-science-honours"
"programme_1b1aec4437f2acd8","unsw-sydney","University Preparation Program","PROGRAMME_CODE_REQUIRED","ERROR","https://www.unsw.edu.au/study/undergraduate/university-preparation-program"
"programme_1b1aec4437f2acd8","unsw-sydney","University Preparation Program","SUBJECT_CATEGORY_REQUIRED","ERROR","https://www.unsw.edu.au/study/undergraduate/university-preparation-program"
"programme_1b1aec4437f2acd8","unsw-sydney","University Preparation Program","SLUG_REQUIRED","ERROR","https://www.unsw.edu.au/study/undergraduate/university-preparation-program"
"programme_0eb33c542b714387","unsw-sydney","Bachelor of Science Honours","PROGRAMME_CODE_REQUIRED","ERROR","https://www.unsw.edu.au/study/undergraduate/bachelor-of-science-honours"
"programme_0eb33c542b714387","unsw-sydney","Bachelor of Science Honours","SUBJECT_CATEGORY_REQUIRED","ERROR","https://www.unsw.edu.au/study/undergraduate/bachelor-of-science-honours"
"programme_0eb33c542b714387","unsw-sydney","Bachelor of Science Honours","SLUG_REQUIRED","ERROR","https://www.unsw.edu.au/study/undergraduate/bachelor-of-science-honours"
"programme_d121d47a74fbdee0","unsw-sydney","Bachelor of Psychological Science Honours","PROGRAMME_CODE_REQUIRED","ERROR","https://www.unsw.edu.au/study/undergraduate/bachelor-of-psychological-science-honours"
"programme_d121d47a74fbdee0","unsw-sydney","Bachelor of Psychological Science Honours","SUBJECT_CATEGORY_REQUIRED","ERROR","https://www.unsw.edu.au/study/undergraduate/bachelor-of-psychological-science-honours"
"programme_d121d47a74fbdee0","unsw-sydney","Bachelor of Psychological Science Honours","SLUG_REQUIRED","ERROR","https://www.unsw.edu.au/study/undergraduate/bachelor-of-psychological-science-honours"
